name,team,overallAttribute,closeShot,midRangeShot,threePointShot,freeThrow,shotIQ,offensiveConsistency,layup,standingDunk,drivingDunk,postHook,postFade,postControl,drawFoul,hands,interiorDefense,perimeterDefense,steal,block,helpDefenseIQ,passPerception,defensiveConsistency,speed,strength,vertical,stamina,hustle,overallDurability,passAccuracy,ballHandle,speedWithBall,passIQ,passVision,offensiveRebound,defensiveRebound,season,agility
Trae Young,Atlanta Hawks,90.0,91.0,97.0,86.0,89.0,90.0,98.0,90.0,25.0,30.0,28.0,60.0,34.0,96.0,80.0,31.0,55.0,41.0,30.0,58.0,70.0,30.0,84.0,50.0,78.0,95.0,75.0,86.0,80.0,93.0,84.0,94.0,93.0,35.0,48.0,2022,77.0
Dejounte Murray,Atlanta Hawks,86.0,85.0,88.0,75.0,70.0,98.0,95.0,93.0,40.0,75.0,40.0,48.0,49.0,78.0,95.0,53.0,86.0,86.0,45.0,85.0,89.0,85.0,83.0,40.0,60.0,90.0,90.0,80.0,86.0,86.0,83.0,86.0,87.0,42.0,80.0,2022,85.0
Clint Capela,Atlanta Hawks,84.0,79.0,60.0,25.0,51.0,93.0,75.0,79.0,95.0,80.0,71.0,48.0,69.0,74.0,70.0,86.0,53.0,41.0,80.0,86.0,74.0,85.0,58.0,85.0,80.0,92.0,97.0,83.0,34.0,48.0,30.0,35.0,32.0,91.0,93.0,2022,58.5
John Collins,Atlanta Hawks,83.0,89.0,80.0,80.0,78.0,80.0,95.0,82.0,95.0,93.0,77.0,75.0,83.0,72.0,85.0,74.0,49.0,37.0,70.0,74.0,38.0,60.0,71.0,75.0,85.0,92.0,96.0,84.0,37.0,60.0,50.0,66.0,37.0,56.0,80.0,2022,61.0
Bogdan Bogdanovic,Atlanta Hawks,80.0,89.0,91.0,80.0,89.0,75.0,90.0,79.0,50.0,65.0,62.0,57.0,57.0,69.0,85.0,51.0,63.0,53.0,42.0,60.0,60.0,50.0,75.0,63.0,78.0,89.0,67.0,77.0,74.0,79.0,73.0,79.0,61.0,33.0,58.0,2022,75.0
Onyeka Okongwu,Atlanta Hawks,76.0,89.0,60.0,60.0,72.0,55.0,60.0,79.0,85.0,75.0,54.0,55.0,57.0,52.0,80.0,79.0,64.0,43.0,86.0,83.0,65.0,65.0,74.0,70.0,75.0,88.0,85.0,83.0,51.0,54.0,60.0,50.0,34.0,84.0,71.0,2022,71.5
De’Andre Hunter,Atlanta Hawks,76.0,86.0,75.0,81.0,88.0,80.0,75.0,74.0,65.0,70.0,51.0,52.0,51.0,65.0,90.0,63.0,81.0,38.0,51.0,78.0,60.0,75.0,76.0,65.0,75.0,90.0,80.0,80.0,67.0,70.0,69.0,64.0,31.0,34.0,51.0,2022,80.5
Aaron Holiday,Atlanta Hawks,75.0,91.0,78.0,81.0,79.0,85.0,75.0,76.0,25.0,60.0,25.0,45.0,32.0,47.0,80.0,34.0,68.0,59.0,42.0,67.0,69.0,45.0,76.0,49.0,56.0,85.0,85.0,84.0,82.0,86.0,76.0,82.0,70.0,37.0,50.0,2022,76.0
Frank Kaminsky III,Atlanta Hawks,74.0,94.0,68.0,78.0,83.0,88.0,80.0,78.0,50.0,65.0,79.0,79.0,78.0,68.0,90.0,65.0,40.0,63.0,73.0,63.0,50.0,40.0,47.0,66.0,67.0,89.0,85.0,82.0,40.0,54.0,38.0,50.0,40.0,58.0,68.0,2022,47.5
Jalen Johnson,Atlanta Hawks,73.0,66.0,74.0,69.0,63.0,70.0,55.0,81.0,70.0,65.0,66.0,74.0,69.0,53.0,80.0,66.0,66.0,40.0,55.0,60.0,57.0,40.0,76.0,68.0,82.0,85.0,80.0,80.0,68.0,58.0,74.0,69.0,28.0,34.0,80.0,2022,74.5
Chris Silva,Atlanta Hawks,73.0,65.0,69.0,72.0,69.0,40.0,30.0,67.0,70.0,65.0,53.0,52.0,60.0,54.0,78.0,62.0,55.0,42.0,87.0,60.0,52.0,35.0,62.0,69.0,75.0,82.0,75.0,83.0,65.0,65.0,54.0,54.0,40.0,88.0,74.0,2022,56.5
AJ Griffin,Atlanta Hawks,72.0,74.0,74.0,81.0,79.0,60.0,60.0,74.0,60.0,85.0,51.0,52.0,52.0,42.0,80.0,69.0,70.0,55.0,56.0,69.0,60.0,50.0,84.0,64.0,87.0,90.0,85.0,80.0,69.0,71.0,79.0,69.0,43.0,50.0,51.0,2022,80.5
Justin Holiday,Atlanta Hawks,72.0,74.0,79.0,80.0,82.0,80.0,75.0,73.0,60.0,73.0,40.0,42.0,43.0,50.0,63.0,60.0,75.0,41.0,53.0,74.0,78.0,65.0,53.0,45.0,82.0,85.0,80.0,78.0,65.0,72.0,50.0,69.0,36.0,32.0,47.0,2022,73.0
Trent Forrest,Atlanta Hawks,71.0,89.0,72.0,62.0,85.0,70.0,60.0,79.0,40.0,60.0,59.0,62.0,62.0,72.0,95.0,58.0,60.0,56.0,42.0,60.0,55.0,40.0,82.0,59.0,75.0,80.0,80.0,80.0,70.0,76.0,78.0,68.0,67.0,41.0,51.0,2022,76.0
Maurice Harkless,Atlanta Hawks,71.0,81.0,62.0,73.0,71.0,70.0,60.0,78.0,55.0,82.0,40.0,42.0,40.0,50.0,85.0,60.0,76.0,46.0,63.0,78.0,64.0,70.0,72.0,60.0,82.0,85.0,79.0,85.0,65.0,63.0,61.0,48.0,28.0,32.0,57.0,2022,76.0
Chaundee Brown,Atlanta Hawks,67.0,70.0,74.0,80.0,70.0,60.0,50.0,68.0,25.0,50.0,33.0,43.0,48.0,45.0,84.0,45.0,66.0,36.0,28.0,62.0,63.0,40.0,72.0,52.0,72.0,84.0,75.0,80.0,60.0,74.0,66.0,64.0,30.0,30.0,65.0,2022,70.5
Jayson Tatum,Boston Celtics,93.0,93.0,89.0,86.0,85.0,98.0,98.0,93.0,50.0,88.0,67.0,73.0,70.0,92.0,95.0,77.0,89.0,62.0,56.0,89.0,90.0,85.0,82.0,68.0,83.0,95.0,90.0,80.0,78.0,86.0,79.0,82.0,70.0,42.0,76.0,2022,84.5
Jaylen Brown,Boston Celtics,87.0,88.0,88.0,83.0,78.0,90.0,90.0,90.0,40.0,89.0,52.0,59.0,80.0,85.0,95.0,70.0,87.0,56.0,42.0,86.0,83.0,85.0,77.0,69.0,84.0,95.0,95.0,82.0,78.0,83.0,76.0,82.0,66.0,37.0,67.0,2022,83.0
Robert Williams III,Boston Celtics,85.0,95.0,69.0,25.0,67.0,90.0,85.0,82.0,90.0,75.0,60.0,50.0,65.0,54.0,75.0,89.0,40.0,43.0,92.0,88.0,88.0,90.0,71.0,83.0,75.0,80.0,90.0,81.0,57.0,48.0,38.0,62.0,39.0,90.0,77.0,2022,63.0
Marcus Smart,Boston Celtics,82.0,86.0,71.0,76.0,76.0,45.0,50.0,74.0,25.0,50.0,25.0,58.0,78.0,27.0,70.0,74.0,93.0,80.0,42.0,90.0,92.0,95.0,75.0,73.0,83.0,89.0,90.0,83.0,62.0,74.0,74.0,55.0,72.0,35.0,51.0,2022,87.0
Malcolm Brogdon,Boston Celtics,82.0,89.0,79.0,79.0,87.0,90.0,85.0,87.0,40.0,70.0,44.0,45.0,40.0,92.0,92.0,65.0,77.0,40.0,50.0,77.0,74.0,65.0,77.0,56.0,72.0,93.0,95.0,84.0,89.0,86.0,77.0,92.0,73.0,40.0,62.0,2022,78.5
Al Horford,Boston Celtics,82.0,89.0,96.0,77.0,86.0,60.0,55.0,65.0,75.0,65.0,76.0,84.0,83.0,50.0,84.0,82.0,68.0,40.0,81.0,85.0,78.0,85.0,53.0,91.0,69.0,95.0,85.0,78.0,79.0,50.0,33.0,84.0,63.0,55.0,81.0,2022,57.5
Derrick White,Boston Celtics,78.0,89.0,74.0,74.0,84.0,98.0,95.0,74.0,40.0,55.0,35.0,51.0,35.0,83.0,90.0,38.0,82.0,42.0,62.0,76.0,69.0,65.0,90.0,46.0,75.0,85.0,78.0,81.0,88.0,86.0,88.0,82.0,71.0,34.0,51.0,2022,86.0
Danilo Gallinari,Boston Celtics,78.0,85.0,78.0,82.0,93.0,70.0,65.0,76.0,45.0,75.0,66.0,72.0,74.0,70.0,76.0,69.0,56.0,35.0,40.0,70.0,62.0,65.0,60.0,66.0,66.0,85.0,80.0,75.0,66.0,76.0,60.0,60.0,36.0,36.0,69.0,2022,64.0
Grant Williams,Boston Celtics,77.0,83.0,64.0,85.0,87.0,95.0,65.0,77.0,50.0,60.0,59.0,58.0,66.0,55.0,81.0,68.0,58.0,37.0,67.0,69.0,60.0,65.0,58.0,73.0,66.0,88.0,85.0,80.0,69.0,66.0,54.0,72.0,31.0,43.0,54.0,2022,65.0
Payton Pritchard,Boston Celtics,76.0,84.0,84.0,85.0,91.0,98.0,80.0,77.0,25.0,35.0,40.0,46.0,35.0,40.0,75.0,36.0,60.0,40.0,37.0,60.0,45.0,35.0,75.0,41.0,66.0,84.0,78.0,81.0,79.0,79.0,75.0,82.0,70.0,42.0,52.0,2022,74.5
Denzel Valentine,Boston Celtics,72.0,79.0,75.0,82.0,84.0,92.0,75.0,66.0,40.0,35.0,35.0,52.0,58.0,40.0,69.0,60.0,50.0,49.0,25.0,47.0,72.0,30.0,64.0,58.0,65.0,88.0,75.0,85.0,75.0,75.0,62.0,69.0,34.0,49.0,63.0,2022,63.0
Sam Hauser,Boston Celtics,71.0,70.0,77.0,82.0,89.0,65.0,50.0,60.0,40.0,60.0,44.0,45.0,45.0,35.0,85.0,48.0,55.0,28.0,51.0,52.0,44.0,45.0,61.0,66.0,62.0,85.0,85.0,80.0,50.0,43.0,55.0,60.0,37.0,42.0,66.0,2022,61.5
Mfiondu Kabengele,Boston Celtics,70.0,70.0,74.0,58.0,76.0,60.0,40.0,68.0,80.0,80.0,54.0,50.0,60.0,40.0,75.0,72.0,58.0,42.0,80.0,72.0,44.0,50.0,72.0,75.0,72.0,85.0,80.0,80.0,34.0,54.0,55.0,48.0,36.0,48.0,70.0,2022,63.5
Luke Kornet,Boston Celtics,70.0,73.0,56.0,70.0,83.0,30.0,70.0,60.0,75.0,60.0,69.0,68.0,69.0,68.0,85.0,74.0,32.0,42.0,66.0,76.0,54.0,70.0,38.0,66.0,62.0,85.0,85.0,77.0,50.0,43.0,33.0,60.0,47.0,75.0,66.0,2022,35.5
JD Davison,Boston Celtics,69.0,70.0,73.0,71.0,73.0,50.0,50.0,72.0,25.0,85.0,30.0,31.0,38.0,40.0,80.0,25.0,56.0,69.0,61.0,70.0,54.0,45.0,85.0,54.0,84.0,88.0,45.0,80.0,72.0,86.0,84.0,75.0,72.0,6.0,69.0,2022,76.5
Kevin Durant,Brooklyn Nets,96.0,98.0,98.0,88.0,88.0,98.0,98.0,95.0,60.0,85.0,74.0,86.0,86.0,92.0,98.0,68.0,85.0,38.0,62.0,85.0,75.0,85.0,80.0,63.0,77.0,94.0,85.0,88.0,78.0,92.0,80.0,88.0,74.0,45.0,75.0,2022,82.5
Kyrie Irving,Brooklyn Nets,89.0,97.0,94.0,85.0,93.0,90.0,98.0,95.0,25.0,30.0,35.0,70.0,64.0,80.0,96.0,32.0,73.0,53.0,53.0,75.0,86.0,60.0,85.0,37.0,81.0,97.0,87.0,80.0,88.0,99.0,85.0,89.0,72.0,33.0,52.0,2022,80.5
Ben Simmons,Brooklyn Nets,83.0,84.0,46.0,58.0,61.0,70.0,85.0,90.0,83.0,86.0,76.0,73.0,78.0,80.0,98.0,79.0,87.0,83.0,56.0,89.0,92.0,90.0,92.0,80.0,85.0,97.0,97.0,83.0,79.0,86.0,84.0,89.0,76.0,52.0,72.0,2022,89.0
T.J. Warren,Brooklyn Nets,79.0,91.0,82.0,78.0,81.0,80.0,90.0,92.0,50.0,80.0,62.0,68.0,62.0,75.0,68.0,54.0,62.0,35.0,25.0,65.0,62.0,50.0,61.0,75.0,63.0,91.0,70.0,84.0,65.0,78.0,60.0,65.0,32.0,34.0,52.0,2022,64.5
Seth Curry,Brooklyn Nets,78.0,93.0,97.0,86.0,88.0,85.0,85.0,85.0,25.0,36.0,27.0,35.0,30.0,60.0,69.0,25.0,57.0,40.0,40.0,54.0,55.0,35.0,78.0,41.0,68.0,89.0,80.0,80.0,75.0,78.0,77.0,75.0,63.0,30.0,47.0,2022,73.0
Joe Harris,Brooklyn Nets,76.0,74.0,80.0,87.0,77.0,90.0,70.0,66.0,25.0,45.0,30.0,48.0,32.0,55.0,88.0,34.0,66.0,35.0,35.0,58.0,63.0,55.0,69.0,40.0,67.0,90.0,85.0,83.0,72.0,73.0,67.0,74.0,29.0,31.0,57.0,2022,69.0
Nicolas Claxton,Brooklyn Nets,76.0,77.0,64.0,67.0,50.0,80.0,75.0,75.0,80.0,75.0,72.0,64.0,72.0,66.0,80.0,74.0,64.0,40.0,83.0,72.0,44.0,55.0,63.0,71.0,79.0,90.0,89.0,80.0,40.0,49.0,44.0,48.0,32.0,72.0,72.0,2022,63.0
Edmond Sumner,Brooklyn Nets,75.0,75.0,72.0,81.0,81.0,85.0,75.0,74.0,50.0,80.0,37.0,44.0,45.0,67.0,80.0,44.0,62.0,53.0,47.0,60.0,60.0,35.0,82.0,40.0,93.0,86.0,80.0,82.0,70.0,70.0,81.0,69.0,34.0,36.0,48.0,2022,78.5
Cameron Thomas,Brooklyn Nets,74.0,94.0,92.0,67.0,87.0,83.0,75.0,81.0,50.0,75.0,58.0,70.0,75.0,75.0,74.0,41.0,59.0,42.0,40.0,59.0,58.0,40.0,77.0,54.0,79.0,86.0,65.0,80.0,59.0,78.0,70.0,52.0,39.0,32.0,58.0,2022,76.0
Royce O’Neale,Brooklyn Nets,74.0,90.0,67.0,82.0,86.0,80.0,55.0,74.0,55.0,70.0,54.0,52.0,59.0,59.0,75.0,68.0,83.0,53.0,51.0,84.0,68.0,80.0,62.0,67.0,65.0,80.0,80.0,82.0,60.0,68.0,62.0,63.0,41.0,40.0,59.0,2022,72.5
Day’Ron Sharpe,Brooklyn Nets,73.0,71.0,49.0,29.0,50.0,80.0,50.0,73.0,75.0,70.0,48.0,35.0,48.0,44.0,80.0,69.0,60.0,40.0,73.0,69.0,55.0,60.0,61.0,79.0,73.0,80.0,90.0,80.0,62.0,58.0,38.0,66.0,32.0,88.0,79.0,2022,60.5
David Duke Jr.,Brooklyn Nets,72.0,68.0,73.0,69.0,79.0,90.0,75.0,70.0,40.0,60.0,30.0,40.0,39.0,70.0,70.0,40.0,60.0,59.0,57.0,55.0,37.0,35.0,83.0,55.0,72.0,80.0,45.0,83.0,62.0,73.0,78.0,60.0,32.0,69.0,53.0,2022,76.5
Yuta Watanabe,Brooklyn Nets,72.0,78.0,60.0,77.0,82.0,75.0,60.0,60.0,40.0,60.0,40.0,43.0,45.0,55.0,85.0,58.0,63.0,40.0,74.0,66.0,65.0,60.0,67.0,60.0,74.0,80.0,85.0,80.0,60.0,69.0,65.0,63.0,32.0,46.0,73.0,2022,69.0
Markieff Morris,Brooklyn Nets,72.0,93.0,72.0,76.0,74.0,50.0,40.0,67.0,65.0,67.0,68.0,77.0,75.0,40.0,70.0,75.0,42.0,37.0,35.0,75.0,50.0,55.0,57.0,84.0,63.0,91.0,77.0,92.0,44.0,42.0,34.0,78.0,45.0,57.0,51.0,2022,47.0
Patty Mills,Brooklyn Nets,72.0,54.0,74.0,84.0,90.0,90.0,80.0,79.0,25.0,25.0,25.0,37.0,25.0,50.0,73.0,27.0,65.0,38.0,40.0,61.0,61.0,40.0,83.0,51.0,66.0,82.0,70.0,82.0,79.0,86.0,83.0,84.0,41.0,29.0,40.0,2022,77.5
Kessler Edwards,Brooklyn Nets,71.0,64.0,72.0,79.0,80.0,70.0,75.0,68.0,60.0,65.0,50.0,50.0,50.0,45.0,80.0,59.0,63.0,42.0,62.0,67.0,66.0,45.0,72.0,77.0,70.0,80.0,75.0,80.0,50.0,64.0,59.0,64.0,29.0,50.0,60.0,2022,71.0
Alondes Williams,Brooklyn Nets,68.0,72.0,72.0,66.0,70.0,60.0,50.0,73.0,40.0,70.0,44.0,48.0,49.0,50.0,80.0,44.0,60.0,35.0,55.0,52.0,50.0,50.0,84.0,68.0,78.0,88.0,80.0,80.0,65.0,77.0,77.0,68.0,64.0,52.0,55.0,2022,76.5
LaMelo Ball,Charlotte Hornets,87.0,83.0,76.0,82.0,86.0,98.0,98.0,89.0,45.0,75.0,52.0,58.0,52.0,82.0,98.0,45.0,79.0,73.0,51.0,79.0,89.0,75.0,84.0,50.0,79.0,93.0,89.0,82.0,92.0,88.0,84.0,92.0,92.0,48.0,68.0,2022,83.5
Terry Rozier III,Charlotte Hornets,82.0,85.0,88.0,81.0,84.0,90.0,90.0,87.0,40.0,70.0,45.0,53.0,48.0,78.0,95.0,55.0,75.0,53.0,50.0,59.0,65.0,50.0,82.0,62.0,81.0,92.0,87.0,82.0,84.0,88.0,82.0,85.0,75.0,36.0,53.0,2022,79.5
Gordon Hayward,Charlotte Hornets,80.0,73.0,92.0,83.0,85.0,75.0,75.0,80.0,40.0,75.0,40.0,65.0,58.0,70.0,91.0,56.0,73.0,42.0,52.0,73.0,58.0,65.0,80.0,63.0,75.0,88.0,86.0,78.0,74.0,77.0,77.0,79.0,62.0,37.0,57.0,2022,76.5
Kelly Oubre Jr.,Charlotte Hornets,79.0,83.0,76.0,78.0,63.0,94.0,90.0,86.0,40.0,84.0,35.0,42.0,33.0,74.0,88.0,49.0,74.0,53.0,55.0,70.0,75.0,55.0,72.0,58.0,95.0,90.0,75.0,84.0,70.0,78.0,69.0,80.0,32.0,46.0,55.0,2022,79.0
P.J. Washington,Charlotte Hornets,78.0,86.0,66.0,80.0,71.0,98.0,80.0,74.0,65.0,80.0,62.0,65.0,69.0,60.0,80.0,62.0,52.0,43.0,72.0,64.0,62.0,40.0,75.0,68.0,69.0,85.0,80.0,79.0,55.0,70.0,63.0,60.0,42.0,48.0,65.0,2022,71.0
Mason Plumlee,Charlotte Hornets,75.0,85.0,60.0,58.0,35.0,80.0,70.0,79.0,80.0,80.0,75.0,70.0,70.0,79.0,81.0,74.0,46.0,46.0,67.0,77.0,68.0,75.0,57.0,73.0,75.0,78.0,92.0,83.0,75.0,37.0,50.0,72.0,63.0,71.0,83.0,2022,44.5
Cody Martin,Charlotte Hornets,75.0,72.0,60.0,82.0,73.0,95.0,70.0,85.0,25.0,75.0,59.0,59.0,55.0,79.0,75.0,48.0,69.0,70.0,56.0,69.0,69.0,60.0,58.0,58.0,75.0,90.0,90.0,80.0,74.0,73.0,57.0,78.0,46.0,47.0,54.0,2022,65.0
Jalen McDaniels,Charlotte Hornets,73.0,70.0,70.0,79.0,64.0,85.0,70.0,80.0,60.0,65.0,62.0,68.0,59.0,52.0,68.0,59.0,55.0,42.0,62.0,55.0,50.0,35.0,73.0,60.0,73.0,80.0,80.0,80.0,55.0,62.0,69.0,59.0,36.0,46.0,66.0,2022,66.5
Nick Richards,Charlotte Hornets,73.0,81.0,69.0,25.0,73.0,80.0,70.0,62.0,80.0,80.0,44.0,47.0,40.0,40.0,80.0,73.0,47.0,40.0,86.0,75.0,40.0,50.0,72.0,65.0,75.0,81.0,85.0,84.0,37.0,35.0,49.0,36.0,29.0,69.0,64.0,2022,61.0
Mark Williams,Charlotte Hornets,72.0,72.0,53.0,36.0,73.0,70.0,45.0,75.0,85.0,75.0,60.0,60.0,60.0,73.0,85.0,70.0,44.0,40.0,72.0,72.0,60.0,60.0,65.0,73.0,75.0,85.0,88.0,80.0,44.0,35.0,32.0,52.0,34.0,58.0,70.0,2022,56.5
Kai Jones,Charlotte Hornets,72.0,68.0,69.0,69.0,69.0,60.0,60.0,64.0,80.0,80.0,41.0,40.0,40.0,42.0,37.0,78.0,47.0,42.0,77.0,84.0,67.0,65.0,66.0,65.0,69.0,84.0,75.0,80.0,38.0,35.0,57.0,48.0,30.0,75.0,70.0,2022,65.5
James Bouknight,Charlotte Hornets,72.0,53.0,72.0,78.0,81.0,60.0,65.0,75.0,35.0,85.0,30.0,37.0,38.0,60.0,82.0,44.0,69.0,38.0,32.0,68.0,69.0,40.0,87.0,54.0,90.0,87.0,75.0,80.0,69.0,80.0,84.0,68.0,44.0,62.0,51.0,2022,83.5
Bryce McGowens,Charlotte Hornets,70.0,71.0,74.0,72.0,83.0,55.0,50.0,74.0,40.0,80.0,42.0,42.0,42.0,55.0,78.0,37.0,66.0,41.0,35.0,65.0,60.0,65.0,74.0,48.0,81.0,85.0,75.0,80.0,52.0,74.0,72.0,50.0,38.0,30.0,47.0,2022,74.5
J.T. Thor,Charlotte Hornets,70.0,71.0,70.0,65.0,74.0,55.0,40.0,70.0,55.0,70.0,67.0,66.0,68.0,41.0,75.0,65.0,63.0,43.0,78.0,62.0,62.0,50.0,84.0,50.0,82.0,85.0,80.0,80.0,65.0,60.0,69.0,66.0,37.0,47.0,58.0,2022,74.0
DeMar DeRozan,Chicago Bulls,89.0,98.0,90.0,79.0,89.0,98.0,98.0,92.0,55.0,84.0,65.0,78.0,87.0,95.0,95.0,50.0,73.0,40.0,45.0,74.0,82.0,70.0,82.0,73.0,88.0,98.0,90.0,91.0,73.0,83.0,80.0,75.0,71.0,36.0,60.0,2022,79.0
Zach LaVine,Chicago Bulls,88.0,94.0,82.0,84.0,85.0,98.0,98.0,95.0,60.0,95.0,59.0,59.0,59.0,96.0,98.0,62.0,69.0,62.0,59.0,68.0,69.0,65.0,84.0,49.0,97.0,98.0,85.0,83.0,79.0,88.0,81.0,88.0,74.0,49.0,60.0,2022,79.5
Nikola Vucevic,Chicago Bulls,83.0,95.0,79.0,74.0,64.0,94.0,85.0,70.0,85.0,65.0,89.0,84.0,88.0,64.0,98.0,74.0,41.0,42.0,65.0,73.0,57.0,50.0,62.0,89.0,45.0,95.0,92.0,77.0,82.0,35.0,32.0,82.0,60.0,57.0,92.0,2022,47.5
Lonzo Ball,Chicago Bulls,82.0,55.0,65.0,84.0,79.0,92.0,85.0,79.0,30.0,75.0,35.0,44.0,40.0,59.0,84.0,60.0,86.0,80.0,62.0,85.0,90.0,85.0,85.0,52.0,80.0,93.0,70.0,80.0,88.0,86.0,85.0,89.0,70.0,41.0,62.0,2022,85.5
Andre Drummond,Chicago Bulls,79.0,84.0,47.0,47.0,56.0,40.0,40.0,73.0,95.0,85.0,70.0,45.0,75.0,40.0,80.0,77.0,52.0,83.0,81.0,74.0,70.0,70.0,60.0,95.0,79.0,89.0,85.0,81.0,52.0,45.0,49.0,70.0,53.0,95.0,97.0,2022,55.0
Alex Caruso,Chicago Bulls,77.0,73.0,67.0,76.0,86.0,65.0,60.0,78.0,35.0,75.0,30.0,43.0,29.0,60.0,68.0,31.0,89.0,93.0,51.0,88.0,89.0,90.0,82.0,31.0,72.0,85.0,85.0,81.0,78.0,78.0,82.0,80.0,67.0,41.0,52.0,2022,84.5
Coby White,Chicago Bulls,76.0,73.0,77.0,82.0,85.0,75.0,75.0,79.0,30.0,65.0,34.0,45.0,49.0,67.0,80.0,49.0,64.0,35.0,40.0,66.0,64.0,45.0,85.0,56.0,81.0,90.0,85.0,80.0,77.0,86.0,84.0,77.0,60.0,30.0,52.0,2022,81.0
Ayo Dosunmu,Chicago Bulls,76.0,80.0,92.0,81.0,78.0,80.0,80.0,79.0,25.0,75.0,35.0,50.0,42.0,69.0,87.0,38.0,69.0,42.0,51.0,68.0,69.0,65.0,76.0,52.0,75.0,85.0,75.0,80.0,72.0,79.0,73.0,79.0,63.0,32.0,49.0,2022,77.0
Javonte Green,Chicago Bulls,76.0,73.0,70.0,79.0,75.0,95.0,75.0,79.0,25.0,85.0,52.0,52.0,52.0,60.0,95.0,62.0,68.0,66.0,57.0,65.0,80.0,65.0,72.0,46.0,85.0,80.0,75.0,82.0,60.0,72.0,69.0,68.0,30.0,58.0,60.0,2022,71.5
Patrick Williams,Chicago Bulls,75.0,79.0,85.0,81.0,73.0,70.0,45.0,68.0,60.0,65.0,44.0,42.0,40.0,40.0,80.0,70.0,76.0,37.0,57.0,80.0,65.0,65.0,70.0,64.0,77.0,88.0,75.0,81.0,60.0,70.0,64.0,62.0,29.0,47.0,60.0,2022,72.0
Derrick Jones Jr.,Chicago Bulls,74.0,70.0,68.0,76.0,83.0,84.0,60.0,79.0,85.0,94.0,50.0,52.0,52.0,66.0,90.0,60.0,59.0,42.0,72.0,60.0,68.0,30.0,77.0,59.0,93.0,83.0,90.0,78.0,65.0,68.0,61.0,54.0,29.0,62.0,60.0,2022,73.5
Tony Bradley,Chicago Bulls,74.0,88.0,66.0,26.0,67.0,50.0,50.0,74.0,75.0,60.0,72.0,62.0,79.0,65.0,85.0,72.0,35.0,36.0,85.0,70.0,58.0,55.0,51.0,82.0,51.0,80.0,90.0,80.0,44.0,44.0,33.0,58.0,32.0,86.0,85.0,2022,48.0
Goran Dragic,Chicago Bulls,74.0,86.0,77.0,71.0,83.0,70.0,60.0,75.0,25.0,45.0,25.0,60.0,39.0,79.0,85.0,32.0,73.0,56.0,42.0,74.0,70.0,70.0,76.0,44.0,72.0,92.0,85.0,84.0,80.0,86.0,76.0,80.0,71.0,39.0,53.0,2022,74.5
Dalen Terry,Chicago Bulls,71.0,77.0,72.0,73.0,74.0,70.0,50.0,77.0,25.0,80.0,40.0,46.0,42.0,45.0,85.0,43.0,69.0,72.0,51.0,69.0,70.0,65.0,76.0,58.0,69.0,85.0,85.0,80.0,72.0,80.0,74.0,74.0,64.0,52.0,59.0,2022,75.5
Marko Simonović,Chicago Bulls,70.0,78.0,70.0,74.0,78.0,85.0,55.0,70.0,70.0,65.0,65.0,67.0,67.0,63.0,75.0,55.0,45.0,35.0,64.0,55.0,65.0,35.0,46.0,55.0,59.0,78.0,80.0,80.0,57.0,49.0,38.0,58.0,37.0,69.0,69.0,2022,41.5
Carlik Jones,Chicago Bulls,67.0,70.0,71.0,74.0,81.0,70.0,45.0,70.0,25.0,30.0,36.0,54.0,32.0,44.0,78.0,37.0,52.0,52.0,40.0,47.0,44.0,35.0,74.0,50.0,70.0,80.0,77.0,81.0,70.0,76.0,73.0,70.0,66.0,39.0,44.0,2022,73.5
Justin Lewis,Chicago Bulls,67.0,70.0,70.0,72.0,71.0,30.0,35.0,67.0,45.0,75.0,37.0,38.0,50.0,40.0,95.0,60.0,64.0,40.0,44.0,60.0,50.0,60.0,75.0,50.0,80.0,85.0,80.0,80.0,50.0,72.0,70.0,70.0,37.0,44.0,49.0,2022,73.5
Donovan Mitchell,Cleveland Cavaliers,88.0,94.0,89.0,84.0,89.0,90.0,98.0,89.0,50.0,92.0,25.0,44.0,38.0,93.0,98.0,68.0,79.0,66.0,37.0,79.0,79.0,75.0,96.0,60.0,97.0,96.0,90.0,80.0,79.0,88.0,83.0,85.0,73.0,38.0,51.0,2022,88.0
Darius Garland,Cleveland Cavaliers,87.0,92.0,93.0,84.0,89.0,98.0,98.0,90.0,25.0,65.0,32.0,37.0,42.0,74.0,95.0,31.0,69.0,53.0,32.0,69.0,66.0,50.0,88.0,40.0,84.0,95.0,95.0,80.0,92.0,89.0,88.0,95.0,86.0,34.0,45.0,2022,83.0
Jarrett Allen,Cleveland Cavaliers,85.0,91.0,76.0,66.0,72.0,95.0,95.0,79.0,85.0,80.0,82.0,63.0,82.0,86.0,95.0,82.0,41.0,40.0,76.0,83.0,67.0,80.0,75.0,84.0,79.0,92.0,80.0,82.0,25.0,35.0,35.0,48.0,35.0,80.0,85.0,2022,62.5
Evan Mobley,Cleveland Cavaliers,84.0,81.0,73.0,70.0,77.0,95.0,80.0,82.0,85.0,80.0,76.0,62.0,70.0,70.0,85.0,82.0,70.0,40.0,82.0,82.0,75.0,80.0,72.0,68.0,81.0,94.0,90.0,80.0,69.0,60.0,66.0,84.0,43.0,68.0,75.0,2022,70.5
Kevin Love,Cleveland Cavaliers,80.0,81.0,78.0,83.0,94.0,75.0,85.0,72.0,75.0,50.0,77.0,85.0,85.0,79.0,95.0,69.0,50.0,35.0,50.0,75.0,57.0,50.0,66.0,77.0,70.0,88.0,96.0,77.0,65.0,52.0,33.0,77.0,60.0,54.0,91.0,2022,46.0
Ricky Rubio,Cleveland Cavaliers,78.0,75.0,60.0,77.0,84.0,95.0,85.0,79.0,25.0,25.0,25.0,40.0,26.0,72.0,92.0,32.0,78.0,76.0,40.0,76.0,70.0,60.0,75.0,27.0,60.0,88.0,73.0,80.0,84.0,86.0,75.0,88.0,79.0,33.0,61.0,2022,77.0
Caris LeVert,Cleveland Cavaliers,78.0,87.0,79.0,75.0,80.0,85.0,70.0,89.0,60.0,75.0,52.0,54.0,49.0,79.0,95.0,45.0,74.0,42.0,51.0,70.0,68.0,60.0,75.0,54.0,80.0,92.0,80.0,78.0,75.0,86.0,72.0,84.0,71.0,38.0,51.0,2022,77.0
Lamar Stevens,Cleveland Cavaliers,75.0,68.0,86.0,71.0,72.0,74.0,65.0,68.0,65.0,80.0,61.0,58.0,64.0,45.0,86.0,60.0,69.0,43.0,56.0,66.0,65.0,55.0,79.0,60.0,91.0,80.0,90.0,80.0,62.0,67.0,69.0,55.0,32.0,51.0,56.0,2022,75.0
Cedi Osman,Cleveland Cavaliers,75.0,83.0,74.0,79.0,73.0,90.0,75.0,76.0,46.0,61.0,38.0,58.0,51.0,59.0,75.0,65.0,76.0,53.0,40.0,70.0,65.0,65.0,71.0,59.0,70.0,85.0,80.0,75.0,75.0,75.0,69.0,70.0,55.0,34.0,47.0,2022,73.0
Raul Neto,Cleveland Cavaliers,75.0,88.0,88.0,71.0,74.0,80.0,75.0,78.0,25.0,25.0,43.0,40.0,35.0,64.0,81.0,40.0,73.0,59.0,30.0,66.0,80.0,70.0,71.0,51.0,68.0,82.0,85.0,79.0,79.0,79.0,70.0,79.0,71.0,30.0,48.0,2022,75.0
Robin Lopez,Cleveland Cavaliers,75.0,97.0,73.0,76.0,60.0,45.0,40.0,78.0,75.0,60.0,96.0,55.0,95.0,50.0,88.0,70.0,55.0,27.0,67.0,80.0,64.0,70.0,25.0,75.0,57.0,85.0,95.0,82.0,30.0,35.0,25.0,69.0,57.0,78.0,50.0,2022,25.0
Isaac Okoro,Cleveland Cavaliers,75.0,56.0,60.0,78.0,76.0,95.0,75.0,80.0,45.0,75.0,47.0,49.0,50.0,69.0,95.0,60.0,80.0,42.0,50.0,78.0,77.0,80.0,77.0,67.0,80.0,89.0,80.0,82.0,69.0,72.0,73.0,69.0,36.0,45.0,42.0,2022,80.0
Dean Wade,Cleveland Cavaliers,73.0,80.0,68.0,79.0,78.0,85.0,65.0,60.0,80.0,75.0,60.0,60.0,64.0,60.0,70.0,50.0,44.0,43.0,40.0,70.0,68.0,45.0,62.0,60.0,83.0,80.0,85.0,79.0,38.0,60.0,43.0,55.0,33.0,42.0,58.0,2022,60.0
Dylan Windler,Cleveland Cavaliers,71.0,77.0,77.0,77.0,80.0,85.0,75.0,72.0,35.0,50.0,32.0,44.0,44.0,35.0,80.0,42.0,65.0,43.0,40.0,57.0,60.0,45.0,68.0,55.0,75.0,80.0,80.0,80.0,62.0,72.0,67.0,60.0,38.0,51.0,66.0,2022,67.0
Isaiah Mobley,Cleveland Cavaliers,69.0,68.0,70.0,69.0,68.0,65.0,55.0,60.0,60.0,71.0,58.0,57.0,58.0,58.0,90.0,61.0,44.0,41.0,69.0,55.0,44.0,45.0,58.0,62.0,69.0,87.0,65.0,80.0,68.0,49.0,44.0,75.0,54.0,60.0,62.0,2022,53.5
RJ Nembhard Jr.,Cleveland Cavaliers,67.0,71.0,68.0,72.0,77.0,50.0,35.0,73.0,25.0,75.0,30.0,37.0,35.0,44.0,70.0,43.0,60.0,45.0,30.0,55.0,65.0,45.0,82.0,54.0,85.0,80.0,70.0,80.0,72.0,77.0,82.0,70.0,67.0,37.0,40.0,2022,77.5
Luka Doncic,Dallas Mavericks,95.0,96.0,88.0,87.0,85.0,98.0,98.0,95.0,55.0,75.0,79.0,84.0,82.0,98.0,98.0,54.0,73.0,66.0,62.0,73.0,69.0,65.0,84.0,71.0,77.0,98.0,98.0,85.0,97.0,95.0,83.0,98.0,96.0,72.0,87.0,2022,79.5
Christian Wood,Dallas Mavericks,84.0,89.0,54.0,83.0,58.0,95.0,90.0,87.0,90.0,85.0,81.0,79.0,81.0,85.0,95.0,74.0,51.0,40.0,67.0,74.0,62.0,45.0,56.0,74.0,66.0,93.0,94.0,83.0,30.0,60.0,44.0,40.0,46.0,53.0,92.0,2022,57.5
Spencer Dinwiddie,Dallas Mavericks,80.0,82.0,72.0,77.0,84.0,95.0,85.0,84.0,35.0,45.0,40.0,48.0,42.0,80.0,98.0,42.0,74.0,38.0,40.0,68.0,59.0,70.0,82.0,45.0,75.0,95.0,56.0,77.0,88.0,88.0,82.0,90.0,72.0,37.0,58.0,2022,79.5
Dorian Finney-Smith,Dallas Mavericks,78.0,74.0,71.0,83.0,62.0,95.0,90.0,77.0,40.0,84.0,47.0,40.0,40.0,48.0,72.0,72.0,79.0,49.0,52.0,74.0,74.0,70.0,67.0,62.0,83.0,80.0,80.0,81.0,65.0,60.0,44.0,61.0,35.0,50.0,51.0,2022,73.0
Tim Hardaway Jr.,Dallas Mavericks,77.0,72.0,83.0,77.0,73.0,85.0,80.0,74.0,35.0,78.0,36.0,53.0,38.0,82.0,71.0,45.0,70.0,43.0,35.0,63.0,58.0,40.0,68.0,55.0,78.0,85.0,83.0,83.0,75.0,78.0,68.0,84.0,43.0,31.0,57.0,2022,73.5
JaVale McGee,Dallas Mavericks,77.0,93.0,64.0,55.0,67.0,45.0,60.0,64.0,95.0,85.0,78.0,58.0,64.0,65.0,37.0,79.0,47.0,36.0,88.0,84.0,67.0,65.0,65.0,75.0,69.0,72.0,75.0,80.0,25.0,35.0,26.0,48.0,30.0,91.0,91.0,2022,50.0
Dwight Powell,Dallas Mavericks,76.0,85.0,65.0,78.0,70.0,80.0,85.0,70.0,75.0,65.0,77.0,79.0,79.0,83.0,90.0,74.0,45.0,37.0,60.0,68.0,74.0,65.0,71.0,80.0,67.0,90.0,95.0,83.0,55.0,60.0,44.0,64.0,35.0,73.0,62.0,2022,53.0
Maxi Kleber,Dallas Mavericks,75.0,52.0,70.0,75.0,74.0,60.0,35.0,73.0,75.0,75.0,67.0,67.0,64.0,40.0,80.0,74.0,72.0,37.0,75.0,75.0,68.0,70.0,45.0,79.0,56.0,85.0,85.0,80.0,70.0,64.0,45.0,68.0,32.0,52.0,80.0,2022,55.0
Reggie Bullock,Dallas Mavericks,75.0,87.0,91.0,80.0,89.0,80.0,70.0,71.0,40.0,50.0,30.0,51.0,42.0,50.0,66.0,50.0,56.0,38.0,42.0,63.0,50.0,60.0,63.0,50.0,72.0,80.0,70.0,80.0,75.0,71.0,56.0,72.0,31.0,34.0,55.0,2022,66.0
Davis Bertans,Dallas Mavericks,73.0,70.0,70.0,76.0,88.0,70.0,60.0,69.0,65.0,65.0,43.0,66.0,52.0,60.0,88.0,64.0,40.0,37.0,52.0,69.0,58.0,50.0,57.0,64.0,52.0,80.0,80.0,68.0,38.0,72.0,47.0,45.0,30.0,33.0,62.0,2022,59.0
Josh Green,Dallas Mavericks,73.0,80.0,74.0,79.0,77.0,90.0,75.0,80.0,30.0,80.0,35.0,34.0,30.0,69.0,95.0,35.0,75.0,66.0,51.0,79.0,63.0,60.0,86.0,60.0,80.0,89.0,90.0,83.0,70.0,70.0,72.0,70.0,42.0,52.0,54.0,2022,83.5
Frank Ntilikina,Dallas Mavericks,72.0,90.0,87.0,77.0,86.0,50.0,40.0,65.0,30.0,45.0,32.0,48.0,40.0,39.0,85.0,35.0,82.0,59.0,47.0,80.0,70.0,70.0,80.0,47.0,70.0,81.0,80.0,80.0,77.0,86.0,80.0,77.0,58.0,34.0,52.0,2022,82.0
Jaden Hardy,Dallas Mavericks,70.0,72.0,75.0,74.0,79.0,45.0,45.0,76.0,40.0,80.0,47.0,49.0,49.0,54.0,85.0,34.0,55.0,65.0,33.0,50.0,51.0,50.0,83.0,39.0,85.0,84.0,85.0,80.0,65.0,83.0,76.0,65.0,66.0,46.0,50.0,2022,79.5
McKinley Wright IV,Dallas Mavericks,68.0,69.0,69.0,71.0,84.0,50.0,45.0,74.0,25.0,50.0,25.0,32.0,25.0,45.0,77.0,25.0,71.0,63.0,45.0,70.0,69.0,50.0,84.0,32.0,83.0,80.0,78.0,80.0,70.0,75.0,84.0,66.0,69.0,40.0,41.0,2022,81.5
Theo Pinson,Dallas Mavericks,68.0,70.0,64.0,70.0,86.0,50.0,25.0,75.0,45.0,75.0,35.0,38.0,38.0,55.0,75.0,60.0,71.0,49.0,51.0,69.0,68.0,60.0,73.0,40.0,80.0,80.0,75.0,81.0,50.0,70.0,67.0,45.0,62.0,32.0,62.0,2022,76.0
Tyler Dorsey,Dallas Mavericks,68.0,52.0,75.0,79.0,76.0,75.0,65.0,70.0,30.0,40.0,28.0,34.0,42.0,54.0,85.0,44.0,55.0,56.0,37.0,50.0,60.0,30.0,78.0,37.0,75.0,85.0,80.0,80.0,64.0,68.0,74.0,55.0,38.0,34.0,66.0,2022,72.0
Tyler Hall,Dallas Mavericks,66.0,67.0,73.0,79.0,83.0,60.0,50.0,68.0,40.0,60.0,41.0,42.0,45.0,41.0,70.0,45.0,59.0,33.0,62.0,50.0,55.0,40.0,68.0,49.0,69.0,80.0,72.0,80.0,61.0,64.0,65.0,59.0,51.0,28.0,53.0,2022,68.5
Nikola Jokic,Denver Nuggets,96.0,98.0,97.0,80.0,75.0,95.0,98.0,91.0,90.0,75.0,94.0,95.0,95.0,90.0,90.0,70.0,61.0,66.0,62.0,71.0,56.0,55.0,63.0,93.0,63.0,97.0,80.0,83.0,93.0,76.0,60.0,98.0,89.0,68.0,98.0,2022,49.5
Jamal Murray,Denver Nuggets,84.0,94.0,79.0,84.0,84.0,85.0,90.0,90.0,30.0,82.0,38.0,46.0,74.0,78.0,84.0,35.0,79.0,56.0,42.0,75.0,75.0,70.0,79.0,54.0,80.0,95.0,85.0,78.0,90.0,88.0,77.0,84.0,70.0,37.0,51.0,2022,78.5
Michael Porter Jr.,Denver Nuggets,80.0,80.0,84.0,78.0,70.0,75.0,80.0,84.0,60.0,80.0,50.0,62.0,68.0,55.0,80.0,60.0,64.0,56.0,42.0,60.0,68.0,40.0,80.0,68.0,88.0,88.0,80.0,66.0,65.0,78.0,77.0,62.0,37.0,44.0,77.0,2022,77.0
Aaron Gordon,Denver Nuggets,79.0,75.0,74.0,76.0,75.0,65.0,70.0,84.0,95.0,95.0,58.0,60.0,74.0,60.0,95.0,74.0,76.0,36.0,56.0,75.0,68.0,75.0,71.0,72.0,92.0,95.0,90.0,84.0,65.0,62.0,66.0,60.0,43.0,55.0,62.0,2022,71.5
Bruce Brown Jr.,Denver Nuggets,76.0,81.0,76.0,84.0,74.0,70.0,70.0,80.0,30.0,70.0,28.0,34.0,42.0,55.0,95.0,58.0,77.0,63.0,66.0,79.0,75.0,65.0,76.0,75.0,80.0,92.0,80.0,84.0,79.0,77.0,74.0,75.0,43.0,56.0,62.0,2022,77.5
Kentavious Caldwell-Pope,Denver Nuggets,76.0,77.0,89.0,83.0,90.0,80.0,75.0,76.0,35.0,73.0,35.0,58.0,35.0,40.0,80.0,45.0,84.0,53.0,47.0,82.0,82.0,80.0,85.0,60.0,69.0,92.0,85.0,84.0,75.0,75.0,80.0,82.0,37.0,35.0,50.0,2022,83.0
Jeff Green,Denver Nuggets,76.0,94.0,54.0,74.0,83.0,55.0,70.0,79.0,65.0,80.0,70.0,68.0,72.0,68.0,85.0,69.0,70.0,33.0,52.0,68.0,54.0,60.0,63.0,70.0,84.0,89.0,78.0,82.0,69.0,74.0,50.0,70.0,33.0,37.0,52.0,2022,66.0
Zeke Nnaji,Denver Nuggets,76.0,67.0,76.0,85.0,70.0,78.0,75.0,77.0,80.0,70.0,69.0,67.0,67.0,69.0,77.0,69.0,54.0,38.0,56.0,57.0,42.0,45.0,77.0,70.0,82.0,80.0,89.0,83.0,33.0,37.0,52.0,42.0,28.0,68.0,61.0,2022,67.0
Nah’Shon Hyland,Denver Nuggets,76.0,64.0,82.0,80.0,92.0,79.0,85.0,82.0,25.0,60.0,30.0,32.0,32.0,70.0,85.0,30.0,61.0,43.0,53.0,60.0,59.0,45.0,87.0,32.0,68.0,88.0,70.0,80.0,74.0,79.0,84.0,75.0,70.0,31.0,62.0,2022,79.5
Ish Smith,Denver Nuggets,75.0,75.0,90.0,81.0,55.0,65.0,65.0,79.0,25.0,30.0,25.0,32.0,25.0,62.0,81.0,25.0,74.0,59.0,57.0,64.0,52.0,50.0,87.0,32.0,70.0,80.0,78.0,83.0,86.0,86.0,87.0,85.0,76.0,36.0,52.0,2022,82.0
DeAndre Jordan,Denver Nuggets,72.0,74.0,25.0,25.0,51.0,25.0,25.0,57.0,75.0,75.0,35.0,37.0,35.0,44.0,90.0,70.0,57.0,36.0,85.0,67.0,55.0,55.0,65.0,85.0,83.0,92.0,80.0,94.0,25.0,30.0,33.0,66.0,29.0,85.0,92.0,2022,57.5
Davon Reed,Denver Nuggets,72.0,85.0,81.0,85.0,79.0,65.0,60.0,78.0,45.0,65.0,50.0,51.0,57.0,60.0,69.0,60.0,64.0,53.0,51.0,60.0,55.0,40.0,69.0,60.0,75.0,80.0,60.0,86.0,70.0,74.0,66.0,72.0,41.0,36.0,64.0,2022,69.0
Vlatko Cancar,Denver Nuggets,71.0,68.0,74.0,70.0,84.0,65.0,50.0,70.0,45.0,65.0,42.0,44.0,45.0,45.0,80.0,48.0,52.0,32.0,55.0,52.0,40.0,40.0,60.0,63.0,70.0,80.0,65.0,87.0,52.0,64.0,54.0,54.0,50.0,51.0,61.0,2022,61.5
Christian Braun,Denver Nuggets,71.0,68.0,82.0,81.0,74.0,60.0,75.0,69.0,25.0,75.0,25.0,55.0,36.0,45.0,72.0,40.0,67.0,62.0,37.0,60.0,62.0,50.0,83.0,46.0,83.0,93.0,80.0,80.0,69.0,69.0,74.0,68.0,65.0,52.0,53.0,2022,76.5
Peyton Watson,Denver Nuggets,70.0,72.0,69.0,68.0,69.0,70.0,45.0,68.0,60.0,65.0,44.0,42.0,40.0,40.0,80.0,59.0,68.0,52.0,57.0,65.0,62.0,60.0,77.0,55.0,82.0,88.0,75.0,80.0,60.0,70.0,76.0,62.0,28.0,59.0,62.0,2022,74.0
Collin Gillespie,Denver Nuggets,68.0,74.0,75.0,80.0,87.0,50.0,50.0,74.0,40.0,54.0,31.0,46.0,40.0,37.0,95.0,33.0,62.0,38.0,56.0,60.0,58.0,55.0,82.0,33.0,72.0,85.0,80.0,80.0,79.0,77.0,82.0,75.0,57.0,35.0,53.0,2022,78.0
Justin Tillman,Denver Nuggets,67.0,72.0,60.0,52.0,61.0,50.0,40.0,59.0,75.0,75.0,68.0,54.0,62.0,47.0,75.0,60.0,47.0,28.0,35.0,55.0,37.0,35.0,55.0,69.0,72.0,80.0,85.0,82.0,44.0,45.0,44.0,52.0,30.0,69.0,72.0,2022,53.5
Jack White,Denver Nuggets,67.0,69.0,64.0,66.0,74.0,50.0,35.0,68.0,55.0,65.0,55.0,55.0,55.0,47.0,59.0,60.0,62.0,37.0,45.0,68.0,59.0,55.0,56.0,55.0,72.0,80.0,90.0,80.0,55.0,54.0,47.0,56.0,30.0,62.0,62.0,2022,62.0
Cade Cunningham,Detroit Pistons,84.0,83.0,81.0,80.0,83.0,95.0,98.0,83.0,40.0,75.0,60.0,62.0,60.0,78.0,98.0,59.0,75.0,53.0,58.0,75.0,76.0,75.0,83.0,62.0,80.0,88.0,80.0,80.0,80.0,86.0,83.0,84.0,74.0,39.0,66.0,2022,81.5
Saddiq Bey,Detroit Pistons,80.0,79.0,77.0,78.0,74.0,97.0,95.0,77.0,45.0,60.0,43.0,42.0,52.0,79.0,84.0,64.0,75.0,41.0,37.0,77.0,72.0,70.0,63.0,69.0,70.0,87.0,90.0,81.0,64.0,76.0,57.0,75.0,53.0,45.0,61.0,2022,71.0
Jaden Ivey,Detroit Pistons,76.0,81.0,74.0,75.0,74.0,75.0,70.0,85.0,30.0,85.0,44.0,42.0,44.0,68.0,90.0,59.0,71.0,62.0,44.0,70.0,69.0,65.0,92.0,54.0,85.0,92.0,85.0,80.0,82.0,86.0,92.0,79.0,69.0,37.0,48.0,2022,87.0
Hamidou Diallo,Detroit Pistons,76.0,91.0,79.0,66.0,74.0,90.0,85.0,87.0,45.0,93.0,31.0,29.0,38.0,69.0,75.0,40.0,65.0,83.0,51.0,60.0,78.0,40.0,85.0,52.0,97.0,85.0,80.0,81.0,75.0,79.0,79.0,79.0,39.0,52.0,72.0,2022,81.0
Marvin Bagley III,Detroit Pistons,76.0,87.0,70.0,60.0,65.0,50.0,50.0,70.0,80.0,80.0,80.0,78.0,79.0,55.0,80.0,70.0,49.0,36.0,53.0,70.0,65.0,55.0,73.0,80.0,86.0,85.0,80.0,87.0,47.0,62.0,64.0,60.0,30.0,69.0,82.0,2022,65.5
Kelly Olynyk,Detroit Pistons,76.0,79.0,71.0,77.0,60.0,98.0,90.0,75.0,70.0,60.0,79.0,79.0,79.0,79.0,78.0,70.0,50.0,59.0,62.0,66.0,45.0,65.0,31.0,70.0,55.0,89.0,88.0,82.0,60.0,42.0,25.0,66.0,71.0,61.0,71.0,2022,34.0
Isaiah Stewart,Detroit Pistons,76.0,86.0,82.0,73.0,69.0,65.0,55.0,76.0,75.0,70.0,75.0,64.0,80.0,70.0,79.0,70.0,54.0,32.0,78.0,72.0,42.0,50.0,63.0,80.0,70.0,89.0,87.0,77.0,44.0,34.0,52.0,50.0,33.0,84.0,85.0,2022,61.0
Nerlens Noel,Detroit Pistons,76.0,89.0,64.0,30.0,71.0,40.0,25.0,68.0,90.0,75.0,65.0,60.0,60.0,47.0,79.0,84.0,45.0,83.0,86.0,85.0,89.0,85.0,66.0,65.0,74.0,84.0,94.0,76.0,32.0,46.0,27.0,60.0,31.0,67.0,70.0,2022,62.5
Alec Burks,Detroit Pistons,76.0,71.0,74.0,83.0,82.0,85.0,90.0,78.0,40.0,69.0,40.0,58.0,78.0,70.0,77.0,45.0,72.0,53.0,51.0,74.0,70.0,55.0,78.0,48.0,69.0,89.0,72.0,85.0,72.0,79.0,76.0,73.0,61.0,35.0,67.0,2022,75.0
Saben Lee,Detroit Pistons,74.0,62.0,74.0,59.0,68.0,95.0,85.0,84.0,25.0,85.0,25.0,31.0,30.0,79.0,77.0,44.0,60.0,87.0,57.0,55.0,54.0,30.0,74.0,52.0,69.0,80.0,76.0,79.0,80.0,83.0,73.0,80.0,73.0,40.0,58.0,2022,70.5
Jalen Duren,Detroit Pistons,73.0,66.0,57.0,35.0,63.0,50.0,50.0,70.0,80.0,80.0,60.0,49.0,54.0,59.0,80.0,72.0,62.0,42.0,79.0,72.0,66.0,60.0,73.0,81.0,84.0,89.0,90.0,80.0,59.0,59.0,59.0,50.0,37.0,83.0,69.0,2022,70.0
Cory Joseph,Detroit Pistons,73.0,82.0,71.0,83.0,84.0,75.0,65.0,72.0,25.0,30.0,27.0,39.0,29.0,55.0,85.0,54.0,75.0,41.0,50.0,68.0,59.0,65.0,72.0,40.0,65.0,88.0,70.0,84.0,80.0,84.0,72.0,80.0,70.0,34.0,50.0,2022,76.0
Isaiah Livers,Detroit Pistons,72.0,69.0,76.0,82.0,87.0,85.0,70.0,76.0,25.0,65.0,26.0,32.0,35.0,44.0,80.0,37.0,65.0,49.0,56.0,60.0,60.0,55.0,73.0,55.0,71.0,85.0,66.0,82.0,68.0,70.0,70.0,65.0,35.0,45.0,56.0,2022,73.5
Kevin Knox II,Detroit Pistons,71.0,55.0,55.0,69.0,65.0,50.0,40.0,67.0,65.0,75.0,59.0,52.0,68.0,49.0,78.0,57.0,69.0,36.0,45.0,68.0,69.0,40.0,75.0,70.0,80.0,90.0,73.0,82.0,59.0,75.0,72.0,60.0,32.0,58.0,63.0,2022,73.5
Killian Hayes,Detroit Pistons,71.0,73.0,70.0,66.0,91.0,65.0,40.0,74.0,25.0,60.0,35.0,55.0,60.0,45.0,85.0,49.0,69.0,70.0,58.0,69.0,70.0,55.0,75.0,56.0,70.0,89.0,85.0,83.0,82.0,83.0,74.0,84.0,72.0,36.0,55.0,2022,74.0
Rodney McGruder,Detroit Pistons,71.0,85.0,73.0,83.0,72.0,88.0,65.0,60.0,35.0,50.0,30.0,42.0,41.0,45.0,80.0,50.0,79.0,42.0,45.0,79.0,74.0,70.0,71.0,45.0,70.0,75.0,70.0,81.0,68.0,74.0,67.0,69.0,38.0,46.0,55.0,2022,74.0
Buddy Boeheim,Detroit Pistons,68.0,68.0,77.0,79.0,84.0,70.0,50.0,70.0,45.0,60.0,44.0,47.0,48.0,40.0,80.0,42.0,59.0,32.0,56.0,52.0,55.0,45.0,57.0,44.0,70.0,80.0,80.0,80.0,62.0,68.0,57.0,62.0,54.0,45.0,47.0,2022,58.0
Braxton Key,Detroit Pistons,67.0,69.0,69.0,70.0,65.0,40.0,25.0,68.0,75.0,75.0,59.0,58.0,58.0,33.0,74.0,52.0,52.0,76.0,75.0,52.0,54.0,35.0,69.0,70.0,81.0,80.0,79.0,80.0,48.0,49.0,59.0,54.0,37.0,58.0,79.0,2022,63.0
Stephen Curry,Golden State Warriors,96.0,95.0,92.0,99.0,93.0,98.0,99.0,96.0,25.0,36.0,35.0,52.0,35.0,94.0,98.0,30.0,75.0,56.0,50.0,78.0,85.0,65.0,84.0,48.0,73.0,98.0,98.0,86.0,93.0,97.0,84.0,97.0,75.0,33.0,62.0,2022,80.5
Andrew Wiggins,Golden State Warriors,84.0,91.0,76.0,83.0,72.0,95.0,95.0,77.0,40.0,92.0,65.0,74.0,77.0,65.0,85.0,55.0,82.0,70.0,61.0,80.0,79.0,75.0,82.0,57.0,97.0,98.0,90.0,83.0,72.0,82.0,80.0,75.0,42.0,45.0,52.0,2022,82.5
Jordan Poole,Golden State Warriors,83.0,96.0,86.0,80.0,89.0,97.0,98.0,92.0,45.0,60.0,29.0,47.0,44.0,84.0,80.0,47.0,65.0,41.0,50.0,65.0,55.0,30.0,75.0,61.0,73.0,80.0,65.0,80.0,79.0,86.0,72.0,82.0,70.0,33.0,51.0,2022,74.5
Draymond Green,Golden State Warriors,83.0,91.0,60.0,72.0,59.0,50.0,45.0,70.0,55.0,65.0,60.0,59.0,63.0,40.0,85.0,92.0,86.0,66.0,75.0,93.0,84.0,95.0,73.0,85.0,66.0,85.0,90.0,88.0,83.0,78.0,69.0,92.0,77.0,43.0,83.0,2022,78.0
Jonathan Kuminga,Golden State Warriors,78.0,88.0,70.0,76.0,69.0,75.0,75.0,86.0,65.0,85.0,49.0,50.0,50.0,82.0,85.0,73.0,73.0,41.0,57.0,70.0,69.0,50.0,84.0,73.0,90.0,88.0,80.0,80.0,69.0,77.0,75.0,60.0,36.0,50.0,66.0,2022,81.5
JaMychal Green,Golden State Warriors,76.0,73.0,72.0,66.0,78.0,90.0,80.0,69.0,70.0,70.0,63.0,56.0,64.0,69.0,95.0,69.0,51.0,56.0,62.0,69.0,60.0,35.0,59.0,69.0,74.0,85.0,85.0,81.0,55.0,35.0,44.0,61.0,34.0,66.0,76.0,2022,58.5
Kevon Looney,Golden State Warriors,75.0,93.0,49.0,69.0,56.0,88.0,70.0,78.0,75.0,70.0,55.0,52.0,62.0,52.0,66.0,69.0,46.0,42.0,68.0,74.0,64.0,60.0,58.0,74.0,63.0,85.0,96.0,84.0,55.0,61.0,48.0,66.0,50.0,87.0,84.0,2022,65.5
James Wiseman,Golden State Warriors,75.0,81.0,70.0,76.0,63.0,60.0,85.0,71.0,80.0,75.0,77.0,64.0,71.0,65.0,90.0,77.0,50.0,32.0,77.0,78.0,54.0,65.0,70.0,70.0,68.0,87.0,80.0,87.0,54.0,50.0,54.0,64.0,29.0,60.0,80.0,2022,66.5
Ryan Rollins,Golden State Warriors,68.0,71.0,76.0,72.0,79.0,60.0,50.0,73.0,25.0,65.0,40.0,42.0,42.0,37.0,85.0,43.0,60.0,56.0,51.0,59.0,52.0,45.0,86.0,39.0,80.0,85.0,79.0,80.0,70.0,78.0,82.0,70.0,66.0,46.0,47.0,2022,78.5
Klay Thompson,Golden State Warriors,,85.0,90.0,88.0,89.0,75.0,80.0,75.0,35.0,65.0,35.0,65.0,64.0,36.0,90.0,70.0,87.0,35.0,56.0,85.0,86.0,85.0,71.0,62.0,67.0,91.0,85.0,94.0,77.0,76.0,71.0,77.0,62.0,34.0,56.0,2022,80.5
Donte DiVincenzo,Golden State Warriors,75.0,58.0,63.0,77.0,74.0,75.0,70.0,75.0,25.0,75.0,28.0,45.0,38.0,44.0,70.0,58.0,82.0,70.0,42.0,84.0,88.0,80.0,89.0,60.0,95.0,90.0,85.0,81.0,77.0,77.0,81.0,74.0,62.0,46.0,61.0,2022,87.0
Moses Moody,Golden State Warriors,73.0,86.0,77.0,80.0,82.0,60.0,75.0,80.0,40.0,70.0,44.0,48.0,49.0,70.0,80.0,68.0,71.0,32.0,56.0,69.0,60.0,65.0,73.0,68.0,70.0,88.0,80.0,80.0,65.0,74.0,70.0,64.0,30.0,41.0,52.0,2022,75.0
Patrick Baldwin Jr.,Golden State Warriors,70.0,70.0,72.0,72.0,74.0,70.0,45.0,74.0,55.0,70.0,54.0,52.0,52.0,52.0,80.0,56.0,59.0,40.0,40.0,55.0,54.0,40.0,57.0,69.0,62.0,85.0,70.0,80.0,55.0,58.0,55.0,60.0,37.0,44.0,56.0,2022,60.5
Quinndary Weatherspoon,Golden State Warriors,68.0,57.0,74.0,75.0,78.0,58.0,50.0,70.0,35.0,75.0,35.0,44.0,36.0,55.0,72.0,48.0,62.0,75.0,53.0,60.0,59.0,35.0,83.0,50.0,83.0,80.0,85.0,80.0,68.0,74.0,80.0,64.0,37.0,37.0,42.0,2022,78.5
Mac McClung,Golden State Warriors,67.0,72.0,64.0,75.0,64.0,70.0,40.0,74.0,35.0,75.0,44.0,45.0,43.0,39.0,75.0,40.0,67.0,52.0,42.0,50.0,58.0,40.0,79.0,48.0,82.0,84.0,80.0,82.0,69.0,69.0,78.0,68.0,55.0,29.0,67.0,2022,74.5
Lester Quiñones,Golden State Warriors,67.0,73.0,71.0,76.0,75.0,75.0,35.0,73.0,25.0,65.0,42.0,44.0,40.0,44.0,80.0,33.0,63.0,37.0,31.0,52.0,51.0,40.0,70.0,44.0,74.0,80.0,68.0,80.0,64.0,70.0,64.0,68.0,59.0,44.0,56.0,2022,69.0
Jalen Green,Houston Rockets,82.0,74.0,81.0,77.0,81.0,95.0,95.0,87.0,40.0,91.0,56.0,56.0,56.0,79.0,95.0,45.0,73.0,37.0,45.0,70.0,68.0,60.0,88.0,55.0,92.0,88.0,85.0,80.0,75.0,86.0,84.0,78.0,50.0,33.0,50.0,2022,82.5
Jabari Smith Jr.,Houston Rockets,78.0,80.0,80.0,81.0,80.0,70.0,70.0,75.0,65.0,85.0,69.0,69.0,69.0,54.0,85.0,70.0,69.0,64.0,65.0,67.0,67.0,55.0,76.0,60.0,75.0,89.0,70.0,80.0,65.0,75.0,69.0,66.0,49.0,57.0,74.0,2022,74.0
Kevin Porter Jr.,Houston Rockets,77.0,64.0,72.0,81.0,63.0,75.0,85.0,79.0,40.0,80.0,25.0,62.0,44.0,79.0,83.0,44.0,69.0,49.0,50.0,64.0,60.0,40.0,85.0,52.0,75.0,88.0,72.0,80.0,82.0,82.0,83.0,82.0,75.0,37.0,58.0,2022,80.0
Jae’Sean Tate,Houston Rockets,77.0,79.0,70.0,74.0,72.0,98.0,90.0,84.0,65.0,75.0,69.0,68.0,69.0,64.0,85.0,70.0,70.0,49.0,57.0,68.0,69.0,65.0,69.0,65.0,75.0,89.0,95.0,80.0,70.0,74.0,62.0,72.0,64.0,61.0,64.0,2022,69.5
Alperen Sengun,Houston Rockets,77.0,78.0,50.0,66.0,71.0,90.0,70.0,79.0,65.0,65.0,78.0,78.0,78.0,72.0,80.0,69.0,63.0,56.0,80.0,69.0,85.0,60.0,52.0,68.0,49.0,80.0,80.0,80.0,63.0,54.0,48.0,62.0,68.0,70.0,72.0,2022,58.0
Eric Gordon,Houston Rockets,75.0,85.0,72.0,85.0,72.0,70.0,50.0,79.0,30.0,70.0,35.0,63.0,50.0,60.0,94.0,42.0,78.0,35.0,50.0,73.0,68.0,50.0,79.0,60.0,82.0,92.0,85.0,78.0,69.0,79.0,78.0,73.0,55.0,30.0,41.0,2022,78.5
Josh Christopher,Houston Rockets,75.0,93.0,76.0,72.0,78.0,75.0,75.0,80.0,40.0,85.0,25.0,62.0,44.0,65.0,83.0,49.0,67.0,70.0,47.0,60.0,65.0,50.0,84.0,55.0,81.0,88.0,72.0,80.0,68.0,75.0,78.0,62.0,65.0,46.0,52.0,2022,81.0
Kenyon Martin Jr.,Houston Rockets,75.0,75.0,68.0,79.0,58.0,95.0,85.0,74.0,65.0,80.0,44.0,44.0,44.0,55.0,75.0,50.0,67.0,37.0,62.0,62.0,44.0,40.0,83.0,62.0,82.0,80.0,60.0,81.0,64.0,76.0,69.0,64.0,38.0,51.0,62.0,2022,76.5
David Nwaba,Houston Rockets,74.0,62.0,70.0,73.0,64.0,75.0,40.0,79.0,50.0,75.0,40.0,38.0,44.0,54.0,72.0,69.0,79.0,66.0,68.0,82.0,84.0,80.0,70.0,68.0,80.0,85.0,97.0,81.0,60.0,65.0,67.0,44.0,36.0,62.0,76.0,2022,75.5
Willie Cauley-Stein,Houston Rockets,73.0,69.0,37.0,49.0,63.0,85.0,70.0,75.0,85.0,70.0,79.0,55.0,65.0,73.0,84.0,76.0,51.0,40.0,72.0,78.0,62.0,65.0,70.0,77.0,75.0,85.0,88.0,84.0,68.0,35.0,32.0,75.0,33.0,58.0,70.0,2022,64.5
Marquese Chriss,Houston Rockets,73.0,71.0,74.0,75.0,77.0,25.0,25.0,68.0,90.0,85.0,79.0,54.0,72.0,65.0,84.0,57.0,58.0,56.0,71.0,78.0,68.0,40.0,71.0,66.0,86.0,80.0,80.0,78.0,29.0,50.0,57.0,64.0,34.0,73.0,82.0,2022,65.0
Garrison Mathews,Houston Rockets,73.0,74.0,78.0,80.0,80.0,82.0,80.0,79.0,45.0,55.0,36.0,47.0,48.0,54.0,95.0,42.0,59.0,46.0,52.0,58.0,52.0,45.0,50.0,44.0,65.0,89.0,88.0,79.0,71.0,76.0,47.0,82.0,30.0,35.0,50.0,2022,55.0
Usman Garuba,Houston Rockets,73.0,58.0,59.0,65.0,60.0,65.0,40.0,79.0,60.0,70.0,48.0,44.0,48.0,60.0,92.0,70.0,70.0,59.0,80.0,72.0,69.0,70.0,68.0,70.0,69.0,85.0,90.0,80.0,60.0,66.0,60.0,67.0,38.0,68.0,84.0,2022,71.5
Boban Marjanovic,Houston Rockets,73.0,83.0,70.0,63.0,77.0,75.0,55.0,50.0,95.0,60.0,69.0,60.0,76.0,70.0,40.0,73.0,30.0,25.0,61.0,65.0,73.0,65.0,25.0,71.0,40.0,70.0,45.0,65.0,60.0,35.0,25.0,35.0,29.0,59.0,88.0,2022,30.0
Tari Eason,Houston Rockets,72.0,70.0,70.0,74.0,77.0,60.0,50.0,74.0,35.0,80.0,54.0,52.0,51.0,61.0,80.0,65.0,71.0,62.0,52.0,70.0,68.0,50.0,80.0,70.0,80.0,85.0,85.0,80.0,50.0,70.0,72.0,47.0,42.0,66.0,62.0,2022,78.5
TyTy Washington,Houston Rockets,71.0,70.0,77.0,78.0,75.0,70.0,50.0,76.0,25.0,75.0,25.0,38.0,26.0,45.0,80.0,55.0,66.0,70.0,40.0,62.0,70.0,40.0,80.0,54.0,79.0,95.0,85.0,80.0,68.0,86.0,80.0,69.0,61.0,49.0,62.0,2022,78.0
Trey Burke,Houston Rockets,71.0,88.0,73.0,74.0,88.0,81.0,85.0,74.0,25.0,30.0,28.0,45.0,35.0,55.0,85.0,48.0,63.0,42.0,25.0,54.0,60.0,35.0,80.0,41.0,70.0,85.0,85.0,80.0,80.0,86.0,80.0,84.0,70.0,30.0,43.0,2022,74.0
Sterling Brown,Houston Rockets,70.0,67.0,67.0,73.0,81.0,85.0,50.0,71.0,40.0,75.0,50.0,51.0,45.0,54.0,85.0,37.0,69.0,38.0,50.0,58.0,64.0,45.0,70.0,54.0,65.0,81.0,65.0,79.0,75.0,76.0,58.0,75.0,34.0,47.0,80.0,2022,72.5
Trevor Hudgins,Houston Rockets,68.0,69.0,77.0,80.0,88.0,60.0,45.0,68.0,68.0,85.0,25.0,42.0,33.0,58.0,84.0,38.0,54.0,40.0,35.0,50.0,55.0,40.0,75.0,42.0,70.0,85.0,75.0,80.0,70.0,74.0,75.0,70.0,61.0,32.0,57.0,2022,69.0
Daishen Nix,Houston Rockets,67.0,70.0,60.0,67.0,71.0,40.0,30.0,75.0,40.0,75.0,35.0,51.0,42.0,40.0,80.0,37.0,60.0,83.0,25.0,52.0,58.0,40.0,90.0,63.0,75.0,80.0,85.0,80.0,72.0,75.0,87.0,74.0,70.0,39.0,52.0,2022,81.5
Tyrese Haliburton,Indiana Pacers,84.0,88.0,92.0,84.0,76.0,98.0,95.0,84.0,40.0,65.0,42.0,49.0,40.0,66.0,95.0,60.0,74.0,73.0,56.0,74.0,73.0,65.0,81.0,59.0,70.0,88.0,85.0,80.0,87.0,86.0,81.0,87.0,79.0,37.0,50.0,2022,77.5
Myles Turner,Indiana Pacers,82.0,96.0,83.0,76.0,73.0,50.0,80.0,79.0,80.0,65.0,76.0,80.0,80.0,60.0,95.0,87.0,70.0,38.0,95.0,90.0,70.0,85.0,56.0,74.0,69.0,95.0,80.0,83.0,31.0,35.0,32.0,68.0,30.0,53.0,79.0,2022,49.0
Buddy Hield,Indiana Pacers,78.0,81.0,83.0,85.0,85.0,90.0,85.0,75.0,25.0,65.0,28.0,45.0,48.0,59.0,94.0,48.0,69.0,42.0,47.0,54.0,60.0,50.0,75.0,41.0,78.0,90.0,60.0,82.0,70.0,79.0,74.0,70.0,53.0,39.0,57.0,2022,76.0
Chris Duarte,Indiana Pacers,77.0,79.0,79.0,80.0,74.0,95.0,85.0,79.0,40.0,70.0,44.0,46.0,46.0,69.0,95.0,50.0,69.0,53.0,40.0,68.0,69.0,65.0,65.0,59.0,63.0,92.0,92.0,80.0,69.0,71.0,60.0,78.0,42.0,39.0,60.0,2022,66.5
Isaiah Jackson,Indiana Pacers,76.0,87.0,69.0,59.0,70.0,65.0,60.0,79.0,85.0,80.0,59.0,48.0,55.0,56.0,80.0,70.0,54.0,70.0,90.0,66.0,49.0,55.0,73.0,65.0,81.0,82.0,80.0,80.0,40.0,59.0,54.0,44.0,27.0,81.0,72.0,2022,68.5
Jalen Smith,Indiana Pacers,76.0,94.0,79.0,76.0,72.0,68.0,55.0,60.0,85.0,80.0,68.0,66.0,67.0,47.0,80.0,70.0,48.0,35.0,78.0,73.0,44.0,55.0,69.0,65.0,86.0,82.0,75.0,80.0,29.0,38.0,49.0,40.0,28.0,80.0,85.0,2022,65.0
Oshae Brissett,Indiana Pacers,75.0,60.0,67.0,78.0,76.0,95.0,80.0,75.0,70.0,75.0,64.0,62.0,59.0,54.0,81.0,57.0,40.0,42.0,56.0,57.0,50.0,35.0,63.0,75.0,79.0,85.0,80.0,83.0,47.0,59.0,52.0,54.0,32.0,62.0,70.0,2022,59.5
T.J. McConnell,Indiana Pacers,75.0,94.0,79.0,72.0,66.0,80.0,70.0,77.0,25.0,25.0,44.0,58.0,38.0,40.0,79.0,49.0,82.0,66.0,52.0,70.0,87.0,80.0,76.0,44.0,65.0,85.0,92.0,83.0,88.0,79.0,73.0,86.0,74.0,41.0,55.0,2022,80.0
Goga Bitadze,Indiana Pacers,75.0,82.0,62.0,71.0,64.0,80.0,70.0,60.0,75.0,65.0,72.0,67.0,74.0,40.0,85.0,64.0,25.0,42.0,85.0,80.0,40.0,55.0,53.0,78.0,63.0,80.0,75.0,80.0,54.0,60.0,52.0,69.0,42.0,79.0,64.0,2022,42.0
Daniel Theis,Indiana Pacers,75.0,86.0,80.0,73.0,75.0,65.0,30.0,70.0,79.0,78.0,74.0,54.0,73.0,35.0,85.0,84.0,53.0,37.0,68.0,83.0,57.0,80.0,57.0,82.0,75.0,90.0,87.0,65.0,69.0,49.0,42.0,54.0,32.0,57.0,72.0,2022,60.5
Terry Taylor,Indiana Pacers,74.0,89.0,70.0,74.0,77.0,85.0,75.0,70.0,40.0,45.0,54.0,52.0,58.0,40.0,69.0,54.0,66.0,37.0,50.0,65.0,40.0,45.0,77.0,69.0,80.0,85.0,65.0,83.0,60.0,66.0,70.0,62.0,36.0,90.0,55.0,2022,75.5
Bennedict Mathurin,Indiana Pacers,73.0,73.0,77.0,81.0,77.0,70.0,60.0,74.0,35.0,80.0,55.0,58.0,55.0,52.0,80.0,42.0,69.0,54.0,33.0,65.0,62.0,50.0,84.0,54.0,82.0,92.0,85.0,80.0,75.0,75.0,81.0,82.0,38.0,51.0,62.0,2022,81.0
Aaron Nesmith,Indiana Pacers,71.0,78.0,70.0,67.0,70.0,90.0,75.0,69.0,35.0,55.0,41.0,53.0,39.0,54.0,76.0,35.0,65.0,49.0,45.0,72.0,52.0,35.0,61.0,52.0,67.0,87.0,65.0,81.0,69.0,70.0,60.0,65.0,30.0,39.0,60.0,2022,64.0
Andrew Nembhard,Indiana Pacers,70.0,73.0,73.0,74.0,79.0,59.0,50.0,72.0,39.0,60.0,44.0,52.0,47.0,44.0,75.0,42.0,54.0,50.0,36.0,51.0,52.0,50.0,76.0,46.0,71.0,85.0,69.0,80.0,77.0,75.0,74.0,75.0,74.0,39.0,44.0,2022,73.0
Kawhi Leonard,Los Angeles Clippers,94.0,98.0,93.0,83.0,88.0,96.0,98.0,90.0,55.0,85.0,65.0,88.0,89.0,90.0,98.0,79.0,97.0,85.0,51.0,97.0,97.0,98.0,84.0,79.0,79.0,94.0,85.0,82.0,79.0,86.0,83.0,78.0,72.0,42.0,68.0,2022,90.5
Paul George,Los Angeles Clippers,88.0,80.0,85.0,83.0,88.0,75.0,95.0,89.0,55.0,85.0,40.0,70.0,75.0,55.0,80.0,79.0,92.0,90.0,50.0,88.0,80.0,85.0,79.0,70.0,88.0,95.0,75.0,93.0,78.0,87.0,79.0,75.0,74.0,31.0,73.0,2022,85.0
Norman Powell,Los Angeles Clippers,80.0,82.0,87.0,84.0,82.0,95.0,90.0,84.0,25.0,80.0,30.0,32.0,28.0,78.0,88.0,50.0,79.0,42.0,53.0,77.0,74.0,75.0,79.0,46.0,80.0,92.0,90.0,82.0,74.0,79.0,77.0,75.0,42.0,32.0,49.0,2022,80.5
John Wall,Los Angeles Clippers,78.0,78.0,69.0,75.0,75.0,50.0,60.0,85.0,25.0,80.0,35.0,57.0,42.0,60.0,90.0,38.0,85.0,77.0,61.0,82.0,92.0,80.0,84.0,60.0,84.0,95.0,95.0,82.0,79.0,87.0,83.0,80.0,77.0,31.0,49.0,2022,81.0
Ivica Zubac,Los Angeles Clippers,77.0,93.0,74.0,26.0,76.0,70.0,55.0,76.0,80.0,75.0,81.0,54.0,84.0,75.0,82.0,77.0,34.0,37.0,74.0,75.0,40.0,45.0,26.0,75.0,75.0,80.0,90.0,80.0,70.0,35.0,26.0,47.0,39.0,84.0,84.0,2022,35.0
Reggie Jackson,Los Angeles Clippers,77.0,83.0,70.0,75.0,81.0,75.0,70.0,79.0,25.0,65.0,25.0,48.0,28.0,80.0,88.0,49.0,74.0,40.0,37.0,70.0,74.0,70.0,84.0,48.0,85.0,95.0,85.0,84.0,82.0,86.0,84.0,75.0,72.0,34.0,50.0,2022,79.0
Marcus Morris Sr.,Los Angeles Clippers,77.0,91.0,88.0,80.0,81.0,70.0,60.0,70.0,55.0,70.0,68.0,67.0,81.0,64.0,84.0,64.0,68.0,36.0,50.0,70.0,61.0,60.0,73.0,75.0,69.0,94.0,80.0,86.0,60.0,60.0,49.0,44.0,43.0,34.0,61.0,2022,61.0
Robert Covington,Los Angeles Clippers,76.0,72.0,69.0,81.0,83.0,45.0,30.0,65.0,55.0,65.0,59.0,58.0,59.0,30.0,70.0,79.0,83.0,80.0,82.0,85.0,83.0,80.0,68.0,62.0,70.0,85.0,75.0,82.0,60.0,65.0,65.0,60.0,33.0,41.0,72.0,2022,76.0
Luke Kennard,Los Angeles Clippers,76.0,89.0,74.0,88.0,90.0,95.0,85.0,75.0,30.0,60.0,28.0,50.0,35.0,69.0,95.0,35.0,51.0,38.0,32.0,50.0,50.0,45.0,69.0,40.0,60.0,92.0,85.0,80.0,76.0,78.0,66.0,79.0,42.0,30.0,52.0,2022,66.5
Nicolas Batum,Los Angeles Clippers,76.0,88.0,77.0,84.0,79.0,60.0,65.0,74.0,55.0,60.0,40.0,63.0,62.0,35.0,80.0,66.0,73.0,56.0,63.0,68.0,50.0,60.0,68.0,65.0,82.0,88.0,80.0,83.0,70.0,71.0,68.0,73.0,39.0,36.0,65.0,2022,69.5
Amir Coffey,Los Angeles Clippers,75.0,88.0,69.0,81.0,88.0,70.0,85.0,84.0,25.0,40.0,38.0,53.0,54.0,69.0,81.0,47.0,64.0,40.0,45.0,68.0,64.0,50.0,75.0,52.0,75.0,80.0,70.0,79.0,72.0,75.0,75.0,74.0,43.0,34.0,52.0,2022,72.0
Terance Mann,Los Angeles Clippers,75.0,88.0,71.0,80.0,80.0,95.0,85.0,70.0,45.0,75.0,47.0,50.0,50.0,69.0,75.0,54.0,66.0,40.0,45.0,62.0,59.0,50.0,71.0,50.0,79.0,85.0,90.0,80.0,79.0,77.0,70.0,83.0,50.0,49.0,62.0,2022,71.5
Moses Brown,Los Angeles Clippers,73.0,68.0,46.0,26.0,69.0,80.0,50.0,76.0,75.0,60.0,52.0,42.0,64.0,55.0,75.0,72.0,52.0,37.0,81.0,72.0,58.0,45.0,42.0,74.0,75.0,75.0,60.0,80.0,44.0,44.0,35.0,58.0,25.0,83.0,85.0,2022,47.0
Brandon Boston Jr.,Los Angeles Clippers,72.0,37.0,74.0,73.0,84.0,85.0,80.0,79.0,30.0,80.0,30.0,30.0,30.0,44.0,78.0,49.0,62.0,49.0,55.0,52.0,50.0,30.0,79.0,50.0,80.0,80.0,75.0,83.0,64.0,76.0,75.0,66.0,40.0,36.0,57.0,2022,75.5
Jason Preston,Los Angeles Clippers,70.0,70.0,70.0,75.0,62.0,60.0,60.0,70.0,40.0,45.0,58.0,57.0,57.0,33.0,80.0,40.0,64.0,60.0,37.0,65.0,68.0,55.0,82.0,52.0,75.0,85.0,85.0,80.0,84.0,75.0,80.0,84.0,71.0,41.0,67.0,2022,77.5
Moussa Diabate,Los Angeles Clippers,69.0,65.0,68.0,67.0,61.0,50.0,40.0,67.0,65.0,80.0,50.0,50.0,51.0,35.0,68.0,65.0,41.0,44.0,75.0,65.0,50.0,55.0,73.0,60.0,78.0,80.0,75.0,80.0,42.0,40.0,66.0,52.0,33.0,56.0,64.0,2022,64.5
Xavier Moon,Los Angeles Clippers,67.0,70.0,70.0,78.0,89.0,55.0,50.0,74.0,25.0,40.0,27.0,34.0,32.0,47.0,69.0,30.0,50.0,76.0,40.0,44.0,37.0,30.0,73.0,44.0,70.0,85.0,75.0,80.0,66.0,73.0,70.0,65.0,73.0,30.0,47.0,2022,68.5
Jay Scrubb,Los Angeles Clippers,67.0,60.0,68.0,70.0,75.0,50.0,50.0,71.0,45.0,80.0,40.0,44.0,51.0,37.0,78.0,44.0,60.0,46.0,45.0,57.0,64.0,40.0,74.0,55.0,82.0,80.0,70.0,79.0,57.0,70.0,69.0,52.0,39.0,34.0,54.0,2022,74.0
LeBron James,Los Angeles Lakers,96.0,91.0,81.0,79.0,77.0,98.0,98.0,97.0,75.0,90.0,79.0,90.0,87.0,95.0,98.0,82.0,89.0,69.0,70.0,90.0,97.0,70.0,87.0,89.0,89.0,99.0,90.0,97.0,90.0,87.0,85.0,94.0,84.0,67.0,77.0,2022,87.5
Anthony Davis,Los Angeles Lakers,90.0,89.0,74.0,70.0,72.0,80.0,90.0,85.0,90.0,88.0,83.0,86.0,86.0,70.0,95.0,94.0,80.0,49.0,87.0,97.0,82.0,95.0,79.0,92.0,86.0,97.0,98.0,78.0,60.0,75.0,67.0,72.0,58.0,65.0,81.0,2022,78.0
Patrick Beverley,Los Angeles Lakers,78.0,85.0,44.0,77.0,73.0,70.0,50.0,78.0,25.0,45.0,30.0,35.0,30.0,38.0,85.0,70.0,90.0,66.0,73.0,86.0,63.0,95.0,76.0,60.0,91.0,90.0,76.0,78.0,75.0,78.0,75.0,77.0,72.0,47.0,58.0,2022,82.5
Russell Westbrook,Los Angeles Lakers,78.0,79.0,74.0,72.0,65.0,25.0,40.0,74.0,30.0,80.0,45.0,66.0,66.0,50.0,85.0,42.0,74.0,41.0,42.0,70.0,55.0,70.0,96.0,75.0,92.0,92.0,85.0,92.0,75.0,86.0,95.0,75.0,76.0,47.0,72.0,2022,88.5
Thomas Bryant,Los Angeles Lakers,76.0,92.0,74.0,70.0,67.0,98.0,95.0,72.0,75.0,65.0,79.0,72.0,82.0,68.0,78.0,63.0,40.0,33.0,80.0,79.0,50.0,50.0,62.0,80.0,52.0,88.0,95.0,82.0,40.0,53.0,53.0,42.0,34.0,58.0,77.0,2022,57.0
Lonnie Walker IV,Los Angeles Lakers,75.0,87.0,73.0,74.0,83.0,75.0,70.0,82.0,40.0,75.0,48.0,53.0,48.0,67.0,75.0,55.0,74.0,40.0,50.0,62.0,65.0,35.0,91.0,64.0,83.0,85.0,65.0,82.0,70.0,78.0,77.0,67.0,51.0,31.0,51.0,2022,84.5
Austin Reaves,Los Angeles Lakers,74.0,89.0,76.0,74.0,86.0,85.0,80.0,70.0,25.0,70.0,31.0,32.0,32.0,54.0,85.0,35.0,73.0,37.0,52.0,73.0,70.0,65.0,83.0,44.0,81.0,85.0,80.0,80.0,70.0,73.0,78.0,74.0,40.0,41.0,52.0,2022,78.0
Kendrick Nunn,Los Angeles Lakers,74.0,84.0,88.0,81.0,92.0,95.0,80.0,89.0,25.0,75.0,42.0,47.0,40.0,37.0,75.0,35.0,62.0,46.0,47.0,57.0,57.0,45.0,75.0,55.0,76.0,95.0,70.0,82.0,70.0,82.0,69.0,72.0,57.0,32.0,52.0,2022,72.0
Damian Jones,Los Angeles Lakers,73.0,88.0,83.0,67.0,76.0,50.0,40.0,70.0,85.0,75.0,52.0,40.0,60.0,40.0,84.0,76.0,40.0,40.0,80.0,80.0,40.0,65.0,63.0,80.0,92.0,80.0,80.0,78.0,34.0,35.0,38.0,48.0,40.0,64.0,71.0,2022,48.5
Troy Brown Jr.,Los Angeles Lakers,72.0,77.0,69.0,79.0,71.0,75.0,60.0,70.0,30.0,70.0,54.0,59.0,54.0,65.0,80.0,48.0,72.0,49.0,35.0,72.0,71.0,55.0,70.0,58.0,69.0,85.0,80.0,81.0,75.0,77.0,61.0,75.0,35.0,46.0,68.0,2022,74.5
Juan Toscano-Anderson,Los Angeles Lakers,72.0,87.0,65.0,75.0,65.0,95.0,70.0,68.0,40.0,88.0,30.0,44.0,58.0,50.0,69.0,67.0,67.0,73.0,56.0,68.0,60.0,60.0,68.0,62.0,70.0,85.0,95.0,83.0,69.0,68.0,64.0,62.0,66.0,41.0,65.0,2022,69.0
Wenyen Gabriel,Los Angeles Lakers,71.0,63.0,62.0,70.0,63.0,50.0,45.0,70.0,75.0,75.0,52.0,38.0,46.0,44.0,70.0,69.0,59.0,33.0,67.0,70.0,54.0,55.0,66.0,69.0,75.0,80.0,85.0,81.0,55.0,60.0,58.0,59.0,31.0,79.0,68.0,2022,63.0
Max Christie,Los Angeles Lakers,70.0,70.0,76.0,75.0,82.0,60.0,45.0,70.0,35.0,80.0,39.0,42.0,42.0,41.0,90.0,44.0,63.0,65.0,37.0,60.0,57.0,50.0,87.0,55.0,82.0,98.0,80.0,80.0,68.0,70.0,78.0,66.0,37.0,44.0,45.0,2022,78.5
Scotty Pippen Jr.,Los Angeles Lakers,68.0,73.0,74.0,73.0,75.0,70.0,50.0,73.0,25.0,65.0,25.0,36.0,31.0,62.0,72.0,31.0,62.0,41.0,55.0,54.0,55.0,50.0,82.0,39.0,79.0,82.0,75.0,80.0,70.0,76.0,82.0,70.0,66.0,36.0,61.0,2022,76.0
Cole Swider,Los Angeles Lakers,67.0,70.0,72.0,79.0,80.0,50.0,40.0,65.0,55.0,60.0,52.0,55.0,55.0,40.0,70.0,75.0,42.0,37.0,35.0,75.0,50.0,55.0,52.0,54.0,63.0,85.0,65.0,80.0,55.0,42.0,47.0,59.0,38.0,44.0,51.0,2022,51.0
Jay Huff,Los Angeles Lakers,67.0,77.0,72.0,77.0,77.0,50.0,40.0,64.0,65.0,60.0,62.0,62.0,62.0,38.0,80.0,62.0,32.0,32.0,69.0,62.0,54.0,50.0,48.0,62.0,62.0,80.0,85.0,77.0,50.0,43.0,33.0,60.0,38.0,64.0,68.0,2022,40.5
Ja Morant,Memphis Grizzlies,93.0,96.0,84.0,79.0,84.0,98.0,98.0,96.0,25.0,97.0,52.0,52.0,52.0,97.0,98.0,49.0,79.0,69.0,59.0,79.0,78.0,70.0,94.0,52.0,97.0,97.0,95.0,80.0,95.0,95.0,94.0,96.0,92.0,56.0,61.0,2022,88.5
Jaren Jackson Jr.,Memphis Grizzlies,83.0,77.0,89.0,74.0,83.0,85.0,90.0,82.0,85.0,80.0,79.0,79.0,79.0,52.0,80.0,85.0,71.0,46.0,95.0,88.0,71.0,85.0,63.0,72.0,75.0,90.0,80.0,94.0,45.0,60.0,33.0,50.0,31.0,53.0,67.0,2022,70.5
Desmond Bane,Memphis Grizzlies,83.0,81.0,82.0,88.0,91.0,98.0,98.0,86.0,35.0,75.0,30.0,61.0,49.0,87.0,84.0,34.0,73.0,56.0,51.0,72.0,69.0,70.0,74.0,56.0,78.0,92.0,85.0,78.0,82.0,82.0,70.0,82.0,52.0,35.0,60.0,2022,74.0
Steven Adams,Memphis Grizzlies,82.0,77.0,65.0,26.0,57.0,60.0,50.0,74.0,80.0,75.0,79.0,62.0,82.0,54.0,79.0,82.0,55.0,46.0,67.0,85.0,78.0,80.0,48.0,81.0,68.0,88.0,90.0,82.0,69.0,35.0,33.0,68.0,62.0,94.0,81.0,2022,50.0
Dillon Brooks,Memphis Grizzlies,80.0,74.0,79.0,73.0,90.0,80.0,90.0,79.0,35.0,75.0,55.0,59.0,64.0,78.0,85.0,57.0,85.0,56.0,45.0,85.0,84.0,80.0,75.0,65.0,75.0,88.0,95.0,85.0,59.0,74.0,69.0,58.0,61.0,41.0,47.0,2022,80.5
Tyus Jones,Memphis Grizzlies,77.0,89.0,83.0,83.0,88.0,97.0,95.0,82.0,25.0,30.0,28.0,40.0,35.0,74.0,78.0,30.0,67.0,59.0,27.0,60.0,80.0,50.0,71.0,34.0,57.0,92.0,87.0,84.0,84.0,82.0,69.0,82.0,74.0,30.0,52.0,2022,70.5
Brandon Clarke,Memphis Grizzlies,76.0,92.0,72.0,57.0,65.0,60.0,30.0,65.0,80.0,84.0,63.0,62.0,62.0,44.0,80.0,78.0,75.0,43.0,84.0,78.0,72.0,75.0,82.0,64.0,82.0,90.0,95.0,80.0,59.0,69.0,65.0,62.0,40.0,75.0,69.0,2022,80.5
John Konchar,Memphis Grizzlies,75.0,87.0,76.0,85.0,77.0,95.0,85.0,75.0,30.0,45.0,28.0,34.0,42.0,55.0,85.0,44.0,62.0,49.0,55.0,50.0,60.0,45.0,62.0,40.0,70.0,90.0,90.0,84.0,74.0,75.0,60.0,76.0,41.0,59.0,76.0,2022,66.0
Xavier Tillman,Memphis Grizzlies,75.0,89.0,63.0,57.0,60.0,80.0,80.0,76.0,75.0,65.0,67.0,66.0,66.0,46.0,95.0,78.0,66.0,89.0,58.0,80.0,84.0,75.0,46.0,72.0,69.0,82.0,94.0,80.0,62.0,61.0,37.0,68.0,43.0,68.0,62.0,2022,55.5
Ziaire Williams,Memphis Grizzlies,74.0,86.0,83.0,74.0,71.0,70.0,45.0,82.0,65.0,80.0,48.0,44.0,58.0,55.0,75.0,60.0,73.0,40.0,45.0,70.0,71.0,65.0,87.0,40.0,82.0,90.0,88.0,80.0,50.0,79.0,82.0,54.0,32.0,35.0,45.0,2022,82.0
Danny Green,Memphis Grizzlies,73.0,80.0,80.0,82.0,77.0,60.0,35.0,60.0,40.0,45.0,30.0,54.0,35.0,30.0,75.0,66.0,85.0,66.0,65.0,83.0,60.0,80.0,59.0,60.0,69.0,75.0,75.0,82.0,72.0,70.0,59.0,70.0,32.0,38.0,50.0,2022,72.0
David Roddy,Memphis Grizzlies,72.0,89.0,70.0,76.0,71.0,50.0,60.0,77.0,50.0,60.0,62.0,62.0,62.0,59.0,81.0,64.0,65.0,60.0,60.0,69.0,62.0,55.0,75.0,73.0,66.0,88.0,85.0,80.0,62.0,66.0,54.0,60.0,42.0,58.0,66.0,2022,72.0
Jake LaRavia,Memphis Grizzlies,71.0,72.0,72.0,80.0,78.0,60.0,50.0,69.0,60.0,75.0,45.0,47.0,46.0,61.0,70.0,69.0,43.0,64.0,45.0,66.0,58.0,40.0,59.0,62.0,72.0,88.0,85.0,80.0,69.0,68.0,57.0,68.0,62.0,52.0,62.0,2022,64.0
Santi Aldama,Memphis Grizzlies,70.0,73.0,74.0,60.0,69.0,60.0,65.0,66.0,70.0,60.0,69.0,69.0,69.0,45.0,64.0,65.0,54.0,35.0,65.0,63.0,59.0,45.0,44.0,70.0,59.0,80.0,80.0,79.0,60.0,42.0,40.0,50.0,34.0,68.0,66.0,2022,49.0
Kennedy Chandler,Memphis Grizzlies,70.0,70.0,71.0,73.0,61.0,50.0,40.0,74.0,26.0,65.0,38.0,54.0,31.0,45.0,81.0,27.0,68.0,69.0,26.0,68.0,70.0,65.0,85.0,28.0,82.0,90.0,75.0,80.0,78.0,86.0,85.0,75.0,75.0,29.0,27.0,2022,80.0
Vince Williams Jr.,Memphis Grizzlies,69.0,68.0,71.0,78.0,78.0,60.0,40.0,69.0,35.0,70.0,41.0,53.0,39.0,44.0,76.0,35.0,64.0,68.0,35.0,55.0,68.0,45.0,68.0,52.0,70.0,87.0,65.0,80.0,69.0,70.0,60.0,65.0,31.0,48.0,58.0,2022,69.5
Kenneth Lofton Jr.,Memphis Grizzlies,69.0,73.0,67.0,47.0,67.0,60.0,50.0,74.0,55.0,75.0,70.0,68.0,70.0,50.0,80.0,57.0,38.0,62.0,47.0,57.0,52.0,50.0,64.0,82.0,70.0,85.0,90.0,80.0,60.0,62.0,58.0,64.0,46.0,62.0,60.0,2022,60.5
Killian Tillie,Memphis Grizzlies,69.0,62.0,72.0,74.0,78.0,70.0,70.0,57.0,75.0,60.0,69.0,68.0,69.0,50.0,80.0,49.0,32.0,73.0,68.0,50.0,54.0,30.0,50.0,60.0,71.0,80.0,75.0,80.0,50.0,60.0,33.0,60.0,31.0,48.0,47.0,2022,42.0
Dakota Mathias,Memphis Grizzlies,67.0,71.0,80.0,72.0,83.0,70.0,65.0,78.0,25.0,45.0,33.0,43.0,48.0,44.0,84.0,45.0,60.0,35.0,61.0,62.0,63.0,35.0,67.0,52.0,60.0,84.0,69.0,80.0,70.0,74.0,65.0,70.0,59.0,37.0,37.0,2022,67.5
Jimmy Butler,Miami Heat,93.0,88.0,84.0,71.0,85.0,98.0,98.0,92.0,40.0,80.0,82.0,82.0,84.0,95.0,98.0,75.0,90.0,84.0,55.0,92.0,96.0,95.0,84.0,76.0,78.0,97.0,95.0,81.0,84.0,86.0,82.0,88.0,73.0,55.0,60.0,2022,87.5
Bam Adebayo,Miami Heat,87.0,88.0,73.0,69.0,76.0,60.0,80.0,81.0,85.0,80.0,80.0,80.0,82.0,84.0,90.0,92.0,79.0,66.0,66.0,92.0,80.0,90.0,74.0,85.0,83.0,92.0,90.0,90.0,72.0,69.0,66.0,74.0,65.0,70.0,87.0,2022,73.5
Tyler Herro,Miami Heat,84.0,84.0,83.0,83.0,88.0,98.0,98.0,89.0,30.0,60.0,37.0,55.0,48.0,84.0,95.0,46.0,69.0,37.0,35.0,65.0,60.0,50.0,79.0,59.0,72.0,85.0,75.0,80.0,79.0,83.0,74.0,84.0,70.0,33.0,64.0,2022,74.0
Kyle Lowry,Miami Heat,82.0,88.0,81.0,81.0,88.0,98.0,60.0,80.0,25.0,25.0,38.0,44.0,40.0,50.0,95.0,68.0,86.0,46.0,45.0,86.0,84.0,85.0,84.0,67.0,72.0,96.0,97.0,79.0,80.0,86.0,84.0,80.0,77.0,34.0,58.0,2022,85.0
Victor Oladipo,Miami Heat,78.0,77.0,72.0,81.0,75.0,75.0,65.0,75.0,35.0,85.0,41.0,53.0,40.0,50.0,84.0,58.0,84.0,42.0,40.0,82.0,78.0,80.0,81.0,66.0,88.0,85.0,85.0,83.0,75.0,82.0,80.0,80.0,73.0,35.0,57.0,2022,82.5
Caleb Martin,Miami Heat,76.0,56.0,82.0,84.0,73.0,95.0,85.0,86.0,25.0,70.0,55.0,54.0,54.0,70.0,75.0,68.0,75.0,63.0,62.0,74.0,72.0,70.0,55.0,58.0,74.0,85.0,90.0,80.0,62.0,69.0,54.0,69.0,33.0,54.0,58.0,2022,64.5
Max Strus,Miami Heat,76.0,77.0,76.0,85.0,76.0,95.0,85.0,68.0,35.0,65.0,42.0,54.0,48.0,54.0,70.0,45.0,57.0,36.0,51.0,50.0,50.0,35.0,76.0,40.0,74.0,88.0,75.0,85.0,67.0,69.0,74.0,69.0,37.0,33.0,56.0,2022,70.5
Omer Yurtseven,Miami Heat,75.0,88.0,69.0,70.0,68.0,70.0,75.0,65.0,70.0,65.0,66.0,64.0,65.0,47.0,82.0,62.0,49.0,40.0,70.0,62.0,58.0,40.0,53.0,70.0,70.0,85.0,80.0,83.0,50.0,60.0,37.0,52.0,42.0,89.0,90.0,2022,50.5
Gabe Vincent,Miami Heat,75.0,89.0,84.0,80.0,87.0,75.0,90.0,76.0,25.0,45.0,26.0,32.0,26.0,59.0,80.0,37.0,60.0,59.0,45.0,60.0,57.0,45.0,73.0,40.0,66.0,85.0,69.0,82.0,74.0,76.0,70.0,74.0,68.0,33.0,43.0,2022,69.0
Dewayne Dedmon,Miami Heat,75.0,89.0,55.0,79.0,79.0,85.0,60.0,67.0,60.0,60.0,55.0,46.0,59.0,61.0,59.0,79.0,48.0,38.0,81.0,78.0,58.0,75.0,44.0,80.0,66.0,77.0,75.0,80.0,25.0,44.0,31.0,52.0,32.0,77.0,91.0,2022,49.0
Duncan Robinson,Miami Heat,74.0,81.0,81.0,84.0,71.0,75.0,65.0,75.0,30.0,70.0,40.0,44.0,35.0,64.0,90.0,50.0,52.0,37.0,42.0,50.0,50.0,30.0,59.0,35.0,72.0,85.0,75.0,83.0,66.0,72.0,56.0,70.0,38.0,32.0,49.0,2022,62.0
Nikola Jovic,Miami Heat,71.0,70.0,70.0,70.0,72.0,70.0,50.0,76.0,30.0,60.0,55.0,60.0,44.0,47.0,80.0,59.0,62.0,35.0,35.0,60.0,57.0,40.0,68.0,44.0,72.0,85.0,70.0,80.0,69.0,70.0,67.0,68.0,69.0,44.0,52.0,2022,66.5
Udonis Haslem,Miami Heat,70.0,82.0,66.0,47.0,75.0,64.0,35.0,52.0,55.0,61.0,62.0,68.0,60.0,56.0,64.0,74.0,55.0,64.0,40.0,70.0,66.0,60.0,54.0,73.0,60.0,78.0,90.0,76.0,29.0,35.0,31.0,64.0,29.0,57.0,80.0,2022,40.5
Haywood Highsmith,Miami Heat,68.0,70.0,70.0,75.0,73.0,75.0,55.0,68.0,35.0,50.0,42.0,44.0,41.0,44.0,80.0,41.0,60.0,32.0,58.0,55.0,65.0,35.0,70.0,50.0,79.0,80.0,65.0,86.0,55.0,70.0,64.0,55.0,30.0,60.0,52.0,2022,70.0
Marcus Garrett,Miami Heat,68.0,66.0,70.0,72.0,77.0,60.0,35.0,75.0,25.0,65.0,32.0,34.0,30.0,40.0,80.0,34.0,75.0,59.0,65.0,70.0,69.0,60.0,78.0,60.0,75.0,85.0,76.0,80.0,75.0,79.0,78.0,70.0,33.0,64.0,55.0,2022,79.0
Darius Days,Miami Heat,67.0,65.0,69.0,73.0,71.0,65.0,40.0,70.0,50.0,70.0,41.0,37.0,41.0,40.0,70.0,64.0,65.0,42.0,47.0,50.0,50.0,50.0,70.0,66.0,78.0,85.0,80.0,80.0,49.0,50.0,60.0,52.0,35.0,49.0,60.0,2022,69.0
Giannis Antetokounmpo,Milwaukee Bucks,97.0,81.0,80.0,71.0,68.0,98.0,98.0,98.0,85.0,91.0,79.0,74.0,87.0,97.0,95.0,91.0,95.0,46.0,80.0,96.0,88.0,95.0,90.0,94.0,85.0,98.0,95.0,91.0,84.0,87.0,80.0,95.0,76.0,57.0,92.0,2022,91.0
Jrue Holiday,Milwaukee Bucks,86.0,91.0,88.0,85.0,71.0,98.0,85.0,82.0,25.0,65.0,30.0,72.0,40.0,55.0,98.0,44.0,95.0,73.0,52.0,89.0,93.0,95.0,79.0,49.0,68.0,90.0,92.0,80.0,75.0,86.0,79.0,76.0,76.0,41.0,52.0,2022,87.5
Khris Middleton,Milwaukee Bucks,86.0,86.0,85.0,81.0,88.0,98.0,80.0,84.0,40.0,65.0,67.0,80.0,83.0,65.0,85.0,72.0,85.0,49.0,45.0,83.0,80.0,85.0,71.0,73.0,66.0,92.0,80.0,90.0,78.0,77.0,71.0,78.0,72.0,35.0,64.0,2022,78.5
Brook Lopez,Milwaukee Bucks,80.0,94.0,83.0,79.0,85.0,70.0,50.0,70.0,80.0,65.0,80.0,78.0,80.0,50.0,80.0,87.0,45.0,41.0,83.0,88.0,69.0,90.0,25.0,86.0,60.0,92.0,80.0,79.0,35.0,35.0,25.0,78.0,28.0,59.0,54.0,2022,42.5
Bobby Portis,Milwaukee Bucks,80.0,93.0,85.0,83.0,79.0,92.0,80.0,74.0,75.0,70.0,80.0,80.0,82.0,74.0,85.0,78.0,40.0,41.0,63.0,75.0,65.0,65.0,65.0,80.0,64.0,85.0,90.0,84.0,55.0,52.0,59.0,52.0,32.0,68.0,85.0,2022,57.0
Pat Connaughton,Milwaukee Bucks,78.0,92.0,69.0,83.0,77.0,98.0,85.0,92.0,30.0,86.0,35.0,34.0,30.0,76.0,90.0,35.0,69.0,49.0,47.0,50.0,54.0,50.0,77.0,45.0,95.0,80.0,90.0,83.0,69.0,78.0,65.0,78.0,32.0,39.0,61.0,2022,76.0
Joe Ingles,Milwaukee Bucks,76.0,94.0,75.0,78.0,84.0,75.0,45.0,80.0,40.0,45.0,50.0,55.0,48.0,33.0,70.0,58.0,80.0,37.0,35.0,78.0,78.0,75.0,66.0,64.0,60.0,92.0,70.0,80.0,75.0,70.0,60.0,75.0,68.0,31.0,52.0,2022,75.0
Serge Ibaka,Milwaukee Bucks,75.0,93.0,72.0,81.0,82.0,50.0,40.0,66.0,75.0,75.0,80.0,73.0,76.0,35.0,80.0,80.0,56.0,32.0,72.0,80.0,71.0,75.0,49.0,79.0,83.0,88.0,70.0,94.0,29.0,35.0,33.0,72.0,36.0,63.0,81.0,2022,54.5
Grayson Allen,Milwaukee Bucks,75.0,79.0,70.0,84.0,85.0,95.0,85.0,78.0,25.0,70.0,31.0,43.0,42.0,62.0,78.0,35.0,72.0,40.0,50.0,70.0,74.0,45.0,84.0,44.0,81.0,85.0,80.0,82.0,70.0,73.0,79.0,74.0,34.0,34.0,52.0,2022,76.0
George Hill,Milwaukee Bucks,73.0,58.0,78.0,73.0,93.0,70.0,60.0,79.0,25.0,45.0,33.0,61.0,38.0,42.0,90.0,48.0,75.0,46.0,37.0,73.0,70.0,70.0,76.0,52.0,88.0,92.0,74.0,79.0,78.0,86.0,76.0,77.0,47.0,41.0,49.0,2022,77.0
Wesley Matthews,Milwaukee Bucks,72.0,77.0,68.0,77.0,86.0,70.0,30.0,78.0,45.0,50.0,63.0,65.0,65.0,45.0,85.0,38.0,78.0,38.0,45.0,75.0,79.0,70.0,70.0,55.0,70.0,85.0,80.0,84.0,72.0,75.0,68.0,77.0,29.0,41.0,41.0,2022,77.0
Thanasis Antetokounmpo,Milwaukee Bucks,72.0,71.0,66.0,66.0,66.0,85.0,65.0,80.0,40.0,85.0,53.0,50.0,60.0,69.0,64.0,42.0,59.0,46.0,63.0,54.0,50.0,40.0,77.0,42.0,82.0,80.0,90.0,87.0,54.0,69.0,69.0,75.0,32.0,67.0,59.0,2022,67.5
Jevon Carter,Milwaukee Bucks,72.0,64.0,81.0,82.0,81.0,77.0,65.0,75.0,25.0,35.0,32.0,34.0,30.0,40.0,80.0,34.0,79.0,41.0,53.0,72.0,75.0,70.0,76.0,60.0,71.0,85.0,76.0,81.0,75.0,79.0,76.0,70.0,54.0,33.0,52.0,2022,80.5
Sandro Mamukelashvili,Milwaukee Bucks,71.0,65.0,69.0,82.0,71.0,60.0,45.0,69.0,65.0,65.0,62.0,60.0,63.0,54.0,85.0,65.0,50.0,38.0,61.0,68.0,52.0,45.0,59.0,73.0,69.0,85.0,85.0,80.0,62.0,59.0,49.0,69.0,34.0,68.0,55.0,2022,54.0
MarJon Beauchamp,Milwaukee Bucks,71.0,72.0,77.0,72.0,78.0,50.0,50.0,75.0,40.0,70.0,29.0,42.0,44.0,40.0,74.0,54.0,69.0,70.0,64.0,65.0,69.0,45.0,76.0,52.0,82.0,89.0,70.0,80.0,65.0,70.0,70.0,67.0,45.0,59.0,67.0,2022,75.0
Luca Vildoza,Milwaukee Bucks,71.0,60.0,80.0,80.0,84.0,82.0,50.0,68.0,25.0,40.0,25.0,38.0,26.0,50.0,75.0,45.0,69.0,60.0,40.0,60.0,72.0,50.0,80.0,50.0,66.0,90.0,85.0,80.0,80.0,78.0,80.0,80.0,72.0,37.0,42.0,2022,75.5
Lindell Wigginton,Milwaukee Bucks,69.0,67.0,68.0,78.0,69.0,70.0,65.0,79.0,30.0,60.0,25.0,40.0,25.0,50.0,75.0,27.0,68.0,40.0,37.0,68.0,67.0,50.0,75.0,44.0,72.0,84.0,71.0,84.0,69.0,75.0,74.0,70.0,61.0,33.0,53.0,2022,73.5
A.J. Green,Milwaukee Bucks,67.0,60.0,78.0,79.0,90.0,60.0,50.0,71.0,40.0,40.0,34.0,34.0,48.0,45.0,80.0,40.0,63.0,50.0,40.0,50.0,60.0,45.0,69.0,42.0,75.0,80.0,75.0,80.0,61.0,70.0,68.0,68.0,58.0,31.0,42.0,2022,67.5
Karl-Anthony Towns,Minnesota Timberwolves,89.0,98.0,74.0,86.0,82.0,80.0,98.0,85.0,90.0,75.0,86.0,84.0,86.0,85.0,98.0,69.0,50.0,42.0,72.0,79.0,60.0,55.0,76.0,87.0,70.0,98.0,95.0,82.0,60.0,65.0,66.0,79.0,66.0,65.0,84.0,2022,68.5
Rudy Gobert,Minnesota Timberwolves,88.0,92.0,60.0,25.0,68.0,95.0,75.0,75.0,95.0,75.0,70.0,58.0,70.0,80.0,85.0,97.0,64.0,37.0,87.0,97.0,74.0,95.0,48.0,87.0,57.0,90.0,95.0,81.0,68.0,35.0,25.0,58.0,30.0,84.0,98.0,2022,45.0
Anthony Edwards,Minnesota Timberwolves,86.0,79.0,84.0,79.0,76.0,98.0,98.0,93.0,50.0,95.0,60.0,62.0,62.0,88.0,98.0,50.0,74.0,59.0,57.0,74.0,70.0,65.0,89.0,52.0,86.0,89.0,90.0,83.0,74.0,84.0,83.0,79.0,65.0,37.0,56.0,2022,83.5
D’Angelo Russell,Minnesota Timberwolves,82.0,88.0,79.0,79.0,83.0,70.0,90.0,85.0,25.0,45.0,35.0,55.0,60.0,88.0,81.0,40.0,64.0,42.0,50.0,68.0,79.0,55.0,81.0,54.0,71.0,93.0,65.0,83.0,87.0,90.0,81.0,88.0,85.0,31.0,50.0,2022,78.0
Naz Reid,Minnesota Timberwolves,77.0,79.0,70.0,77.0,71.0,75.0,80.0,81.0,80.0,75.0,69.0,58.0,69.0,74.0,94.0,77.0,54.0,46.0,87.0,77.0,59.0,55.0,50.0,80.0,70.0,88.0,92.0,80.0,59.0,58.0,49.0,65.0,36.0,67.0,70.0,2022,51.5
Taurean Prince,Minnesota Timberwolves,76.0,90.0,74.0,81.0,76.0,80.0,70.0,70.0,75.0,70.0,52.0,45.0,51.0,55.0,85.0,64.0,74.0,56.0,58.0,68.0,81.0,60.0,80.0,60.0,84.0,84.0,85.0,81.0,68.0,70.0,69.0,55.0,35.0,36.0,60.0,2022,77.0
Kyle Anderson,Minnesota Timberwolves,76.0,89.0,50.0,76.0,66.0,95.0,80.0,79.0,55.0,45.0,45.0,48.0,41.0,69.0,70.0,60.0,79.0,76.0,67.0,78.0,75.0,75.0,66.0,62.0,66.0,85.0,64.0,83.0,78.0,81.0,65.0,79.0,63.0,48.0,80.0,2022,73.5
Jaden McDaniels,Minnesota Timberwolves,75.0,83.0,77.0,74.0,61.0,95.0,75.0,74.0,40.0,75.0,52.0,56.0,54.0,52.0,79.0,75.0,75.0,42.0,68.0,76.0,74.0,75.0,79.0,60.0,80.0,85.0,84.0,90.0,44.0,78.0,70.0,40.0,31.0,47.0,58.0,2022,77.0
Jaylen Nowell,Minnesota Timberwolves,75.0,89.0,78.0,83.0,84.0,89.0,85.0,84.0,25.0,65.0,27.0,40.0,38.0,69.0,78.0,29.0,60.0,41.0,50.0,55.0,58.0,40.0,81.0,39.0,79.0,85.0,80.0,80.0,64.0,75.0,77.0,68.0,70.0,36.0,53.0,2022,73.5
Jordan McLaughlin,Minnesota Timberwolves,75.0,80.0,74.0,74.0,75.0,95.0,85.0,84.0,25.0,65.0,25.0,25.0,25.0,69.0,70.0,25.0,73.0,89.0,51.0,52.0,74.0,60.0,72.0,52.0,74.0,80.0,70.0,83.0,83.0,84.0,70.0,80.0,73.0,37.0,47.0,2022,73.0
Eric Paschall,Minnesota Timberwolves,75.0,94.0,86.0,81.0,75.0,70.0,60.0,80.0,70.0,80.0,65.0,64.0,62.0,65.0,95.0,64.0,65.0,32.0,40.0,65.0,40.0,40.0,71.0,69.0,87.0,85.0,95.0,80.0,57.0,77.0,64.0,62.0,33.0,47.0,52.0,2022,66.5
Bryn Forbes,Minnesota Timberwolves,73.0,88.0,80.0,85.0,78.0,92.0,90.0,79.0,35.0,40.0,28.0,52.0,42.0,59.0,78.0,44.0,58.0,36.0,32.0,56.0,50.0,30.0,68.0,37.0,72.0,80.0,76.0,83.0,52.0,70.0,67.0,50.0,35.0,29.0,42.0,2022,68.5
Austin Rivers,Minnesota Timberwolves,73.0,89.0,65.0,77.0,71.0,70.0,45.0,80.0,25.0,65.0,31.0,43.0,42.0,60.0,70.0,35.0,79.0,49.0,35.0,78.0,60.0,75.0,77.0,44.0,82.0,93.0,80.0,82.0,75.0,86.0,77.0,77.0,35.0,32.0,42.0,2022,78.0
C.J. Elleby,Minnesota Timberwolves,72.0,58.0,70.0,71.0,76.0,98.0,75.0,69.0,40.0,50.0,35.0,51.0,45.0,59.0,85.0,48.0,67.0,43.0,56.0,62.0,60.0,50.0,69.0,58.0,72.0,81.0,68.0,81.0,50.0,62.0,64.0,60.0,41.0,55.0,65.0,2022,70.0
Luka Garza,Minnesota Timberwolves,71.0,82.0,70.0,75.0,70.0,85.0,85.0,69.0,60.0,45.0,69.0,69.0,69.0,59.0,73.0,54.0,30.0,38.0,53.0,52.0,56.0,30.0,40.0,66.0,48.0,80.0,58.0,80.0,55.0,35.0,34.0,55.0,35.0,84.0,56.0,2022,36.0
Nathan Knight,Minnesota Timberwolves,71.0,70.0,70.0,60.0,84.0,69.0,50.0,67.0,70.0,65.0,60.0,60.0,60.0,58.0,60.0,65.0,37.0,40.0,68.0,65.0,50.0,60.0,67.0,75.0,55.0,80.0,85.0,80.0,55.0,47.0,32.0,62.0,44.0,82.0,80.0,2022,54.0
Wendell Moore Jr.,Minnesota Timberwolves,71.0,66.0,70.0,76.0,81.0,70.0,45.0,71.0,50.0,80.0,52.0,52.0,52.0,52.0,72.0,66.0,72.0,70.0,39.0,70.0,72.0,60.0,70.0,58.0,83.0,85.0,90.0,80.0,57.0,67.0,68.0,54.0,44.0,37.0,49.0,2022,76.0
Josh Minott,Minnesota Timberwolves,68.0,74.0,65.0,64.0,75.0,50.0,30.0,75.0,65.0,80.0,51.0,55.0,52.0,40.0,75.0,48.0,63.0,60.0,60.0,60.0,65.0,60.0,72.0,62.0,80.0,80.0,80.0,80.0,62.0,63.0,68.0,60.0,44.0,54.0,55.0,2022,71.0
A.J. Lawson,Minnesota Timberwolves,67.0,70.0,68.0,75.0,55.0,60.0,50.0,68.0,5.0,75.0,52.0,52.0,55.0,42.0,75.0,48.0,60.0,55.0,39.0,60.0,65.0,50.0,74.0,34.0,80.0,85.0,80.0,80.0,62.0,69.0,69.0,64.0,37.0,37.0,38.0,2022,70.5
Zion Williamson,New Orleans Pelicans,87.0,92.0,70.0,70.0,70.0,65.0,85.0,98.0,95.0,97.0,84.0,75.0,89.0,82.0,70.0,59.0,55.0,41.0,57.0,64.0,70.0,40.0,86.0,90.0,99.0,83.0,80.0,60.0,65.0,78.0,74.0,72.0,69.0,67.0,78.0,2022,81.0
Brandon Ingram,New Orleans Pelicans,86.0,91.0,89.0,81.0,84.0,98.0,98.0,84.0,65.0,80.0,64.0,70.0,70.0,81.0,98.0,61.0,69.0,45.0,52.0,75.0,68.0,40.0,74.0,42.0,77.0,95.0,80.0,85.0,75.0,85.0,70.0,79.0,73.0,35.0,68.0,2022,73.0
C.J. McCollum,New Orleans Pelicans,85.0,91.0,92.0,85.0,70.0,98.0,98.0,88.0,30.0,40.0,38.0,46.0,32.0,79.0,91.0,35.0,70.0,46.0,50.0,70.0,50.0,65.0,82.0,60.0,80.0,98.0,95.0,80.0,78.0,86.0,82.0,82.0,73.0,37.0,53.0,2022,80.0
Jonas Valanciunas,New Orleans Pelicans,83.0,97.0,83.0,80.0,80.0,80.0,75.0,80.0,80.0,65.0,87.0,64.0,86.0,65.0,95.0,75.0,43.0,36.0,66.0,80.0,54.0,60.0,62.0,89.0,54.0,90.0,90.0,81.0,36.0,35.0,33.0,65.0,54.0,74.0,93.0,2022,47.0
Herbert Jones,New Orleans Pelicans,78.0,69.0,71.0,77.0,77.0,90.0,80.0,79.0,55.0,75.0,62.0,62.0,62.0,55.0,85.0,52.0,84.0,83.0,65.0,75.0,78.0,80.0,74.0,59.0,72.0,82.0,85.0,80.0,69.0,75.0,69.0,75.0,40.0,47.0,48.0,2022,79.0
Jose Alvarado,New Orleans Pelicans,76.0,87.0,72.0,73.0,82.0,75.0,75.0,79.0,25.0,30.0,35.0,30.0,30.0,54.0,85.0,31.0,82.0,98.0,45.0,85.0,85.0,75.0,76.0,42.0,78.0,80.0,79.0,80.0,75.0,73.0,75.0,68.0,73.0,41.0,50.0,2022,79.0
Larry Nance Jr.,New Orleans Pelicans,76.0,87.0,79.0,76.0,61.0,95.0,70.0,72.0,85.0,85.0,58.0,54.0,69.0,60.0,78.0,68.0,48.0,59.0,58.0,75.0,89.0,55.0,65.0,69.0,86.0,88.0,85.0,83.0,69.0,64.0,49.0,70.0,43.0,62.0,74.0,2022,60.5
Jaxson Hayes,New Orleans Pelicans,76.0,89.0,68.0,74.0,76.0,75.0,70.0,71.0,85.0,80.0,68.0,54.0,65.0,52.0,90.0,78.0,48.0,40.0,77.0,79.0,45.0,65.0,58.0,72.0,75.0,80.0,95.0,80.0,29.0,38.0,41.0,40.0,29.0,67.0,66.0,2022,62.0
Devonte’ Graham,New Orleans Pelicans,75.0,64.0,72.0,77.0,79.0,75.0,80.0,80.0,25.0,60.0,30.0,32.0,36.0,66.0,85.0,30.0,70.0,46.0,37.0,65.0,68.0,55.0,82.0,34.0,79.0,95.0,85.0,83.0,82.0,86.0,82.0,83.0,70.0,34.0,43.0,2022,79.0
Trey Murphy,New Orleans Pelicans,75.0,70.0,72.0,82.0,84.0,80.0,45.0,70.0,65.0,75.0,42.0,44.0,43.0,31.0,57.0,69.0,69.0,41.0,45.0,69.0,59.0,65.0,84.0,60.0,82.0,85.0,75.0,80.0,59.0,50.0,74.0,64.0,32.0,54.0,58.0,2022,77.0
Willy Hernangomez,New Orleans Pelicans,74.0,79.0,74.0,60.0,71.0,60.0,65.0,54.0,75.0,65.0,70.0,64.0,72.0,62.0,48.0,70.0,41.0,40.0,62.0,66.0,61.0,50.0,44.0,74.0,49.0,80.0,90.0,80.0,30.0,35.0,31.0,40.0,44.0,92.0,87.0,2022,47.0
Naji Marshall,New Orleans Pelicans,73.0,88.0,72.0,50.0,86.0,60.0,75.0,82.0,45.0,65.0,60.0,60.0,63.0,64.0,80.0,52.0,60.0,66.0,50.0,62.0,64.0,40.0,62.0,60.0,75.0,85.0,70.0,80.0,67.0,70.0,62.0,71.0,46.0,52.0,66.0,2022,63.5
Dyson Daniels,New Orleans Pelicans,73.0,70.0,72.0,69.0,74.0,75.0,55.0,75.0,25.0,75.0,44.0,55.0,47.0,44.0,85.0,47.0,74.0,72.0,56.0,70.0,72.0,70.0,79.0,52.0,75.0,89.0,85.0,80.0,82.0,86.0,79.0,82.0,82.0,60.0,51.0,2022,82.0
Kira Lewis Jr.,New Orleans Pelicans,72.0,78.0,60.0,68.0,80.0,65.0,50.0,73.0,25.0,45.0,25.0,45.0,32.0,50.0,86.0,34.0,67.0,46.0,32.0,68.0,65.0,40.0,92.0,49.0,70.0,85.0,80.0,84.0,75.0,86.0,82.0,75.0,70.0,39.0,50.0,2022,84.0
Garrett Temple,New Orleans Pelicans,70.0,82.0,55.0,74.0,79.0,70.0,40.0,70.0,25.0,30.0,37.0,55.0,46.0,40.0,85.0,46.0,78.0,56.0,60.0,77.0,74.0,70.0,57.0,44.0,69.0,85.0,79.0,82.0,75.0,75.0,57.0,74.0,37.0,39.0,54.0,2022,66.5
Dereon Seabron,New Orleans Pelicans,67.0,65.0,66.0,60.0,69.0,50.0,40.0,74.0,40.0,80.0,44.0,47.0,50.0,40.0,98.0,49.0,71.0,42.0,45.0,57.0,44.0,50.0,83.0,83.0,85.0,89.0,70.0,83.0,64.0,68.0,74.0,60.0,44.0,33.0,50.0,2022,77.5
Izaiah Brockington,New Orleans Pelicans,67.0,70.0,68.0,72.0,75.0,75.0,50.0,71.0,25.0,50.0,32.0,30.0,29.0,40.0,85.0,54.0,65.0,37.0,45.0,60.0,59.0,45.0,74.0,40.0,70.0,88.0,70.0,84.0,67.0,74.0,74.0,68.0,52.0,34.0,50.0,2022,70.0
R.J. Barrett,New York Knicks,84.0,77.0,73.0,78.0,73.0,98.0,98.0,89.0,45.0,80.0,52.0,55.0,79.0,84.0,85.0,58.0,82.0,36.0,42.0,79.0,74.0,75.0,84.0,76.0,82.0,95.0,80.0,80.0,79.0,83.0,82.0,84.0,59.0,39.0,65.0,2022,83.5
Jalen Brunson,New York Knicks,83.0,97.0,88.0,81.0,79.0,98.0,95.0,83.0,40.0,50.0,50.0,56.0,50.0,75.0,95.0,55.0,70.0,41.0,27.0,65.0,55.0,35.0,82.0,42.0,69.0,93.0,90.0,81.0,87.0,88.0,81.0,88.0,84.0,34.0,54.0,2022,80.0
Julius Randle,New York Knicks,82.0,75.0,71.0,73.0,76.0,70.0,80.0,87.0,85.0,80.0,79.0,60.0,86.0,82.0,85.0,77.0,73.0,37.0,55.0,73.0,52.0,75.0,73.0,87.0,69.0,95.0,90.0,84.0,74.0,77.0,68.0,84.0,72.0,51.0,86.0,2022,76.0
Derrick Rose,New York Knicks,81.0,91.0,70.0,83.0,92.0,90.0,90.0,86.0,25.0,45.0,55.0,55.0,55.0,65.0,85.0,50.0,67.0,49.0,58.0,66.0,64.0,40.0,86.0,50.0,89.0,85.0,95.0,69.0,83.0,86.0,86.0,88.0,73.0,42.0,49.0,2022,80.5
Mitchell Robinson,New York Knicks,81.0,72.0,68.0,32.0,64.0,98.0,80.0,79.0,90.0,80.0,65.0,52.0,50.0,58.0,80.0,83.0,49.0,46.0,92.0,87.0,65.0,80.0,48.0,70.0,83.0,85.0,95.0,80.0,70.0,40.0,25.0,54.0,28.0,93.0,73.0,2022,45.0
Immanuel Quickley,New York Knicks,77.0,85.0,71.0,78.0,93.0,80.0,85.0,79.0,40.0,55.0,50.0,51.0,45.0,66.0,95.0,37.0,71.0,43.0,30.0,69.0,44.0,55.0,82.0,54.0,79.0,89.0,80.0,79.0,84.0,83.0,76.0,84.0,72.0,34.0,58.0,2022,78.0
Evan Fournier,New York Knicks,76.0,85.0,83.0,82.0,79.0,80.0,80.0,84.0,25.0,50.0,30.0,45.0,36.0,66.0,85.0,38.0,69.0,49.0,45.0,70.0,72.0,65.0,71.0,40.0,63.0,95.0,80.0,86.0,75.0,82.0,65.0,82.0,44.0,32.0,45.0,2022,69.5
Obi Toppin,New York Knicks,76.0,79.0,78.0,73.0,73.0,75.0,60.0,79.0,85.0,90.0,67.0,67.0,69.0,45.0,90.0,66.0,48.0,37.0,66.0,62.0,47.0,40.0,70.0,74.0,90.0,88.0,70.0,88.0,55.0,60.0,56.0,59.0,42.0,54.0,69.0,2022,58.0
Isaiah Hartenstein,New York Knicks,74.0,89.0,70.0,71.0,63.0,75.0,75.0,77.0,75.0,65.0,56.0,57.0,59.0,69.0,75.0,60.0,41.0,59.0,86.0,65.0,54.0,40.0,62.0,62.0,70.0,80.0,88.0,77.0,50.0,56.0,42.0,60.0,70.0,72.0,70.0,2022,56.0
Cam Reddish,New York Knicks,74.0,82.0,58.0,79.0,91.0,40.0,75.0,78.0,50.0,80.0,43.0,52.0,47.0,70.0,95.0,55.0,81.0,70.0,53.0,80.0,80.0,75.0,85.0,52.0,84.0,90.0,65.0,80.0,68.0,81.0,79.0,69.0,33.0,38.0,46.0,2022,83.0
Quentin Grimes,New York Knicks,72.0,73.0,79.0,82.0,79.0,55.0,50.0,74.0,25.0,70.0,39.0,58.0,42.0,55.0,80.0,46.0,70.0,59.0,53.0,69.0,68.0,65.0,86.0,63.0,75.0,85.0,80.0,80.0,70.0,74.0,79.0,65.0,36.0,41.0,49.0,2022,80.5
Miles McBride,New York Knicks,71.0,70.0,76.0,70.0,80.0,60.0,50.0,79.0,25.0,65.0,25.0,58.0,48.0,50.0,80.0,40.0,70.0,56.0,32.0,69.0,64.0,55.0,86.0,44.0,80.0,85.0,85.0,80.0,70.0,74.0,80.0,60.0,62.0,30.0,52.0,2022,81.0
Jericho Sims,New York Knicks,71.0,68.0,69.0,26.0,52.0,50.0,30.0,64.0,80.0,80.0,60.0,60.0,60.0,40.0,80.0,66.0,40.0,37.0,78.0,66.0,55.0,40.0,80.0,65.0,83.0,85.0,80.0,80.0,30.0,35.0,34.0,32.0,30.0,78.0,79.0,2022,61.0
Trevor Keels,New York Knicks,67.0,71.0,68.0,71.0,84.0,70.0,50.0,70.0,50.0,70.0,40.0,38.0,44.0,50.0,72.0,37.0,60.0,52.0,51.0,55.0,54.0,50.0,74.0,60.0,68.0,85.0,94.0,80.0,74.0,78.0,74.0,77.0,72.0,44.0,47.0,2022,74.0
Feron Hunt,New York Knicks,67.0,69.0,66.0,68.0,57.0,70.0,35.0,68.0,65.0,75.0,47.0,44.0,47.0,45.0,75.0,60.0,67.0,52.0,65.0,65.0,67.0,60.0,68.0,52.0,78.0,80.0,75.0,81.0,50.0,70.0,60.0,54.0,26.0,48.0,52.0,2022,68.0
Shai Gilgeous-Alexander,Oklahoma City Thunder,87.0,94.0,87.0,75.0,83.0,98.0,98.0,94.0,40.0,75.0,66.0,73.0,72.0,94.0,98.0,61.0,78.0,53.0,62.0,75.0,76.0,75.0,86.0,60.0,85.0,94.0,90.0,80.0,90.0,90.0,85.0,90.0,84.0,54.0,59.0,2022,84.0
Josh Giddey,Oklahoma City Thunder,82.0,87.0,79.0,70.0,70.0,98.0,90.0,87.0,45.0,65.0,55.0,58.0,55.0,82.0,95.0,50.0,69.0,53.0,51.0,69.0,66.0,60.0,76.0,60.0,74.0,88.0,85.0,80.0,92.0,86.0,76.0,92.0,90.0,53.0,75.0,2022,74.5
Luguentz Dort,Oklahoma City Thunder,77.0,83.0,63.0,76.0,84.0,90.0,75.0,86.0,50.0,85.0,40.0,38.0,44.0,60.0,72.0,52.0,83.0,41.0,50.0,82.0,82.0,80.0,79.0,70.0,87.0,92.0,94.0,80.0,62.0,72.0,76.0,62.0,36.0,36.0,52.0,2022,82.0
Chet Holmgren,Oklahoma City Thunder,77.0,77.0,71.0,75.0,72.0,70.0,60.0,70.0,75.0,75.0,69.0,68.0,68.0,52.0,85.0,77.0,59.0,52.0,88.0,80.0,72.0,70.0,75.0,45.0,75.0,87.0,85.0,80.0,60.0,65.0,67.0,59.0,44.0,80.0,80.0,2022,72.0
Darius Bazley,Oklahoma City Thunder,76.0,83.0,70.0,72.0,69.0,85.0,80.0,79.0,50.0,80.0,59.0,54.0,50.0,69.0,80.0,55.0,56.0,43.0,73.0,60.0,59.0,35.0,73.0,60.0,82.0,80.0,75.0,80.0,50.0,69.0,70.0,47.0,34.0,43.0,75.0,2022,71.0
Kenrich Williams,Oklahoma City Thunder,75.0,93.0,79.0,77.0,53.0,75.0,75.0,70.0,40.0,65.0,40.0,52.0,54.0,55.0,90.0,62.0,63.0,59.0,47.0,60.0,60.0,45.0,66.0,63.0,72.0,80.0,90.0,80.0,69.0,69.0,63.0,69.0,60.0,60.0,61.0,2022,70.5
Derrick Favors,Oklahoma City Thunder,75.0,87.0,82.0,66.0,74.0,50.0,50.0,78.0,85.0,70.0,77.0,72.0,77.0,50.0,70.0,73.0,58.0,41.0,56.0,68.0,45.0,60.0,65.0,85.0,76.0,80.0,70.0,80.0,40.0,50.0,41.0,69.0,31.0,67.0,76.0,2022,56.0
Aleksej Pokusevski,Oklahoma City Thunder,75.0,84.0,71.0,71.0,79.0,95.0,70.0,76.0,70.0,70.0,54.0,54.0,62.0,40.0,75.0,67.0,67.0,43.0,68.0,67.0,57.0,50.0,60.0,49.0,60.0,84.0,60.0,79.0,59.0,62.0,52.0,54.0,63.0,55.0,78.0,2022,57.0
Tre Mann,Oklahoma City Thunder,75.0,82.0,74.0,80.0,76.0,92.0,90.0,83.0,25.0,60.0,35.0,55.0,60.0,59.0,85.0,49.0,66.0,49.0,45.0,60.0,59.0,40.0,74.0,53.0,68.0,88.0,75.0,80.0,80.0,83.0,73.0,78.0,41.0,34.0,52.0,2022,71.5
Mike Muscala,Oklahoma City Thunder,75.0,88.0,76.0,86.0,80.0,85.0,80.0,64.0,75.0,60.0,68.0,64.0,66.0,59.0,64.0,68.0,53.0,43.0,80.0,67.0,54.0,45.0,43.0,76.0,58.0,79.0,80.0,79.0,60.0,42.0,40.0,60.0,32.0,42.0,73.0,2022,45.5
Aaron Wiggins,Oklahoma City Thunder,73.0,92.0,70.0,73.0,77.0,80.0,75.0,80.0,35.0,45.0,38.0,40.0,39.0,60.0,76.0,35.0,59.0,40.0,45.0,47.0,40.0,45.0,84.0,45.0,72.0,80.0,65.0,80.0,64.0,70.0,75.0,68.0,36.0,46.0,52.0,2022,78.5
Jeremiah Robinson-Earl,Oklahoma City Thunder,73.0,80.0,66.0,79.0,67.0,78.0,65.0,79.0,75.0,75.0,64.0,65.0,66.0,50.0,70.0,66.0,40.0,41.0,52.0,66.0,52.0,45.0,62.0,60.0,69.0,80.0,85.0,80.0,65.0,69.0,55.0,66.0,32.0,60.0,73.0,2022,60.0
Theo Maledon,Oklahoma City Thunder,72.0,87.0,75.0,71.0,77.0,94.0,65.0,79.0,35.0,50.0,37.0,49.0,40.0,64.0,80.0,37.0,56.0,49.0,51.0,40.0,54.0,30.0,77.0,39.0,72.0,84.0,75.0,80.0,84.0,83.0,77.0,84.0,67.0,36.0,57.0,2022,71.0
Jalen Williams,Oklahoma City Thunder,72.0,60.0,74.0,77.0,80.0,60.0,50.0,72.0,25.0,80.0,47.0,50.0,50.0,59.0,87.0,35.0,54.0,41.0,52.0,52.0,52.0,40.0,88.0,50.0,83.0,90.0,80.0,80.0,72.0,79.0,83.0,68.0,68.0,31.0,40.0,2022,80.0
Ousmane Dieng,Oklahoma City Thunder,72.0,65.0,73.0,72.0,75.0,70.0,50.0,69.0,45.0,75.0,45.0,48.0,48.0,47.0,90.0,54.0,62.0,37.0,30.0,54.0,52.0,40.0,78.0,49.0,79.0,88.0,80.0,80.0,69.0,70.0,75.0,70.0,62.0,55.0,59.0,2022,75.5
Ty Jerome,Oklahoma City Thunder,72.0,93.0,87.0,71.0,83.0,80.0,65.0,79.0,40.0,45.0,38.0,37.0,40.0,65.0,80.0,40.0,66.0,53.0,40.0,65.0,68.0,50.0,69.0,56.0,62.0,85.0,85.0,80.0,84.0,86.0,68.0,84.0,70.0,36.0,44.0,2022,71.0
Lindy Waters III,Oklahoma City Thunder,71.0,74.0,77.0,79.0,85.0,50.0,80.0,70.0,25.0,65.0,28.0,54.0,34.0,40.0,70.0,53.0,67.0,59.0,56.0,62.0,62.0,40.0,60.0,33.0,67.0,83.0,70.0,80.0,59.0,64.0,50.0,57.0,35.0,31.0,63.0,2022,64.5
Jaylin Williams,Oklahoma City Thunder,70.0,75.0,68.0,66.0,73.0,65.0,60.0,69.0,70.0,70.0,61.0,61.0,61.0,60.0,75.0,63.0,45.0,56.0,55.0,55.0,65.0,50.0,50.0,60.0,62.0,78.0,80.0,80.0,62.0,59.0,38.0,69.0,52.0,60.0,71.0,2022,53.5
Vit Krejci,Oklahoma City Thunder,70.0,70.0,64.0,75.0,54.0,50.0,40.0,72.0,45.0,70.0,35.0,38.0,38.0,55.0,75.0,50.0,60.0,41.0,51.0,59.0,58.0,40.0,75.0,40.0,76.0,80.0,75.0,80.0,69.0,70.0,70.0,70.0,44.0,37.0,56.0,2022,73.0
Eugene Omoruyi,Oklahoma City Thunder,68.0,65.0,68.0,73.0,74.0,50.0,30.0,70.0,40.0,65.0,57.0,57.0,57.0,45.0,69.0,54.0,70.0,72.0,47.0,68.0,40.0,55.0,70.0,52.0,75.0,80.0,65.0,80.0,65.0,70.0,63.0,62.0,50.0,52.0,63.0,2022,71.0
Wendell Carter Jr.,Orlando Magic,83.0,87.0,96.0,75.0,71.0,95.0,75.0,78.0,80.0,75.0,82.0,82.0,81.0,79.0,85.0,78.0,47.0,36.0,61.0,80.0,70.0,70.0,68.0,82.0,68.0,85.0,90.0,81.0,56.0,50.0,47.0,70.0,61.0,64.0,91.0,2022,52.5
Franz Wagner,Orlando Magic,80.0,89.0,68.0,79.0,79.0,95.0,90.0,77.0,55.0,80.0,57.0,59.0,59.0,60.0,76.0,56.0,73.0,42.0,52.0,74.0,73.0,70.0,70.0,65.0,75.0,85.0,80.0,80.0,70.0,73.0,68.0,69.0,61.0,42.0,54.0,2022,71.5
Mohamed Bamba,Orlando Magic,79.0,82.0,65.0,82.0,72.0,95.0,80.0,74.0,85.0,70.0,69.0,64.0,69.0,65.0,80.0,77.0,48.0,37.0,88.0,80.0,64.0,65.0,75.0,68.0,75.0,78.0,75.0,81.0,35.0,46.0,32.0,51.0,34.0,66.0,85.0,2022,62.5
Paolo Banchero,Orlando Magic,78.0,80.0,72.0,75.0,73.0,70.0,70.0,80.0,75.0,85.0,74.0,70.0,72.0,60.0,85.0,68.0,66.0,62.0,61.0,64.0,67.0,45.0,80.0,77.0,83.0,90.0,85.0,80.0,70.0,76.0,74.0,70.0,62.0,65.0,75.0,2022,75.0
Jonathan Isaac,Orlando Magic,78.0,65.0,76.0,77.0,77.0,50.0,30.0,67.0,60.0,82.0,62.0,68.0,75.0,35.0,68.0,75.0,86.0,83.0,93.0,84.0,85.0,85.0,73.0,70.0,80.0,85.0,90.0,67.0,65.0,76.0,66.0,55.0,33.0,56.0,74.0,2022,80.0
Cole Anthony,Orlando Magic,78.0,83.0,68.0,77.0,84.0,98.0,95.0,82.0,40.0,89.0,49.0,58.0,44.0,79.0,98.0,45.0,69.0,38.0,45.0,55.0,52.0,45.0,84.0,59.0,77.0,88.0,85.0,98.0,82.0,84.0,84.0,82.0,74.0,33.0,66.0,2022,79.0
Markelle Fultz,Orlando Magic,77.0,82.0,79.0,69.0,72.0,75.0,75.0,90.0,30.0,75.0,42.0,48.0,69.0,79.0,81.0,50.0,75.0,83.0,52.0,72.0,69.0,40.0,86.0,56.0,85.0,92.0,75.0,80.0,86.0,86.0,85.0,83.0,89.0,31.0,58.0,2022,81.5
Chuma Okeke,Orlando Magic,75.0,84.0,69.0,74.0,86.0,85.0,75.0,76.0,45.0,50.0,48.0,52.0,53.0,40.0,70.0,63.0,80.0,83.0,62.0,77.0,85.0,45.0,70.0,60.0,74.0,80.0,80.0,80.0,65.0,69.0,65.0,66.0,40.0,38.0,70.0,2022,75.5
Jalen Suggs,Orlando Magic,75.0,68.0,70.0,71.0,76.0,70.0,65.0,75.0,40.0,80.0,39.0,38.0,74.0,65.0,84.0,35.0,76.0,66.0,52.0,75.0,75.0,75.0,88.0,59.0,90.0,88.0,85.0,80.0,80.0,86.0,88.0,81.0,72.0,35.0,54.0,2022,85.5
Terrence Ross,Orlando Magic,75.0,89.0,79.0,71.0,86.0,70.0,70.0,74.0,50.0,80.0,58.0,70.0,45.0,40.0,74.0,51.0,68.0,36.0,45.0,66.0,68.0,60.0,74.0,48.0,85.0,86.0,65.0,82.0,69.0,78.0,70.0,72.0,47.0,32.0,50.0,2022,72.0
Moritz Wagner,Orlando Magic,75.0,89.0,78.0,76.0,80.0,80.0,80.0,60.0,75.0,65.0,67.0,67.0,68.0,50.0,76.0,58.0,40.0,37.0,51.0,58.0,54.0,35.0,73.0,78.0,75.0,85.0,85.0,81.0,54.0,42.0,53.0,55.0,61.0,47.0,78.0,2022,57.0
Gary Harris,Orlando Magic,74.0,91.0,70.0,82.0,81.0,50.0,55.0,79.0,40.0,50.0,28.0,51.0,47.0,60.0,75.0,68.0,84.0,46.0,37.0,80.0,55.0,80.0,70.0,53.0,78.0,85.0,70.0,83.0,75.0,76.0,70.0,70.0,38.0,36.0,38.0,2022,78.0
R.J. Hampton,Orlando Magic,72.0,72.0,81.0,78.0,59.0,75.0,80.0,83.0,40.0,75.0,54.0,57.0,50.0,40.0,98.0,49.0,71.0,42.0,45.0,60.0,63.0,50.0,90.0,54.0,83.0,89.0,70.0,83.0,75.0,83.0,88.0,77.0,64.0,33.0,57.0,2022,83.5
Bol Bol,Orlando Magic,71.0,78.0,79.0,78.0,75.0,57.0,50.0,64.0,85.0,70.0,70.0,68.0,70.0,62.0,75.0,72.0,52.0,36.0,88.0,64.0,49.0,40.0,68.0,65.0,69.0,80.0,50.0,77.0,50.0,67.0,60.0,40.0,31.0,60.0,67.0,2022,63.0
Caleb Houstan,Orlando Magic,70.0,64.0,76.0,76.0,78.0,55.0,50.0,70.0,25.0,25.0,32.0,32.0,32.0,44.0,80.0,47.0,64.0,44.0,35.0,60.0,55.0,45.0,78.0,40.0,72.0,86.0,70.0,80.0,62.0,70.0,72.0,65.0,44.0,44.0,47.0,2022,74.0
Admiral Schofield,Orlando Magic,69.0,70.0,72.0,76.0,70.0,55.0,45.0,70.0,45.0,65.0,62.0,62.0,59.0,47.0,80.0,59.0,66.0,30.0,50.0,60.0,57.0,45.0,59.0,65.0,78.0,85.0,80.0,80.0,59.0,73.0,59.0,62.0,34.0,43.0,66.0,2022,66.5
Kevon Harris,Orlando Magic,67.0,75.0,72.0,71.0,72.0,70.0,50.0,75.0,40.0,75.0,33.0,56.0,45.0,49.0,79.0,60.0,62.0,41.0,57.0,45.0,60.0,45.0,71.0,58.0,78.0,85.0,84.0,80.0,64.0,69.0,69.0,65.0,52.0,36.0,64.0,2022,67.5
Devin Cannady,Orlando Magic,67.0,67.0,76.0,81.0,87.0,55.0,45.0,79.0,25.0,50.0,25.0,45.0,25.0,35.0,82.0,25.0,50.0,49.0,37.0,52.0,55.0,30.0,79.0,40.0,81.0,80.0,85.0,78.0,74.0,76.0,79.0,70.0,40.0,28.0,34.0,2022,72.0
Joel Embiid,Philadelphia 76ers,96.0,83.0,86.0,81.0,82.0,98.0,98.0,87.0,90.0,80.0,94.0,94.0,96.0,97.0,98.0,96.0,64.0,49.0,78.0,96.0,64.0,95.0,69.0,95.0,68.0,94.0,90.0,76.0,55.0,57.0,62.0,58.0,71.0,70.0,93.0,2022,65.5
James Harden,Philadelphia 76ers,89.0,79.0,81.0,85.0,89.0,75.0,98.0,92.0,35.0,84.0,60.0,74.0,69.0,94.0,98.0,62.0,70.0,49.0,52.0,63.0,82.0,65.0,87.0,71.0,87.0,98.0,97.0,95.0,82.0,97.0,86.0,94.0,87.0,37.0,75.0,2022,81.0
Tyrese Maxey,Philadelphia 76ers,85.0,87.0,81.0,85.0,87.0,98.0,98.0,89.0,25.0,55.0,45.0,60.0,47.0,88.0,95.0,52.0,79.0,47.0,51.0,69.0,68.0,65.0,89.0,44.0,80.0,95.0,95.0,77.0,84.0,86.0,87.0,86.0,74.0,30.0,47.0,2022,86.0
Tobias Harris,Philadelphia 76ers,82.0,89.0,85.0,80.0,84.0,80.0,90.0,80.0,65.0,75.0,70.0,70.0,83.0,73.0,95.0,59.0,58.0,36.0,55.0,66.0,64.0,60.0,75.0,73.0,79.0,95.0,73.0,82.0,77.0,79.0,56.0,84.0,62.0,41.0,70.0,2022,63.0
De’Anthony Melton,Philadelphia 76ers,77.0,79.0,60.0,81.0,74.0,98.0,95.0,83.0,25.0,70.0,25.0,58.0,48.0,75.0,95.0,48.0,81.0,93.0,61.0,79.0,89.0,75.0,76.0,44.0,75.0,80.0,85.0,83.0,82.0,83.0,74.0,85.0,62.0,45.0,68.0,2022,79.0
Matisse Thybulle,Philadelphia 76ers,77.0,74.0,48.0,74.0,60.0,60.0,40.0,74.0,35.0,70.0,30.0,30.0,30.0,25.0,70.0,60.0,90.0,97.0,77.0,88.0,97.0,90.0,76.0,59.0,70.0,85.0,90.0,80.0,55.0,65.0,69.0,35.0,31.0,38.0,42.0,2022,84.0
P.J. Tucker,Philadelphia 76ers,77.0,96.0,74.0,85.0,75.0,85.0,55.0,55.0,50.0,60.0,49.0,48.0,50.0,36.0,81.0,77.0,80.0,43.0,45.0,74.0,75.0,80.0,63.0,82.0,66.0,88.0,90.0,91.0,70.0,65.0,44.0,69.0,41.0,53.0,66.0,2022,71.5
Montrezl Harrell,Philadelphia 76ers,76.0,97.0,79.0,50.0,72.0,30.0,30.0,89.0,85.0,80.0,75.0,70.0,77.0,79.0,90.0,71.0,47.0,36.0,62.0,64.0,54.0,50.0,62.0,94.0,75.0,85.0,90.0,83.0,35.0,35.0,32.0,55.0,54.0,70.0,70.0,2022,54.5
Shake Milton,Philadelphia 76ers,74.0,84.0,69.0,75.0,88.0,98.0,75.0,84.0,30.0,60.0,46.0,44.0,40.0,63.0,89.0,30.0,65.0,40.0,52.0,58.0,50.0,40.0,77.0,38.0,77.0,80.0,80.0,83.0,79.0,82.0,77.0,80.0,66.0,39.0,51.0,2022,76.5
Furkan Korkmaz,Philadelphia 76ers,73.0,72.0,70.0,71.0,82.0,85.0,75.0,75.0,40.0,75.0,30.0,60.0,45.0,69.0,88.0,40.0,64.0,40.0,40.0,56.0,62.0,45.0,70.0,50.0,80.0,85.0,81.0,80.0,54.0,73.0,64.0,65.0,50.0,34.0,54.0,2022,69.0
Charles Bassey,Philadelphia 76ers,73.0,74.0,69.0,52.0,76.0,50.0,35.0,70.0,75.0,75.0,50.0,50.0,50.0,40.0,70.0,69.0,57.0,43.0,89.0,68.0,50.0,60.0,77.0,69.0,82.0,80.0,80.0,80.0,35.0,42.0,54.0,48.0,32.0,88.0,87.0,2022,70.5
Georges Niang,Philadelphia 76ers,73.0,90.0,73.0,84.0,86.0,70.0,65.0,75.0,25.0,50.0,70.0,71.0,70.0,51.0,74.0,60.0,55.0,36.0,42.0,62.0,60.0,40.0,44.0,60.0,72.0,88.0,80.0,84.0,65.0,67.0,44.0,70.0,36.0,33.0,53.0,2022,50.5
Paul Reed,Philadelphia 76ers,73.0,70.0,70.0,66.0,74.0,75.0,60.0,64.0,80.0,70.0,60.0,62.0,62.0,57.0,70.0,69.0,43.0,79.0,81.0,66.0,58.0,40.0,49.0,62.0,65.0,80.0,70.0,80.0,48.0,52.0,41.0,44.0,35.0,86.0,68.0,2022,49.5
Danuel House Jr.,Philadelphia 76ers,72.0,50.0,74.0,81.0,76.0,75.0,75.0,78.0,80.0,75.0,47.0,51.0,47.0,58.0,79.0,52.0,60.0,42.0,61.0,59.0,48.0,55.0,63.0,50.0,75.0,85.0,75.0,83.0,69.0,70.0,60.0,69.0,36.0,38.0,60.0,2022,65.0
Jaden Springer,Philadelphia 76ers,70.0,74.0,73.0,77.0,81.0,75.0,45.0,74.0,25.0,50.0,28.0,45.0,32.0,55.0,80.0,44.0,69.0,66.0,50.0,68.0,67.0,60.0,82.0,49.0,72.0,85.0,70.0,80.0,75.0,81.0,82.0,75.0,65.0,30.0,37.0,2022,81.0
Charlie Brown Jr.,Philadelphia 76ers,69.0,75.0,76.0,79.0,82.0,45.0,45.0,79.0,40.0,45.0,30.0,45.0,38.0,42.0,70.0,40.0,65.0,51.0,60.0,63.0,40.0,35.0,76.0,55.0,75.0,80.0,45.0,83.0,62.0,77.0,75.0,60.0,29.0,67.0,52.0,2022,74.0
Isaiah Joe,Philadelphia 76ers,69.0,80.0,75.0,76.0,85.0,89.0,50.0,69.0,40.0,60.0,35.0,38.0,30.0,45.0,85.0,42.0,69.0,38.0,35.0,61.0,52.0,55.0,72.0,47.0,79.0,80.0,75.0,87.0,57.0,68.0,63.0,59.0,35.0,30.0,47.0,2022,75.5
Julian Champagnie,Philadelphia 76ers,68.0,69.0,74.0,75.0,78.0,50.0,40.0,74.0,40.0,60.0,43.0,44.0,52.0,41.0,73.0,45.0,67.0,62.0,40.0,55.0,66.0,40.0,69.0,37.0,67.0,85.0,75.0,80.0,66.0,68.0,65.0,64.0,47.0,44.0,54.0,2022,68.5
Trevelin Queen,Philadelphia 76ers,67.0,67.0,68.0,74.0,73.0,70.0,40.0,70.0,40.0,75.0,30.0,45.0,45.0,66.0,80.0,40.0,60.0,46.0,51.0,55.0,47.0,40.0,70.0,49.0,75.0,80.0,65.0,83.0,65.0,70.0,66.0,62.0,44.0,54.0,64.0,2022,70.0
Devin Booker,Phoenix Suns,91.0,92.0,94.0,87.0,86.0,98.0,98.0,92.0,30.0,75.0,74.0,79.0,82.0,91.0,85.0,38.0,74.0,46.0,50.0,65.0,62.0,65.0,79.0,49.0,74.0,95.0,85.0,81.0,89.0,92.0,76.0,92.0,79.0,35.0,58.0,2022,76.5
Chris Paul,Phoenix Suns,90.0,95.0,97.0,74.0,84.0,85.0,75.0,88.0,25.0,27.0,40.0,55.0,70.0,60.0,90.0,61.0,90.0,83.0,45.0,90.0,75.0,85.0,80.0,62.0,75.0,90.0,75.0,77.0,96.0,93.0,80.0,96.0,91.0,30.0,57.0,2022,85.0
Deandre Ayton,Phoenix Suns,85.0,97.0,89.0,70.0,62.0,85.0,95.0,75.0,90.0,75.0,85.0,75.0,85.0,62.0,82.0,78.0,49.0,38.0,61.0,78.0,69.0,65.0,75.0,85.0,82.0,90.0,76.0,81.0,53.0,61.0,55.0,70.0,34.0,68.0,88.0,2022,63.0
Mikal Bridges,Phoenix Suns,83.0,97.0,70.0,80.0,88.0,98.0,95.0,75.0,40.0,75.0,35.0,42.0,54.0,55.0,80.0,69.0,82.0,46.0,51.0,82.0,86.0,85.0,80.0,62.0,85.0,92.0,95.0,84.0,78.0,79.0,72.0,88.0,36.0,39.0,50.0,2022,83.0
Cameron Johnson,Phoenix Suns,80.0,88.0,62.0,86.0,87.0,89.0,90.0,79.0,60.0,60.0,69.0,69.0,69.0,64.0,57.0,65.0,69.0,46.0,45.0,64.0,68.0,65.0,70.0,60.0,79.0,85.0,86.0,78.0,59.0,59.0,43.0,66.0,34.0,38.0,61.0,2022,69.5
Dario Saric,Phoenix Suns,76.0,80.0,65.0,78.0,87.0,80.0,80.0,79.0,45.0,70.0,74.0,74.0,81.0,60.0,92.0,70.0,49.0,49.0,35.0,74.0,50.0,65.0,63.0,65.0,60.0,82.0,86.0,81.0,75.0,69.0,57.0,84.0,41.0,55.0,71.0,2022,65.0
Jae Crowder,Phoenix Suns,76.0,92.0,86.0,78.0,80.0,80.0,45.0,77.0,70.0,60.0,63.0,65.0,60.0,47.0,85.0,70.0,78.0,73.0,53.0,80.0,90.0,75.0,68.0,82.0,73.0,93.0,93.0,89.0,65.0,75.0,66.0,83.0,35.0,34.0,70.0,2022,74.0
Cameron Payne,Phoenix Suns,76.0,80.0,92.0,77.0,84.0,85.0,90.0,83.0,25.0,25.0,25.0,36.0,31.0,80.0,72.0,31.0,60.0,43.0,51.0,51.0,52.0,40.0,75.0,39.0,72.0,82.0,75.0,84.0,75.0,86.0,75.0,79.0,75.0,35.0,56.0,2022,72.5
Torrey Craig,Phoenix Suns,74.0,89.0,60.0,76.0,77.0,70.0,60.0,79.0,35.0,60.0,50.0,62.0,55.0,65.0,70.0,74.0,79.0,42.0,60.0,79.0,75.0,75.0,63.0,49.0,73.0,80.0,35.0,80.0,52.0,69.0,58.0,50.0,34.0,54.0,64.0,2022,70.5
Damion Lee,Phoenix Suns,73.0,84.0,65.0,77.0,85.0,95.0,80.0,79.0,40.0,65.0,44.0,48.0,51.0,62.0,78.0,57.0,60.0,43.0,37.0,60.0,66.0,35.0,68.0,55.0,75.0,80.0,70.0,79.0,62.0,70.0,66.0,57.0,33.0,36.0,63.0,2022,71.0
Landry Shamet,Phoenix Suns,73.0,77.0,74.0,80.0,86.0,94.0,85.0,79.0,35.0,50.0,30.0,38.0,26.0,62.0,76.0,25.0,60.0,36.0,40.0,57.0,50.0,35.0,85.0,41.0,80.0,85.0,81.0,81.0,79.0,78.0,82.0,77.0,39.0,31.0,45.0,2022,80.5
Duane Washington Jr.,Phoenix Suns,72.0,74.0,76.0,81.0,84.0,84.0,75.0,78.0,45.0,40.0,29.0,32.0,44.0,69.0,80.0,47.0,62.0,41.0,32.0,65.0,55.0,40.0,79.0,42.0,72.0,80.0,65.0,80.0,66.0,74.0,76.0,68.0,50.0,27.0,48.0,2022,74.5
Bismack Biyombo,Phoenix Suns,72.0,89.0,62.0,25.0,45.0,25.0,30.0,60.0,80.0,68.0,48.0,45.0,54.0,69.0,35.0,82.0,50.0,38.0,82.0,85.0,54.0,65.0,48.0,80.0,63.0,79.0,95.0,83.0,25.0,35.0,25.0,74.0,32.0,88.0,80.0,2022,51.5
Josh Okogie,Phoenix Suns,71.0,71.0,69.0,72.0,60.0,80.0,45.0,70.0,30.0,75.0,30.0,32.0,28.0,40.0,70.0,50.0,81.0,73.0,62.0,81.0,84.0,75.0,90.0,46.0,92.0,80.0,75.0,82.0,69.0,76.0,81.0,62.0,32.0,54.0,46.0,2022,86.5
Jock Landale,Phoenix Suns,70.0,74.0,64.0,75.0,78.0,68.0,55.0,60.0,65.0,60.0,60.0,60.0,60.0,40.0,80.0,65.0,48.0,35.0,60.0,62.0,60.0,45.0,54.0,64.0,75.0,80.0,75.0,80.0,58.0,52.0,45.0,64.0,41.0,75.0,60.0,2022,51.0
Ish Wainright,Phoenix Suns,70.0,68.0,66.0,71.0,75.0,75.0,40.0,69.0,50.0,60.0,49.0,48.0,50.0,44.0,81.0,68.0,69.0,83.0,55.0,69.0,66.0,60.0,81.0,82.0,75.0,88.0,90.0,80.0,52.0,68.0,66.0,54.0,30.0,65.0,44.0,2022,80.5
Damian Lillard,Portland Trail Blazers,89.0,79.0,91.0,85.0,89.0,85.0,90.0,90.0,25.0,85.0,30.0,38.0,42.0,85.0,98.0,25.0,69.0,35.0,50.0,72.0,77.0,55.0,88.0,63.0,89.0,97.0,95.0,98.0,86.0,95.0,87.0,86.0,79.0,31.0,53.0,2022,82.0
Jusuf Nurkic,Portland Trail Blazers,82.0,92.0,68.0,67.0,75.0,95.0,85.0,68.0,75.0,65.0,80.0,72.0,80.0,70.0,85.0,78.0,45.0,56.0,61.0,79.0,60.0,70.0,51.0,90.0,50.0,86.0,75.0,72.0,60.0,40.0,25.0,82.0,64.0,76.0,94.0,2022,43.0
Jerami Grant,Portland Trail Blazers,82.0,79.0,76.0,79.0,85.0,75.0,75.0,89.0,80.0,85.0,62.0,59.0,69.0,93.0,95.0,70.0,69.0,42.0,68.0,77.0,72.0,75.0,73.0,69.0,78.0,95.0,94.0,82.0,69.0,76.0,69.0,70.0,47.0,34.0,56.0,2022,74.5
Josh Hart,Portland Trail Blazers,80.0,89.0,74.0,77.0,85.0,85.0,85.0,86.0,25.0,70.0,39.0,58.0,42.0,84.0,95.0,46.0,72.0,49.0,42.0,70.0,70.0,65.0,81.0,44.0,69.0,90.0,95.0,82.0,73.0,78.0,79.0,75.0,68.0,43.0,78.0,2022,80.0
Anfernee Simons,Portland Trail Blazers,80.0,93.0,85.0,84.0,91.0,95.0,95.0,89.0,40.0,89.0,25.0,44.0,32.0,69.0,75.0,34.0,59.0,36.0,35.0,50.0,55.0,40.0,86.0,27.0,90.0,79.0,85.0,80.0,79.0,84.0,79.0,82.0,71.0,33.0,46.0,2022,82.5
Gary Payton II,Portland Trail Blazers,77.0,89.0,70.0,79.0,66.0,80.0,60.0,79.0,35.0,75.0,30.0,42.0,42.0,75.0,89.0,79.0,83.0,97.0,56.0,76.0,91.0,80.0,81.0,48.0,85.0,85.0,80.0,83.0,75.0,78.0,81.0,72.0,34.0,57.0,63.0,2022,80.5
Nassir Little,Portland Trail Blazers,76.0,76.0,79.0,76.0,76.0,85.0,70.0,82.0,35.0,82.0,54.0,52.0,59.0,50.0,80.0,68.0,70.0,38.0,72.0,70.0,65.0,55.0,77.0,70.0,81.0,85.0,85.0,80.0,52.0,65.0,68.0,49.0,34.0,53.0,72.0,2022,78.0
Drew Eubanks,Portland Trail Blazers,75.0,89.0,73.0,54.0,81.0,80.0,70.0,69.0,75.0,70.0,72.0,70.0,72.0,60.0,75.0,60.0,47.0,40.0,67.0,59.0,50.0,45.0,61.0,68.0,75.0,80.0,85.0,83.0,42.0,37.0,38.0,55.0,40.0,75.0,81.0,2022,60.5
Justise Winslow,Portland Trail Blazers,75.0,77.0,52.0,57.0,59.0,75.0,60.0,74.0,40.0,70.0,42.0,44.0,48.0,62.0,87.0,63.0,79.0,66.0,68.0,77.0,78.0,70.0,75.0,65.0,74.0,90.0,80.0,82.0,75.0,74.0,73.0,64.0,62.0,60.0,78.0,2022,77.5
Trendon Watford,Portland Trail Blazers,74.0,88.0,68.0,60.0,65.0,75.0,80.0,79.0,75.0,80.0,69.0,69.0,69.0,69.0,70.0,66.0,52.0,42.0,72.0,52.0,50.0,40.0,63.0,79.0,80.0,85.0,80.0,80.0,59.0,50.0,57.0,62.0,58.0,60.0,72.0,2022,57.5
Brandon Williams,Portland Trail Blazers,73.0,77.0,77.0,71.0,82.0,84.0,80.0,82.0,25.0,50.0,27.0,46.0,50.0,75.0,90.0,33.0,62.0,53.0,55.0,57.0,52.0,45.0,79.0,62.0,68.0,89.0,75.0,81.0,75.0,79.0,77.0,79.0,71.0,40.0,49.0,2022,72.0
Greg Brown III,Portland Trail Blazers,72.0,66.0,65.0,68.0,70.0,50.0,30.0,66.0,75.0,80.0,52.0,49.0,52.0,40.0,68.0,62.0,62.0,59.0,76.0,60.0,53.0,45.0,78.0,40.0,98.0,80.0,80.0,83.0,45.0,68.0,65.0,35.0,35.0,56.0,68.0,2022,71.5
Shaedon Sharpe,Portland Trail Blazers,72.0,70.0,74.0,73.0,68.0,70.0,90.0,74.0,40.0,85.0,35.0,37.0,33.0,44.0,88.0,49.0,69.0,74.0,65.0,65.0,75.0,45.0,89.0,50.0,92.0,94.0,75.0,80.0,67.0,83.0,84.0,62.0,32.0,46.0,54.0,2022,84.5
Keon Johnson,Portland Trail Blazers,71.0,66.0,68.0,77.0,71.0,60.0,35.0,70.0,35.0,85.0,35.0,35.0,35.0,45.0,80.0,45.0,70.0,59.0,56.0,69.0,68.0,65.0,97.0,40.0,99.0,88.0,85.0,80.0,75.0,75.0,84.0,82.0,63.0,43.0,47.0,2022,90.0
Devontae Cacok,Portland Trail Blazers,70.0,64.0,47.0,25.0,50.0,44.0,30.0,70.0,65.0,70.0,54.0,50.0,50.0,40.0,70.0,58.0,52.0,79.0,84.0,57.0,40.0,30.0,65.0,68.0,75.0,75.0,80.0,82.0,48.0,65.0,57.0,49.0,33.0,65.0,83.0,2022,62.0
Keljin Blevins,Portland Trail Blazers,69.0,65.0,69.0,71.0,74.0,75.0,60.0,68.0,45.0,65.0,40.0,45.0,49.0,55.0,69.0,60.0,69.0,38.0,35.0,70.0,68.0,50.0,72.0,68.0,79.0,85.0,65.0,80.0,66.0,71.0,69.0,65.0,40.0,55.0,46.0,2022,72.0
Didi Louzada,Portland Trail Blazers,68.0,69.0,67.0,77.0,73.0,30.0,35.0,72.0,35.0,60.0,51.0,63.0,39.0,49.0,76.0,45.0,75.0,58.0,37.0,72.0,72.0,60.0,70.0,58.0,77.0,82.0,65.0,81.0,68.0,70.0,67.0,68.0,33.0,62.0,62.0,2022,74.0
Jabari Walker,Portland Trail Blazers,68.0,70.0,66.0,78.0,78.0,50.0,40.0,69.0,30.0,70.0,52.0,52.0,52.0,59.0,80.0,59.0,59.0,37.0,51.0,55.0,57.0,45.0,75.0,46.0,79.0,80.0,70.0,80.0,52.0,60.0,71.0,54.0,33.0,49.0,54.0,2022,74.0
Olivier Sarr,Portland Trail Blazers,67.0,68.0,74.0,69.0,79.0,55.0,35.0,60.0,75.0,75.0,64.0,62.0,64.0,40.0,70.0,58.0,40.0,37.0,65.0,59.0,48.0,35.0,65.0,63.0,74.0,85.0,80.0,80.0,50.0,52.0,49.0,55.0,32.0,63.0,58.0,2022,55.0
Domantas Sabonis,Sacramento Kings,86.0,98.0,65.0,74.0,75.0,98.0,95.0,88.0,70.0,75.0,86.0,86.0,86.0,85.0,95.0,70.0,49.0,41.0,51.0,69.0,45.0,60.0,48.0,82.0,54.0,92.0,95.0,86.0,82.0,60.0,43.0,80.0,71.0,71.0,90.0,2022,46.5
De’Aaron Fox,Sacramento Kings,84.0,90.0,89.0,72.0,75.0,70.0,90.0,90.0,25.0,80.0,25.0,30.0,27.0,72.0,90.0,34.0,79.0,46.0,50.0,77.0,77.0,70.0,97.0,46.0,84.0,96.0,90.0,80.0,83.0,88.0,97.0,84.0,73.0,31.0,52.0,2022,91.0
Harrison Barnes,Sacramento Kings,80.0,83.0,82.0,83.0,84.0,80.0,75.0,83.0,55.0,81.0,48.0,65.0,83.0,60.0,88.0,67.0,75.0,37.0,37.0,65.0,65.0,60.0,77.0,70.0,95.0,92.0,75.0,82.0,72.0,78.0,73.0,75.0,41.0,41.0,63.0,2022,73.5
Davion Mitchell,Sacramento Kings,77.0,87.0,75.0,74.0,67.0,70.0,40.0,74.0,25.0,40.0,30.0,30.0,30.0,44.0,95.0,44.0,84.0,41.0,50.0,85.0,85.0,85.0,82.0,60.0,70.0,90.0,95.0,80.0,82.0,86.0,82.0,83.0,71.0,33.0,42.0,2022,84.5
Kevin Huerter,Sacramento Kings,76.0,94.0,87.0,82.0,79.0,80.0,85.0,73.0,30.0,65.0,25.0,58.0,35.0,45.0,80.0,44.0,64.0,40.0,51.0,63.0,64.0,35.0,84.0,50.0,75.0,85.0,75.0,83.0,74.0,76.0,72.0,76.0,51.0,33.0,52.0,2022,75.0
Malik Monk,Sacramento Kings,76.0,87.0,71.0,83.0,76.0,95.0,90.0,82.0,40.0,80.0,25.0,62.0,45.0,50.0,88.0,45.0,68.0,42.0,51.0,69.0,68.0,45.0,80.0,48.0,88.0,88.0,72.0,80.0,75.0,75.0,76.0,68.0,60.0,34.0,52.0,2022,77.0
Terence Davis,Sacramento Kings,76.0,79.0,74.0,76.0,81.0,95.0,85.0,79.0,40.0,75.0,32.0,49.0,38.0,82.0,95.0,54.0,74.0,66.0,57.0,70.0,74.0,60.0,73.0,44.0,76.0,90.0,89.0,80.0,77.0,79.0,68.0,79.0,44.0,36.0,68.0,2022,75.0
Keegan Murray,Sacramento Kings,76.0,80.0,76.0,77.0,75.0,70.0,70.0,77.0,60.0,80.0,69.0,69.0,69.0,65.0,80.0,68.0,69.0,69.0,74.0,64.0,68.0,65.0,76.0,60.0,79.0,85.0,86.0,80.0,65.0,70.0,73.0,66.0,44.0,74.0,70.0,2022,75.5
Chimezie Metu,Sacramento Kings,75.0,88.0,73.0,73.0,77.0,85.0,60.0,78.0,80.0,75.0,58.0,40.0,49.0,55.0,95.0,67.0,51.0,56.0,62.0,68.0,55.0,40.0,52.0,69.0,75.0,80.0,80.0,83.0,48.0,37.0,30.0,58.0,33.0,39.0,87.0,2022,56.0
Trey Lyles,Sacramento Kings,75.0,91.0,73.0,75.0,80.0,85.0,75.0,77.0,70.0,65.0,66.0,74.0,69.0,66.0,80.0,68.0,36.0,36.0,58.0,64.0,62.0,40.0,54.0,69.0,65.0,81.0,80.0,84.0,55.0,58.0,41.0,60.0,37.0,55.0,79.0,2022,53.5
Richaun Holmes,Sacramento Kings,75.0,93.0,80.0,69.0,77.0,40.0,50.0,78.0,85.0,75.0,70.0,57.0,70.0,50.0,80.0,75.0,40.0,35.0,72.0,68.0,55.0,50.0,57.0,79.0,81.0,80.0,95.0,82.0,42.0,58.0,38.0,54.0,33.0,68.0,82.0,2022,55.5
Alex Len,Sacramento Kings,74.0,88.0,61.0,70.0,66.0,95.0,65.0,74.0,80.0,65.0,74.0,48.0,76.0,59.0,64.0,74.0,44.0,37.0,74.0,78.0,62.0,50.0,43.0,75.0,60.0,80.0,92.0,78.0,31.0,32.0,25.0,45.0,41.0,67.0,74.0,2022,47.0
Sam Merrill,Sacramento Kings,71.0,60.0,76.0,78.0,89.0,92.0,75.0,64.0,30.0,45.0,30.0,44.0,48.0,55.0,80.0,42.0,60.0,46.0,35.0,52.0,62.0,45.0,62.0,44.0,60.0,80.0,60.0,79.0,74.0,76.0,60.0,79.0,43.0,38.0,51.0,2022,63.0
Kent Bazemore,Sacramento Kings,71.0,69.0,52.0,80.0,68.0,75.0,50.0,77.0,35.0,75.0,30.0,47.0,70.0,50.0,84.0,45.0,77.0,66.0,55.0,77.0,68.0,75.0,80.0,46.0,82.0,88.0,89.0,82.0,75.0,73.0,77.0,70.0,35.0,37.0,52.0,2022,79.5
Neemias Queta,Sacramento Kings,70.0,75.0,62.0,50.0,71.0,60.0,45.0,61.0,70.0,65.0,62.0,60.0,62.0,40.0,85.0,70.0,45.0,30.0,87.0,70.0,48.0,55.0,59.0,76.0,65.0,80.0,80.0,80.0,52.0,38.0,30.0,62.0,33.0,83.0,65.0,2022,53.5
Keon Ellis,Sacramento Kings,68.0,70.0,70.0,74.0,84.0,50.0,35.0,73.0,25.0,65.0,27.0,40.0,38.0,54.0,78.0,29.0,60.0,60.0,53.0,50.0,68.0,40.0,81.0,39.0,79.0,85.0,70.0,80.0,64.0,74.0,77.0,65.0,47.0,37.0,53.0,2022,75.0
Keldon Johnson,San Antonio Spurs,82.0,87.0,78.0,83.0,65.0,98.0,95.0,85.0,65.0,65.0,52.0,54.0,60.0,72.0,95.0,63.0,69.0,40.0,37.0,64.0,51.0,65.0,76.0,70.0,71.0,90.0,95.0,80.0,74.0,79.0,73.0,74.0,38.0,42.0,67.0,2022,76.5
Jakob Poeltl,San Antonio Spurs,78.0,97.0,79.0,45.0,48.0,80.0,80.0,63.0,75.0,60.0,77.0,60.0,75.0,64.0,85.0,81.0,45.0,38.0,85.0,79.0,67.0,80.0,51.0,74.0,57.0,80.0,84.0,80.0,69.0,38.0,31.0,62.0,54.0,89.0,76.0,2022,35.5
Josh Richardson,San Antonio Spurs,76.0,82.0,82.0,85.0,82.0,75.0,65.0,75.0,50.0,78.0,30.0,48.0,32.0,35.0,80.0,69.0,84.0,49.0,56.0,80.0,80.0,80.0,80.0,57.0,72.0,95.0,80.0,83.0,69.0,78.0,79.0,68.0,40.0,38.0,48.0,2022,82.5
Devin Vassell,San Antonio Spurs,76.0,85.0,83.0,80.0,70.0,95.0,80.0,66.0,40.0,60.0,37.0,44.0,70.0,40.0,80.0,62.0,82.0,56.0,57.0,81.0,85.0,75.0,72.0,60.0,77.0,89.0,80.0,82.0,69.0,66.0,65.0,70.0,39.0,36.0,62.0,2022,76.0
Isaiah Roby,San Antonio Spurs,75.0,83.0,74.0,80.0,75.0,95.0,80.0,78.0,75.0,75.0,50.0,51.0,62.0,60.0,85.0,62.0,60.0,53.0,72.0,60.0,60.0,50.0,74.0,60.0,79.0,80.0,85.0,80.0,48.0,55.0,50.0,47.0,45.0,65.0,65.0,2022,67.5
Zach Collins,San Antonio Spurs,74.0,74.0,50.0,77.0,75.0,65.0,40.0,70.0,70.0,65.0,72.0,70.0,70.0,50.0,75.0,68.0,45.0,40.0,77.0,70.0,65.0,50.0,66.0,60.0,79.0,78.0,80.0,80.0,30.0,40.0,38.0,30.0,61.0,68.0,82.0,2022,61.0
Keita Bates-Diop,San Antonio Spurs,74.0,83.0,72.0,73.0,69.0,75.0,65.0,74.0,55.0,65.0,54.0,63.0,60.0,50.0,70.0,63.0,63.0,42.0,51.0,60.0,60.0,35.0,77.0,60.0,72.0,80.0,70.0,76.0,58.0,66.0,66.0,56.0,31.0,58.0,72.0,2022,75.5
Gorgui Dieng,San Antonio Spurs,74.0,85.0,66.0,79.0,87.0,65.0,50.0,59.0,70.0,64.0,76.0,55.0,72.0,70.0,70.0,69.0,43.0,43.0,71.0,80.0,59.0,65.0,43.0,73.0,70.0,91.0,83.0,83.0,31.0,35.0,31.0,62.0,48.0,68.0,87.0,2022,49.0
Tre Jones,San Antonio Spurs,74.0,94.0,84.0,60.0,81.0,75.0,65.0,70.0,25.0,35.0,32.0,34.0,30.0,40.0,80.0,34.0,75.0,53.0,37.0,70.0,76.0,65.0,74.0,60.0,71.0,85.0,75.0,81.0,79.0,79.0,74.0,79.0,73.0,37.0,53.0,2022,76.5
Doug McDermott,San Antonio Spurs,74.0,86.0,79.0,86.0,81.0,70.0,70.0,79.0,50.0,65.0,60.0,66.0,62.0,60.0,75.0,52.0,58.0,31.0,35.0,63.0,50.0,40.0,59.0,60.0,67.0,81.0,67.0,83.0,65.0,67.0,47.0,65.0,33.0,32.0,46.0,2022,56.5
Jeremy Sochan,San Antonio Spurs,73.0,73.0,70.0,70.0,59.0,70.0,60.0,78.0,60.0,80.0,48.0,52.0,53.0,66.0,70.0,65.0,70.0,53.0,53.0,69.0,68.0,45.0,70.0,60.0,74.0,80.0,80.0,80.0,68.0,67.0,65.0,64.0,54.0,55.0,68.0,2022,71.5
Malaki Branham,San Antonio Spurs,72.0,72.0,81.0,80.0,83.0,60.0,60.0,74.0,60.0,75.0,47.0,44.0,49.0,52.0,95.0,45.0,63.0,42.0,51.0,54.0,52.0,45.0,82.0,55.0,75.0,86.0,70.0,80.0,59.0,69.0,74.0,59.0,44.0,38.0,51.0,2022,79.5
Alize Johnson,San Antonio Spurs,72.0,73.0,72.0,69.0,74.0,60.0,35.0,70.0,70.0,70.0,57.0,54.0,64.0,40.0,80.0,64.0,44.0,40.0,52.0,63.0,55.0,35.0,54.0,60.0,53.0,80.0,80.0,85.0,64.0,68.0,50.0,65.0,33.0,91.0,81.0,2022,59.5
Joshua Primo,San Antonio Spurs,72.0,73.0,77.0,73.0,75.0,85.0,85.0,69.0,40.0,60.0,34.0,34.0,34.0,39.0,95.0,44.0,70.0,37.0,60.0,70.0,55.0,60.0,76.0,27.0,71.0,85.0,85.0,80.0,64.0,70.0,73.0,64.0,41.0,42.0,47.0,2022,76.5
Blake Wesley,San Antonio Spurs,71.0,72.0,73.0,72.0,66.0,70.0,60.0,74.0,40.0,86.0,54.0,57.0,50.0,59.0,80.0,49.0,71.0,41.0,42.0,60.0,63.0,50.0,78.0,40.0,84.0,92.0,75.0,80.0,69.0,83.0,77.0,68.0,54.0,34.0,64.0,2022,76.0
Joe Wieskamp,San Antonio Spurs,70.0,65.0,72.0,75.0,68.0,65.0,50.0,72.0,30.0,75.0,35.0,34.0,30.0,54.0,90.0,35.0,60.0,36.0,51.0,50.0,44.0,40.0,84.0,30.0,85.0,80.0,84.0,80.0,64.0,71.0,75.0,63.0,30.0,35.0,37.0,2022,75.0
Romeo Langford,San Antonio Spurs,70.0,82.0,72.0,77.0,72.0,45.0,55.0,73.0,35.0,65.0,35.0,58.0,37.0,44.0,80.0,42.0,65.0,42.0,58.0,69.0,50.0,35.0,81.0,42.0,81.0,92.0,75.0,80.0,70.0,79.0,78.0,69.0,28.0,46.0,51.0,2022,78.5
Jordan Hall,San Antonio Spurs,67.0,70.0,70.0,76.0,74.0,40.0,35.0,70.0,55.0,55.0,55.0,57.0,57.0,42.0,70.0,50.0,60.0,50.0,44.0,65.0,60.0,55.0,66.0,62.0,66.0,85.0,64.0,80.0,65.0,74.0,65.0,66.0,63.0,44.0,49.0,2022,66.0
Dominick Barlow,San Antonio Spurs,66.0,69.0,68.0,70.0,70.0,40.0,40.0,65.0,60.0,75.0,52.0,50.0,52.0,35.0,75.0,50.0,47.0,37.0,65.0,57.0,49.0,40.0,68.0,62.0,75.0,80.0,60.0,80.0,51.0,69.0,64.0,52.0,37.0,57.0,66.0,2022,62.5
Pascal Siakam,Toronto Raptors,86.0,95.0,76.0,78.0,74.0,98.0,98.0,82.0,85.0,80.0,79.0,79.0,79.0,79.0,84.0,86.0,79.0,46.0,56.0,86.0,82.0,80.0,76.0,70.0,79.0,95.0,85.0,82.0,72.0,79.0,69.0,70.0,71.0,50.0,76.0,2022,78.0
Scottie Barnes,Toronto Raptors,84.0,93.0,78.0,72.0,73.0,95.0,95.0,84.0,80.0,80.0,58.0,57.0,57.0,65.0,85.0,75.0,75.0,43.0,61.0,75.0,76.0,75.0,82.0,74.0,92.0,88.0,85.0,80.0,77.0,79.0,77.0,78.0,58.0,63.0,65.0,2022,79.5
Fred VanVleet,Toronto Raptors,83.0,68.0,85.0,82.0,86.0,98.0,95.0,86.0,25.0,35.0,30.0,32.0,28.0,82.0,98.0,27.0,83.0,70.0,53.0,79.0,74.0,80.0,83.0,42.0,75.0,95.0,94.0,82.0,89.0,86.0,83.0,92.0,73.0,34.0,53.0,2022,83.0
OG Anunoby,Toronto Raptors,81.0,69.0,74.0,80.0,83.0,85.0,80.0,79.0,60.0,85.0,38.0,37.0,36.0,70.0,80.0,76.0,87.0,63.0,53.0,85.0,84.0,85.0,81.0,68.0,85.0,85.0,85.0,81.0,58.0,72.0,71.0,52.0,42.0,47.0,56.0,2022,85.0
Gary Trent Jr.,Toronto Raptors,78.0,85.0,79.0,82.0,91.0,90.0,90.0,82.0,40.0,75.0,44.0,57.0,46.0,69.0,73.0,50.0,61.0,76.0,45.0,60.0,64.0,35.0,85.0,58.0,90.0,80.0,70.0,82.0,70.0,71.0,77.0,71.0,37.0,30.0,44.0,2022,79.5
Chris Boucher,Toronto Raptors,76.0,84.0,59.0,72.0,72.0,65.0,40.0,74.0,85.0,80.0,72.0,64.0,72.0,50.0,85.0,78.0,37.0,42.0,81.0,84.0,50.0,70.0,57.0,80.0,74.0,89.0,95.0,77.0,33.0,41.0,25.0,59.0,27.0,74.0,79.0,2022,48.5
Precious Achiuwa,Toronto Raptors,76.0,70.0,64.0,79.0,57.0,80.0,75.0,78.0,85.0,80.0,57.0,44.0,42.0,63.0,75.0,75.0,56.0,38.0,62.0,73.0,89.0,55.0,75.0,78.0,79.0,84.0,88.0,76.0,36.0,49.0,66.0,50.0,33.0,66.0,80.0,2022,70.0
Otto Porter Jr.,Toronto Raptors,76.0,88.0,85.0,81.0,83.0,75.0,70.0,75.0,45.0,70.0,65.0,67.0,58.0,57.0,84.0,63.0,73.0,73.0,60.0,66.0,64.0,45.0,68.0,60.0,73.0,93.0,70.0,79.0,70.0,77.0,66.0,70.0,38.0,59.0,78.0,2022,71.5
Khem Birch,Toronto Raptors,75.0,89.0,68.0,55.0,73.0,75.0,60.0,69.0,85.0,70.0,61.0,60.0,60.0,64.0,85.0,77.0,48.0,43.0,66.0,79.0,60.0,65.0,71.0,73.0,78.0,82.0,90.0,83.0,25.0,32.0,34.0,40.0,34.0,83.0,60.0,2022,62.0
Thaddeus Young,Toronto Raptors,74.0,92.0,60.0,77.0,45.0,25.0,25.0,78.0,70.0,70.0,70.0,65.0,65.0,30.0,80.0,82.0,70.0,87.0,60.0,82.0,70.0,80.0,72.0,80.0,83.0,78.0,85.0,85.0,69.0,65.0,50.0,82.0,66.0,69.0,67.0,2022,70.5
Malachi Flynn,Toronto Raptors,74.0,89.0,79.0,76.0,83.0,84.0,80.0,84.0,25.0,25.0,25.0,37.0,25.0,69.0,73.0,27.0,69.0,56.0,42.0,69.0,68.0,55.0,73.0,44.0,65.0,83.0,70.0,82.0,74.0,76.0,73.0,73.0,67.0,34.0,53.0,2022,74.5
Josh Jackson,Toronto Raptors,72.0,78.0,77.0,64.0,70.0,65.0,65.0,84.0,55.0,75.0,50.0,54.0,59.0,59.0,85.0,62.0,74.0,43.0,63.0,68.0,75.0,55.0,81.0,53.0,86.0,80.0,75.0,80.0,55.0,69.0,68.0,44.0,40.0,37.0,66.0,2022,76.5
Juancho Hernangomez,Toronto Raptors,72.0,69.0,68.0,78.0,64.0,75.0,55.0,72.0,60.0,70.0,70.0,68.0,70.0,42.0,72.0,64.0,64.0,46.0,60.0,62.0,47.0,55.0,62.0,60.0,70.0,80.0,80.0,83.0,55.0,64.0,47.0,62.0,31.0,60.0,68.0,2022,64.0
Dalano Banton,Toronto Raptors,72.0,63.0,75.0,64.0,75.0,88.0,55.0,79.0,30.0,65.0,30.0,45.0,48.0,65.0,80.0,40.0,60.0,59.0,53.0,60.0,62.0,50.0,76.0,66.0,75.0,80.0,75.0,80.0,74.0,70.0,72.0,76.0,69.0,52.0,61.0,2022,74.0
D.J. Wilson,Toronto Raptors,71.0,83.0,73.0,75.0,68.0,70.0,60.0,70.0,50.0,66.0,69.0,65.0,55.0,60.0,74.0,60.0,37.0,40.0,72.0,66.0,50.0,40.0,63.0,63.0,62.0,83.0,90.0,75.0,60.0,69.0,56.0,65.0,34.0,48.0,83.0,2022,65.5
Armoni Brooks,Toronto Raptors,71.0,76.0,79.0,72.0,81.0,98.0,80.0,69.0,30.0,55.0,39.0,36.0,28.0,65.0,70.0,32.0,64.0,46.0,52.0,60.0,48.0,45.0,70.0,45.0,66.0,80.0,80.0,81.0,70.0,76.0,69.0,69.0,41.0,37.0,51.0,2022,70.0
Christian Koloko,Toronto Raptors,70.0,62.0,60.0,29.0,73.0,60.0,80.0,64.0,70.0,70.0,54.0,50.0,51.0,50.0,70.0,70.0,37.0,38.0,78.0,70.0,50.0,55.0,72.0,59.0,75.0,80.0,80.0,80.0,37.0,42.0,44.0,52.0,33.0,68.0,66.0,2022,54.5
Justin Champagnie,Toronto Raptors,70.0,70.0,67.0,75.0,71.0,75.0,50.0,74.0,65.0,75.0,48.0,44.0,40.0,45.0,75.0,49.0,52.0,42.0,53.0,55.0,52.0,40.0,73.0,40.0,78.0,80.0,92.0,80.0,62.0,65.0,66.0,62.0,30.0,78.0,62.0,2022,70.5
Ron Harper Jr.,Toronto Raptors,68.0,70.0,72.0,76.0,79.0,60.0,50.0,72.0,40.0,70.0,44.0,45.0,30.0,47.0,85.0,42.0,60.0,43.0,47.0,60.0,52.0,55.0,69.0,47.0,70.0,80.0,75.0,80.0,58.0,72.0,63.0,55.0,33.0,34.0,46.0,2022,69.0
Jeff Dowtin,Toronto Raptors,67.0,70.0,70.0,76.0,76.0,70.0,40.0,70.0,30.0,75.0,35.0,42.0,30.0,40.0,78.0,30.0,60.0,43.0,50.0,58.0,52.0,40.0,70.0,30.0,75.0,80.0,84.0,80.0,70.0,70.0,70.0,68.0,55.0,66.0,52.0,2022,70.0
Mike Conley,Utah Jazz,82.0,91.0,71.0,84.0,83.0,80.0,80.0,76.0,25.0,30.0,25.0,40.0,29.0,75.0,84.0,31.0,83.0,70.0,47.0,83.0,80.0,80.0,83.0,40.0,92.0,85.0,80.0,82.0,90.0,89.0,83.0,90.0,73.0,37.0,47.0,2022,83.0
Bojan Bogdanovic,Utah Jazz,80.0,91.0,74.0,82.0,85.0,90.0,85.0,79.0,40.0,70.0,49.0,60.0,64.0,75.0,70.0,54.0,78.0,35.0,25.0,75.0,62.0,70.0,67.0,60.0,72.0,93.0,75.0,84.0,77.0,74.0,66.0,82.0,36.0,40.0,54.0,2022,69.5
Collin Sexton,Utah Jazz,78.0,82.0,76.0,76.0,74.0,85.0,90.0,85.0,30.0,75.0,25.0,38.0,28.0,85.0,95.0,45.0,67.0,46.0,25.0,67.0,69.0,50.0,88.0,58.0,84.0,95.0,90.0,81.0,78.0,86.0,87.0,76.0,44.0,47.0,44.0,2022,82.0
Jarred Vanderbilt,Utah Jazz,78.0,57.0,59.0,59.0,77.0,70.0,60.0,75.0,75.0,75.0,40.0,32.0,50.0,50.0,85.0,80.0,80.0,76.0,63.0,82.0,88.0,80.0,75.0,70.0,80.0,75.0,95.0,78.0,60.0,65.0,65.0,38.0,32.0,80.0,84.0,2022,76.5
Lauri Markkanen,Utah Jazz,78.0,82.0,84.0,79.0,86.0,75.0,80.0,68.0,70.0,70.0,73.0,74.0,74.0,82.0,85.0,66.0,49.0,40.0,53.0,66.0,54.0,45.0,63.0,61.0,62.0,85.0,58.0,80.0,55.0,65.0,42.0,70.0,32.0,42.0,67.0,2022,57.5
Jordan Clarkson,Utah Jazz,77.0,94.0,79.0,74.0,81.0,70.0,85.0,90.0,25.0,75.0,30.0,37.0,38.0,89.0,82.0,43.0,65.0,43.0,42.0,58.0,49.0,40.0,79.0,54.0,85.0,80.0,70.0,83.0,79.0,86.0,79.0,77.0,57.0,42.0,50.0,2022,77.5
Rudy Gay,Utah Jazz,75.0,72.0,74.0,78.0,79.0,75.0,75.0,70.0,55.0,70.0,68.0,75.0,80.0,60.0,76.0,68.0,61.0,40.0,56.0,66.0,51.0,35.0,73.0,65.0,81.0,94.0,79.0,76.0,70.0,78.0,71.0,56.0,34.0,55.0,73.0,2022,76.5
Malik Beasley,Utah Jazz,75.0,70.0,71.0,81.0,73.0,95.0,75.0,75.0,45.0,78.0,63.0,65.0,41.0,72.0,76.0,48.0,66.0,37.0,40.0,60.0,54.0,45.0,75.0,55.0,79.0,93.0,85.0,84.0,69.0,79.0,68.0,70.0,36.0,32.0,52.0,2022,75.0
Jared Butler,Utah Jazz,74.0,86.0,65.0,74.0,78.0,95.0,70.0,74.0,25.0,65.0,28.0,41.0,37.0,60.0,95.0,30.0,60.0,70.0,60.0,55.0,47.0,50.0,80.0,50.0,78.0,83.0,80.0,80.0,69.0,82.0,80.0,68.0,73.0,33.0,54.0,2022,77.0
Talen Horton-Tucker,Utah Jazz,74.0,80.0,77.0,67.0,83.0,95.0,75.0,76.0,30.0,65.0,42.0,51.0,42.0,72.0,80.0,44.0,74.0,56.0,56.0,70.0,70.0,50.0,63.0,65.0,67.0,85.0,85.0,80.0,74.0,76.0,60.0,74.0,59.0,37.0,52.0,2022,70.5
Ochai Agbaji,Utah Jazz,73.0,69.0,72.0,79.0,72.0,75.0,60.0,73.0,65.0,80.0,52.0,52.0,52.0,58.0,78.0,57.0,71.0,52.0,47.0,70.0,70.0,55.0,88.0,64.0,85.0,90.0,90.0,80.0,62.0,75.0,78.0,62.0,44.0,37.0,52.0,2022,82.5
Simone Fontecchio,Utah Jazz,72.0,66.0,76.0,83.0,83.0,75.0,70.0,66.0,40.0,65.0,50.0,50.0,50.0,50.0,69.0,51.0,65.0,52.0,56.0,64.0,47.0,45.0,55.0,62.0,55.0,80.0,95.0,80.0,55.0,58.0,52.0,60.0,47.0,51.0,63.0,2022,60.5
Stanley Johnson,Utah Jazz,72.0,84.0,79.0,74.0,83.0,75.0,65.0,67.0,35.0,70.0,38.0,40.0,34.0,45.0,80.0,55.0,78.0,56.0,51.0,72.0,78.0,50.0,67.0,60.0,61.0,80.0,85.0,84.0,65.0,70.0,67.0,45.0,39.0,41.0,54.0,2022,76.5
Udoka Azubuike,Utah Jazz,72.0,64.0,34.0,25.0,44.0,40.0,25.0,70.0,85.0,75.0,44.0,45.0,48.0,40.0,35.0,76.0,44.0,28.0,85.0,74.0,54.0,55.0,72.0,80.0,93.0,79.0,75.0,83.0,25.0,35.0,44.0,34.0,25.0,72.0,89.0,2022,60.5
Nickeil Alexander-Walker,Utah Jazz,72.0,74.0,55.0,73.0,77.0,90.0,85.0,85.0,40.0,60.0,54.0,58.0,64.0,60.0,88.0,52.0,75.0,43.0,55.0,70.0,74.0,55.0,72.0,60.0,70.0,90.0,75.0,80.0,75.0,81.0,72.0,76.0,62.0,38.0,53.0,2022,75.5
Leandro Bolmaro,Utah Jazz,71.0,70.0,70.0,74.0,83.0,55.0,60.0,76.0,30.0,60.0,55.0,60.0,44.0,52.0,80.0,52.0,71.0,40.0,25.0,62.0,74.0,60.0,68.0,38.0,54.0,85.0,70.0,80.0,74.0,76.0,67.0,79.0,42.0,59.0,56.0,2022,70.5
Walker Kessler,Utah Jazz,71.0,70.0,68.0,66.0,60.0,60.0,65.0,69.0,75.0,70.0,69.0,66.0,69.0,44.0,80.0,70.0,60.0,60.0,83.0,70.0,48.0,55.0,37.0,69.0,60.0,88.0,80.0,80.0,42.0,44.0,35.0,48.0,35.0,66.0,69.0,2022,39.5
Xavier Sneed,Utah Jazz,68.0,67.0,66.0,73.0,76.0,60.0,35.0,72.0,60.0,70.0,44.0,55.0,52.0,60.0,68.0,52.0,68.0,66.0,35.0,62.0,53.0,50.0,81.0,40.0,98.0,80.0,59.0,83.0,62.0,68.0,65.0,49.0,44.0,36.0,52.0,2022,66.5
Johnny Juzang,Utah Jazz,68.0,70.0,73.0,77.0,84.0,50.0,60.0,71.0,35.0,75.0,55.0,9.0,64.0,44.0,85.0,50.0,58.0,50.0,37.0,52.0,50.0,50.0,70.0,55.0,72.0,85.0,75.0,80.0,59.0,72.0,66.0,62.0,61.0,37.0,51.0,2022,66.5
Bradley Beal,Washington Wizards,87.0,85.0,87.0,82.0,84.0,85.0,95.0,95.0,30.0,84.0,55.0,55.0,54.0,95.0,92.0,45.0,66.0,40.0,47.0,75.0,65.0,40.0,76.0,62.0,87.0,98.0,78.0,82.0,82.0,88.0,76.0,85.0,75.0,40.0,53.0,2022,79.0
Kristaps Porzingis,Washington Wizards,85.0,85.0,80.0,73.0,88.0,95.0,75.0,79.0,90.0,75.0,83.0,88.0,87.0,75.0,98.0,78.0,56.0,41.0,85.0,82.0,60.0,65.0,66.0,74.0,78.0,94.0,85.0,77.0,50.0,68.0,56.0,40.0,53.0,63.0,83.0,2022,63.5
Kyle Kuzma,Washington Wizards,81.0,94.0,70.0,77.0,74.0,95.0,95.0,85.0,75.0,75.0,52.0,55.0,55.0,79.0,90.0,61.0,63.0,36.0,62.0,65.0,44.0,55.0,72.0,74.0,75.0,85.0,95.0,83.0,66.0,77.0,67.0,78.0,63.0,42.0,85.0,2022,72.5
Monte Morris,Washington Wizards,79.0,93.0,93.0,83.0,79.0,85.0,80.0,79.0,25.0,50.0,28.0,45.0,32.0,70.0,80.0,44.0,62.0,40.0,40.0,52.0,55.0,35.0,83.0,41.0,72.0,85.0,80.0,81.0,94.0,86.0,83.0,94.0,70.0,32.0,48.0,2022,76.5
Daniel Gafford,Washington Wizards,77.0,89.0,65.0,29.0,71.0,95.0,80.0,82.0,85.0,75.0,69.0,67.0,70.0,75.0,70.0,70.0,57.0,37.0,87.0,76.0,50.0,65.0,75.0,73.0,80.0,80.0,89.0,80.0,37.0,42.0,44.0,52.0,33.0,80.0,73.0,2022,64.5
Will Barton,Washington Wizards,77.0,83.0,72.0,80.0,73.0,95.0,90.0,85.0,40.0,83.0,32.0,59.0,45.0,74.0,82.0,33.0,80.0,40.0,51.0,80.0,65.0,75.0,75.0,54.0,74.0,82.0,85.0,80.0,75.0,79.0,73.0,77.0,66.0,36.0,61.0,2022,78.0
Deni Avdija,Washington Wizards,76.0,91.0,75.0,74.0,66.0,70.0,60.0,73.0,40.0,75.0,57.0,54.0,59.0,30.0,85.0,62.0,80.0,43.0,58.0,78.0,77.0,80.0,73.0,65.0,79.0,89.0,85.0,85.0,75.0,78.0,69.0,75.0,44.0,40.0,77.0,2022,76.0
Rui Hachimura,Washington Wizards,76.0,82.0,72.0,82.0,77.0,78.0,75.0,73.0,80.0,80.0,74.0,70.0,72.0,60.0,85.0,60.0,54.0,40.0,45.0,59.0,50.0,35.0,72.0,79.0,80.0,90.0,85.0,80.0,51.0,72.0,67.0,54.0,34.0,40.0,65.0,2022,70.5
Delon Wright,Washington Wizards,75.0,76.0,65.0,81.0,80.0,96.0,80.0,82.0,25.0,60.0,25.0,46.0,27.0,65.0,85.0,33.0,75.0,89.0,51.0,63.0,80.0,55.0,73.0,58.0,69.0,90.0,90.0,84.0,86.0,86.0,72.0,85.0,64.0,43.0,57.0,2022,74.0
Corey Kispert,Washington Wizards,75.0,93.0,78.0,78.0,87.0,65.0,80.0,73.0,40.0,60.0,38.0,39.0,39.0,45.0,85.0,54.0,70.0,37.0,50.0,69.0,67.0,65.0,76.0,60.0,69.0,84.0,80.0,80.0,66.0,71.0,66.0,69.0,32.0,41.0,48.0,2022,75.0
Taj Gibson,Washington Wizards,74.0,84.0,79.0,77.0,69.0,75.0,55.0,65.0,75.0,65.0,81.0,80.0,79.0,52.0,77.0,69.0,58.0,40.0,81.0,78.0,62.0,60.0,49.0,83.0,58.0,75.0,85.0,83.0,33.0,35.0,32.0,54.0,29.0,69.0,66.0,2022,51.5
Johnny Davis,Washington Wizards,74.0,79.0,81.0,74.0,79.0,70.0,55.0,75.0,40.0,70.0,49.0,51.0,47.0,69.0,80.0,68.0,73.0,46.0,37.0,68.0,55.0,60.0,78.0,54.0,75.0,85.0,70.0,80.0,70.0,82.0,70.0,70.0,62.0,36.0,38.0,2022,78.5
Vernon Carey Jr.,Washington Wizards,73.0,84.0,73.0,63.0,74.0,92.0,65.0,57.0,80.0,70.0,69.0,62.0,67.0,78.0,68.0,66.0,36.0,30.0,81.0,62.0,52.0,45.0,49.0,83.0,72.0,82.0,80.0,85.0,39.0,44.0,37.0,52.0,27.0,52.0,76.0,2022,46.5
Anthony Gill,Washington Wizards,72.0,88.0,72.0,78.0,81.0,70.0,65.0,70.0,75.0,75.0,62.0,60.0,60.0,40.0,74.0,66.0,60.0,31.0,60.0,50.0,58.0,50.0,69.0,60.0,79.0,80.0,88.0,80.0,38.0,54.0,53.0,55.0,35.0,65.0,55.0,2022,58.5
Isaiah Todd,Washington Wizards,70.0,69.0,70.0,74.0,76.0,60.0,40.0,70.0,70.0,80.0,62.0,62.0,62.0,34.0,80.0,55.0,52.0,35.0,50.0,58.0,54.0,40.0,60.0,70.0,80.0,80.0,75.0,80.0,59.0,69.0,52.0,57.0,39.0,55.0,59.0,2022,62.5
Jordan Schakel,Washington Wizards,67.0,68.0,75.0,79.0,79.0,70.0,45.0,72.0,25.0,65.0,28.0,54.0,34.0,50.0,70.0,53.0,60.0,32.0,27.0,58.0,57.0,40.0,55.0,33.0,69.0,83.0,73.0,80.0,59.0,64.0,54.0,57.0,43.0,27.0,54.0,2022,60.0
Trae Young,Atlanta Hawks,89.0,91.0,80.0,84.0,89.0,90.0,98.0,90.0,25.0,30.0,28.0,60.0,34.0,96.0,80.0,31.0,55.0,43.0,32.0,58.0,70.0,30.0,84.0,50.0,78.0,95.0,75.0,86.0,80.0,93.0,84.0,94.0,89.0,37.0,43.0,2023,77.0
Dejounte Murray,Atlanta Hawks,84.0,89.0,90.0,79.0,83.0,85.0,95.0,93.0,40.0,75.0,40.0,48.0,49.0,84.0,95.0,53.0,86.0,59.0,40.0,85.0,89.0,85.0,83.0,40.0,60.0,90.0,90.0,80.0,85.0,88.0,83.0,84.0,72.0,36.0,62.0,2023,85.0
Clint Capela,Atlanta Hawks,82.0,80.0,50.0,25.0,58.0,70.0,60.0,79.0,95.0,80.0,71.0,48.0,69.0,74.0,70.0,86.0,53.0,40.0,78.0,86.0,74.0,85.0,58.0,85.0,80.0,92.0,97.0,83.0,34.0,48.0,30.0,35.0,29.0,93.0,90.0,2023,58.5
Onyeka Okongwu,Atlanta Hawks,81.0,91.0,89.0,60.0,75.0,70.0,75.0,80.0,85.0,80.0,54.0,55.0,57.0,52.0,80.0,79.0,64.0,42.0,84.0,83.0,65.0,65.0,74.0,70.0,75.0,88.0,95.0,83.0,51.0,54.0,60.0,50.0,31.0,83.0,83.0,2023,71.5
De’Andre Hunter,Atlanta Hawks,80.0,91.0,94.0,79.0,82.0,70.0,85.0,74.0,65.0,70.0,51.0,52.0,51.0,65.0,90.0,63.0,83.0,35.0,42.0,80.0,60.0,80.0,76.0,65.0,75.0,90.0,80.0,80.0,67.0,70.0,69.0,64.0,31.0,36.0,56.0,2023,81.5
Bogdan Bogdanovic,Atlanta Hawks,79.0,94.0,80.0,84.0,82.0,70.0,90.0,79.0,50.0,65.0,62.0,57.0,57.0,59.0,85.0,51.0,63.0,42.0,51.0,60.0,60.0,50.0,75.0,63.0,78.0,89.0,67.0,77.0,74.0,79.0,73.0,79.0,52.0,32.0,52.0,2023,75.0
Saddiq Bey,Atlanta Hawks,78.0,78.0,65.0,80.0,86.0,90.0,85.0,80.0,45.0,60.0,43.0,42.0,52.0,84.0,84.0,64.0,75.0,46.0,40.0,77.0,72.0,70.0,63.0,69.0,70.0,87.0,90.0,81.0,64.0,76.0,57.0,75.0,34.0,46.0,60.0,2023,71.0
Jalen Johnson,Atlanta Hawks,76.0,85.0,78.0,72.0,65.0,70.0,70.0,81.0,70.0,65.0,66.0,74.0,69.0,53.0,80.0,66.0,66.0,49.0,67.0,60.0,57.0,40.0,76.0,68.0,82.0,85.0,80.0,80.0,68.0,58.0,74.0,69.0,41.0,52.0,85.0,2023,74.5
AJ Griffin,Atlanta Hawks,76.0,93.0,86.0,82.0,90.0,70.0,60.0,80.0,60.0,85.0,51.0,52.0,52.0,40.0,80.0,69.0,70.0,46.0,40.0,69.0,60.0,50.0,84.0,64.0,87.0,90.0,85.0,80.0,69.0,71.0,79.0,69.0,32.0,38.0,48.0,2023,80.5
Bruno Fernando,Atlanta Hawks,75.0,68.0,65.0,42.0,55.0,25.0,25.0,75.0,80.0,78.0,64.0,63.0,65.0,50.0,75.0,64.0,44.0,35.0,88.0,65.0,62.0,40.0,74.0,85.0,75.0,85.0,85.0,80.0,52.0,50.0,50.0,65.0,44.0,90.0,81.0,2023,67.0
Patty Mills,Atlanta Hawks,74.0,64.0,85.0,80.0,90.0,90.0,70.0,79.0,25.0,25.0,25.0,37.0,25.0,50.0,73.0,27.0,65.0,41.0,35.0,61.0,61.0,40.0,83.0,51.0,66.0,82.0,70.0,82.0,79.0,86.0,83.0,84.0,53.0,33.0,41.0,2023,77.5
Garrison Mathews,Atlanta Hawks,73.0,74.0,78.0,78.0,92.0,82.0,80.0,79.0,45.0,55.0,36.0,47.0,48.0,54.0,95.0,42.0,59.0,53.0,40.0,58.0,52.0,45.0,50.0,44.0,65.0,89.0,88.0,79.0,71.0,76.0,47.0,82.0,30.0,34.0,48.0,2023,55.0
Wesley Matthews,Atlanta Hawks,72.0,77.0,68.0,77.0,86.0,70.0,30.0,78.0,45.0,50.0,63.0,65.0,65.0,45.0,85.0,38.0,78.0,42.0,53.0,75.0,79.0,70.0,70.0,55.0,70.0,85.0,80.0,84.0,72.0,75.0,68.0,77.0,29.0,52.0,47.0,2023,77.0
Trent Forrest,Atlanta Hawks,71.0,89.0,72.0,62.0,85.0,60.0,65.0,83.0,40.0,60.0,59.0,62.0,62.0,72.0,95.0,58.0,60.0,42.0,45.0,60.0,55.0,40.0,82.0,59.0,75.0,80.0,80.0,80.0,70.0,76.0,78.0,68.0,62.0,37.0,52.0,2023,76.0
Jayson Tatum,Boston Celtics,95.0,95.0,90.0,87.0,86.0,98.0,98.0,95.0,50.0,89.0,74.0,84.0,83.0,97.0,98.0,81.0,89.0,74.0,75.0,89.0,90.0,85.0,82.0,71.0,83.0,95.0,98.0,80.0,78.0,86.0,79.0,84.0,72.0,74.0,82.0,2023,85.0
Jaylen Brown,Boston Celtics,89.0,93.0,92.0,83.0,79.0,98.0,98.0,94.0,40.0,89.0,67.0,69.0,80.0,93.0,95.0,70.0,87.0,74.0,50.0,86.0,84.0,85.0,79.0,69.0,84.0,95.0,95.0,82.0,78.0,86.0,76.0,84.0,62.0,43.0,67.0,2023,84.0
Kristaps Porzingis,Boston Celtics,86.0,98.0,83.0,82.0,85.0,98.0,98.0,79.0,90.0,75.0,84.0,88.0,87.0,75.0,98.0,78.0,56.0,41.0,80.0,82.0,60.0,65.0,66.0,74.0,78.0,94.0,85.0,77.0,50.0,68.0,56.0,40.0,44.0,57.0,80.0,2023,63.5
Malcolm Brogdon,Boston Celtics,83.0,88.0,97.0,89.0,88.0,80.0,85.0,87.0,40.0,70.0,44.0,45.0,40.0,92.0,92.0,65.0,77.0,40.0,47.0,77.0,74.0,65.0,77.0,56.0,72.0,93.0,95.0,84.0,89.0,86.0,77.0,92.0,70.0,37.0,63.0,2023,78.5
Robert Williams III,Boston Celtics,83.0,95.0,69.0,25.0,63.0,70.0,65.0,82.0,90.0,75.0,60.0,50.0,65.0,54.0,75.0,88.0,40.0,38.0,90.0,88.0,88.0,90.0,71.0,83.0,75.0,80.0,90.0,81.0,57.0,48.0,38.0,62.0,40.0,91.0,87.0,2023,63.0
Derrick White,Boston Celtics,82.0,93.0,79.0,81.0,88.0,98.0,80.0,74.0,40.0,55.0,35.0,51.0,35.0,83.0,90.0,38.0,82.0,40.0,67.0,76.0,69.0,65.0,90.0,46.0,75.0,85.0,78.0,81.0,88.0,86.0,88.0,82.0,68.0,37.0,52.0,2023,86.0
Al Horford,Boston Celtics,82.0,97.0,86.0,87.0,86.0,70.0,65.0,65.0,70.0,65.0,76.0,84.0,83.0,40.0,84.0,82.0,68.0,35.0,66.0,85.0,78.0,85.0,53.0,91.0,69.0,95.0,85.0,78.0,79.0,50.0,33.0,84.0,50.0,46.0,69.0,2023,57.5
Blake Griffin,Boston Celtics,75.0,90.0,45.0,78.0,63.0,50.0,40.0,73.0,75.0,75.0,70.0,70.0,70.0,40.0,85.0,73.0,59.0,40.0,51.0,70.0,40.0,55.0,68.0,85.0,85.0,95.0,75.0,88.0,75.0,77.0,66.0,74.0,46.0,66.0,75.0,2023,68.0
Sam Hauser,Boston Celtics,75.0,74.0,77.0,85.0,89.0,95.0,80.0,60.0,40.0,60.0,44.0,45.0,45.0,55.0,95.0,48.0,55.0,38.0,55.0,52.0,44.0,45.0,61.0,66.0,62.0,85.0,88.0,80.0,50.0,43.0,55.0,60.0,34.0,41.0,61.0,2023,61.5
Dalano Banton,Boston Celtics,75.0,73.0,82.0,74.0,75.0,95.0,80.0,79.0,30.0,65.0,30.0,45.0,48.0,79.0,80.0,40.0,68.0,84.0,79.0,60.0,62.0,60.0,76.0,66.0,75.0,80.0,75.0,80.0,78.0,76.0,72.0,79.0,65.0,48.0,58.0,2023,74.0
Luke Kornet,Boston Celtics,74.0,83.0,56.0,70.0,81.0,65.0,60.0,60.0,75.0,60.0,69.0,68.0,69.0,48.0,85.0,74.0,32.0,33.0,86.0,76.0,54.0,70.0,38.0,66.0,62.0,85.0,85.0,77.0,50.0,43.0,33.0,60.0,35.0,82.0,63.0,2023,35.5
Sviatoslav Mykhailiuk,Boston Celtics,74.0,86.0,80.0,83.0,88.0,80.0,75.0,74.0,40.0,55.0,42.0,47.0,38.0,49.0,94.0,37.0,55.0,43.0,37.0,50.0,54.0,30.0,82.0,54.0,69.0,81.0,65.0,79.0,69.0,64.0,75.0,64.0,63.0,39.0,48.0,2023,74.5
Oshae Brissett,Boston Celtics,73.0,69.0,67.0,74.0,70.0,95.0,75.0,75.0,70.0,75.0,64.0,62.0,59.0,54.0,81.0,57.0,40.0,43.0,50.0,57.0,50.0,35.0,63.0,75.0,79.0,85.0,80.0,83.0,47.0,59.0,52.0,54.0,29.0,56.0,67.0,2023,59.5
Payton Pritchard,Boston Celtics,73.0,80.0,82.0,78.0,88.0,85.0,65.0,77.0,25.0,35.0,40.0,46.0,35.0,40.0,75.0,36.0,60.0,40.0,30.0,60.0,45.0,35.0,75.0,41.0,66.0,84.0,78.0,81.0,79.0,79.0,75.0,82.0,45.0,47.0,46.0,2023,74.5
Mfiondu Kabengele,Boston Celtics,70.0,70.0,74.0,58.0,76.0,60.0,40.0,68.0,80.0,80.0,54.0,50.0,60.0,40.0,75.0,72.0,58.0,42.0,80.0,72.0,44.0,50.0,72.0,75.0,72.0,85.0,80.0,80.0,34.0,54.0,55.0,48.0,36.0,48.0,70.0,2023,63.5
JD Davison,Boston Celtics,69.0,70.0,73.0,71.0,73.0,50.0,50.0,72.0,25.0,85.0,30.0,31.0,38.0,40.0,80.0,25.0,56.0,69.0,61.0,55.0,54.0,45.0,85.0,54.0,84.0,88.0,45.0,80.0,72.0,86.0,84.0,75.0,72.0,36.0,55.0,2023,81.0
Jay Scrubb,Boston Celtics,67.0,60.0,68.0,70.0,75.0,50.0,50.0,71.0,45.0,80.0,40.0,44.0,51.0,37.0,78.0,44.0,60.0,46.0,45.0,57.0,64.0,40.0,74.0,55.0,82.0,80.0,70.0,79.0,57.0,70.0,69.0,52.0,39.0,34.0,54.0,2023,74.0
Mikal Bridges,Brooklyn Nets,86.0,89.0,88.0,86.0,90.0,98.0,98.0,75.0,40.0,75.0,55.0,57.0,57.0,80.0,80.0,69.0,89.0,80.0,62.0,82.0,86.0,85.0,80.0,68.0,85.0,92.0,95.0,84.0,78.0,82.0,72.0,88.0,53.0,40.0,51.0,2023,84.5
Nicolas Claxton,Brooklyn Nets,84.0,95.0,64.0,67.0,52.0,75.0,50.0,75.0,80.0,75.0,72.0,64.0,72.0,55.0,80.0,89.0,77.0,41.0,92.0,90.0,64.0,85.0,69.0,71.0,79.0,90.0,89.0,80.0,40.0,49.0,44.0,48.0,37.0,68.0,86.0,2023,71.5
Cameron Johnson,Brooklyn Nets,81.0,88.0,80.0,85.0,81.0,89.0,90.0,79.0,60.0,60.0,69.0,69.0,69.0,64.0,57.0,65.0,69.0,59.0,51.0,64.0,68.0,65.0,70.0,60.0,79.0,85.0,86.0,78.0,59.0,59.0,43.0,66.0,36.0,38.0,62.0,2023,69.5
Spencer Dinwiddie,Brooklyn Nets,81.0,83.0,89.0,82.0,82.0,90.0,95.0,84.0,35.0,55.0,49.0,52.0,52.0,87.0,98.0,42.0,74.0,40.0,45.0,68.0,59.0,70.0,82.0,45.0,75.0,95.0,85.0,77.0,88.0,88.0,82.0,90.0,85.0,31.0,49.0,2023,79.5
Cameron Thomas,Brooklyn Nets,78.0,86.0,79.0,82.0,86.0,70.0,95.0,79.0,50.0,75.0,58.0,70.0,75.0,78.0,74.0,41.0,59.0,38.0,40.0,59.0,58.0,40.0,77.0,54.0,79.0,86.0,65.0,80.0,59.0,78.0,70.0,52.0,50.0,30.0,50.0,2023,76.0
Dorian Finney-Smith,Brooklyn Nets,77.0,74.0,71.0,77.0,75.0,90.0,85.0,77.0,40.0,84.0,47.0,40.0,40.0,48.0,72.0,72.0,81.0,42.0,53.0,74.0,74.0,75.0,67.0,62.0,83.0,80.0,80.0,81.0,65.0,60.0,44.0,61.0,33.0,56.0,53.0,2023,74.0
Trendon Watford,Brooklyn Nets,77.0,92.0,68.0,75.0,72.0,80.0,85.0,79.0,75.0,80.0,69.0,69.0,69.0,69.0,70.0,66.0,52.0,43.0,47.0,52.0,50.0,40.0,63.0,79.0,80.0,85.0,80.0,80.0,59.0,50.0,57.0,62.0,60.0,47.0,73.0,2023,57.5
Lonnie Walker IV,Brooklyn Nets,76.0,88.0,71.0,82.0,87.0,75.0,70.0,82.0,40.0,75.0,48.0,53.0,48.0,67.0,75.0,55.0,74.0,38.0,50.0,62.0,65.0,35.0,91.0,64.0,83.0,85.0,65.0,82.0,70.0,78.0,77.0,67.0,33.0,31.0,42.0,2023,84.5
Darius Bazley,Brooklyn Nets,76.0,83.0,70.0,80.0,69.0,85.0,80.0,79.0,50.0,80.0,59.0,54.0,50.0,69.0,80.0,55.0,56.0,46.0,83.0,60.0,59.0,35.0,73.0,60.0,82.0,80.0,75.0,80.0,50.0,69.0,70.0,47.0,34.0,52.0,71.0,2023,71.0
Royce O’Neale,Brooklyn Nets,76.0,55.0,67.0,83.0,74.0,95.0,55.0,74.0,55.0,70.0,54.0,52.0,59.0,59.0,75.0,68.0,83.0,41.0,56.0,84.0,68.0,80.0,62.0,67.0,65.0,80.0,80.0,82.0,60.0,68.0,62.0,63.0,60.0,38.0,62.0,2023,72.5
Ben Simmons,Brooklyn Nets,76.0,91.0,46.0,50.0,55.0,30.0,30.0,80.0,83.0,86.0,76.0,73.0,78.0,50.0,75.0,79.0,84.0,73.0,58.0,84.0,75.0,85.0,92.0,80.0,85.0,97.0,80.0,83.0,79.0,86.0,84.0,80.0,75.0,47.0,81.0,2023,87.5
Dennis Smith Jr.,Brooklyn Nets,74.0,76.0,56.0,70.0,74.0,80.0,75.0,76.0,25.0,85.0,30.0,31.0,38.0,69.0,80.0,25.0,66.0,80.0,56.0,65.0,75.0,45.0,86.0,54.0,91.0,88.0,45.0,80.0,76.0,86.0,85.0,75.0,72.0,35.0,52.0,2023,82.0
Day’Ron Sharpe,Brooklyn Nets,73.0,71.0,49.0,29.0,50.0,80.0,50.0,73.0,75.0,70.0,48.0,35.0,48.0,44.0,80.0,69.0,60.0,33.0,81.0,69.0,55.0,60.0,61.0,79.0,73.0,80.0,90.0,80.0,62.0,58.0,38.0,66.0,39.0,82.0,83.0,2023,60.5
David Duke Jr.,Brooklyn Nets,72.0,68.0,73.0,69.0,79.0,90.0,75.0,70.0,40.0,60.0,30.0,40.0,39.0,70.0,70.0,40.0,60.0,56.0,42.0,55.0,37.0,35.0,83.0,55.0,72.0,80.0,45.0,83.0,62.0,73.0,78.0,60.0,43.0,53.0,44.0,2023,76.5
Armoni Brooks,Brooklyn Nets,71.0,76.0,79.0,72.0,81.0,98.0,80.0,69.0,30.0,55.0,39.0,36.0,28.0,65.0,70.0,32.0,64.0,46.0,51.0,60.0,48.0,45.0,70.0,45.0,66.0,80.0,80.0,81.0,70.0,76.0,69.0,69.0,41.0,37.0,52.0,2023,70.0
Raiquan Gray,Brooklyn Nets,69.0,68.0,72.0,77.0,64.0,50.0,40.0,70.0,65.0,75.0,57.0,57.0,57.0,47.0,95.0,60.0,52.0,65.0,59.0,52.0,65.0,45.0,66.0,70.0,75.0,82.0,85.0,84.0,67.0,67.0,63.0,60.0,51.0,57.0,70.0,2023,64.0
LaMelo Ball,Charlotte Hornets,86.0,80.0,80.0,81.0,86.0,98.0,98.0,88.0,45.0,75.0,52.0,58.0,52.0,82.0,98.0,45.0,70.0,53.0,47.0,79.0,89.0,75.0,84.0,50.0,79.0,93.0,89.0,82.0,94.0,88.0,84.0,94.0,90.0,41.0,65.0,2023,83.5
Miles Bridges,Charlotte Hornets,83.0,90.0,78.0,78.0,77.0,97.0,98.0,92.0,60.0,91.0,59.0,60.0,80.0,88.0,79.0,60.0,59.0,41.0,62.0,62.0,68.0,45.0,75.0,73.0,82.0,88.0,75.0,85.0,69.0,76.0,71.0,74.0,62.0,41.0,69.0,2023,74.0
Kelly Oubre Jr.,Charlotte Hornets,80.0,73.0,85.0,77.0,76.0,98.0,98.0,79.0,40.0,84.0,45.0,53.0,52.0,84.0,88.0,49.0,74.0,59.0,50.0,70.0,75.0,55.0,72.0,58.0,95.0,90.0,75.0,84.0,73.0,78.0,69.0,80.0,30.0,47.0,57.0,2023,79.0
Terry Rozier III,Charlotte Hornets,80.0,80.0,85.0,77.0,81.0,98.0,95.0,84.0,40.0,75.0,45.0,53.0,48.0,89.0,98.0,55.0,75.0,46.0,40.0,59.0,65.0,50.0,82.0,62.0,84.0,98.0,92.0,82.0,84.0,88.0,82.0,89.0,71.0,36.0,50.0,2023,79.5
Gordon Hayward,Charlotte Hornets,79.0,91.0,89.0,76.0,80.0,65.0,80.0,85.0,40.0,75.0,40.0,65.0,58.0,65.0,91.0,56.0,73.0,41.0,42.0,73.0,58.0,65.0,80.0,63.0,75.0,88.0,80.0,78.0,74.0,77.0,77.0,79.0,67.0,36.0,56.0,2023,76.5
Nick Richards,Charlotte Hornets,78.0,60.0,69.0,25.0,76.0,95.0,80.0,62.0,80.0,80.0,52.0,47.0,52.0,55.0,80.0,75.0,47.0,31.0,86.0,78.0,40.0,70.0,72.0,65.0,75.0,81.0,85.0,84.0,37.0,35.0,49.0,36.0,29.0,86.0,81.0,2023,61.0
Brandon Miller,Charlotte Hornets,78.0,,,,,,,,,,,,,,,,,,,,,,,,,,,,,,,,,,,2023,
Mark Williams,Charlotte Hornets,77.0,72.0,53.0,36.0,73.0,70.0,55.0,75.0,85.0,75.0,60.0,60.0,60.0,73.0,85.0,79.0,44.0,70.0,89.0,75.0,60.0,65.0,65.0,73.0,75.0,85.0,88.0,80.0,44.0,35.0,32.0,52.0,27.0,79.0,89.0,2023,56.5
P.J. Washington,Charlotte Hornets,77.0,88.0,65.0,78.0,72.0,98.0,85.0,74.0,65.0,80.0,68.0,70.0,71.0,74.0,95.0,62.0,52.0,41.0,70.0,64.0,62.0,40.0,75.0,68.0,69.0,85.0,85.0,79.0,55.0,70.0,63.0,60.0,41.0,40.0,57.0,2023,71.0
Cody Martin,Charlotte Hornets,75.0,72.0,60.0,82.0,73.0,95.0,70.0,85.0,25.0,75.0,59.0,59.0,55.0,79.0,75.0,48.0,69.0,70.0,56.0,69.0,69.0,60.0,58.0,58.0,75.0,90.0,90.0,80.0,74.0,73.0,57.0,78.0,42.0,47.0,54.0,2023,65.0
Theo Maledon,Charlotte Hornets,74.0,79.0,75.0,77.0,91.0,94.0,60.0,79.0,35.0,50.0,37.0,49.0,40.0,64.0,80.0,37.0,56.0,70.0,50.0,40.0,54.0,30.0,77.0,39.0,72.0,84.0,75.0,80.0,84.0,83.0,77.0,84.0,69.0,33.0,63.0,2023,71.0
Kai Jones,Charlotte Hornets,72.0,68.0,69.0,69.0,69.0,60.0,60.0,64.0,80.0,80.0,41.0,40.0,40.0,42.0,37.0,78.0,47.0,43.0,83.0,84.0,67.0,65.0,66.0,65.0,69.0,84.0,75.0,80.0,38.0,35.0,57.0,48.0,27.0,66.0,68.0,2023,65.5
Bryce McGowens,Charlotte Hornets,72.0,71.0,74.0,73.0,79.0,95.0,50.0,74.0,40.0,80.0,42.0,42.0,42.0,55.0,78.0,37.0,66.0,35.0,45.0,65.0,60.0,65.0,74.0,48.0,81.0,85.0,75.0,80.0,52.0,74.0,72.0,50.0,33.0,38.0,48.0,2023,74.5
James Bouknight,Charlotte Hornets,72.0,66.0,72.0,73.0,81.0,60.0,65.0,75.0,35.0,85.0,30.0,37.0,38.0,60.0,82.0,44.0,69.0,46.0,51.0,68.0,69.0,40.0,87.0,54.0,90.0,87.0,75.0,80.0,69.0,80.0,84.0,68.0,41.0,32.0,60.0,2023,83.5
Frank Ntilikina,Charlotte Hornets,72.0,80.0,87.0,68.0,86.0,50.0,40.0,65.0,30.0,45.0,32.0,48.0,40.0,39.0,85.0,35.0,82.0,36.0,47.0,80.0,70.0,70.0,80.0,47.0,70.0,81.0,80.0,80.0,77.0,86.0,80.0,77.0,51.0,32.0,53.0,2023,82.0
J.T. Thor,Charlotte Hornets,72.0,85.0,70.0,74.0,65.0,55.0,60.0,70.0,55.0,70.0,67.0,66.0,68.0,41.0,75.0,65.0,63.0,40.0,57.0,62.0,62.0,50.0,84.0,50.0,82.0,85.0,80.0,80.0,65.0,60.0,69.0,66.0,29.0,48.0,56.0,2023,74.0
Zach LaVine,Chicago Bulls,86.0,87.0,84.0,82.0,85.0,98.0,98.0,88.0,60.0,95.0,59.0,59.0,59.0,82.0,98.0,62.0,69.0,41.0,40.0,68.0,69.0,65.0,84.0,49.0,97.0,98.0,85.0,83.0,79.0,88.0,81.0,88.0,66.0,34.0,56.0,2023,79.5
DeMar DeRozan,Chicago Bulls,86.0,95.0,95.0,77.0,86.0,90.0,90.0,92.0,55.0,84.0,65.0,78.0,87.0,85.0,95.0,50.0,73.0,43.0,52.0,74.0,82.0,70.0,82.0,73.0,88.0,98.0,90.0,91.0,73.0,83.0,80.0,75.0,71.0,32.0,57.0,2023,79.0
Nikola Vucevic,Chicago Bulls,84.0,97.0,88.0,78.0,83.0,90.0,90.0,70.0,85.0,65.0,89.0,84.0,88.0,50.0,98.0,74.0,41.0,38.0,62.0,73.0,57.0,50.0,62.0,89.0,45.0,95.0,85.0,77.0,82.0,35.0,32.0,82.0,58.0,58.0,88.0,2023,47.5
Lonzo Ball,Chicago Bulls,81.0,55.0,65.0,84.0,79.0,92.0,85.0,79.0,30.0,75.0,35.0,44.0,40.0,59.0,84.0,60.0,86.0,80.0,62.0,85.0,90.0,85.0,85.0,52.0,80.0,93.0,70.0,80.0,88.0,86.0,85.0,89.0,70.0,41.0,62.0,2023,85.5
Alex Caruso,Chicago Bulls,78.0,70.0,67.0,80.0,81.0,65.0,50.0,70.0,35.0,75.0,30.0,43.0,29.0,45.0,68.0,31.0,89.0,96.0,66.0,88.0,89.0,90.0,82.0,31.0,72.0,85.0,85.0,81.0,78.0,78.0,82.0,80.0,62.0,39.0,52.0,2023,84.5
Andre Drummond,Chicago Bulls,78.0,82.0,47.0,47.0,54.0,40.0,30.0,73.0,95.0,85.0,70.0,45.0,75.0,40.0,80.0,77.0,52.0,76.0,66.0,74.0,70.0,70.0,60.0,95.0,79.0,89.0,85.0,81.0,52.0,45.0,49.0,70.0,32.0,96.0,97.0,2023,55.0
Patrick Williams,Chicago Bulls,77.0,64.0,83.0,85.0,87.0,70.0,75.0,68.0,60.0,65.0,44.0,42.0,40.0,50.0,80.0,70.0,76.0,42.0,67.0,80.0,65.0,65.0,70.0,64.0,77.0,88.0,75.0,81.0,60.0,70.0,64.0,62.0,31.0,43.0,56.0,2023,72.0
Javonte Green,Chicago Bulls,77.0,73.0,70.0,82.0,65.0,80.0,75.0,79.0,25.0,85.0,52.0,52.0,52.0,60.0,95.0,74.0,77.0,73.0,81.0,74.0,80.0,75.0,72.0,46.0,85.0,80.0,75.0,82.0,60.0,72.0,69.0,68.0,33.0,56.0,62.0,2023,71.5
Coby White,Chicago Bulls,76.0,85.0,82.0,81.0,86.0,70.0,70.0,79.0,30.0,65.0,34.0,45.0,49.0,67.0,80.0,49.0,64.0,46.0,35.0,66.0,64.0,45.0,85.0,56.0,81.0,90.0,85.0,80.0,77.0,86.0,84.0,77.0,63.0,30.0,55.0,2023,79.0
Jevon Carter,Chicago Bulls,75.0,66.0,85.0,86.0,81.0,77.0,75.0,75.0,25.0,35.0,32.0,34.0,30.0,40.0,80.0,34.0,79.0,56.0,53.0,72.0,75.0,70.0,76.0,60.0,71.0,85.0,76.0,81.0,75.0,79.0,76.0,70.0,57.0,35.0,48.0,2023,80.5
Torrey Craig,Chicago Bulls,75.0,58.0,60.0,82.0,72.0,95.0,50.0,79.0,35.0,60.0,50.0,62.0,55.0,50.0,70.0,74.0,79.0,41.0,66.0,79.0,75.0,75.0,63.0,49.0,73.0,80.0,35.0,80.0,52.0,69.0,58.0,50.0,35.0,65.0,66.0,2023,70.5
Ayo Dosunmu,Chicago Bulls,74.0,86.0,78.0,74.0,81.0,80.0,80.0,79.0,25.0,75.0,35.0,50.0,42.0,59.0,87.0,38.0,69.0,41.0,52.0,68.0,69.0,65.0,76.0,52.0,75.0,85.0,75.0,80.0,72.0,79.0,73.0,79.0,51.0,38.0,48.0,2023,77.0
Terry Taylor,Chicago Bulls,74.0,81.0,70.0,74.0,77.0,85.0,75.0,70.0,40.0,45.0,54.0,52.0,58.0,40.0,69.0,54.0,66.0,33.0,67.0,65.0,40.0,45.0,77.0,69.0,80.0,85.0,65.0,83.0,60.0,66.0,70.0,62.0,31.0,72.0,52.0,2023,75.5
Dalen Terry,Chicago Bulls,73.0,77.0,72.0,74.0,74.0,70.0,65.0,77.0,25.0,80.0,40.0,46.0,42.0,54.0,85.0,43.0,69.0,72.0,51.0,69.0,70.0,65.0,76.0,58.0,69.0,85.0,85.0,80.0,76.0,80.0,74.0,78.0,68.0,52.0,59.0,2023,75.5
Carlik Jones,Chicago Bulls,67.0,70.0,71.0,74.0,81.0,70.0,45.0,70.0,25.0,30.0,36.0,54.0,32.0,44.0,78.0,37.0,52.0,52.0,40.0,47.0,44.0,35.0,74.0,50.0,70.0,80.0,77.0,81.0,70.0,76.0,73.0,70.0,66.0,39.0,44.0,2023,73.5
Justin Lewis,Chicago Bulls,67.0,70.0,70.0,72.0,71.0,30.0,35.0,67.0,45.0,75.0,37.0,38.0,50.0,40.0,95.0,60.0,64.0,40.0,44.0,60.0,50.0,60.0,75.0,50.0,80.0,85.0,80.0,80.0,50.0,72.0,70.0,70.0,37.0,44.0,49.0,2023,73.5
Donovan Mitchell,Cleveland Cavaliers,92.0,98.0,89.0,88.0,90.0,98.0,98.0,97.0,50.0,92.0,37.0,49.0,44.0,98.0,98.0,68.0,75.0,66.0,50.0,79.0,79.0,75.0,96.0,60.0,97.0,96.0,95.0,80.0,84.0,90.0,86.0,92.0,75.0,41.0,51.0,2023,88.0
Darius Garland,Cleveland Cavaliers,86.0,95.0,78.0,85.0,85.0,95.0,98.0,90.0,25.0,65.0,32.0,37.0,42.0,74.0,95.0,31.0,69.0,53.0,32.0,69.0,66.0,50.0,88.0,40.0,84.0,95.0,95.0,80.0,92.0,89.0,88.0,95.0,84.0,32.0,44.0,2023,83.0
Evan Mobley,Cleveland Cavaliers,85.0,82.0,83.0,66.0,68.0,98.0,90.0,84.0,85.0,80.0,79.0,72.0,79.0,70.0,95.0,86.0,74.0,38.0,77.0,86.0,75.0,85.0,72.0,68.0,81.0,94.0,90.0,80.0,69.0,60.0,66.0,84.0,45.0,80.0,82.0,2023,70.5
Jarrett Allen,Cleveland Cavaliers,83.0,95.0,72.0,63.0,73.0,85.0,80.0,79.0,85.0,80.0,82.0,63.0,82.0,74.0,95.0,84.0,41.0,41.0,72.0,81.0,67.0,80.0,75.0,84.0,79.0,92.0,80.0,82.0,25.0,35.0,35.0,48.0,34.0,75.0,84.0,2023,62.5
Caris LeVert,Cleveland Cavaliers,77.0,74.0,66.0,81.0,72.0,80.0,80.0,84.0,60.0,75.0,52.0,54.0,49.0,79.0,95.0,45.0,74.0,46.0,47.0,70.0,68.0,60.0,75.0,54.0,80.0,92.0,80.0,78.0,75.0,86.0,72.0,84.0,67.0,40.0,56.0,2023,77.0
Isaac Okoro,Cleveland Cavaliers,76.0,88.0,60.0,79.0,75.0,90.0,65.0,80.0,45.0,75.0,47.0,49.0,50.0,50.0,95.0,68.0,85.0,49.0,56.0,80.0,82.0,85.0,77.0,67.0,80.0,89.0,80.0,82.0,69.0,72.0,73.0,69.0,33.0,44.0,48.0,2023,81.5
Max Strus,Cleveland Cavaliers,76.0,88.0,79.0,77.0,89.0,90.0,90.0,68.0,35.0,65.0,48.0,58.0,54.0,68.0,85.0,45.0,57.0,37.0,37.0,50.0,50.0,35.0,76.0,40.0,74.0,88.0,80.0,85.0,72.0,69.0,74.0,78.0,43.0,37.0,53.0,2023,70.5
Ty Jerome,Cleveland Cavaliers,75.0,93.0,87.0,82.0,83.0,75.0,60.0,79.0,40.0,45.0,38.0,37.0,40.0,65.0,80.0,40.0,66.0,41.0,42.0,65.0,68.0,50.0,69.0,56.0,62.0,85.0,85.0,80.0,84.0,86.0,68.0,84.0,71.0,29.0,47.0,2023,71.0
Ricky Rubio,Cleveland Cavaliers,75.0,73.0,60.0,70.0,76.0,85.0,70.0,79.0,25.0,25.0,25.0,40.0,26.0,47.0,92.0,32.0,78.0,76.0,51.0,76.0,70.0,60.0,75.0,27.0,60.0,88.0,73.0,80.0,84.0,86.0,75.0,88.0,73.0,35.0,62.0,2023,77.0
Raul Neto,Cleveland Cavaliers,74.0,88.0,83.0,75.0,74.0,80.0,70.0,78.0,25.0,25.0,43.0,40.0,35.0,64.0,81.0,40.0,73.0,59.0,42.0,66.0,80.0,70.0,71.0,51.0,68.0,82.0,85.0,79.0,79.0,79.0,70.0,79.0,67.0,34.0,46.0,2023,75.0
Georges Niang,Cleveland Cavaliers,73.0,92.0,73.0,84.0,84.0,80.0,70.0,77.0,25.0,50.0,70.0,71.0,70.0,40.0,74.0,60.0,55.0,37.0,47.0,62.0,60.0,40.0,44.0,60.0,72.0,88.0,80.0,84.0,65.0,67.0,44.0,70.0,34.0,33.0,56.0,2023,50.5
Dean Wade,Cleveland Cavaliers,73.0,80.0,68.0,81.0,78.0,80.0,70.0,60.0,80.0,75.0,60.0,60.0,64.0,44.0,70.0,50.0,67.0,46.0,57.0,70.0,68.0,60.0,62.0,60.0,83.0,80.0,85.0,79.0,38.0,60.0,43.0,55.0,31.0,39.0,67.0,2023,65.0
Damian Jones,Cleveland Cavaliers,73.0,85.0,78.0,67.0,76.0,50.0,30.0,70.0,85.0,75.0,52.0,40.0,60.0,35.0,84.0,76.0,40.0,32.0,86.0,80.0,40.0,65.0,63.0,80.0,92.0,80.0,80.0,78.0,34.0,35.0,38.0,48.0,28.0,69.0,72.0,2023,48.5
Sam Merrill,Cleveland Cavaliers,71.0,60.0,76.0,78.0,89.0,92.0,75.0,64.0,30.0,45.0,30.0,44.0,48.0,55.0,80.0,42.0,60.0,46.0,35.0,52.0,62.0,45.0,62.0,44.0,60.0,80.0,60.0,79.0,74.0,76.0,60.0,79.0,43.0,38.0,51.0,2023,63.0
Isaiah Mobley,Cleveland Cavaliers,70.0,68.0,70.0,69.0,68.0,65.0,55.0,60.0,60.0,71.0,58.0,57.0,58.0,58.0,90.0,61.0,44.0,41.0,69.0,55.0,44.0,45.0,58.0,62.0,69.0,87.0,65.0,80.0,68.0,49.0,44.0,75.0,54.0,60.0,81.0,2023,53.5
Mamadi Diakite,Cleveland Cavaliers,69.0,69.0,69.0,66.0,73.0,65.0,25.0,62.0,75.0,75.0,50.0,44.0,52.0,40.0,80.0,66.0,45.0,70.0,77.0,69.0,52.0,45.0,74.0,65.0,78.0,80.0,80.0,80.0,42.0,37.0,44.0,47.0,33.0,56.0,72.0,2023,66.5
Luka Doncic,Dallas Mavericks,95.0,98.0,94.0,87.0,85.0,98.0,98.0,98.0,65.0,75.0,85.0,85.0,85.0,98.0,98.0,66.0,74.0,70.0,51.0,74.0,76.0,75.0,84.0,72.0,79.0,98.0,98.0,85.0,98.0,98.0,83.0,98.0,98.0,69.0,87.0,2023,79.5
Kyrie Irving,Dallas Mavericks,90.0,97.0,95.0,84.0,90.0,95.0,98.0,95.0,25.0,30.0,35.0,70.0,64.0,85.0,96.0,32.0,73.0,42.0,56.0,75.0,86.0,60.0,85.0,37.0,81.0,97.0,87.0,80.0,88.0,99.0,85.0,89.0,80.0,40.0,56.0,2023,80.5
Tim Hardaway Jr.,Dallas Mavericks,78.0,77.0,73.0,84.0,76.0,85.0,90.0,74.0,35.0,78.0,36.0,53.0,38.0,70.0,71.0,45.0,70.0,40.0,37.0,63.0,58.0,40.0,68.0,55.0,78.0,85.0,83.0,83.0,75.0,78.0,68.0,84.0,36.0,31.0,57.0,2023,73.5
Seth Curry,Dallas Mavericks,77.0,98.0,96.0,86.0,98.0,85.0,85.0,85.0,25.0,36.0,27.0,35.0,30.0,35.0,69.0,25.0,57.0,43.0,37.0,54.0,55.0,35.0,78.0,41.0,68.0,89.0,80.0,80.0,75.0,78.0,77.0,75.0,45.0,31.0,45.0,2023,73.0
Jaden Hardy,Dallas Mavericks,77.0,78.0,76.0,81.0,85.0,85.0,95.0,80.0,40.0,80.0,47.0,49.0,49.0,66.0,85.0,34.0,55.0,40.0,47.0,50.0,51.0,50.0,83.0,39.0,85.0,84.0,85.0,80.0,75.0,83.0,76.0,75.0,59.0,34.0,58.0,2023,79.5
Derrick Jones Jr.,Dallas Mavericks,76.0,70.0,68.0,77.0,83.0,89.0,75.0,79.0,85.0,94.0,50.0,52.0,52.0,66.0,90.0,60.0,59.0,43.0,80.0,60.0,68.0,30.0,77.0,59.0,93.0,83.0,90.0,78.0,65.0,68.0,61.0,54.0,30.0,63.0,54.0,2023,73.5
Grant Williams,Dallas Mavericks,76.0,89.0,64.0,84.0,80.0,85.0,60.0,77.0,50.0,60.0,59.0,58.0,66.0,50.0,81.0,68.0,58.0,37.0,51.0,69.0,60.0,65.0,58.0,73.0,66.0,88.0,85.0,80.0,69.0,66.0,54.0,72.0,36.0,47.0,62.0,2023,65.0
Dwight Powell,Dallas Mavericks,76.0,85.0,65.0,78.0,68.0,80.0,95.0,70.0,75.0,65.0,77.0,79.0,79.0,83.0,90.0,74.0,45.0,53.0,56.0,68.0,74.0,65.0,71.0,80.0,67.0,90.0,95.0,83.0,55.0,60.0,44.0,64.0,32.0,78.0,61.0,2023,53.0
Josh Green,Dallas Mavericks,76.0,89.0,74.0,83.0,72.0,60.0,65.0,75.0,30.0,80.0,35.0,34.0,30.0,69.0,95.0,35.0,75.0,42.0,32.0,79.0,63.0,60.0,86.0,60.0,80.0,89.0,90.0,83.0,70.0,70.0,72.0,70.0,39.0,46.0,48.0,2023,83.5
Richaun Holmes,Dallas Mavericks,75.0,90.0,70.0,62.0,77.0,40.0,40.0,78.0,85.0,75.0,70.0,57.0,70.0,50.0,80.0,75.0,40.0,33.0,63.0,68.0,55.0,50.0,57.0,79.0,81.0,80.0,95.0,82.0,42.0,58.0,38.0,54.0,27.0,66.0,67.0,2023,55.5
Maxi Kleber,Dallas Mavericks,75.0,52.0,70.0,79.0,66.0,80.0,35.0,73.0,75.0,75.0,67.0,67.0,64.0,40.0,80.0,74.0,72.0,32.0,72.0,75.0,72.0,75.0,45.0,79.0,56.0,85.0,85.0,80.0,70.0,64.0,45.0,68.0,33.0,43.0,61.0,2023,55.0
Markieff Morris,Dallas Mavericks,74.0,83.0,72.0,85.0,74.0,50.0,65.0,67.0,65.0,67.0,68.0,77.0,75.0,40.0,70.0,75.0,42.0,42.0,55.0,75.0,50.0,55.0,57.0,84.0,63.0,91.0,77.0,92.0,44.0,42.0,34.0,78.0,43.0,52.0,69.0,2023,47.0
Dante Exum,Dallas Mavericks,71.0,66.0,70.0,75.0,74.0,70.0,35.0,75.0,25.0,60.0,28.0,55.0,40.0,63.0,85.0,27.0,79.0,49.0,56.0,78.0,74.0,75.0,79.0,48.0,77.0,80.0,85.0,83.0,75.0,75.0,79.0,77.0,62.0,34.0,62.0,2023,80.5
McKinley Wright IV,Dallas Mavericks,68.0,69.0,69.0,76.0,84.0,50.0,45.0,74.0,25.0,50.0,25.0,32.0,25.0,45.0,77.0,25.0,71.0,42.0,52.0,70.0,69.0,50.0,84.0,32.0,83.0,80.0,78.0,80.0,70.0,75.0,84.0,66.0,72.0,41.0,60.0,2023,81.5
A.J. Lawson,Dallas Mavericks,67.0,70.0,68.0,75.0,55.0,60.0,50.0,68.0,45.0,75.0,52.0,52.0,55.0,42.0,75.0,48.0,60.0,55.0,39.0,60.0,65.0,50.0,74.0,34.0,80.0,85.0,80.0,80.0,62.0,69.0,69.0,64.0,37.0,37.0,38.0,2023,70.5
Nikola Jokic,Denver Nuggets,98.0,98.0,98.0,84.0,82.0,95.0,98.0,91.0,90.0,75.0,94.0,95.0,95.0,90.0,90.0,70.0,61.0,53.0,56.0,71.0,56.0,55.0,63.0,93.0,63.0,97.0,80.0,83.0,93.0,76.0,60.0,98.0,93.0,68.0,93.0,2023,49.5
Jamal Murray,Denver Nuggets,88.0,85.0,83.0,84.0,83.0,95.0,98.0,85.0,30.0,82.0,38.0,46.0,74.0,78.0,84.0,35.0,74.0,43.0,40.0,67.0,70.0,65.0,79.0,54.0,80.0,95.0,85.0,78.0,83.0,88.0,77.0,85.0,73.0,38.0,52.0,2023,76.5
Aaron Gordon,Denver Nuggets,84.0,82.0,66.0,80.0,62.0,98.0,98.0,84.0,95.0,95.0,58.0,60.0,74.0,85.0,95.0,74.0,76.0,40.0,62.0,75.0,68.0,75.0,71.0,72.0,92.0,95.0,90.0,84.0,65.0,62.0,66.0,60.0,54.0,68.0,65.0,2023,71.5
Michael Porter Jr.,Denver Nuggets,83.0,88.0,92.0,86.0,81.0,85.0,95.0,86.0,60.0,80.0,50.0,62.0,68.0,55.0,80.0,60.0,64.0,38.0,55.0,60.0,68.0,40.0,80.0,68.0,88.0,88.0,80.0,66.0,65.0,78.0,77.0,62.0,30.0,43.0,68.0,2023,77.0
Kentavious Caldwell-Pope,Denver Nuggets,78.0,87.0,84.0,87.0,84.0,75.0,70.0,76.0,35.0,73.0,35.0,58.0,35.0,40.0,90.0,45.0,84.0,70.0,52.0,82.0,82.0,80.0,85.0,60.0,69.0,92.0,85.0,84.0,75.0,75.0,80.0,82.0,39.0,33.0,45.0,2023,83.0
Reggie Jackson,Denver Nuggets,75.0,85.0,72.0,77.0,91.0,80.0,50.0,74.0,25.0,65.0,25.0,48.0,28.0,44.0,88.0,49.0,74.0,42.0,35.0,70.0,74.0,70.0,84.0,48.0,85.0,95.0,85.0,84.0,82.0,86.0,84.0,75.0,70.0,34.0,44.0,2023,79.0
Zeke Nnaji,Denver Nuggets,75.0,71.0,76.0,75.0,70.0,85.0,75.0,77.0,80.0,70.0,69.0,67.0,67.0,69.0,77.0,69.0,54.0,40.0,68.0,57.0,42.0,45.0,77.0,70.0,82.0,80.0,89.0,83.0,33.0,37.0,52.0,42.0,27.0,77.0,47.0,2023,67.0
Vlatko Cancar,Denver Nuggets,73.0,88.0,70.0,84.0,84.0,70.0,70.0,77.0,45.0,65.0,42.0,44.0,45.0,45.0,80.0,48.0,52.0,40.0,55.0,52.0,40.0,40.0,60.0,63.0,70.0,80.0,65.0,87.0,52.0,64.0,54.0,54.0,46.0,41.0,60.0,2023,61.5
Ish Smith,Denver Nuggets,73.0,75.0,74.0,79.0,55.0,65.0,50.0,75.0,25.0,30.0,25.0,32.0,25.0,62.0,81.0,25.0,74.0,37.0,57.0,64.0,52.0,50.0,87.0,32.0,70.0,80.0,78.0,83.0,86.0,86.0,87.0,85.0,74.0,33.0,57.0,2023,82.0
Justin Holiday,Denver Nuggets,73.0,74.0,54.0,81.0,82.0,80.0,80.0,73.0,60.0,73.0,40.0,42.0,43.0,50.0,63.0,60.0,75.0,41.0,66.0,74.0,78.0,65.0,66.0,45.0,82.0,85.0,80.0,78.0,65.0,72.0,60.0,69.0,34.0,28.0,42.0,2023,73.0
Christian Braun,Denver Nuggets,73.0,77.0,82.0,84.0,63.0,75.0,75.0,69.0,25.0,80.0,25.0,55.0,36.0,45.0,72.0,40.0,70.0,43.0,55.0,68.0,70.0,70.0,83.0,46.0,83.0,93.0,80.0,80.0,69.0,69.0,74.0,68.0,32.0,49.0,57.0,2023,76.5
DeAndre Jordan,Denver Nuggets,72.0,74.0,25.0,25.0,51.0,25.0,25.0,57.0,75.0,75.0,35.0,37.0,35.0,44.0,90.0,70.0,57.0,35.0,80.0,67.0,55.0,55.0,65.0,85.0,83.0,92.0,80.0,94.0,25.0,30.0,33.0,66.0,35.0,69.0,90.0,2023,57.5
Peyton Watson,Denver Nuggets,71.0,72.0,69.0,68.0,69.0,70.0,65.0,68.0,60.0,65.0,44.0,42.0,40.0,40.0,80.0,59.0,68.0,52.0,75.0,65.0,62.0,60.0,77.0,55.0,82.0,88.0,75.0,80.0,60.0,70.0,76.0,62.0,28.0,59.0,68.0,2023,74.0
Collin Gillespie,Denver Nuggets,68.0,74.0,75.0,80.0,87.0,50.0,50.0,74.0,40.0,54.0,31.0,46.0,40.0,37.0,95.0,33.0,62.0,38.0,56.0,60.0,58.0,55.0,82.0,33.0,72.0,85.0,80.0,80.0,79.0,77.0,82.0,75.0,57.0,35.0,53.0,2023,78.0
Braxton Key,Denver Nuggets,67.0,69.0,69.0,70.0,65.0,40.0,25.0,68.0,75.0,75.0,59.0,58.0,58.0,33.0,74.0,52.0,52.0,76.0,75.0,52.0,54.0,35.0,69.0,70.0,81.0,80.0,79.0,80.0,48.0,49.0,59.0,54.0,37.0,58.0,79.0,2023,63.0
Jay Huff,Denver Nuggets,67.0,77.0,72.0,77.0,77.0,50.0,40.0,64.0,65.0,60.0,62.0,62.0,62.0,38.0,80.0,62.0,32.0,32.0,69.0,62.0,54.0,50.0,48.0,62.0,62.0,80.0,85.0,77.0,50.0,43.0,33.0,60.0,38.0,64.0,68.0,2023,40.5
Cade Cunningham,Detroit Pistons,84.0,83.0,89.0,78.0,84.0,95.0,98.0,83.0,40.0,75.0,60.0,62.0,60.0,83.0,98.0,59.0,75.0,40.0,55.0,75.0,76.0,75.0,83.0,62.0,80.0,94.0,90.0,80.0,83.0,86.0,83.0,86.0,75.0,41.0,69.0,2023,81.5
Bojan Bogdanovic,Detroit Pistons,82.0,96.0,87.0,85.0,89.0,85.0,95.0,79.0,40.0,70.0,49.0,60.0,64.0,84.0,70.0,54.0,78.0,36.0,32.0,75.0,62.0,70.0,67.0,60.0,72.0,93.0,75.0,84.0,77.0,74.0,66.0,82.0,52.0,35.0,52.0,2023,69.5
Jaden Ivey,Detroit Pistons,80.0,73.0,81.0,77.0,73.0,95.0,95.0,85.0,30.0,85.0,44.0,42.0,44.0,82.0,90.0,59.0,71.0,41.0,45.0,70.0,69.0,65.0,92.0,54.0,85.0,92.0,85.0,80.0,84.0,86.0,92.0,84.0,76.0,42.0,52.0,2023,87.0
Jalen Duren,Detroit Pistons,79.0,91.0,57.0,35.0,62.0,50.0,75.0,79.0,80.0,80.0,60.0,49.0,54.0,79.0,80.0,72.0,62.0,40.0,72.0,72.0,66.0,60.0,73.0,81.0,84.0,89.0,90.0,80.0,59.0,59.0,59.0,50.0,33.0,91.0,86.0,2023,70.0
James Wiseman,Detroit Pistons,79.0,88.0,73.0,70.0,68.0,80.0,70.0,71.0,80.0,75.0,72.0,64.0,71.0,50.0,85.0,74.0,50.0,30.0,68.0,78.0,54.0,65.0,70.0,70.0,68.0,87.0,85.0,87.0,54.0,66.0,54.0,64.0,31.0,75.0,87.0,2023,66.5
Marvin Bagley III,Detroit Pistons,79.0,90.0,78.0,70.0,72.0,50.0,65.0,79.0,80.0,80.0,80.0,78.0,81.0,65.0,80.0,70.0,49.0,36.0,68.0,70.0,65.0,55.0,73.0,80.0,86.0,85.0,80.0,87.0,47.0,62.0,64.0,60.0,31.0,78.0,77.0,2023,65.5
Monte Morris,Detroit Pistons,79.0,90.0,87.0,83.0,82.0,85.0,85.0,79.0,25.0,50.0,28.0,45.0,32.0,70.0,80.0,44.0,62.0,40.0,37.0,52.0,55.0,35.0,83.0,41.0,72.0,85.0,80.0,81.0,94.0,86.0,83.0,94.0,72.0,33.0,54.0,2023,76.5
Isaiah Stewart,Detroit Pistons,78.0,89.0,76.0,75.0,74.0,65.0,60.0,76.0,75.0,70.0,75.0,64.0,80.0,70.0,79.0,70.0,54.0,33.0,60.0,72.0,42.0,50.0,63.0,80.0,70.0,89.0,87.0,77.0,44.0,34.0,52.0,50.0,33.0,67.0,82.0,2023,61.0
Hamidou Diallo,Detroit Pistons,77.0,93.0,79.0,60.0,64.0,75.0,70.0,87.0,45.0,93.0,31.0,29.0,38.0,74.0,75.0,40.0,65.0,80.0,55.0,60.0,78.0,40.0,85.0,52.0,97.0,85.0,80.0,81.0,75.0,79.0,79.0,79.0,38.0,56.0,66.0,2023,81.0
Alec Burks,Detroit Pistons,77.0,85.0,81.0,87.0,79.0,75.0,85.0,78.0,40.0,69.0,40.0,58.0,78.0,70.0,77.0,45.0,72.0,46.0,35.0,74.0,70.0,55.0,78.0,48.0,69.0,89.0,72.0,85.0,72.0,79.0,76.0,73.0,60.0,34.0,60.0,2023,75.0
Joe Harris,Detroit Pistons,76.0,74.0,75.0,86.0,70.0,98.0,85.0,76.0,25.0,45.0,30.0,48.0,32.0,40.0,88.0,34.0,66.0,38.0,45.0,58.0,63.0,55.0,69.0,40.0,67.0,90.0,85.0,83.0,72.0,73.0,67.0,74.0,37.0,34.0,49.0,2023,69.0
Ausar Thompson,Detroit Pistons,76.0,,,,,,,,,,,,,,,,,,,,,,,,,,,,,,,,,,,2023,
Killian Hayes,Detroit Pistons,75.0,78.0,84.0,70.0,79.0,75.0,65.0,74.0,25.0,60.0,35.0,55.0,60.0,45.0,85.0,49.0,73.0,76.0,51.0,69.0,70.0,65.0,79.0,56.0,70.0,89.0,85.0,83.0,82.0,83.0,75.0,84.0,78.0,31.0,50.0,2023,78.0
Isaiah Livers,Detroit Pistons,74.0,72.0,86.0,80.0,77.0,85.0,75.0,76.0,25.0,65.0,26.0,32.0,35.0,44.0,80.0,37.0,65.0,41.0,61.0,60.0,60.0,55.0,73.0,55.0,71.0,85.0,66.0,82.0,68.0,70.0,70.0,65.0,29.0,36.0,50.0,2023,73.5
Rodney McGruder,Detroit Pistons,73.0,85.0,73.0,84.0,72.0,88.0,65.0,60.0,35.0,50.0,30.0,42.0,41.0,45.0,80.0,50.0,79.0,42.0,30.0,79.0,74.0,70.0,71.0,45.0,70.0,75.0,70.0,81.0,68.0,74.0,67.0,69.0,35.0,45.0,54.0,2023,74.0
Jared Rhoden,Detroit Pistons,69.0,56.0,73.0,74.0,80.0,50.0,40.0,70.0,65.0,70.0,42.0,44.0,37.0,44.0,75.0,47.0,68.0,60.0,60.0,62.0,65.0,55.0,68.0,62.0,70.0,80.0,80.0,82.0,55.0,69.0,63.0,54.0,30.0,58.0,59.0,2023,70.0
Buddy Boeheim,Detroit Pistons,68.0,68.0,77.0,79.0,84.0,70.0,50.0,70.0,45.0,60.0,44.0,47.0,48.0,40.0,80.0,42.0,59.0,43.0,45.0,52.0,55.0,45.0,57.0,44.0,70.0,80.0,80.0,80.0,62.0,68.0,57.0,62.0,31.0,45.0,47.0,2023,58.0
Stephen Curry,Golden State Warriors,96.0,97.0,92.0,99.0,92.0,98.0,99.0,96.0,25.0,36.0,35.0,52.0,35.0,94.0,98.0,30.0,75.0,41.0,47.0,78.0,85.0,65.0,84.0,48.0,73.0,98.0,98.0,86.0,93.0,97.0,84.0,97.0,74.0,36.0,68.0,2023,80.5
Chris Paul,Golden State Warriors,87.0,95.0,89.0,81.0,82.0,85.0,85.0,86.0,25.0,27.0,40.0,55.0,70.0,50.0,90.0,61.0,90.0,76.0,51.0,90.0,75.0,85.0,80.0,62.0,75.0,90.0,75.0,77.0,90.0,90.0,80.0,90.0,86.0,31.0,60.0,2023,85.0
Klay Thompson,Golden State Warriors,85.0,90.0,86.0,93.0,88.0,98.0,98.0,75.0,35.0,65.0,35.0,65.0,64.0,36.0,90.0,70.0,87.0,37.0,51.0,85.0,86.0,85.0,71.0,62.0,67.0,91.0,85.0,94.0,77.0,76.0,71.0,77.0,43.0,35.0,54.0,2023,80.5
Draymond Green,Golden State Warriors,83.0,98.0,70.0,76.0,70.0,85.0,55.0,70.0,55.0,65.0,60.0,59.0,63.0,40.0,85.0,93.0,86.0,42.0,61.0,93.0,84.0,95.0,73.0,85.0,66.0,85.0,90.0,88.0,83.0,78.0,69.0,92.0,73.0,40.0,81.0,2023,78.0
Andrew Wiggins,Golden State Warriors,82.0,92.0,84.0,84.0,63.0,85.0,80.0,77.0,40.0,92.0,65.0,74.0,77.0,65.0,85.0,55.0,82.0,53.0,61.0,80.0,79.0,75.0,82.0,57.0,97.0,98.0,90.0,83.0,72.0,82.0,80.0,75.0,41.0,53.0,53.0,2023,82.5
Kevon Looney,Golden State Warriors,79.0,96.0,49.0,69.0,59.0,88.0,70.0,78.0,75.0,70.0,55.0,52.0,62.0,52.0,66.0,72.0,46.0,40.0,63.0,74.0,64.0,65.0,58.0,74.0,63.0,85.0,96.0,84.0,55.0,61.0,48.0,66.0,52.0,91.0,88.0,2023,65.5
Jonathan Kuminga,Golden State Warriors,78.0,91.0,85.0,81.0,66.0,75.0,75.0,80.0,65.0,85.0,49.0,50.0,50.0,62.0,85.0,73.0,73.0,41.0,60.0,70.0,69.0,50.0,84.0,73.0,90.0,88.0,80.0,80.0,69.0,67.0,75.0,60.0,49.0,52.0,56.0,2023,81.5
Gary Payton II,Golden State Warriors,77.0,79.0,70.0,79.0,66.0,80.0,60.0,79.0,35.0,75.0,30.0,42.0,42.0,75.0,89.0,79.0,83.0,90.0,51.0,76.0,91.0,80.0,81.0,48.0,85.0,85.0,80.0,83.0,75.0,78.0,81.0,72.0,43.0,62.0,61.0,2023,80.5
JaMychal Green,Golden State Warriors,77.0,73.0,67.0,81.0,77.0,95.0,80.0,64.0,70.0,70.0,63.0,56.0,64.0,59.0,95.0,69.0,51.0,43.0,66.0,69.0,60.0,35.0,59.0,69.0,74.0,85.0,85.0,81.0,55.0,35.0,44.0,61.0,37.0,70.0,71.0,2023,58.5
Dario Saric,Golden State Warriors,76.0,82.0,65.0,81.0,84.0,70.0,80.0,79.0,45.0,70.0,74.0,74.0,81.0,60.0,92.0,70.0,49.0,40.0,40.0,74.0,50.0,65.0,63.0,65.0,60.0,82.0,86.0,81.0,75.0,69.0,57.0,84.0,51.0,60.0,80.0,2023,65.0
Andre Iguodala,Golden State Warriors,75.0,70.0,65.0,69.0,67.0,45.0,25.0,70.0,55.0,70.0,47.0,44.0,50.0,30.0,80.0,75.0,84.0,66.0,74.0,83.0,74.0,80.0,77.0,73.0,75.0,83.0,80.0,82.0,75.0,78.0,75.0,80.0,70.0,44.0,60.0,2023,80.0
Cory Joseph,Golden State Warriors,74.0,87.0,76.0,81.0,79.0,75.0,70.0,72.0,25.0,30.0,27.0,39.0,29.0,55.0,85.0,54.0,75.0,42.0,42.0,68.0,59.0,65.0,72.0,40.0,65.0,88.0,70.0,84.0,80.0,84.0,72.0,80.0,73.0,32.0,46.0,2023,76.0
Anthony Lamb,Golden State Warriors,73.0,84.0,69.0,81.0,76.0,85.0,65.0,78.0,40.0,65.0,35.0,51.0,49.0,30.0,82.0,52.0,57.0,40.0,53.0,59.0,50.0,35.0,62.0,65.0,70.0,85.0,80.0,81.0,66.0,69.0,61.0,69.0,42.0,49.0,61.0,2023,64.5
Moses Moody,Golden State Warriors,73.0,80.0,77.0,77.0,69.0,60.0,75.0,80.0,40.0,70.0,44.0,48.0,49.0,70.0,80.0,68.0,71.0,40.0,42.0,69.0,60.0,65.0,73.0,68.0,70.0,88.0,80.0,80.0,65.0,74.0,70.0,64.0,35.0,45.0,48.0,2023,75.0
Lester Quiñones,Golden State Warriors,67.0,73.0,71.0,76.0,75.0,75.0,35.0,73.0,25.0,65.0,42.0,44.0,40.0,44.0,80.0,33.0,63.0,37.0,31.0,52.0,51.0,40.0,70.0,44.0,74.0,80.0,68.0,80.0,64.0,70.0,64.0,68.0,59.0,44.0,56.0,2023,69.0
Jalen Green,Houston Rockets,83.0,81.0,86.0,82.0,79.0,80.0,95.0,89.0,40.0,91.0,56.0,56.0,56.0,89.0,95.0,45.0,73.0,38.0,45.0,70.0,68.0,60.0,88.0,55.0,92.0,88.0,85.0,80.0,77.0,86.0,84.0,79.0,64.0,34.0,51.0,2023,82.5
Fred VanVleet,Houston Rockets,83.0,72.0,90.0,79.0,89.0,90.0,90.0,82.0,25.0,35.0,30.0,32.0,28.0,80.0,98.0,27.0,83.0,70.0,55.0,79.0,74.0,80.0,83.0,42.0,75.0,95.0,94.0,82.0,89.0,86.0,83.0,92.0,73.0,31.0,56.0,2023,83.0
Alperen Sengun,Houston Rockets,83.0,96.0,69.0,73.0,73.0,75.0,85.0,79.0,70.0,80.0,87.0,87.0,87.0,74.0,95.0,69.0,63.0,43.0,72.0,69.0,85.0,65.0,52.0,76.0,69.0,88.0,90.0,80.0,74.0,62.0,48.0,75.0,70.0,86.0,80.0,2023,58.0
Kevin Porter Jr.,Houston Rockets,81.0,86.0,85.0,80.0,78.0,95.0,90.0,84.0,40.0,80.0,25.0,62.0,44.0,79.0,95.0,44.0,69.0,56.0,47.0,64.0,60.0,40.0,85.0,52.0,75.0,88.0,80.0,80.0,82.0,82.0,83.0,82.0,73.0,46.0,59.0,2023,80.0
Jabari Smith Jr.,Houston Rockets,79.0,85.0,78.0,77.0,77.0,80.0,80.0,75.0,65.0,85.0,69.0,69.0,69.0,54.0,85.0,70.0,69.0,35.0,70.0,67.0,67.0,55.0,76.0,60.0,75.0,89.0,70.0,80.0,65.0,75.0,69.0,66.0,31.0,51.0,77.0,2023,74.0
Tari Eason,Houston Rockets,79.0,72.0,72.0,80.0,74.0,85.0,80.0,79.0,35.0,80.0,54.0,52.0,51.0,61.0,80.0,65.0,71.0,83.0,67.0,70.0,68.0,50.0,80.0,70.0,80.0,85.0,85.0,80.0,50.0,70.0,72.0,47.0,33.0,79.0,73.0,2023,78.5
Dillon Brooks,Houston Rockets,78.0,82.0,68.0,75.0,79.0,75.0,65.0,74.0,35.0,75.0,55.0,59.0,64.0,78.0,85.0,67.0,87.0,42.0,40.0,87.0,86.0,85.0,75.0,65.0,75.0,88.0,95.0,85.0,59.0,74.0,69.0,58.0,43.0,36.0,47.0,2023,81.0
Jae’Sean Tate,Houston Rockets,77.0,96.0,70.0,70.0,73.0,98.0,90.0,84.0,65.0,75.0,69.0,68.0,69.0,64.0,85.0,70.0,70.0,63.0,50.0,68.0,69.0,65.0,69.0,65.0,75.0,89.0,95.0,80.0,70.0,74.0,62.0,72.0,67.0,57.0,56.0,2023,69.5
Amen Thompson,Houston Rockets,76.0,,,,,,,,,,,,,,,,,,,,,,,,,,,,,,,,,,,2023,
Frank Kaminsky,Houston Rockets,75.0,94.0,68.0,78.0,83.0,70.0,80.0,78.0,50.0,65.0,79.0,79.0,78.0,68.0,90.0,65.0,40.0,33.0,43.0,63.0,50.0,40.0,47.0,66.0,67.0,89.0,85.0,82.0,40.0,54.0,38.0,50.0,61.0,52.0,77.0,2023,47.5
Jeff Green,Houston Rockets,75.0,88.0,60.0,70.0,73.0,85.0,60.0,79.0,65.0,80.0,70.0,68.0,72.0,68.0,85.0,69.0,70.0,36.0,53.0,68.0,54.0,60.0,63.0,70.0,84.0,89.0,85.0,82.0,69.0,74.0,50.0,70.0,35.0,45.0,52.0,2023,66.0
Cam Whitmore,Houston Rockets,74.0,,,,,,,,,,,,,,,,,,,,,,,,,,,,,,,,,,,2023,
Jock Landale,Houston Rockets,74.0,97.0,64.0,62.0,77.0,85.0,70.0,69.0,65.0,60.0,60.0,60.0,60.0,66.0,80.0,65.0,48.0,36.0,70.0,62.0,60.0,45.0,54.0,64.0,75.0,80.0,75.0,80.0,58.0,52.0,45.0,64.0,38.0,86.0,72.0,2023,51.0
Boban Marjanovic,Houston Rockets,73.0,83.0,70.0,63.0,77.0,75.0,55.0,50.0,95.0,60.0,69.0,60.0,76.0,70.0,40.0,73.0,30.0,25.0,61.0,65.0,73.0,65.0,25.0,71.0,40.0,70.0,45.0,65.0,60.0,35.0,25.0,35.0,29.0,59.0,88.0,2023,30.0
Aaron Holiday,Houston Rockets,73.0,69.0,79.0,85.0,79.0,85.0,75.0,70.0,25.0,60.0,25.0,45.0,32.0,47.0,80.0,34.0,68.0,53.0,51.0,67.0,69.0,45.0,76.0,49.0,56.0,85.0,85.0,84.0,82.0,86.0,76.0,82.0,43.0,40.0,41.0,2023,76.0
Willie Cauley-Stein,Houston Rockets,73.0,69.0,37.0,49.0,63.0,85.0,70.0,75.0,85.0,70.0,79.0,55.0,65.0,73.0,84.0,76.0,51.0,40.0,72.0,78.0,62.0,65.0,70.0,77.0,75.0,85.0,88.0,84.0,68.0,35.0,32.0,75.0,33.0,58.0,70.0,2023,64.5
D.J. Augustin,Houston Rockets,70.0,53.0,78.0,81.0,90.0,95.0,65.0,70.0,25.0,25.0,25.0,59.0,32.0,40.0,80.0,25.0,60.0,36.0,27.0,54.0,60.0,50.0,82.0,28.0,68.0,85.0,82.0,84.0,82.0,81.0,81.0,84.0,64.0,32.0,42.0,2023,76.0
Trevor Hudgins,Houston Rockets,68.0,69.0,77.0,80.0,88.0,60.0,45.0,68.0,68.0,85.0,25.0,42.0,33.0,58.0,84.0,38.0,54.0,40.0,35.0,50.0,55.0,40.0,75.0,42.0,70.0,85.0,75.0,80.0,70.0,74.0,75.0,70.0,61.0,32.0,57.0,2023,69.0
Darius Days,Houston Rockets,67.0,65.0,69.0,73.0,71.0,65.0,40.0,70.0,50.0,70.0,41.0,37.0,41.0,40.0,70.0,64.0,65.0,42.0,47.0,50.0,50.0,50.0,70.0,66.0,78.0,85.0,80.0,80.0,49.0,50.0,60.0,52.0,35.0,49.0,60.0,2023,69.0
Tyrese Haliburton,Indiana Pacers,88.0,85.0,93.0,85.0,86.0,98.0,98.0,92.0,40.0,65.0,42.0,49.0,40.0,85.0,95.0,60.0,74.0,76.0,50.0,74.0,73.0,65.0,83.0,59.0,70.0,95.0,90.0,80.0,98.0,89.0,83.0,98.0,97.0,36.0,50.0,2023,78.5
Myles Turner,Indiana Pacers,83.0,98.0,81.0,81.0,79.0,85.0,85.0,79.0,80.0,65.0,76.0,80.0,80.0,60.0,95.0,87.0,70.0,37.0,91.0,90.0,70.0,85.0,56.0,74.0,69.0,95.0,80.0,83.0,31.0,35.0,32.0,68.0,34.0,52.0,82.0,2023,49.0
Buddy Hield,Indiana Pacers,80.0,74.0,81.0,91.0,82.0,80.0,85.0,75.0,25.0,65.0,28.0,45.0,48.0,59.0,94.0,48.0,69.0,53.0,45.0,54.0,60.0,50.0,75.0,41.0,78.0,90.0,60.0,82.0,70.0,79.0,74.0,70.0,48.0,40.0,62.0,2023,76.0
Bruce Brown Jr.,Indiana Pacers,80.0,80.0,69.0,80.0,75.0,95.0,85.0,80.0,30.0,70.0,28.0,34.0,42.0,65.0,95.0,58.0,77.0,56.0,58.0,79.0,75.0,65.0,78.0,75.0,80.0,92.0,80.0,84.0,79.0,79.0,76.0,80.0,61.0,40.0,58.0,2023,77.5
Bennedict Mathurin,Indiana Pacers,79.0,77.0,80.0,75.0,80.0,90.0,90.0,84.0,35.0,80.0,55.0,58.0,55.0,84.0,90.0,42.0,69.0,37.0,32.0,65.0,62.0,50.0,84.0,54.0,82.0,92.0,85.0,80.0,75.0,79.0,81.0,82.0,34.0,46.0,54.0,2023,81.0
Obi Toppin,Indiana Pacers,78.0,75.0,75.0,78.0,78.0,85.0,60.0,79.0,85.0,90.0,67.0,67.0,69.0,40.0,90.0,66.0,48.0,37.0,51.0,62.0,47.0,40.0,70.0,74.0,90.0,88.0,70.0,88.0,55.0,60.0,56.0,59.0,38.0,41.0,69.0,2023,58.0
T.J. McConnell,Indiana Pacers,78.0,95.0,85.0,79.0,85.0,90.0,80.0,76.0,25.0,25.0,44.0,58.0,38.0,40.0,79.0,49.0,82.0,80.0,37.0,70.0,87.0,80.0,76.0,44.0,65.0,85.0,92.0,83.0,88.0,79.0,73.0,86.0,83.0,41.0,60.0,2023,80.0
Andrew Nembhard,Indiana Pacers,77.0,81.0,84.0,78.0,80.0,85.0,85.0,80.0,39.0,60.0,44.0,52.0,47.0,54.0,75.0,42.0,73.0,46.0,40.0,68.0,65.0,70.0,76.0,46.0,71.0,85.0,69.0,80.0,80.0,79.0,74.0,80.0,70.0,34.0,47.0,2023,75.5
Jordan Nwora,Indiana Pacers,76.0,86.0,69.0,84.0,78.0,97.0,85.0,74.0,60.0,65.0,49.0,47.0,50.0,62.0,60.0,52.0,52.0,40.0,50.0,54.0,50.0,50.0,59.0,60.0,72.0,82.0,80.0,78.0,52.0,64.0,43.0,54.0,42.0,50.0,65.0,2023,61.0
Isaiah Jackson,Indiana Pacers,76.0,72.0,69.0,59.0,65.0,65.0,60.0,79.0,85.0,80.0,59.0,48.0,55.0,56.0,80.0,70.0,54.0,42.0,89.0,66.0,49.0,55.0,73.0,65.0,81.0,82.0,80.0,80.0,40.0,59.0,54.0,44.0,34.0,78.0,70.0,2023,68.5
Aaron Nesmith,Indiana Pacers,76.0,70.0,70.0,79.0,85.0,95.0,85.0,70.0,35.0,55.0,53.0,57.0,57.0,64.0,85.0,55.0,67.0,43.0,56.0,72.0,52.0,45.0,68.0,52.0,74.0,87.0,80.0,81.0,69.0,70.0,64.0,65.0,33.0,43.0,58.0,2023,68.0
Jalen Smith,Indiana Pacers,76.0,82.0,60.0,69.0,77.0,60.0,50.0,60.0,85.0,80.0,68.0,66.0,67.0,47.0,80.0,70.0,48.0,33.0,80.0,73.0,44.0,55.0,69.0,65.0,86.0,82.0,75.0,80.0,29.0,38.0,49.0,40.0,34.0,79.0,83.0,2023,65.0
Daniel Theis,Indiana Pacers,75.0,86.0,80.0,73.0,75.0,65.0,30.0,70.0,79.0,78.0,74.0,54.0,73.0,35.0,85.0,84.0,53.0,37.0,68.0,83.0,57.0,80.0,57.0,82.0,75.0,90.0,87.0,65.0,69.0,49.0,42.0,54.0,32.0,57.0,72.0,2023,60.5
George Hill,Indiana Pacers,73.0,58.0,78.0,75.0,75.0,70.0,60.0,79.0,25.0,45.0,33.0,61.0,38.0,42.0,90.0,48.0,75.0,42.0,42.0,73.0,70.0,70.0,76.0,52.0,88.0,92.0,74.0,79.0,78.0,86.0,76.0,77.0,63.0,35.0,47.0,2023,77.0
James Johnson,Indiana Pacers,71.0,77.0,60.0,68.0,63.0,60.0,40.0,72.0,60.0,75.0,59.0,63.0,73.0,45.0,95.0,74.0,74.0,38.0,80.0,75.0,80.0,65.0,67.0,80.0,72.0,84.0,94.0,83.0,70.0,74.0,60.0,70.0,45.0,48.0,68.0,2023,64.5
Kendall Brown,Indiana Pacers,69.0,70.0,68.0,73.0,69.0,80.0,40.0,67.0,57.0,80.0,39.0,38.0,40.0,34.0,80.0,59.0,68.0,55.0,52.0,65.0,65.0,60.0,74.0,44.0,84.0,85.0,81.0,80.0,70.0,71.0,67.0,69.0,50.0,39.0,47.0,2023,71.0
Gabe York,Indiana Pacers,67.0,65.0,76.0,77.0,84.0,45.0,50.0,71.0,25.0,45.0,25.0,40.0,25.0,40.0,75.0,27.0,55.0,70.0,40.0,55.0,70.0,35.0,80.0,54.0,70.0,84.0,65.0,84.0,75.0,80.0,80.0,75.0,74.0,49.0,55.0,2023,73.0
Kawhi Leonard,Los Angeles Clippers,94.0,97.0,88.0,85.0,88.0,95.0,95.0,90.0,55.0,80.0,65.0,88.0,89.0,66.0,98.0,79.0,96.0,80.0,53.0,95.0,90.0,95.0,84.0,79.0,79.0,87.0,85.0,82.0,79.0,86.0,83.0,78.0,69.0,44.0,68.0,2023,90.0
Paul George,Los Angeles Clippers,89.0,95.0,82.0,81.0,88.0,90.0,95.0,89.0,55.0,85.0,40.0,70.0,75.0,55.0,80.0,79.0,92.0,74.0,47.0,88.0,80.0,85.0,79.0,70.0,88.0,95.0,75.0,93.0,78.0,87.0,79.0,75.0,72.0,37.0,68.0,2023,85.0
Russell Westbrook,Los Angeles Clippers,81.0,79.0,72.0,73.0,66.0,65.0,85.0,82.0,30.0,80.0,45.0,66.0,66.0,50.0,85.0,42.0,74.0,53.0,52.0,70.0,55.0,70.0,96.0,75.0,92.0,92.0,85.0,92.0,82.0,86.0,95.0,84.0,85.0,48.0,68.0,2023,88.5
Mason Plumlee,Los Angeles Clippers,80.0,87.0,60.0,58.0,63.0,75.0,65.0,81.0,85.0,80.0,75.0,70.0,70.0,74.0,81.0,74.0,46.0,38.0,58.0,77.0,68.0,75.0,57.0,73.0,75.0,78.0,92.0,83.0,75.0,37.0,50.0,72.0,65.0,79.0,86.0,2023,44.5
Ivica Zubac,Los Angeles Clippers,80.0,98.0,74.0,26.0,71.0,80.0,85.0,79.0,80.0,75.0,81.0,54.0,84.0,75.0,82.0,77.0,34.0,32.0,80.0,75.0,40.0,45.0,26.0,75.0,75.0,80.0,90.0,80.0,70.0,35.0,26.0,47.0,30.0,84.0,87.0,2023,35.0
Kenyon Martin Jr.,Los Angeles Clippers,79.0,93.0,68.0,74.0,68.0,95.0,90.0,84.0,75.0,93.0,44.0,44.0,44.0,75.0,75.0,54.0,67.0,36.0,51.0,62.0,54.0,50.0,83.0,62.0,90.0,80.0,60.0,81.0,64.0,76.0,69.0,64.0,36.0,55.0,66.0,2023,76.5
Norman Powell,Los Angeles Clippers,79.0,90.0,78.0,85.0,78.0,85.0,80.0,85.0,25.0,80.0,30.0,32.0,28.0,78.0,88.0,50.0,79.0,46.0,51.0,77.0,74.0,75.0,79.0,46.0,80.0,92.0,90.0,82.0,74.0,79.0,77.0,75.0,42.0,33.0,53.0,2023,80.5
Terance Mann,Los Angeles Clippers,77.0,79.0,82.0,82.0,78.0,95.0,75.0,78.0,45.0,75.0,47.0,50.0,50.0,72.0,75.0,54.0,66.0,38.0,51.0,62.0,59.0,50.0,71.0,50.0,79.0,85.0,90.0,80.0,79.0,79.0,70.0,83.0,65.0,48.0,55.0,2023,71.5
Bones Hyland,Los Angeles Clippers,77.0,65.0,71.0,82.0,82.0,85.0,80.0,84.0,25.0,60.0,30.0,32.0,32.0,85.0,85.0,30.0,66.0,49.0,53.0,64.0,63.0,55.0,87.0,32.0,68.0,88.0,85.0,80.0,74.0,79.0,84.0,75.0,70.0,32.0,51.0,2023,79.5
Robert Covington,Los Angeles Clippers,77.0,74.0,69.0,81.0,83.0,70.0,60.0,76.0,55.0,65.0,59.0,58.0,59.0,30.0,70.0,79.0,83.0,73.0,81.0,83.0,83.0,80.0,68.0,62.0,70.0,85.0,75.0,82.0,60.0,65.0,65.0,60.0,42.0,48.0,77.0,2023,76.0
Marcus Morris Sr.,Los Angeles Clippers,76.0,94.0,79.0,81.0,78.0,65.0,60.0,70.0,55.0,70.0,68.0,67.0,67.0,64.0,84.0,64.0,68.0,40.0,51.0,70.0,61.0,60.0,73.0,75.0,69.0,94.0,80.0,86.0,60.0,60.0,49.0,44.0,37.0,33.0,61.0,2023,61.0
Nicolas Batum,Los Angeles Clippers,74.0,88.0,77.0,83.0,68.0,60.0,55.0,74.0,55.0,60.0,40.0,63.0,62.0,35.0,80.0,66.0,73.0,43.0,65.0,68.0,50.0,60.0,68.0,65.0,82.0,88.0,80.0,83.0,70.0,71.0,68.0,73.0,37.0,47.0,66.0,2023,69.5
Brandon Boston Jr.,Los Angeles Clippers,74.0,77.0,70.0,78.0,84.0,95.0,85.0,79.0,30.0,80.0,30.0,30.0,30.0,44.0,78.0,49.0,62.0,53.0,25.0,52.0,50.0,30.0,79.0,50.0,80.0,80.0,75.0,83.0,64.0,76.0,75.0,66.0,47.0,41.0,50.0,2023,75.5
Amir Coffey,Los Angeles Clippers,72.0,78.0,69.0,70.0,80.0,70.0,50.0,84.0,25.0,40.0,38.0,53.0,54.0,69.0,81.0,47.0,64.0,32.0,37.0,68.0,64.0,50.0,75.0,52.0,75.0,80.0,70.0,79.0,72.0,75.0,75.0,74.0,44.0,40.0,41.0,2023,72.0
Jason Preston,Los Angeles Clippers,71.0,71.0,70.0,75.0,62.0,60.0,70.0,70.0,40.0,45.0,58.0,57.0,57.0,33.0,80.0,40.0,64.0,35.0,25.0,65.0,68.0,55.0,82.0,52.0,75.0,85.0,85.0,80.0,84.0,75.0,80.0,84.0,77.0,34.0,70.0,2023,77.5
Moussa Diabate,Los Angeles Clippers,69.0,65.0,68.0,67.0,61.0,50.0,40.0,67.0,65.0,80.0,50.0,50.0,51.0,35.0,68.0,65.0,41.0,43.0,72.0,65.0,50.0,55.0,73.0,60.0,78.0,80.0,75.0,80.0,42.0,40.0,66.0,52.0,27.0,84.0,51.0,2023,64.5
Xavier Moon,Los Angeles Clippers,67.0,70.0,70.0,78.0,89.0,55.0,50.0,74.0,25.0,40.0,27.0,34.0,32.0,47.0,69.0,30.0,50.0,76.0,40.0,44.0,37.0,30.0,73.0,44.0,70.0,85.0,75.0,80.0,66.0,73.0,70.0,65.0,73.0,33.0,47.0,2023,68.5
LeBron James,Los Angeles Lakers,96.0,94.0,85.0,73.0,76.0,98.0,98.0,98.0,80.0,95.0,82.0,90.0,89.0,96.0,98.0,82.0,85.0,69.0,76.0,90.0,97.0,70.0,87.0,89.0,89.0,99.0,93.0,97.0,90.0,87.0,85.0,97.0,82.0,69.0,82.0,2023,86.5
Anthony Davis,Los Angeles Lakers,93.0,97.0,79.0,70.0,80.0,80.0,98.0,85.0,90.0,88.0,83.0,86.0,86.0,90.0,95.0,94.0,80.0,42.0,86.0,97.0,82.0,95.0,79.0,92.0,86.0,97.0,98.0,78.0,60.0,75.0,67.0,72.0,48.0,80.0,89.0,2023,78.0
Christian Wood,Los Angeles Lakers,82.0,95.0,73.0,80.0,78.0,98.0,95.0,87.0,90.0,85.0,81.0,79.0,81.0,65.0,95.0,74.0,51.0,36.0,75.0,74.0,62.0,45.0,56.0,74.0,66.0,93.0,85.0,83.0,30.0,60.0,44.0,40.0,43.0,54.0,86.0,2023,57.5
Austin Reaves,Los Angeles Lakers,82.0,94.0,95.0,83.0,85.0,90.0,90.0,82.0,25.0,70.0,31.0,32.0,32.0,95.0,85.0,35.0,73.0,36.0,51.0,73.0,70.0,65.0,83.0,44.0,81.0,85.0,80.0,80.0,70.0,73.0,78.0,74.0,53.0,35.0,47.0,2023,78.0
D’Angelo Russell,Los Angeles Lakers,82.0,93.0,95.0,83.0,85.0,70.0,90.0,88.0,25.0,45.0,35.0,55.0,60.0,88.0,81.0,40.0,69.0,43.0,51.0,68.0,79.0,55.0,81.0,54.0,71.0,93.0,65.0,83.0,87.0,90.0,81.0,88.0,73.0,34.0,46.0,2023,78.0
Rui Hachimura,Los Angeles Lakers,79.0,81.0,87.0,77.0,75.0,75.0,65.0,73.0,80.0,80.0,74.0,70.0,72.0,60.0,85.0,60.0,54.0,32.0,53.0,59.0,50.0,35.0,72.0,79.0,80.0,90.0,85.0,80.0,51.0,72.0,67.0,54.0,31.0,43.0,65.0,2023,70.5
Jarred Vanderbilt,Los Angeles Lakers,79.0,85.0,69.0,72.0,69.0,85.0,80.0,75.0,75.0,75.0,40.0,32.0,50.0,50.0,85.0,80.0,80.0,66.0,50.0,82.0,88.0,80.0,75.0,70.0,80.0,75.0,95.0,78.0,60.0,65.0,65.0,38.0,56.0,71.0,85.0,2023,76.5
Cam Reddish,Los Angeles Lakers,75.0,95.0,58.0,81.0,84.0,70.0,85.0,78.0,50.0,80.0,43.0,52.0,47.0,70.0,95.0,55.0,81.0,59.0,52.0,80.0,80.0,75.0,85.0,52.0,84.0,90.0,65.0,80.0,68.0,81.0,79.0,69.0,36.0,35.0,45.0,2023,83.0
Gabe Vincent,Los Angeles Lakers,75.0,89.0,94.0,75.0,89.0,75.0,80.0,76.0,25.0,45.0,26.0,32.0,26.0,59.0,80.0,37.0,60.0,53.0,32.0,60.0,57.0,45.0,73.0,40.0,66.0,85.0,69.0,82.0,74.0,76.0,70.0,74.0,53.0,33.0,44.0,2023,69.0
Jaxson Hayes,Los Angeles Lakers,75.0,95.0,68.0,60.0,70.0,75.0,70.0,71.0,85.0,80.0,68.0,54.0,65.0,52.0,90.0,78.0,48.0,46.0,70.0,79.0,45.0,65.0,58.0,72.0,75.0,80.0,95.0,80.0,29.0,38.0,41.0,40.0,34.0,60.0,68.0,2023,62.0
Taurean Prince,Los Angeles Lakers,75.0,90.0,74.0,82.0,84.0,70.0,60.0,70.0,75.0,70.0,52.0,45.0,51.0,55.0,85.0,64.0,74.0,38.0,52.0,68.0,81.0,60.0,80.0,60.0,84.0,84.0,85.0,81.0,68.0,70.0,69.0,55.0,40.0,32.0,52.0,2023,77.0
Wenyen Gabriel,Los Angeles Lakers,75.0,87.0,62.0,71.0,63.0,75.0,70.0,70.0,75.0,75.0,52.0,38.0,46.0,44.0,70.0,69.0,59.0,38.0,68.0,70.0,54.0,55.0,66.0,69.0,75.0,80.0,85.0,81.0,55.0,60.0,58.0,59.0,29.0,86.0,67.0,2023,63.0
Tristan Thompson,Los Angeles Lakers,73.0,90.0,70.0,62.0,53.0,30.0,25.0,65.0,85.0,75.0,69.0,50.0,62.0,40.0,80.0,75.0,54.0,40.0,60.0,79.0,58.0,55.0,63.0,74.0,74.0,80.0,85.0,90.0,31.0,39.0,30.0,70.0,30.0,90.0,78.0,2023,58.0
Max Christie,Los Angeles Lakers,71.0,70.0,76.0,86.0,82.0,60.0,45.0,70.0,35.0,80.0,39.0,42.0,42.0,41.0,90.0,44.0,63.0,35.0,51.0,60.0,57.0,50.0,87.0,55.0,82.0,98.0,80.0,80.0,68.0,70.0,78.0,66.0,29.0,32.0,61.0,2023,78.5
Scotty Pippen Jr.,Los Angeles Lakers,68.0,73.0,74.0,73.0,75.0,70.0,50.0,73.0,25.0,65.0,25.0,36.0,31.0,62.0,72.0,31.0,62.0,41.0,55.0,54.0,55.0,50.0,82.0,39.0,79.0,82.0,75.0,80.0,70.0,76.0,82.0,70.0,66.0,36.0,61.0,2023,76.0
Ja Morant,Memphis Grizzlies,92.0,93.0,84.0,77.0,79.0,90.0,98.0,97.0,25.0,97.0,54.0,54.0,54.0,95.0,98.0,49.0,72.0,67.0,45.0,79.0,78.0,75.0,95.0,52.0,97.0,97.0,98.0,80.0,96.0,96.0,95.0,95.0,92.0,44.0,63.0,2023,89.0
Jaren Jackson Jr.,Memphis Grizzlies,86.0,95.0,89.0,79.0,78.0,85.0,95.0,82.0,85.0,80.0,85.0,83.0,85.0,60.0,80.0,95.0,71.0,49.0,98.0,94.0,71.0,95.0,63.0,72.0,75.0,90.0,80.0,94.0,45.0,60.0,33.0,50.0,29.0,56.0,70.0,2023,70.5
Desmond Bane,Memphis Grizzlies,84.0,89.0,95.0,88.0,89.0,90.0,90.0,88.0,35.0,75.0,49.0,61.0,56.0,84.0,84.0,52.0,74.0,42.0,51.0,72.0,69.0,70.0,74.0,56.0,78.0,92.0,85.0,78.0,82.0,82.0,70.0,82.0,70.0,36.0,63.0,2023,74.0
Marcus Smart,Memphis Grizzlies,82.0,87.0,66.0,78.0,76.0,45.0,50.0,74.0,25.0,50.0,25.0,58.0,78.0,27.0,70.0,74.0,96.0,80.0,47.0,90.0,92.0,95.0,75.0,73.0,83.0,89.0,90.0,83.0,75.0,74.0,74.0,75.0,73.0,37.0,45.0,2023,89.0
Steven Adams,Memphis Grizzlies,80.0,91.0,65.0,26.0,37.0,60.0,65.0,69.0,70.0,70.0,79.0,62.0,82.0,49.0,79.0,82.0,55.0,43.0,80.0,85.0,79.0,80.0,48.0,81.0,68.0,88.0,90.0,82.0,69.0,35.0,33.0,68.0,42.0,97.0,83.0,2023,50.0
Brandon Clarke,Memphis Grizzlies,78.0,95.0,80.0,57.0,72.0,60.0,30.0,65.0,80.0,84.0,63.0,62.0,62.0,64.0,80.0,78.0,75.0,42.0,70.0,78.0,72.0,75.0,82.0,64.0,82.0,90.0,95.0,80.0,59.0,69.0,65.0,62.0,37.0,66.0,78.0,2023,80.5
Xavier Tillman,Memphis Grizzlies,78.0,89.0,63.0,57.0,56.0,80.0,80.0,76.0,75.0,65.0,70.0,70.0,70.0,46.0,95.0,78.0,66.0,73.0,62.0,80.0,84.0,75.0,46.0,72.0,69.0,82.0,94.0,80.0,62.0,61.0,37.0,68.0,43.0,76.0,69.0,2023,55.5
Luke Kennard,Memphis Grizzlies,77.0,89.0,83.0,92.0,94.0,85.0,90.0,75.0,30.0,60.0,28.0,50.0,35.0,49.0,95.0,35.0,51.0,40.0,32.0,50.0,50.0,45.0,69.0,40.0,60.0,92.0,85.0,80.0,76.0,78.0,66.0,79.0,37.0,29.0,53.0,2023,66.5
Santi Aldama,Memphis Grizzlies,77.0,85.0,74.0,78.0,74.0,90.0,80.0,66.0,70.0,65.0,69.0,69.0,69.0,55.0,85.0,65.0,54.0,40.0,67.0,74.0,59.0,45.0,44.0,70.0,59.0,80.0,80.0,79.0,60.0,42.0,40.0,50.0,34.0,52.0,69.0,2023,49.0
Derrick Rose,Memphis Grizzlies,76.0,84.0,70.0,75.0,92.0,90.0,90.0,86.0,25.0,45.0,55.0,55.0,55.0,65.0,85.0,50.0,67.0,37.0,53.0,66.0,64.0,40.0,86.0,50.0,89.0,85.0,95.0,69.0,83.0,86.0,86.0,88.0,70.0,37.0,50.0,2023,80.5
Josh Christopher,Memphis Grizzlies,75.0,93.0,76.0,70.0,78.0,85.0,85.0,80.0,40.0,85.0,25.0,62.0,44.0,65.0,83.0,49.0,67.0,53.0,58.0,60.0,65.0,50.0,84.0,55.0,81.0,88.0,72.0,80.0,68.0,75.0,78.0,62.0,51.0,37.0,45.0,2023,81.0
David Roddy,Memphis Grizzlies,73.0,85.0,70.0,73.0,61.0,50.0,75.0,77.0,50.0,60.0,62.0,62.0,62.0,59.0,81.0,64.0,65.0,41.0,53.0,69.0,62.0,55.0,75.0,73.0,66.0,88.0,85.0,80.0,62.0,66.0,54.0,60.0,30.0,45.0,56.0,2023,72.0
Jake LaRavia,Memphis Grizzlies,72.0,72.0,72.0,81.0,78.0,60.0,65.0,73.0,60.0,75.0,45.0,47.0,46.0,61.0,70.0,69.0,43.0,42.0,45.0,66.0,58.0,40.0,59.0,62.0,72.0,88.0,85.0,80.0,69.0,68.0,57.0,68.0,33.0,50.0,54.0,2023,64.0
Kenneth Lofton Jr.,Memphis Grizzlies,72.0,83.0,74.0,70.0,67.0,60.0,50.0,74.0,55.0,75.0,70.0,68.0,70.0,50.0,80.0,57.0,38.0,41.0,50.0,57.0,52.0,50.0,64.0,82.0,70.0,85.0,90.0,80.0,60.0,62.0,58.0,64.0,66.0,77.0,73.0,2023,60.5
John Konchar,Memphis Grizzlies,72.0,85.0,76.0,79.0,82.0,75.0,50.0,77.0,40.0,55.0,44.0,47.0,47.0,40.0,85.0,54.0,62.0,70.0,51.0,50.0,60.0,45.0,62.0,40.0,70.0,93.0,90.0,84.0,74.0,76.0,60.0,79.0,34.0,46.0,68.0,2023,66.0
Ziaire Williams,Memphis Grizzlies,72.0,86.0,83.0,70.0,71.0,70.0,45.0,82.0,65.0,80.0,48.0,44.0,58.0,55.0,75.0,60.0,73.0,40.0,47.0,70.0,71.0,65.0,87.0,40.0,82.0,90.0,88.0,80.0,50.0,79.0,82.0,54.0,32.0,36.0,56.0,2023,82.0
Isaiah Todd,Memphis Grizzlies,70.0,69.0,70.0,74.0,76.0,60.0,40.0,70.0,70.0,80.0,62.0,62.0,62.0,34.0,80.0,55.0,52.0,35.0,50.0,58.0,54.0,40.0,60.0,70.0,80.0,80.0,75.0,80.0,59.0,69.0,52.0,57.0,39.0,55.0,59.0,2023,62.5
Vince Williams Jr.,Memphis Grizzlies,69.0,68.0,71.0,78.0,78.0,60.0,40.0,69.0,35.0,70.0,41.0,53.0,39.0,44.0,76.0,35.0,64.0,68.0,35.0,55.0,68.0,45.0,68.0,52.0,70.0,87.0,65.0,80.0,69.0,70.0,60.0,65.0,31.0,48.0,58.0,2023,69.5
Jacob Gilyard,Memphis Grizzlies,69.0,60.0,72.0,80.0,87.0,50.0,45.0,67.0,25.0,25.0,28.0,28.0,25.0,37.0,78.0,30.0,55.0,79.0,35.0,49.0,58.0,45.0,89.0,32.0,80.0,85.0,80.0,80.0,84.0,86.0,89.0,82.0,84.0,32.0,37.0,2023,84.5
Jimmy Butler,Miami Heat,95.0,97.0,80.0,76.0,85.0,90.0,95.0,92.0,40.0,80.0,80.0,80.0,80.0,98.0,98.0,75.0,90.0,90.0,51.0,92.0,96.0,95.0,84.0,76.0,78.0,97.0,95.0,81.0,84.0,86.0,82.0,88.0,73.0,65.0,60.0,2023,87.5
Bam Adebayo,Miami Heat,87.0,94.0,88.0,69.0,80.0,60.0,60.0,81.0,85.0,80.0,80.0,80.0,81.0,70.0,90.0,93.0,83.0,49.0,65.0,92.0,80.0,90.0,74.0,85.0,83.0,92.0,90.0,90.0,72.0,69.0,66.0,74.0,63.0,63.0,84.0,2023,73.5
Tyler Herro,Miami Heat,83.0,91.0,74.0,86.0,93.0,90.0,98.0,86.0,30.0,60.0,37.0,55.0,48.0,84.0,95.0,46.0,69.0,38.0,45.0,65.0,60.0,50.0,79.0,59.0,72.0,85.0,75.0,80.0,79.0,83.0,74.0,84.0,70.0,32.0,69.0,2023,74.0
Caleb Martin,Miami Heat,79.0,83.0,90.0,82.0,80.0,80.0,80.0,84.0,25.0,70.0,55.0,54.0,54.0,69.0,75.0,68.0,75.0,49.0,56.0,74.0,72.0,70.0,55.0,58.0,74.0,85.0,90.0,80.0,62.0,69.0,54.0,69.0,35.0,48.0,62.0,2023,64.5
Thomas Bryant,Miami Heat,76.0,90.0,85.0,80.0,74.0,50.0,80.0,72.0,75.0,65.0,77.0,77.0,77.0,58.0,78.0,63.0,40.0,33.0,62.0,79.0,50.0,50.0,62.0,80.0,52.0,88.0,95.0,82.0,40.0,53.0,53.0,42.0,29.0,67.0,84.0,2023,57.0
Kevin Love,Miami Heat,76.0,94.0,77.0,77.0,88.0,60.0,45.0,72.0,70.0,50.0,77.0,84.0,84.0,50.0,95.0,69.0,50.0,31.0,47.0,75.0,57.0,50.0,66.0,77.0,70.0,75.0,96.0,77.0,65.0,52.0,33.0,77.0,49.0,51.0,95.0,2023,46.0
Kyle Lowry,Miami Heat,76.0,97.0,75.0,78.0,85.0,70.0,50.0,70.0,25.0,25.0,38.0,44.0,40.0,45.0,95.0,68.0,84.0,49.0,51.0,83.0,81.0,80.0,84.0,67.0,72.0,96.0,97.0,79.0,80.0,86.0,84.0,80.0,71.0,38.0,57.0,2023,85.0
Josh Richardson,Miami Heat,75.0,88.0,90.0,79.0,85.0,70.0,60.0,75.0,50.0,78.0,30.0,48.0,32.0,45.0,80.0,69.0,84.0,70.0,51.0,80.0,80.0,80.0,80.0,57.0,72.0,95.0,80.0,83.0,69.0,78.0,79.0,68.0,65.0,40.0,49.0,2023,82.5
Duncan Robinson,Miami Heat,74.0,81.0,81.0,84.0,71.0,75.0,65.0,75.0,30.0,70.0,40.0,44.0,35.0,64.0,90.0,50.0,52.0,35.0,25.0,50.0,50.0,30.0,59.0,35.0,72.0,85.0,75.0,83.0,66.0,72.0,56.0,70.0,39.0,32.0,53.0,2023,62.0
Nikola Jovic,Miami Heat,74.0,85.0,70.0,67.0,72.0,79.0,75.0,79.0,30.0,60.0,55.0,60.0,44.0,47.0,80.0,59.0,62.0,49.0,50.0,60.0,57.0,40.0,68.0,44.0,72.0,85.0,70.0,80.0,69.0,70.0,67.0,68.0,33.0,49.0,58.0,2023,66.5
Orlando Robinson,Miami Heat,72.0,85.0,69.0,74.0,72.0,85.0,70.0,60.0,70.0,60.0,49.0,48.0,50.0,38.0,85.0,54.0,36.0,43.0,71.0,55.0,54.0,45.0,49.0,64.0,64.0,80.0,85.0,77.0,52.0,40.0,35.0,54.0,34.0,80.0,78.0,2023,42.5
Jamal Cain,Miami Heat,70.0,80.0,59.0,70.0,80.0,75.0,65.0,80.0,65.0,70.0,59.0,55.0,57.0,40.0,75.0,60.0,68.0,31.0,75.0,55.0,50.0,50.0,66.0,60.0,75.0,80.0,70.0,83.0,44.0,53.0,60.0,49.0,32.0,62.0,75.0,2023,67.0
Udonis Haslem,Miami Heat,70.0,82.0,66.0,71.0,75.0,64.0,60.0,52.0,55.0,61.0,62.0,68.0,60.0,56.0,64.0,74.0,55.0,64.0,40.0,70.0,66.0,60.0,54.0,73.0,60.0,78.0,90.0,76.0,29.0,35.0,31.0,64.0,29.0,57.0,80.0,2023,40.5
Haywood Highsmith,Miami Heat,70.0,70.0,70.0,80.0,73.0,75.0,55.0,68.0,35.0,50.0,42.0,44.0,41.0,44.0,80.0,41.0,60.0,56.0,58.0,55.0,65.0,35.0,70.0,50.0,79.0,80.0,65.0,86.0,55.0,70.0,64.0,55.0,30.0,55.0,67.0,2023,70.0
Justin Champagnie,Miami Heat,70.0,70.0,67.0,75.0,71.0,75.0,50.0,74.0,65.0,75.0,48.0,44.0,40.0,45.0,75.0,49.0,52.0,42.0,53.0,55.0,52.0,40.0,73.0,40.0,78.0,80.0,92.0,80.0,62.0,65.0,66.0,62.0,30.0,78.0,62.0,2023,70.5
Jamaree Bouyea,Miami Heat,67.0,76.0,67.0,73.0,72.0,50.0,40.0,76.0,25.0,45.0,27.0,35.0,31.0,40.0,75.0,42.0,68.0,70.0,45.0,65.0,67.0,50.0,83.0,41.0,70.0,85.0,85.0,82.0,75.0,76.0,83.0,70.0,72.0,30.0,45.0,2023,78.5
Dru Smith,Miami Heat,67.0,57.0,74.0,76.0,84.0,55.0,55.0,79.0,40.0,45.0,38.0,37.0,40.0,40.0,80.0,40.0,63.0,53.0,40.0,65.0,68.0,50.0,70.0,43.0,62.0,85.0,75.0,80.0,74.0,76.0,70.0,74.0,70.0,36.0,44.0,2023,69.5
Giannis Antetokounmpo,Milwaukee Bucks,96.0,90.0,74.0,71.0,65.0,98.0,98.0,98.0,85.0,91.0,79.0,74.0,87.0,97.0,95.0,92.0,92.0,38.0,80.0,96.0,88.0,95.0,90.0,94.0,85.0,98.0,95.0,91.0,84.0,87.0,80.0,95.0,77.0,62.0,91.0,2023,91.0
Jrue Holiday,Milwaukee Bucks,87.0,90.0,86.0,82.0,86.0,98.0,95.0,88.0,25.0,65.0,30.0,72.0,40.0,59.0,98.0,44.0,95.0,79.0,50.0,89.0,93.0,95.0,79.0,49.0,68.0,90.0,92.0,80.0,84.0,86.0,79.0,85.0,79.0,43.0,55.0,2023,87.5
Khris Middleton,Milwaukee Bucks,85.0,90.0,90.0,83.0,90.0,85.0,80.0,84.0,40.0,65.0,67.0,80.0,83.0,65.0,85.0,72.0,84.0,43.0,40.0,83.0,80.0,80.0,71.0,73.0,66.0,92.0,80.0,90.0,78.0,77.0,71.0,78.0,75.0,43.0,60.0,2023,78.0
Brook Lopez,Milwaukee Bucks,84.0,97.0,84.0,83.0,77.0,98.0,95.0,70.0,80.0,65.0,84.0,84.0,84.0,70.0,95.0,92.0,45.0,35.0,90.0,93.0,69.0,90.0,25.0,89.0,60.0,92.0,90.0,79.0,35.0,35.0,25.0,78.0,32.0,59.0,64.0,2023,42.5
Bobby Portis,Milwaukee Bucks,82.0,98.0,90.0,77.0,82.0,92.0,80.0,74.0,75.0,70.0,80.0,80.0,82.0,74.0,85.0,78.0,40.0,35.0,42.0,75.0,65.0,65.0,65.0,80.0,64.0,85.0,90.0,84.0,55.0,52.0,59.0,52.0,38.0,68.0,89.0,2023,57.0
Jae Crowder,Milwaukee Bucks,78.0,92.0,86.0,83.0,80.0,80.0,45.0,77.0,70.0,60.0,63.0,65.0,60.0,47.0,85.0,70.0,78.0,40.0,53.0,80.0,90.0,75.0,68.0,82.0,73.0,93.0,93.0,89.0,65.0,75.0,66.0,83.0,38.0,34.0,68.0,2023,74.0
Malik Beasley,Milwaukee Bucks,76.0,91.0,73.0,79.0,80.0,95.0,80.0,80.0,45.0,78.0,63.0,65.0,41.0,50.0,76.0,48.0,66.0,43.0,35.0,60.0,54.0,45.0,75.0,55.0,79.0,93.0,85.0,84.0,69.0,79.0,68.0,70.0,36.0,34.0,56.0,2023,75.0
Grayson Allen,Milwaukee Bucks,75.0,77.0,70.0,84.0,90.0,80.0,80.0,85.0,25.0,70.0,31.0,43.0,42.0,69.0,78.0,35.0,72.0,42.0,37.0,70.0,74.0,45.0,84.0,44.0,81.0,85.0,80.0,82.0,70.0,78.0,79.0,78.0,42.0,41.0,47.0,2023,76.0
Pat Connaughton,Milwaukee Bucks,75.0,80.0,69.0,77.0,66.0,80.0,80.0,84.0,30.0,86.0,35.0,34.0,30.0,66.0,90.0,35.0,69.0,41.0,40.0,50.0,54.0,50.0,77.0,45.0,95.0,80.0,90.0,83.0,69.0,78.0,65.0,78.0,33.0,41.0,66.0,2023,76.0
Robin Lopez,Milwaukee Bucks,74.0,93.0,73.0,76.0,60.0,45.0,40.0,78.0,75.0,60.0,96.0,55.0,95.0,50.0,88.0,70.0,55.0,27.0,52.0,80.0,64.0,70.0,25.0,75.0,57.0,85.0,95.0,82.0,30.0,35.0,25.0,69.0,34.0,73.0,49.0,2023,25.0
Goran Dragic,Milwaukee Bucks,73.0,82.0,78.0,80.0,73.0,60.0,50.0,75.0,25.0,45.0,25.0,60.0,39.0,79.0,85.0,32.0,73.0,33.0,37.0,74.0,70.0,70.0,76.0,44.0,72.0,92.0,85.0,84.0,80.0,86.0,76.0,80.0,72.0,34.0,44.0,2023,74.5
Thanasis Antetokounmpo,Milwaukee Bucks,72.0,71.0,66.0,66.0,66.0,85.0,65.0,80.0,40.0,85.0,53.0,50.0,60.0,69.0,64.0,42.0,59.0,46.0,63.0,54.0,50.0,40.0,77.0,42.0,82.0,80.0,90.0,87.0,54.0,69.0,69.0,75.0,32.0,67.0,59.0,2023,67.5
TyTy Washington,Milwaukee Bucks,72.0,70.0,77.0,70.0,75.0,85.0,60.0,76.0,25.0,75.0,25.0,38.0,26.0,50.0,80.0,55.0,66.0,46.0,35.0,62.0,70.0,40.0,80.0,54.0,79.0,95.0,85.0,80.0,68.0,86.0,80.0,69.0,65.0,29.0,52.0,2023,78.0
MarJon Beauchamp,Milwaukee Bucks,72.0,72.0,76.0,77.0,78.0,50.0,70.0,75.0,40.0,70.0,29.0,42.0,44.0,40.0,74.0,54.0,69.0,49.0,35.0,65.0,69.0,45.0,76.0,52.0,82.0,89.0,70.0,80.0,65.0,70.0,70.0,67.0,32.0,58.0,52.0,2023,75.0
Meyers Leonard,Milwaukee Bucks,72.0,86.0,80.0,81.0,84.0,70.0,55.0,70.0,70.0,70.0,52.0,38.0,52.0,45.0,36.0,70.0,43.0,32.0,55.0,70.0,59.0,60.0,43.0,65.0,72.0,76.0,62.0,80.0,30.0,32.0,26.0,57.0,34.0,76.0,85.0,2023,41.5
A.J. Green,Milwaukee Bucks,71.0,60.0,78.0,84.0,90.0,60.0,80.0,71.0,40.0,40.0,34.0,34.0,48.0,45.0,80.0,40.0,63.0,36.0,25.0,50.0,60.0,45.0,69.0,42.0,75.0,80.0,75.0,80.0,61.0,70.0,68.0,68.0,33.0,39.0,50.0,2023,67.5
Lindell Wigginton,Milwaukee Bucks,70.0,67.0,68.0,78.0,69.0,70.0,65.0,79.0,30.0,60.0,25.0,40.0,25.0,50.0,75.0,27.0,68.0,40.0,37.0,68.0,67.0,50.0,75.0,44.0,72.0,84.0,71.0,84.0,69.0,75.0,74.0,70.0,71.0,33.0,53.0,2023,73.5
Anthony Edwards,Minnesota Timberwolves,88.0,80.0,85.0,81.0,77.0,90.0,98.0,94.0,50.0,90.0,60.0,62.0,62.0,84.0,98.0,50.0,74.0,63.0,57.0,74.0,70.0,70.0,89.0,52.0,86.0,89.0,90.0,83.0,74.0,86.0,83.0,79.0,68.0,33.0,66.0,2023,83.5
Karl-Anthony Towns,Minnesota Timberwolves,85.0,97.0,94.0,79.0,89.0,80.0,90.0,78.0,90.0,75.0,85.0,84.0,85.0,70.0,98.0,69.0,50.0,38.0,57.0,79.0,55.0,55.0,76.0,87.0,70.0,98.0,80.0,82.0,60.0,65.0,66.0,79.0,71.0,53.0,78.0,2023,68.5
Rudy Gobert,Minnesota Timberwolves,84.0,75.0,60.0,25.0,65.0,75.0,50.0,60.0,90.0,75.0,65.0,58.0,65.0,70.0,85.0,97.0,64.0,41.0,80.0,97.0,74.0,95.0,48.0,87.0,57.0,90.0,95.0,81.0,68.0,35.0,25.0,58.0,30.0,80.0,91.0,2023,45.0
Jaden McDaniels,Minnesota Timberwolves,81.0,88.0,85.0,83.0,75.0,95.0,80.0,74.0,40.0,75.0,52.0,56.0,54.0,52.0,79.0,80.0,82.0,42.0,67.0,82.0,84.0,85.0,79.0,60.0,80.0,85.0,84.0,90.0,44.0,78.0,70.0,40.0,36.0,47.0,49.0,2023,79.0
Naz Reid,Minnesota Timberwolves,80.0,90.0,70.0,78.0,68.0,95.0,90.0,82.0,80.0,80.0,69.0,58.0,69.0,84.0,94.0,77.0,54.0,46.0,78.0,77.0,59.0,55.0,50.0,80.0,70.0,88.0,92.0,80.0,59.0,58.0,49.0,65.0,39.0,59.0,82.0,2023,51.5
Mike Conley,Minnesota Timberwolves,79.0,86.0,94.0,81.0,84.0,70.0,70.0,76.0,25.0,30.0,25.0,40.0,29.0,60.0,84.0,31.0,83.0,49.0,40.0,83.0,80.0,80.0,83.0,40.0,92.0,85.0,80.0,82.0,90.0,89.0,83.0,90.0,76.0,34.0,44.0,2023,83.0
Jaylen Nowell,Minnesota Timberwolves,77.0,89.0,85.0,73.0,81.0,95.0,90.0,84.0,25.0,65.0,27.0,40.0,38.0,79.0,78.0,29.0,60.0,46.0,32.0,55.0,58.0,40.0,81.0,39.0,79.0,85.0,80.0,80.0,64.0,75.0,77.0,68.0,61.0,40.0,54.0,2023,73.5
Kyle Anderson,Minnesota Timberwolves,77.0,97.0,71.0,81.0,74.0,95.0,80.0,79.0,55.0,45.0,45.0,48.0,41.0,49.0,70.0,60.0,79.0,56.0,67.0,78.0,75.0,75.0,66.0,62.0,66.0,85.0,64.0,83.0,78.0,81.0,65.0,79.0,70.0,42.0,69.0,2023,73.5
Shake Milton,Minnesota Timberwolves,77.0,82.0,85.0,84.0,85.0,98.0,80.0,78.0,30.0,60.0,46.0,44.0,40.0,50.0,89.0,30.0,65.0,35.0,45.0,58.0,50.0,40.0,77.0,38.0,77.0,88.0,85.0,83.0,79.0,84.0,77.0,79.0,70.0,38.0,54.0,2023,76.5
Nickeil Alexander-Walker,Minnesota Timberwolves,74.0,74.0,67.0,82.0,67.0,70.0,75.0,85.0,40.0,60.0,54.0,58.0,64.0,60.0,88.0,52.0,75.0,53.0,60.0,70.0,74.0,55.0,72.0,60.0,70.0,90.0,75.0,80.0,75.0,81.0,72.0,76.0,64.0,36.0,51.0,2023,75.5
Austin Rivers,Minnesota Timberwolves,74.0,89.0,65.0,80.0,71.0,70.0,60.0,80.0,25.0,65.0,31.0,43.0,42.0,60.0,70.0,35.0,79.0,42.0,32.0,78.0,60.0,75.0,77.0,44.0,82.0,93.0,80.0,82.0,75.0,86.0,77.0,77.0,38.0,27.0,46.0,2023,78.0
Troy Brown Jr.,Minnesota Timberwolves,73.0,85.0,74.0,81.0,91.0,75.0,55.0,70.0,30.0,70.0,54.0,59.0,54.0,65.0,80.0,48.0,72.0,42.0,40.0,72.0,71.0,55.0,70.0,58.0,69.0,85.0,80.0,81.0,75.0,77.0,61.0,75.0,32.0,44.0,59.0,2023,74.5
Jordan McLaughlin,Minnesota Timberwolves,73.0,80.0,74.0,70.0,75.0,95.0,70.0,84.0,25.0,65.0,25.0,25.0,25.0,49.0,70.0,25.0,73.0,80.0,37.0,52.0,74.0,60.0,72.0,52.0,74.0,80.0,70.0,83.0,83.0,84.0,70.0,80.0,72.0,40.0,43.0,2023,73.0
Luka Garza,Minnesota Timberwolves,73.0,82.0,70.0,81.0,70.0,85.0,85.0,69.0,60.0,45.0,69.0,69.0,69.0,59.0,85.0,54.0,30.0,31.0,35.0,52.0,56.0,30.0,40.0,69.0,48.0,80.0,85.0,80.0,55.0,35.0,34.0,55.0,42.0,91.0,61.0,2023,36.0
Matt Ryan,Minnesota Timberwolves,71.0,67.0,67.0,82.0,90.0,80.0,65.0,67.0,40.0,55.0,40.0,40.0,40.0,37.0,95.0,42.0,64.0,35.0,32.0,55.0,50.0,40.0,55.0,54.0,69.0,89.0,70.0,79.0,65.0,67.0,52.0,68.0,32.0,32.0,43.0,2023,59.5
Wendell Moore Jr.,Minnesota Timberwolves,71.0,66.0,70.0,76.0,81.0,70.0,45.0,71.0,50.0,80.0,52.0,52.0,52.0,52.0,72.0,66.0,72.0,70.0,39.0,70.0,72.0,60.0,70.0,58.0,83.0,85.0,90.0,80.0,57.0,67.0,68.0,54.0,58.0,37.0,49.0,2023,76.0
Josh Minott,Minnesota Timberwolves,70.0,74.0,65.0,64.0,75.0,50.0,30.0,75.0,65.0,80.0,51.0,55.0,52.0,40.0,75.0,48.0,63.0,63.0,74.0,60.0,65.0,60.0,72.0,62.0,80.0,80.0,80.0,80.0,62.0,63.0,68.0,60.0,44.0,66.0,69.0,2023,71.0
Zion Williamson,New Orleans Pelicans,90.0,98.0,70.0,73.0,72.0,98.0,98.0,98.0,95.0,97.0,90.0,80.0,92.0,94.0,95.0,59.0,55.0,46.0,56.0,64.0,70.0,40.0,86.0,92.0,99.0,83.0,95.0,60.0,65.0,78.0,74.0,72.0,72.0,58.0,67.0,2023,81.0
Brandon Ingram,New Orleans Pelicans,85.0,90.0,89.0,84.0,86.0,98.0,98.0,90.0,65.0,80.0,64.0,70.0,70.0,89.0,98.0,61.0,69.0,37.0,51.0,75.0,68.0,40.0,74.0,42.0,77.0,95.0,80.0,85.0,75.0,85.0,70.0,79.0,72.0,32.0,64.0,2023,73.0
C.J. McCollum,New Orleans Pelicans,84.0,87.0,83.0,82.0,78.0,98.0,95.0,88.0,30.0,40.0,38.0,46.0,32.0,79.0,91.0,35.0,70.0,40.0,53.0,70.0,50.0,65.0,82.0,60.0,80.0,98.0,95.0,80.0,78.0,86.0,82.0,82.0,72.0,37.0,54.0,2023,80.0
Jonas Valanciunas,New Orleans Pelicans,83.0,95.0,71.0,77.0,83.0,70.0,70.0,80.0,80.0,65.0,87.0,64.0,86.0,65.0,95.0,75.0,43.0,31.0,62.0,80.0,54.0,60.0,62.0,89.0,54.0,90.0,90.0,81.0,36.0,35.0,33.0,65.0,41.0,83.0,94.0,2023,47.0
Trey Murphy,New Orleans Pelicans,80.0,92.0,74.0,84.0,91.0,98.0,90.0,74.0,65.0,88.0,42.0,44.0,43.0,50.0,90.0,69.0,69.0,49.0,56.0,69.0,59.0,65.0,84.0,60.0,82.0,85.0,85.0,80.0,59.0,50.0,74.0,64.0,32.0,40.0,52.0,2023,77.0
Herbert Jones,New Orleans Pelicans,79.0,85.0,71.0,76.0,75.0,90.0,85.0,79.0,55.0,75.0,62.0,62.0,62.0,55.0,85.0,62.0,88.0,86.0,60.0,84.0,83.0,85.0,74.0,59.0,72.0,82.0,85.0,80.0,69.0,75.0,69.0,75.0,42.0,52.0,50.0,2023,80.5
Jose Alvarado,New Orleans Pelicans,77.0,83.0,72.0,77.0,79.0,75.0,60.0,83.0,25.0,30.0,35.0,30.0,30.0,40.0,85.0,31.0,85.0,89.0,45.0,85.0,85.0,85.0,76.0,42.0,78.0,80.0,79.0,80.0,75.0,73.0,75.0,68.0,70.0,36.0,50.0,2023,81.5
Larry Nance Jr.,New Orleans Pelicans,77.0,96.0,74.0,79.0,68.0,80.0,60.0,72.0,85.0,85.0,58.0,54.0,69.0,60.0,78.0,68.0,48.0,59.0,67.0,75.0,89.0,55.0,65.0,69.0,86.0,88.0,85.0,83.0,69.0,64.0,49.0,70.0,44.0,67.0,78.0,2023,60.5
Naji Marshall,New Orleans Pelicans,75.0,81.0,89.0,73.0,80.0,85.0,60.0,84.0,45.0,70.0,60.0,60.0,63.0,69.0,80.0,52.0,60.0,43.0,45.0,62.0,64.0,40.0,62.0,60.0,75.0,85.0,70.0,80.0,67.0,74.0,62.0,71.0,54.0,40.0,62.0,2023,63.5
Dyson Daniels,New Orleans Pelicans,75.0,75.0,72.0,72.0,63.0,75.0,65.0,81.0,25.0,75.0,44.0,55.0,47.0,44.0,85.0,57.0,79.0,73.0,51.0,78.0,78.0,75.0,79.0,52.0,75.0,89.0,85.0,80.0,82.0,86.0,79.0,82.0,64.0,42.0,66.0,2023,82.0
Cody Zeller,New Orleans Pelicans,75.0,80.0,70.0,38.0,77.0,65.0,70.0,65.0,75.0,75.0,67.0,65.0,67.0,65.0,79.0,60.0,37.0,38.0,57.0,76.0,60.0,55.0,70.0,75.0,80.0,89.0,95.0,84.0,68.0,40.0,31.0,64.0,37.0,90.0,84.0,2023,47.0
Kira Lewis Jr.,New Orleans Pelicans,73.0,78.0,66.0,78.0,80.0,65.0,70.0,73.0,25.0,45.0,25.0,45.0,32.0,50.0,86.0,34.0,67.0,41.0,40.0,68.0,65.0,40.0,92.0,49.0,70.0,85.0,80.0,84.0,75.0,86.0,82.0,75.0,52.0,36.0,67.0,2023,84.0
E.J. Liddell,New Orleans Pelicans,70.0,80.0,79.0,76.0,76.0,40.0,45.0,75.0,55.0,60.0,66.0,71.0,68.0,37.0,85.0,65.0,54.0,44.0,79.0,62.0,54.0,50.0,73.0,65.0,89.0,80.0,65.0,80.0,59.0,60.0,59.0,58.0,49.0,59.0,66.0,2023,66.5
Dereon Seabron,New Orleans Pelicans,67.0,65.0,66.0,60.0,69.0,50.0,40.0,74.0,40.0,80.0,44.0,47.0,50.0,40.0,98.0,49.0,71.0,42.0,45.0,57.0,44.0,50.0,83.0,83.0,85.0,89.0,70.0,83.0,64.0,68.0,74.0,60.0,44.0,33.0,50.0,2023,77.5
Jalen Brunson,New York Knicks,88.0,96.0,94.0,85.0,84.0,98.0,98.0,90.0,40.0,50.0,50.0,56.0,50.0,88.0,98.0,55.0,70.0,41.0,40.0,65.0,55.0,65.0,82.0,42.0,69.0,93.0,92.0,81.0,87.0,88.0,81.0,88.0,74.0,34.0,47.0,2023,80.0
Julius Randle,New York Knicks,85.0,98.0,78.0,79.0,76.0,95.0,98.0,92.0,85.0,80.0,79.0,60.0,86.0,92.0,85.0,77.0,73.0,36.0,42.0,73.0,52.0,75.0,73.0,87.0,69.0,95.0,90.0,84.0,74.0,80.0,68.0,84.0,67.0,53.0,86.0,2023,76.0
Mitchell Robinson,New York Knicks,82.0,75.0,68.0,32.0,49.0,80.0,50.0,79.0,90.0,80.0,65.0,52.0,50.0,64.0,80.0,83.0,49.0,49.0,87.0,87.0,65.0,80.0,48.0,70.0,83.0,85.0,95.0,80.0,70.0,40.0,25.0,54.0,29.0,93.0,78.0,2023,45.0
Immanuel Quickley,New York Knicks,82.0,95.0,84.0,82.0,82.0,98.0,98.0,86.0,40.0,55.0,50.0,51.0,45.0,86.0,98.0,37.0,71.0,43.0,40.0,69.0,44.0,55.0,82.0,54.0,79.0,89.0,85.0,79.0,84.0,86.0,76.0,84.0,78.0,38.0,57.0,2023,78.0
R.J. Barrett,New York Knicks,82.0,78.0,73.0,74.0,74.0,80.0,90.0,89.0,45.0,80.0,52.0,55.0,79.0,80.0,85.0,58.0,82.0,32.0,37.0,79.0,74.0,75.0,84.0,76.0,82.0,95.0,80.0,80.0,79.0,83.0,82.0,84.0,46.0,38.0,60.0,2023,83.5
Josh Hart,New York Knicks,80.0,82.0,67.0,80.0,74.0,90.0,90.0,86.0,25.0,70.0,39.0,58.0,42.0,84.0,95.0,46.0,72.0,49.0,40.0,70.0,70.0,65.0,81.0,44.0,69.0,90.0,95.0,82.0,73.0,78.0,79.0,75.0,63.0,57.0,78.0,2023,80.0
Quentin Grimes,New York Knicks,78.0,82.0,80.0,81.0,79.0,95.0,85.0,79.0,25.0,70.0,39.0,58.0,42.0,65.0,80.0,46.0,78.0,37.0,53.0,78.0,77.0,75.0,86.0,63.0,75.0,85.0,80.0,80.0,70.0,74.0,79.0,65.0,37.0,37.0,47.0,2023,84.0
Donte DiVincenzo,New York Knicks,77.0,97.0,63.0,84.0,84.0,85.0,80.0,75.0,25.0,75.0,28.0,45.0,38.0,44.0,70.0,58.0,82.0,70.0,37.0,84.0,88.0,80.0,89.0,60.0,95.0,90.0,85.0,81.0,77.0,77.0,81.0,74.0,64.0,47.0,60.0,2023,87.0
Jericho Sims,New York Knicks,76.0,68.0,69.0,26.0,52.0,75.0,65.0,64.0,80.0,89.0,60.0,60.0,60.0,40.0,80.0,66.0,40.0,37.0,73.0,66.0,55.0,40.0,80.0,65.0,83.0,85.0,90.0,80.0,30.0,35.0,34.0,32.0,29.0,86.0,73.0,2023,61.0
Isaiah Hartenstein,New York Knicks,76.0,89.0,70.0,56.0,75.0,85.0,75.0,77.0,75.0,65.0,56.0,57.0,59.0,69.0,75.0,60.0,41.0,43.0,75.0,65.0,54.0,40.0,62.0,62.0,70.0,80.0,88.0,77.0,50.0,56.0,42.0,60.0,33.0,88.0,81.0,2023,56.0
Isaiah Roby,New York Knicks,74.0,80.0,74.0,73.0,75.0,95.0,80.0,78.0,75.0,75.0,50.0,51.0,62.0,60.0,85.0,62.0,60.0,53.0,51.0,60.0,60.0,50.0,74.0,60.0,79.0,80.0,85.0,80.0,48.0,55.0,50.0,47.0,41.0,48.0,79.0,2023,67.5
Evan Fournier,New York Knicks,74.0,85.0,83.0,76.0,79.0,80.0,70.0,84.0,25.0,50.0,30.0,45.0,36.0,66.0,85.0,38.0,69.0,49.0,42.0,70.0,72.0,65.0,71.0,40.0,63.0,95.0,80.0,86.0,75.0,82.0,65.0,82.0,44.0,30.0,52.0,2023,69.5
Miles McBride,New York Knicks,73.0,70.0,76.0,73.0,68.0,60.0,50.0,79.0,25.0,65.0,25.0,58.0,48.0,50.0,80.0,40.0,76.0,73.0,50.0,75.0,74.0,75.0,86.0,44.0,80.0,85.0,85.0,80.0,70.0,74.0,80.0,60.0,47.0,35.0,38.0,2023,81.0
Duane Washington Jr.,New York Knicks,73.0,88.0,82.0,80.0,80.0,84.0,75.0,78.0,45.0,40.0,29.0,32.0,44.0,55.0,80.0,47.0,62.0,35.0,35.0,65.0,55.0,40.0,79.0,42.0,72.0,80.0,65.0,80.0,66.0,74.0,76.0,68.0,71.0,27.0,53.0,2023,74.5
Nathan Knight,New York Knicks,73.0,70.0,70.0,73.0,84.0,85.0,50.0,67.0,70.0,65.0,60.0,60.0,60.0,58.0,60.0,65.0,37.0,46.0,56.0,65.0,50.0,60.0,67.0,75.0,55.0,80.0,85.0,80.0,55.0,47.0,32.0,62.0,32.0,66.0,56.0,2023,54.0
Dylan Windler,New York Knicks,71.0,77.0,77.0,77.0,80.0,85.0,75.0,72.0,35.0,50.0,32.0,44.0,44.0,35.0,80.0,42.0,65.0,43.0,40.0,57.0,60.0,45.0,68.0,55.0,75.0,80.0,80.0,80.0,62.0,72.0,67.0,60.0,40.0,51.0,66.0,2023,67.0
DaQuan Jeffries,New York Knicks,70.0,60.0,75.0,73.0,76.0,50.0,70.0,72.0,70.0,75.0,63.0,65.0,60.0,42.0,70.0,54.0,58.0,42.0,57.0,50.0,54.0,35.0,79.0,57.0,89.0,80.0,60.0,80.0,55.0,70.0,68.0,53.0,31.0,45.0,54.0,2023,74.0
Shai Gilgeous-Alexander,Oklahoma City Thunder,93.0,96.0,96.0,80.0,90.0,98.0,98.0,96.0,40.0,75.0,66.0,73.0,72.0,98.0,98.0,68.0,79.0,70.0,66.0,80.0,80.0,80.0,86.0,60.0,85.0,97.0,98.0,80.0,96.0,93.0,85.0,97.0,89.0,59.0,54.0,2023,84.5
Josh Giddey,Oklahoma City Thunder,83.0,89.0,75.0,75.0,75.0,98.0,98.0,89.0,45.0,65.0,55.0,58.0,55.0,89.0,95.0,50.0,69.0,40.0,51.0,69.0,66.0,65.0,79.0,60.0,74.0,88.0,95.0,80.0,96.0,89.0,79.0,95.0,92.0,59.0,77.0,2023,76.0
Jalen Williams,Oklahoma City Thunder,82.0,88.0,84.0,80.0,79.0,80.0,90.0,87.0,25.0,80.0,47.0,50.0,50.0,75.0,87.0,55.0,69.0,66.0,56.0,68.0,70.0,65.0,88.0,50.0,83.0,90.0,80.0,80.0,78.0,82.0,83.0,78.0,60.0,43.0,56.0,2023,80.0
Luguentz Dort,Oklahoma City Thunder,78.0,58.0,80.0,78.0,78.0,90.0,75.0,86.0,50.0,85.0,40.0,38.0,44.0,60.0,72.0,52.0,83.0,46.0,50.0,82.0,82.0,80.0,79.0,70.0,87.0,92.0,94.0,80.0,62.0,72.0,76.0,62.0,39.0,51.0,50.0,2023,82.0
Isaiah Joe,Oklahoma City Thunder,78.0,81.0,84.0,86.0,82.0,95.0,95.0,81.0,40.0,60.0,35.0,38.0,30.0,85.0,85.0,42.0,69.0,46.0,40.0,61.0,52.0,55.0,72.0,47.0,79.0,80.0,75.0,87.0,67.0,74.0,63.0,69.0,37.0,34.0,55.0,2023,75.5
Chet Holmgren,Oklahoma City Thunder,77.0,77.0,71.0,75.0,72.0,70.0,60.0,70.0,75.0,75.0,69.0,68.0,68.0,52.0,85.0,77.0,59.0,52.0,88.0,80.0,72.0,70.0,75.0,45.0,75.0,87.0,85.0,80.0,60.0,65.0,67.0,59.0,44.0,80.0,80.0,2023,72.0
Aleksej Pokusevski,Oklahoma City Thunder,77.0,74.0,71.0,83.0,79.0,85.0,70.0,81.0,70.0,70.0,54.0,54.0,62.0,55.0,75.0,67.0,67.0,42.0,86.0,77.0,57.0,50.0,60.0,49.0,60.0,84.0,90.0,79.0,59.0,62.0,52.0,54.0,47.0,58.0,69.0,2023,57.0
Kenrich Williams,Oklahoma City Thunder,77.0,84.0,84.0,83.0,53.0,75.0,80.0,79.0,40.0,65.0,40.0,52.0,54.0,55.0,90.0,62.0,63.0,46.0,51.0,60.0,60.0,45.0,66.0,63.0,72.0,80.0,90.0,80.0,69.0,69.0,63.0,69.0,44.0,67.0,63.0,2023,70.5
Victor Oladipo,Oklahoma City Thunder,76.0,85.0,79.0,74.0,76.0,70.0,55.0,75.0,35.0,75.0,41.0,53.0,40.0,50.0,84.0,58.0,84.0,76.0,51.0,82.0,78.0,80.0,81.0,66.0,88.0,85.0,85.0,83.0,75.0,82.0,80.0,80.0,68.0,34.0,56.0,2023,82.5
Jeremiah Robinson-Earl,Oklahoma City Thunder,75.0,80.0,66.0,76.0,77.0,78.0,75.0,79.0,75.0,75.0,64.0,65.0,66.0,50.0,70.0,66.0,40.0,49.0,57.0,66.0,52.0,45.0,62.0,60.0,69.0,80.0,85.0,80.0,65.0,69.0,55.0,66.0,31.0,68.0,65.0,2023,60.0
Tre Mann,Oklahoma City Thunder,75.0,78.0,94.0,74.0,74.0,92.0,90.0,83.0,25.0,60.0,35.0,55.0,60.0,59.0,85.0,49.0,66.0,46.0,47.0,60.0,59.0,40.0,74.0,53.0,68.0,88.0,75.0,80.0,80.0,83.0,73.0,78.0,54.0,36.0,53.0,2023,71.5
Jaylin Williams,Oklahoma City Thunder,75.0,75.0,68.0,75.0,72.0,85.0,65.0,69.0,70.0,70.0,68.0,61.0,68.0,65.0,75.0,74.0,45.0,41.0,55.0,72.0,65.0,70.0,50.0,60.0,62.0,78.0,85.0,80.0,62.0,59.0,38.0,69.0,40.0,48.0,85.0,2023,53.5
Lindy Waters III,Oklahoma City Thunder,74.0,74.0,77.0,80.0,85.0,95.0,80.0,70.0,25.0,65.0,28.0,54.0,34.0,65.0,70.0,53.0,67.0,43.0,42.0,62.0,62.0,40.0,60.0,33.0,67.0,83.0,70.0,80.0,69.0,69.0,50.0,67.0,34.0,36.0,57.0,2023,64.5
Aaron Wiggins,Oklahoma City Thunder,74.0,78.0,70.0,81.0,82.0,70.0,85.0,80.0,35.0,45.0,38.0,40.0,39.0,60.0,76.0,35.0,59.0,42.0,50.0,47.0,40.0,45.0,84.0,45.0,72.0,80.0,65.0,80.0,64.0,70.0,75.0,68.0,37.0,53.0,55.0,2023,78.5
Davis Bertans,Oklahoma City Thunder,73.0,70.0,70.0,82.0,88.0,70.0,60.0,69.0,65.0,65.0,43.0,66.0,52.0,60.0,88.0,64.0,40.0,40.0,52.0,69.0,58.0,50.0,57.0,64.0,52.0,80.0,80.0,68.0,38.0,72.0,47.0,45.0,33.0,35.0,47.0,2023,59.0
Ousmane Dieng,Oklahoma City Thunder,73.0,70.0,73.0,71.0,75.0,75.0,60.0,69.0,45.0,75.0,45.0,48.0,48.0,47.0,90.0,54.0,62.0,40.0,52.0,54.0,52.0,40.0,78.0,49.0,79.0,88.0,80.0,80.0,69.0,70.0,75.0,70.0,37.0,41.0,67.0,2023,75.5
Jack White,Oklahoma City Thunder,67.0,69.0,64.0,66.0,74.0,50.0,35.0,68.0,55.0,65.0,55.0,55.0,55.0,47.0,59.0,60.0,62.0,37.0,45.0,68.0,59.0,55.0,56.0,55.0,72.0,80.0,90.0,80.0,55.0,54.0,47.0,56.0,30.0,62.0,62.0,2023,62.0
Olivier Sarr,Oklahoma City Thunder,67.0,68.0,74.0,69.0,79.0,55.0,35.0,60.0,75.0,75.0,64.0,62.0,64.0,40.0,70.0,58.0,40.0,37.0,65.0,59.0,48.0,35.0,65.0,63.0,74.0,85.0,80.0,80.0,50.0,52.0,49.0,55.0,32.0,63.0,58.0,2023,55.0
Franz Wagner,Orlando Magic,84.0,88.0,79.0,80.0,83.0,98.0,98.0,92.0,55.0,80.0,57.0,59.0,59.0,75.0,76.0,56.0,73.0,41.0,40.0,74.0,73.0,70.0,70.0,65.0,75.0,85.0,80.0,80.0,80.0,79.0,68.0,84.0,64.0,40.0,52.0,2023,71.5
Paolo Banchero,Orlando Magic,84.0,82.0,79.0,70.0,74.0,95.0,95.0,88.0,75.0,85.0,74.0,70.0,72.0,84.0,85.0,68.0,66.0,40.0,53.0,64.0,67.0,45.0,80.0,77.0,83.0,90.0,85.0,80.0,70.0,76.0,74.0,70.0,64.0,60.0,72.0,2023,75.0
Wendell Carter Jr.,Orlando Magic,81.0,89.0,81.0,78.0,74.0,85.0,70.0,78.0,80.0,75.0,82.0,82.0,81.0,70.0,85.0,78.0,47.0,35.0,57.0,80.0,70.0,70.0,68.0,82.0,68.0,85.0,90.0,81.0,56.0,50.0,47.0,70.0,47.0,66.0,86.0,2023,52.5
Markelle Fultz,Orlando Magic,80.0,94.0,81.0,74.0,80.0,90.0,90.0,90.0,30.0,75.0,42.0,48.0,69.0,79.0,81.0,50.0,75.0,76.0,52.0,72.0,69.0,40.0,86.0,56.0,85.0,92.0,75.0,80.0,86.0,86.0,85.0,83.0,74.0,49.0,51.0,2023,81.5
Cole Anthony,Orlando Magic,80.0,93.0,85.0,80.0,89.0,98.0,95.0,82.0,40.0,89.0,49.0,58.0,44.0,82.0,98.0,45.0,69.0,40.0,60.0,55.0,52.0,45.0,84.0,59.0,77.0,88.0,85.0,98.0,82.0,84.0,84.0,82.0,71.0,41.0,68.0,2023,79.0
Moritz Wagner,Orlando Magic,78.0,86.0,78.0,74.0,84.0,95.0,85.0,60.0,75.0,65.0,67.0,67.0,68.0,50.0,76.0,58.0,40.0,49.0,50.0,58.0,54.0,35.0,73.0,78.0,75.0,85.0,85.0,81.0,54.0,42.0,53.0,55.0,43.0,61.0,73.0,2023,57.0
Jonathan Isaac,Orlando Magic,78.0,65.0,76.0,77.0,77.0,50.0,30.0,67.0,60.0,82.0,62.0,68.0,75.0,35.0,68.0,75.0,86.0,92.0,82.0,84.0,85.0,85.0,73.0,70.0,80.0,85.0,90.0,67.0,65.0,76.0,66.0,55.0,33.0,76.0,79.0,2023,80.0
Jalen Suggs,Orlando Magic,76.0,85.0,83.0,73.0,70.0,70.0,60.0,75.0,40.0,80.0,39.0,38.0,74.0,65.0,84.0,35.0,76.0,83.0,60.0,75.0,75.0,75.0,88.0,59.0,90.0,88.0,85.0,80.0,78.0,86.0,88.0,78.0,68.0,51.0,47.0,2023,85.5
Joe Ingles,Orlando Magic,76.0,88.0,75.0,84.0,88.0,70.0,45.0,80.0,40.0,45.0,50.0,55.0,48.0,49.0,70.0,58.0,80.0,42.0,37.0,78.0,78.0,75.0,66.0,64.0,60.0,92.0,70.0,80.0,75.0,70.0,60.0,75.0,66.0,32.0,56.0,2023,75.0
Goga Bitadze,Orlando Magic,75.0,82.0,62.0,71.0,64.0,80.0,70.0,60.0,75.0,65.0,72.0,67.0,74.0,40.0,85.0,64.0,25.0,53.0,85.0,80.0,40.0,55.0,53.0,78.0,63.0,80.0,75.0,80.0,54.0,60.0,52.0,69.0,47.0,84.0,66.0,2023,42.0
Gary Harris,Orlando Magic,75.0,80.0,70.0,86.0,89.0,75.0,70.0,80.0,40.0,50.0,28.0,51.0,47.0,60.0,85.0,68.0,84.0,56.0,45.0,80.0,55.0,80.0,75.0,53.0,78.0,85.0,80.0,83.0,75.0,76.0,70.0,75.0,32.0,35.0,42.0,2023,78.0
Chuma Okeke,Orlando Magic,74.0,70.0,69.0,74.0,80.0,80.0,50.0,70.0,45.0,50.0,48.0,52.0,53.0,40.0,70.0,63.0,80.0,72.0,62.0,77.0,85.0,45.0,70.0,60.0,74.0,80.0,80.0,80.0,65.0,69.0,65.0,66.0,37.0,56.0,65.0,2023,75.5
Michael Carter-Williams,Orlando Magic,71.0,64.0,63.0,66.0,61.0,97.0,60.0,74.0,40.0,60.0,50.0,62.0,51.0,72.0,95.0,58.0,75.0,43.0,58.0,70.0,85.0,70.0,74.0,38.0,75.0,85.0,95.0,82.0,78.0,78.0,73.0,84.0,72.0,49.0,59.0,2023,76.0
Caleb Houstan,Orlando Magic,71.0,64.0,76.0,80.0,78.0,55.0,50.0,70.0,25.0,25.0,32.0,32.0,32.0,44.0,80.0,47.0,64.0,32.0,37.0,60.0,55.0,45.0,78.0,40.0,72.0,86.0,70.0,80.0,62.0,70.0,72.0,65.0,29.0,50.0,51.0,2023,74.0
Admiral Schofield,Orlando Magic,70.0,70.0,72.0,76.0,70.0,55.0,45.0,70.0,45.0,65.0,62.0,62.0,59.0,47.0,80.0,59.0,66.0,36.0,47.0,60.0,57.0,45.0,59.0,65.0,78.0,85.0,80.0,80.0,59.0,73.0,59.0,62.0,38.0,57.0,51.0,2023,66.5
Kevon Harris,Orlando Magic,69.0,75.0,72.0,80.0,85.0,70.0,60.0,75.0,40.0,75.0,33.0,56.0,45.0,49.0,79.0,60.0,62.0,53.0,47.0,45.0,60.0,45.0,71.0,58.0,78.0,85.0,84.0,80.0,64.0,69.0,69.0,65.0,29.0,63.0,50.0,2023,67.5
Joel Embiid,Philadelphia 76ers,96.0,97.0,97.0,80.0,86.0,98.0,98.0,89.0,90.0,80.0,95.0,95.0,96.0,96.0,98.0,96.0,68.0,43.0,83.0,96.0,64.0,95.0,69.0,95.0,69.0,95.0,90.0,76.0,68.0,57.0,62.0,82.0,71.0,70.0,89.0,2023,68.5
James Harden,Philadelphia 76ers,89.0,83.0,93.0,85.0,87.0,75.0,98.0,92.0,35.0,84.0,60.0,74.0,69.0,94.0,98.0,62.0,70.0,46.0,52.0,63.0,82.0,65.0,87.0,71.0,87.0,98.0,97.0,95.0,82.0,97.0,86.0,94.0,91.0,36.0,69.0,2023,81.0
Tyrese Maxey,Philadelphia 76ers,85.0,86.0,83.0,85.0,84.0,98.0,98.0,92.0,25.0,70.0,45.0,60.0,47.0,91.0,95.0,52.0,79.0,38.0,35.0,69.0,68.0,65.0,89.0,44.0,80.0,95.0,95.0,77.0,84.0,86.0,87.0,86.0,65.0,32.0,45.0,2023,86.0
Tobias Harris,Philadelphia 76ers,81.0,88.0,89.0,82.0,87.0,80.0,80.0,80.0,65.0,75.0,70.0,70.0,83.0,64.0,95.0,59.0,58.0,43.0,56.0,66.0,64.0,60.0,75.0,73.0,79.0,95.0,73.0,82.0,77.0,79.0,56.0,78.0,42.0,42.0,68.0,2023,63.0
De’Anthony Melton,Philadelphia 76ers,78.0,74.0,80.0,84.0,80.0,90.0,75.0,84.0,25.0,70.0,25.0,58.0,48.0,50.0,95.0,48.0,81.0,93.0,58.0,79.0,89.0,75.0,76.0,44.0,75.0,80.0,85.0,83.0,78.0,83.0,74.0,75.0,51.0,43.0,60.0,2023,79.0
Mohamed Bamba,Philadelphia 76ers,77.0,75.0,65.0,79.0,72.0,65.0,70.0,67.0,75.0,70.0,69.0,64.0,69.0,45.0,80.0,77.0,48.0,33.0,86.0,80.0,64.0,65.0,75.0,68.0,75.0,78.0,75.0,81.0,35.0,46.0,32.0,51.0,37.0,63.0,85.0,2023,62.5
Paul Reed,Philadelphia 76ers,76.0,70.0,70.0,66.0,76.0,75.0,70.0,73.0,80.0,75.0,73.0,70.0,73.0,68.0,70.0,69.0,43.0,83.0,89.0,66.0,58.0,40.0,49.0,62.0,65.0,80.0,85.0,80.0,48.0,52.0,41.0,44.0,29.0,93.0,82.0,2023,49.5
Patrick Beverley,Philadelphia 76ers,76.0,85.0,44.0,76.0,72.0,60.0,40.0,70.0,25.0,45.0,30.0,35.0,30.0,38.0,85.0,70.0,90.0,43.0,60.0,86.0,63.0,95.0,76.0,60.0,91.0,90.0,76.0,78.0,75.0,78.0,75.0,77.0,50.0,40.0,54.0,2023,82.5
Montrezl Harrell,Philadelphia 76ers,76.0,94.0,79.0,50.0,72.0,30.0,30.0,89.0,85.0,80.0,75.0,70.0,75.0,60.0,90.0,66.0,47.0,41.0,76.0,60.0,50.0,50.0,62.0,94.0,75.0,85.0,90.0,83.0,35.0,35.0,32.0,55.0,34.0,77.0,62.0,2023,54.5
P.J. Tucker,Philadelphia 76ers,75.0,94.0,74.0,83.0,75.0,85.0,55.0,55.0,50.0,60.0,49.0,48.0,50.0,36.0,81.0,77.0,80.0,37.0,45.0,74.0,75.0,80.0,63.0,82.0,66.0,88.0,90.0,91.0,70.0,65.0,44.0,69.0,29.0,55.0,56.0,2023,71.5
Dewayne Dedmon,Philadelphia 76ers,74.0,90.0,74.0,73.0,70.0,70.0,45.0,67.0,60.0,60.0,55.0,46.0,59.0,69.0,59.0,79.0,48.0,36.0,78.0,78.0,58.0,75.0,44.0,80.0,66.0,77.0,75.0,80.0,25.0,44.0,31.0,52.0,33.0,67.0,87.0,2023,49.0
Danuel House Jr.,Philadelphia 76ers,73.0,50.0,74.0,79.0,71.0,75.0,75.0,78.0,80.0,75.0,47.0,51.0,47.0,58.0,79.0,52.0,75.0,33.0,52.0,70.0,70.0,75.0,63.0,50.0,75.0,85.0,75.0,83.0,69.0,70.0,60.0,69.0,33.0,32.0,56.0,2023,68.0
Danny Green,Philadelphia 76ers,73.0,80.0,80.0,82.0,77.0,60.0,35.0,60.0,40.0,45.0,30.0,54.0,35.0,30.0,75.0,66.0,85.0,66.0,65.0,83.0,60.0,80.0,59.0,60.0,69.0,75.0,75.0,82.0,72.0,70.0,59.0,70.0,32.0,38.0,50.0,2023,72.0
Furkan Korkmaz,Philadelphia 76ers,71.0,72.0,70.0,76.0,82.0,80.0,60.0,75.0,40.0,75.0,30.0,60.0,45.0,69.0,88.0,40.0,64.0,41.0,51.0,56.0,62.0,45.0,70.0,50.0,80.0,85.0,81.0,80.0,54.0,73.0,64.0,65.0,39.0,37.0,53.0,2023,69.0
Jaden Springer,Philadelphia 76ers,71.0,74.0,73.0,77.0,81.0,75.0,60.0,74.0,25.0,50.0,28.0,45.0,32.0,55.0,80.0,44.0,69.0,76.0,50.0,68.0,67.0,60.0,82.0,49.0,72.0,85.0,70.0,80.0,75.0,81.0,82.0,75.0,65.0,30.0,37.0,2023,81.0
Mac McClung,Philadelphia 76ers,69.0,72.0,64.0,75.0,64.0,60.0,60.0,74.0,35.0,95.0,44.0,45.0,43.0,39.0,75.0,40.0,67.0,52.0,42.0,50.0,58.0,40.0,79.0,48.0,82.0,84.0,80.0,82.0,75.0,69.0,78.0,68.0,75.0,29.0,67.0,2023,74.5
Kevin Durant,Phoenix Suns,96.0,98.0,98.0,87.0,92.0,98.0,98.0,95.0,60.0,85.0,74.0,86.0,86.0,96.0,98.0,75.0,85.0,54.0,75.0,85.0,75.0,85.0,80.0,63.0,77.0,94.0,85.0,88.0,78.0,92.0,80.0,88.0,72.0,44.0,74.0,2023,82.5
Devin Booker,Phoenix Suns,94.0,97.0,97.0,86.0,84.0,98.0,98.0,95.0,30.0,75.0,74.0,79.0,82.0,91.0,85.0,58.0,74.0,41.0,50.0,65.0,62.0,65.0,79.0,59.0,74.0,95.0,85.0,81.0,89.0,92.0,76.0,94.0,73.0,38.0,54.0,2023,76.5
Bradley Beal,Phoenix Suns,86.0,91.0,94.0,81.0,84.0,85.0,90.0,95.0,30.0,84.0,55.0,55.0,54.0,95.0,92.0,45.0,66.0,41.0,56.0,75.0,65.0,40.0,76.0,62.0,87.0,98.0,78.0,82.0,82.0,88.0,76.0,85.0,73.0,38.0,49.0,2023,79.0
Deandre Ayton,Phoenix Suns,83.0,97.0,92.0,71.0,75.0,75.0,85.0,75.0,90.0,75.0,85.0,75.0,85.0,62.0,82.0,78.0,49.0,36.0,62.0,78.0,69.0,65.0,75.0,85.0,82.0,90.0,76.0,81.0,53.0,61.0,55.0,70.0,39.0,68.0,89.0,2023,63.0
Bol Bol,Phoenix Suns,78.0,98.0,74.0,71.0,76.0,95.0,75.0,69.0,85.0,70.0,70.0,68.0,70.0,62.0,75.0,72.0,52.0,36.0,86.0,64.0,49.0,40.0,68.0,65.0,69.0,80.0,50.0,77.0,50.0,70.0,60.0,40.0,32.0,51.0,87.0,2023,63.0
Drew Eubanks,Phoenix Suns,77.0,94.0,73.0,54.0,66.0,98.0,85.0,69.0,75.0,70.0,74.0,74.0,74.0,54.0,75.0,60.0,47.0,40.0,85.0,59.0,50.0,45.0,61.0,68.0,75.0,80.0,85.0,83.0,42.0,37.0,38.0,55.0,36.0,68.0,77.0,2023,60.5
Josh Okogie,Phoenix Suns,77.0,75.0,82.0,76.0,73.0,90.0,65.0,77.0,30.0,75.0,42.0,44.0,44.0,49.0,70.0,50.0,81.0,66.0,63.0,81.0,84.0,75.0,90.0,46.0,92.0,80.0,95.0,82.0,69.0,76.0,81.0,62.0,40.0,68.0,54.0,2023,86.5
T.J. Warren,Phoenix Suns,77.0,89.0,86.0,77.0,81.0,70.0,80.0,92.0,50.0,80.0,62.0,68.0,62.0,75.0,68.0,54.0,62.0,43.0,51.0,65.0,62.0,50.0,61.0,75.0,63.0,74.0,70.0,84.0,65.0,78.0,60.0,65.0,37.0,40.0,58.0,2023,64.5
Terrence Ross,Phoenix Suns,76.0,91.0,95.0,85.0,76.0,70.0,75.0,74.0,50.0,80.0,58.0,70.0,45.0,40.0,74.0,51.0,68.0,42.0,42.0,66.0,68.0,60.0,74.0,48.0,85.0,86.0,65.0,82.0,69.0,78.0,70.0,72.0,37.0,32.0,49.0,2023,72.0
Chimezie Metu,Phoenix Suns,76.0,88.0,73.0,63.0,75.0,70.0,55.0,78.0,80.0,75.0,58.0,40.0,49.0,65.0,95.0,67.0,51.0,43.0,68.0,68.0,55.0,45.0,52.0,69.0,75.0,80.0,90.0,83.0,48.0,37.0,30.0,58.0,37.0,65.0,85.0,2023,56.0
Eric Gordon,Phoenix Suns,76.0,89.0,72.0,83.0,81.0,70.0,80.0,79.0,30.0,70.0,35.0,63.0,50.0,60.0,94.0,42.0,78.0,38.0,52.0,73.0,68.0,50.0,79.0,60.0,82.0,92.0,85.0,78.0,69.0,79.0,78.0,73.0,53.0,29.0,41.0,2023,78.5
Keita Bates-Diop,Phoenix Suns,76.0,85.0,74.0,81.0,79.0,80.0,80.0,77.0,55.0,65.0,54.0,63.0,60.0,50.0,70.0,63.0,63.0,46.0,51.0,60.0,60.0,35.0,77.0,60.0,72.0,80.0,70.0,76.0,58.0,66.0,66.0,56.0,37.0,51.0,60.0,2023,75.5
Yuta Watanabe,Phoenix Suns,75.0,78.0,60.0,85.0,82.0,70.0,70.0,78.0,40.0,60.0,40.0,43.0,45.0,59.0,85.0,58.0,63.0,40.0,56.0,66.0,65.0,60.0,67.0,60.0,74.0,80.0,85.0,80.0,60.0,69.0,65.0,63.0,32.0,45.0,54.0,2023,69.0
Bismack Biyombo,Phoenix Suns,75.0,82.0,62.0,25.0,45.0,70.0,60.0,60.0,80.0,68.0,48.0,45.0,54.0,69.0,75.0,82.0,50.0,38.0,96.0,85.0,54.0,70.0,48.0,80.0,63.0,79.0,95.0,83.0,25.0,35.0,25.0,74.0,36.0,75.0,84.0,2023,51.5
Damion Lee,Phoenix Suns,75.0,76.0,79.0,87.0,90.0,95.0,85.0,79.0,40.0,65.0,44.0,48.0,51.0,69.0,78.0,57.0,60.0,37.0,35.0,60.0,66.0,35.0,68.0,55.0,75.0,80.0,70.0,79.0,62.0,70.0,66.0,57.0,37.0,37.0,61.0,2023,71.0
Jordan Goodwin,Phoenix Suns,74.0,89.0,72.0,80.0,76.0,95.0,80.0,78.0,25.0,35.0,33.0,43.0,48.0,66.0,80.0,47.0,63.0,80.0,62.0,62.0,63.0,50.0,75.0,49.0,55.0,80.0,75.0,80.0,78.0,78.0,68.0,78.0,67.0,55.0,61.0,2023,73.0
Saben Lee,Phoenix Suns,73.0,62.0,74.0,69.0,68.0,95.0,85.0,84.0,25.0,85.0,25.0,31.0,30.0,79.0,77.0,44.0,60.0,73.0,32.0,55.0,54.0,30.0,74.0,52.0,69.0,80.0,76.0,79.0,80.0,83.0,73.0,80.0,72.0,44.0,49.0,2023,70.5
Ish Wainright,Phoenix Suns,73.0,68.0,66.0,77.0,85.0,75.0,50.0,69.0,50.0,60.0,49.0,48.0,50.0,44.0,81.0,72.0,72.0,66.0,60.0,72.0,72.0,70.0,81.0,82.0,75.0,88.0,90.0,80.0,52.0,68.0,66.0,54.0,34.0,53.0,51.0,2023,80.5
Udoka Azubuike,Phoenix Suns,72.0,64.0,34.0,25.0,44.0,40.0,25.0,70.0,85.0,75.0,44.0,45.0,48.0,40.0,35.0,76.0,44.0,38.0,76.0,74.0,54.0,55.0,72.0,80.0,93.0,79.0,75.0,83.0,25.0,35.0,44.0,34.0,32.0,70.0,89.0,2023,60.5
Damian Lillard,Portland Trail Blazers,94.0,94.0,98.0,89.0,92.0,98.0,98.0,96.0,25.0,85.0,30.0,38.0,42.0,96.0,98.0,31.0,69.0,58.0,45.0,72.0,77.0,60.0,88.0,63.0,89.0,97.0,95.0,98.0,92.0,95.0,87.0,93.0,79.0,36.0,56.0,2023,82.0
Anfernee Simons,Portland Trail Blazers,83.0,92.0,86.0,84.0,89.0,80.0,98.0,92.0,40.0,89.0,49.0,49.0,49.0,87.0,95.0,49.0,59.0,36.0,40.0,50.0,55.0,40.0,86.0,41.0,90.0,92.0,90.0,80.0,87.0,88.0,79.0,89.0,67.0,30.0,43.0,2023,82.5
Jerami Grant,Portland Trail Blazers,81.0,82.0,79.0,84.0,81.0,80.0,90.0,89.0,80.0,85.0,62.0,59.0,69.0,75.0,95.0,70.0,69.0,38.0,61.0,77.0,72.0,75.0,77.0,69.0,78.0,95.0,94.0,82.0,69.0,76.0,72.0,70.0,40.0,38.0,54.0,2023,76.5
Jusuf Nurkic,Portland Trail Blazers,81.0,88.0,68.0,80.0,66.0,95.0,85.0,68.0,75.0,65.0,80.0,72.0,80.0,70.0,85.0,78.0,45.0,43.0,67.0,79.0,60.0,70.0,51.0,90.0,50.0,86.0,75.0,72.0,60.0,40.0,25.0,82.0,63.0,69.0,91.0,2023,43.0
Scoot Henderson,Portland Trail Blazers,78.0,84.0,77.0,74.0,76.0,65.0,70.0,86.0,35.0,94.0,44.0,44.0,44.0,59.0,95.0,42.0,67.0,69.0,40.0,66.0,67.0,50.0,95.0,53.0,95.0,95.0,80.0,80.0,79.0,88.0,95.0,80.0,74.0,47.0,53.0,2023,90.0
Shaedon Sharpe,Portland Trail Blazers,78.0,85.0,81.0,81.0,67.0,85.0,90.0,85.0,40.0,96.0,35.0,37.0,33.0,82.0,88.0,49.0,69.0,37.0,51.0,65.0,75.0,45.0,89.0,50.0,96.0,94.0,85.0,80.0,67.0,83.0,84.0,62.0,30.0,46.0,49.0,2023,84.5
Matisse Thybulle,Portland Trail Blazers,76.0,74.0,48.0,80.0,60.0,65.0,40.0,74.0,35.0,70.0,30.0,30.0,30.0,25.0,70.0,60.0,93.0,96.0,63.0,88.0,97.0,90.0,76.0,59.0,70.0,85.0,90.0,80.0,55.0,65.0,69.0,35.0,31.0,44.0,44.0,2023,84.5
Nassir Little,Portland Trail Blazers,75.0,76.0,82.0,82.0,69.0,85.0,80.0,79.0,35.0,82.0,54.0,52.0,59.0,45.0,80.0,68.0,70.0,37.0,58.0,70.0,65.0,55.0,77.0,70.0,81.0,85.0,85.0,80.0,52.0,65.0,68.0,49.0,34.0,40.0,61.0,2023,78.0
Justise Winslow,Portland Trail Blazers,74.0,72.0,52.0,74.0,71.0,65.0,50.0,70.0,40.0,70.0,42.0,44.0,48.0,62.0,87.0,63.0,79.0,56.0,52.0,77.0,78.0,70.0,75.0,65.0,74.0,90.0,80.0,82.0,75.0,74.0,73.0,64.0,65.0,61.0,60.0,2023,77.5
Moses Brown,Portland Trail Blazers,73.0,68.0,46.0,26.0,49.0,80.0,50.0,76.0,75.0,60.0,52.0,42.0,64.0,55.0,75.0,72.0,52.0,32.0,86.0,72.0,58.0,45.0,42.0,74.0,75.0,75.0,60.0,80.0,44.0,44.0,35.0,58.0,27.0,84.0,87.0,2023,47.0
Skylar Mays,Portland Trail Blazers,72.0,71.0,84.0,80.0,88.0,72.0,75.0,70.0,35.0,45.0,37.0,52.0,37.0,57.0,80.0,42.0,68.0,46.0,25.0,69.0,60.0,50.0,70.0,42.0,74.0,92.0,65.0,80.0,74.0,79.0,67.0,75.0,42.0,37.0,49.0,2023,72.5
Kevin Knox,Portland Trail Blazers,71.0,55.0,55.0,81.0,65.0,50.0,40.0,67.0,65.0,75.0,59.0,52.0,68.0,49.0,78.0,57.0,69.0,38.0,57.0,68.0,69.0,40.0,75.0,70.0,80.0,90.0,73.0,82.0,59.0,75.0,72.0,60.0,28.0,43.0,68.0,2023,73.5
Keon Johnson,Portland Trail Blazers,71.0,66.0,68.0,76.0,71.0,60.0,35.0,70.0,35.0,85.0,35.0,35.0,35.0,45.0,80.0,45.0,70.0,76.0,56.0,69.0,68.0,65.0,97.0,40.0,98.0,88.0,85.0,80.0,75.0,72.0,84.0,70.0,51.0,41.0,56.0,2023,90.0
Jabari Walker,Portland Trail Blazers,71.0,70.0,66.0,73.0,78.0,50.0,40.0,69.0,30.0,70.0,52.0,52.0,52.0,59.0,80.0,68.0,68.0,32.0,53.0,67.0,65.0,60.0,75.0,46.0,79.0,80.0,70.0,80.0,52.0,60.0,71.0,54.0,35.0,76.0,67.0,2023,74.0
Justin Minaya,Portland Trail Blazers,69.0,55.0,70.0,77.0,50.0,70.0,50.0,64.0,35.0,55.0,44.0,47.0,47.0,37.0,85.0,62.0,69.0,69.0,59.0,72.0,52.0,60.0,70.0,55.0,75.0,85.0,80.0,81.0,65.0,70.0,65.0,65.0,37.0,48.0,55.0,2023,70.5
Chance Comanche,Portland Trail Blazers,68.0,68.0,69.0,67.0,80.0,45.0,40.0,68.0,75.0,75.0,59.0,59.0,59.0,44.0,80.0,64.0,40.0,40.0,64.0,60.0,55.0,45.0,61.0,65.0,69.0,80.0,65.0,84.0,52.0,39.0,48.0,44.0,36.0,70.0,70.0,2023,52.5
John Butler,Portland Trail Blazers,67.0,69.0,62.0,70.0,44.0,65.0,40.0,54.0,70.0,70.0,50.0,50.0,50.0,30.0,75.0,62.0,37.0,28.0,70.0,60.0,40.0,40.0,47.0,68.0,75.0,80.0,90.0,80.0,44.0,45.0,37.0,52.0,30.0,60.0,64.0,2023,47.0
Ibou Badji,Portland Trail Blazers,67.0,60.0,37.0,37.0,68.0,55.0,30.0,55.0,80.0,75.0,59.0,40.0,55.0,30.0,75.0,70.0,37.0,41.0,79.0,71.0,54.0,55.0,66.0,70.0,81.0,85.0,80.0,84.0,58.0,37.0,32.0,55.0,30.0,67.0,65.0,2023,58.5
De’Aaron Fox,Sacramento Kings,88.0,98.0,89.0,77.0,77.0,98.0,98.0,94.0,25.0,80.0,25.0,30.0,27.0,94.0,90.0,34.0,79.0,49.0,45.0,77.0,77.0,70.0,97.0,46.0,84.0,96.0,90.0,80.0,85.0,88.0,97.0,88.0,85.0,34.0,56.0,2023,91.0
Domantas Sabonis,Sacramento Kings,87.0,97.0,88.0,80.0,77.0,95.0,95.0,88.0,70.0,75.0,88.0,87.0,88.0,82.0,95.0,70.0,49.0,38.0,52.0,69.0,45.0,60.0,48.0,82.0,54.0,92.0,95.0,86.0,82.0,60.0,43.0,80.0,74.0,73.0,92.0,2023,46.5
Keegan Murray,Sacramento Kings,80.0,77.0,72.0,84.0,78.0,85.0,85.0,77.0,60.0,80.0,69.0,69.0,69.0,65.0,80.0,68.0,69.0,41.0,56.0,64.0,68.0,65.0,76.0,60.0,79.0,85.0,86.0,80.0,65.0,70.0,73.0,66.0,30.0,46.0,63.0,2023,75.5
Kevin Huerter,Sacramento Kings,80.0,94.0,82.0,87.0,71.0,98.0,90.0,84.0,30.0,65.0,25.0,58.0,35.0,70.0,90.0,44.0,64.0,49.0,45.0,63.0,64.0,60.0,84.0,50.0,75.0,85.0,85.0,83.0,74.0,79.0,72.0,76.0,53.0,36.0,50.0,2023,75.0
Malik Monk,Sacramento Kings,80.0,85.0,79.0,81.0,88.0,95.0,95.0,82.0,40.0,80.0,25.0,62.0,45.0,74.0,95.0,45.0,68.0,41.0,50.0,69.0,68.0,45.0,80.0,48.0,88.0,88.0,72.0,80.0,75.0,79.0,76.0,78.0,72.0,36.0,52.0,2023,77.0
Harrison Barnes,Sacramento Kings,79.0,82.0,79.0,81.0,85.0,80.0,85.0,84.0,55.0,80.0,48.0,65.0,83.0,45.0,88.0,67.0,75.0,37.0,35.0,65.0,65.0,60.0,77.0,70.0,95.0,92.0,75.0,82.0,72.0,78.0,73.0,75.0,32.0,41.0,57.0,2023,73.5
Trey Lyles,Sacramento Kings,77.0,82.0,75.0,80.0,80.0,95.0,75.0,77.0,70.0,65.0,72.0,74.0,74.0,69.0,80.0,68.0,36.0,37.0,62.0,64.0,62.0,40.0,54.0,69.0,65.0,81.0,80.0,84.0,55.0,58.0,41.0,68.0,34.0,56.0,77.0,2023,53.5
Terence Davis,Sacramento Kings,76.0,79.0,74.0,81.0,84.0,85.0,75.0,79.0,40.0,75.0,32.0,49.0,38.0,40.0,95.0,54.0,74.0,80.0,53.0,70.0,74.0,60.0,73.0,44.0,76.0,90.0,89.0,80.0,77.0,79.0,68.0,79.0,43.0,38.0,67.0,2023,75.0
JaVale McGee,Sacramento Kings,76.0,82.0,64.0,55.0,67.0,45.0,40.0,64.0,95.0,85.0,78.0,58.0,64.0,65.0,37.0,79.0,47.0,33.0,89.0,84.0,67.0,65.0,65.0,75.0,69.0,72.0,75.0,80.0,25.0,35.0,26.0,48.0,31.0,77.0,87.0,2023,50.0
Chris Duarte,Sacramento Kings,75.0,82.0,65.0,75.0,85.0,95.0,85.0,79.0,40.0,70.0,44.0,46.0,46.0,69.0,95.0,50.0,69.0,41.0,47.0,68.0,69.0,65.0,65.0,59.0,63.0,92.0,92.0,80.0,77.0,75.0,60.0,78.0,39.0,36.0,54.0,2023,66.5
Nerlens Noel,Sacramento Kings,75.0,89.0,64.0,30.0,71.0,40.0,25.0,68.0,90.0,75.0,65.0,60.0,60.0,47.0,79.0,84.0,45.0,83.0,78.0,85.0,89.0,80.0,66.0,65.0,74.0,84.0,94.0,76.0,32.0,46.0,27.0,60.0,32.0,67.0,75.0,2023,62.5
Davion Mitchell,Sacramento Kings,75.0,95.0,80.0,76.0,79.0,70.0,40.0,74.0,25.0,40.0,30.0,30.0,30.0,44.0,95.0,44.0,84.0,41.0,47.0,85.0,85.0,85.0,82.0,60.0,70.0,90.0,95.0,80.0,82.0,86.0,82.0,83.0,61.0,31.0,42.0,2023,84.5
P.J. Dozier,Sacramento Kings,74.0,70.0,70.0,74.0,64.0,85.0,50.0,75.0,50.0,75.0,44.0,41.0,39.0,42.0,78.0,48.0,74.0,63.0,55.0,65.0,60.0,50.0,83.0,40.0,85.0,80.0,70.0,81.0,68.0,76.0,77.0,69.0,47.0,44.0,60.0,2023,79.5
Alex Len,Sacramento Kings,74.0,88.0,61.0,70.0,66.0,95.0,65.0,74.0,80.0,65.0,74.0,48.0,76.0,59.0,64.0,74.0,44.0,37.0,74.0,78.0,62.0,50.0,43.0,75.0,60.0,80.0,92.0,78.0,31.0,32.0,25.0,45.0,41.0,67.0,74.0,2023,47.0
Kessler Edwards,Sacramento Kings,71.0,64.0,72.0,79.0,80.0,70.0,75.0,68.0,60.0,65.0,50.0,50.0,50.0,45.0,80.0,59.0,75.0,37.0,42.0,74.0,75.0,75.0,72.0,77.0,70.0,80.0,75.0,80.0,50.0,64.0,59.0,64.0,30.0,50.0,52.0,2023,73.0
Neemias Queta,Sacramento Kings,70.0,75.0,62.0,50.0,71.0,60.0,45.0,61.0,70.0,65.0,62.0,60.0,62.0,40.0,85.0,70.0,45.0,30.0,87.0,70.0,48.0,55.0,59.0,76.0,65.0,80.0,80.0,80.0,52.0,38.0,30.0,62.0,33.0,83.0,65.0,2023,53.5
Keon Ellis,Sacramento Kings,68.0,70.0,70.0,74.0,84.0,50.0,35.0,73.0,25.0,65.0,27.0,40.0,38.0,54.0,78.0,29.0,60.0,60.0,53.0,50.0,68.0,40.0,81.0,39.0,79.0,85.0,70.0,80.0,64.0,74.0,77.0,65.0,47.0,37.0,53.0,2023,75.0
Victor Wembanyama,San Antonio Spurs,84.0,84.0,81.0,72.0,82.0,90.0,67.0,77.0,80.0,75.0,79.0,79.0,79.0,56.0,98.0,84.0,47.0,54.0,90.0,87.0,78.0,85.0,66.0,57.0,69.0,94.0,80.0,88.0,68.0,70.0,64.0,68.0,51.0,71.0,82.0,2023,55.0
Devin Vassell,San Antonio Spurs,81.0,71.0,93.0,83.0,79.0,95.0,95.0,79.0,40.0,60.0,51.0,65.0,65.0,70.0,95.0,62.0,82.0,49.0,51.0,81.0,85.0,75.0,72.0,60.0,77.0,89.0,85.0,82.0,76.0,82.0,65.0,79.0,65.0,29.0,59.0,2023,76.0
Keldon Johnson,San Antonio Spurs,80.0,86.0,76.0,80.0,75.0,98.0,98.0,87.0,65.0,75.0,59.0,62.0,62.0,84.0,95.0,67.0,76.0,38.0,37.0,69.0,64.0,65.0,76.0,70.0,71.0,90.0,95.0,80.0,74.0,79.0,73.0,74.0,51.0,38.0,62.0,2023,76.5
Jeremy Sochan,San Antonio Spurs,78.0,82.0,72.0,70.0,70.0,90.0,90.0,80.0,60.0,80.0,48.0,52.0,53.0,69.0,70.0,65.0,74.0,42.0,52.0,69.0,68.0,65.0,70.0,60.0,74.0,80.0,80.0,80.0,68.0,67.0,65.0,74.0,52.0,60.0,65.0,2023,72.0
Tre Jones,San Antonio Spurs,78.0,81.0,92.0,70.0,88.0,75.0,85.0,78.0,25.0,35.0,32.0,34.0,30.0,74.0,80.0,34.0,75.0,63.0,35.0,70.0,76.0,65.0,80.0,60.0,71.0,85.0,75.0,81.0,85.0,84.0,80.0,85.0,74.0,38.0,51.0,2023,79.5
Zach Collins,San Antonio Spurs,78.0,95.0,82.0,82.0,78.0,90.0,90.0,70.0,70.0,65.0,72.0,70.0,70.0,50.0,75.0,68.0,45.0,40.0,66.0,70.0,65.0,50.0,66.0,60.0,79.0,78.0,80.0,80.0,30.0,40.0,38.0,30.0,66.0,66.0,82.0,2023,61.0
Devonte’ Graham,San Antonio Spurs,76.0,64.0,77.0,81.0,77.0,98.0,90.0,80.0,25.0,60.0,30.0,32.0,36.0,66.0,95.0,30.0,70.0,46.0,51.0,65.0,68.0,55.0,82.0,34.0,79.0,95.0,85.0,83.0,82.0,86.0,82.0,83.0,70.0,33.0,46.0,2023,79.0
Cameron Payne,San Antonio Spurs,76.0,78.0,89.0,80.0,75.0,80.0,90.0,83.0,25.0,25.0,25.0,36.0,31.0,75.0,72.0,31.0,60.0,53.0,40.0,51.0,52.0,40.0,75.0,39.0,72.0,82.0,75.0,84.0,75.0,86.0,75.0,79.0,77.0,33.0,51.0,2023,72.5
Reggie Bullock,San Antonio Spurs,76.0,87.0,81.0,82.0,70.0,95.0,90.0,71.0,40.0,50.0,30.0,51.0,42.0,50.0,66.0,50.0,80.0,38.0,37.0,74.0,72.0,75.0,63.0,50.0,72.0,80.0,70.0,80.0,75.0,71.0,56.0,72.0,32.0,33.0,56.0,2023,73.5
Malaki Branham,San Antonio Spurs,76.0,97.0,88.0,74.0,82.0,80.0,85.0,74.0,60.0,75.0,47.0,44.0,49.0,62.0,95.0,45.0,63.0,38.0,37.0,54.0,52.0,45.0,82.0,55.0,75.0,86.0,70.0,80.0,59.0,69.0,74.0,59.0,45.0,35.0,51.0,2023,79.5
Charles Bassey,San Antonio Spurs,75.0,78.0,69.0,62.0,76.0,50.0,35.0,70.0,75.0,75.0,50.0,50.0,50.0,40.0,70.0,69.0,57.0,40.0,88.0,68.0,50.0,60.0,77.0,69.0,82.0,80.0,95.0,80.0,35.0,42.0,54.0,48.0,43.0,87.0,90.0,2023,70.5
Cedi Osman,San Antonio Spurs,75.0,82.0,74.0,80.0,69.0,70.0,70.0,86.0,46.0,61.0,38.0,58.0,51.0,52.0,75.0,65.0,76.0,40.0,37.0,70.0,65.0,65.0,71.0,59.0,70.0,85.0,80.0,75.0,75.0,75.0,69.0,70.0,41.0,34.0,52.0,2023,73.0
Khem Birch,San Antonio Spurs,74.0,89.0,68.0,55.0,73.0,75.0,60.0,69.0,85.0,70.0,61.0,60.0,60.0,64.0,85.0,77.0,48.0,43.0,71.0,79.0,60.0,65.0,71.0,73.0,78.0,82.0,90.0,83.0,25.0,32.0,34.0,40.0,31.0,51.0,57.0,2023,62.0
Sandro Mamukelashvili,San Antonio Spurs,73.0,65.0,69.0,71.0,66.0,60.0,45.0,69.0,65.0,65.0,62.0,60.0,63.0,54.0,85.0,65.0,50.0,35.0,58.0,68.0,52.0,45.0,59.0,73.0,69.0,85.0,85.0,80.0,62.0,59.0,49.0,69.0,40.0,77.0,78.0,2023,54.0
Romeo Langford,San Antonio Spurs,73.0,85.0,72.0,70.0,68.0,85.0,70.0,73.0,35.0,65.0,35.0,58.0,37.0,44.0,80.0,42.0,65.0,40.0,56.0,69.0,50.0,35.0,81.0,42.0,81.0,92.0,75.0,80.0,70.0,79.0,78.0,69.0,35.0,62.0,42.0,2023,78.5
Gorgui Dieng,San Antonio Spurs,73.0,85.0,66.0,72.0,87.0,65.0,50.0,59.0,70.0,64.0,76.0,55.0,72.0,70.0,70.0,69.0,43.0,30.0,75.0,80.0,59.0,65.0,43.0,73.0,70.0,91.0,83.0,83.0,31.0,35.0,31.0,62.0,68.0,65.0,81.0,2023,49.0
Doug McDermott,San Antonio Spurs,73.0,85.0,51.0,86.0,71.0,70.0,80.0,79.0,50.0,65.0,60.0,66.0,62.0,60.0,75.0,52.0,58.0,31.0,35.0,63.0,50.0,40.0,59.0,60.0,67.0,81.0,67.0,83.0,65.0,67.0,47.0,65.0,40.0,33.0,51.0,2023,56.5
Blake Wesley,San Antonio Spurs,73.0,72.0,70.0,83.0,66.0,70.0,60.0,74.0,40.0,86.0,54.0,57.0,50.0,59.0,80.0,49.0,71.0,43.0,45.0,60.0,63.0,50.0,78.0,40.0,84.0,92.0,75.0,80.0,69.0,83.0,77.0,68.0,63.0,36.0,53.0,2023,76.0
Dominick Barlow,San Antonio Spurs,68.0,69.0,68.0,70.0,70.0,40.0,40.0,65.0,60.0,75.0,52.0,50.0,52.0,35.0,75.0,50.0,47.0,40.0,68.0,57.0,49.0,40.0,68.0,62.0,75.0,80.0,85.0,80.0,51.0,69.0,64.0,52.0,32.0,76.0,72.0,2023,62.5
Julian Champagnie,San Antonio Spurs,68.0,69.0,74.0,75.0,78.0,45.0,40.0,74.0,40.0,60.0,43.0,44.0,52.0,41.0,73.0,45.0,67.0,62.0,40.0,55.0,66.0,40.0,69.0,37.0,67.0,85.0,75.0,80.0,66.0,68.0,65.0,64.0,47.0,44.0,54.0,2023,68.5
Pascal Siakam,Toronto Raptors,86.0,91.0,80.0,77.0,76.0,90.0,98.0,84.0,85.0,80.0,88.0,88.0,88.0,89.0,95.0,86.0,79.0,38.0,52.0,86.0,82.0,80.0,76.0,70.0,79.0,95.0,80.0,82.0,72.0,79.0,69.0,79.0,72.0,51.0,74.0,2023,78.0
Scottie Barnes,Toronto Raptors,83.0,85.0,74.0,72.0,77.0,98.0,85.0,86.0,80.0,80.0,60.0,62.0,62.0,79.0,95.0,75.0,75.0,42.0,62.0,75.0,76.0,75.0,82.0,74.0,92.0,88.0,90.0,80.0,77.0,79.0,77.0,80.0,69.0,61.0,65.0,2023,79.5
OG Anunoby,Toronto Raptors,82.0,73.0,80.0,82.0,84.0,85.0,70.0,72.0,60.0,85.0,38.0,37.0,36.0,70.0,80.0,76.0,87.0,83.0,60.0,85.0,84.0,85.0,81.0,68.0,85.0,85.0,85.0,81.0,58.0,72.0,71.0,52.0,34.0,46.0,56.0,2023,85.0
Jakob Poeltl,Toronto Raptors,81.0,97.0,59.0,45.0,61.0,80.0,80.0,63.0,75.0,60.0,77.0,60.0,75.0,69.0,85.0,81.0,45.0,49.0,80.0,79.0,67.0,80.0,51.0,79.0,57.0,80.0,90.0,80.0,69.0,38.0,31.0,62.0,63.0,85.0,89.0,2023,35.5
Gary Trent Jr.,Toronto Raptors,80.0,89.0,81.0,81.0,84.0,95.0,95.0,86.0,40.0,75.0,44.0,57.0,46.0,84.0,73.0,50.0,61.0,76.0,42.0,60.0,64.0,35.0,85.0,58.0,90.0,80.0,70.0,82.0,70.0,79.0,77.0,71.0,33.0,32.0,45.0,2023,79.5
Chris Boucher,Toronto Raptors,79.0,88.0,59.0,76.0,75.0,65.0,40.0,74.0,85.0,80.0,72.0,64.0,72.0,50.0,85.0,78.0,37.0,46.0,80.0,84.0,50.0,70.0,57.0,80.0,74.0,89.0,95.0,77.0,33.0,41.0,25.0,59.0,28.0,76.0,80.0,2023,48.5
Precious Achiuwa,Toronto Raptors,78.0,78.0,64.0,62.0,70.0,70.0,80.0,79.0,85.0,80.0,57.0,44.0,42.0,63.0,75.0,75.0,56.0,41.0,66.0,73.0,89.0,55.0,75.0,78.0,79.0,84.0,88.0,76.0,36.0,49.0,66.0,50.0,32.0,67.0,84.0,2023,70.0
Dennis Schroder,Toronto Raptors,77.0,89.0,79.0,76.0,87.0,70.0,65.0,80.0,25.0,45.0,25.0,38.0,27.0,62.0,85.0,34.0,73.0,38.0,32.0,72.0,67.0,60.0,84.0,46.0,74.0,93.0,90.0,80.0,82.0,86.0,84.0,80.0,70.0,29.0,43.0,2023,81.0
Otto Porter Jr.,Toronto Raptors,76.0,88.0,85.0,81.0,83.0,75.0,70.0,75.0,45.0,70.0,65.0,67.0,58.0,57.0,84.0,63.0,73.0,83.0,25.0,66.0,64.0,45.0,68.0,60.0,73.0,93.0,70.0,79.0,70.0,77.0,66.0,70.0,33.0,47.0,52.0,2023,71.5
Thaddeus Young,Toronto Raptors,76.0,93.0,60.0,57.0,60.0,60.0,30.0,79.0,70.0,70.0,70.0,70.0,70.0,30.0,80.0,82.0,70.0,89.0,42.0,82.0,70.0,80.0,72.0,80.0,83.0,78.0,85.0,85.0,69.0,65.0,50.0,82.0,50.0,68.0,62.0,2023,70.5
Jalen McDaniels,Toronto Raptors,76.0,82.0,80.0,74.0,83.0,85.0,80.0,80.0,60.0,65.0,62.0,68.0,59.0,52.0,68.0,59.0,55.0,59.0,55.0,55.0,50.0,35.0,73.0,60.0,73.0,80.0,80.0,80.0,55.0,69.0,69.0,59.0,39.0,42.0,67.0,2023,66.5
Will Barton,Toronto Raptors,74.0,62.0,74.0,80.0,78.0,95.0,65.0,76.0,40.0,83.0,32.0,59.0,45.0,74.0,82.0,33.0,80.0,40.0,51.0,80.0,65.0,75.0,75.0,54.0,74.0,82.0,85.0,80.0,75.0,79.0,73.0,77.0,63.0,32.0,59.0,2023,78.0
Christian Koloko,Toronto Raptors,73.0,62.0,60.0,29.0,65.0,75.0,80.0,64.0,75.0,75.0,54.0,50.0,51.0,50.0,70.0,75.0,37.0,36.0,91.0,75.0,50.0,70.0,72.0,59.0,75.0,80.0,80.0,80.0,37.0,42.0,44.0,52.0,29.0,74.0,58.0,2023,54.5
Malachi Flynn,Toronto Raptors,73.0,89.0,67.0,81.0,83.0,84.0,80.0,84.0,25.0,25.0,25.0,37.0,25.0,69.0,73.0,27.0,69.0,43.0,37.0,69.0,68.0,55.0,73.0,44.0,65.0,83.0,70.0,82.0,74.0,76.0,73.0,73.0,59.0,38.0,50.0,2023,74.5
Garrett Temple,Toronto Raptors,70.0,82.0,55.0,74.0,79.0,70.0,40.0,70.0,25.0,30.0,37.0,55.0,46.0,40.0,85.0,46.0,78.0,56.0,60.0,77.0,74.0,70.0,57.0,44.0,69.0,85.0,79.0,82.0,75.0,75.0,57.0,74.0,40.0,39.0,54.0,2023,66.5
Jeff Dowtin,Toronto Raptors,69.0,74.0,72.0,76.0,76.0,85.0,60.0,70.0,30.0,75.0,35.0,42.0,30.0,40.0,78.0,30.0,60.0,43.0,50.0,58.0,52.0,40.0,70.0,30.0,75.0,80.0,84.0,80.0,70.0,70.0,70.0,68.0,55.0,66.0,52.0,2023,70.0
Ron Harper Jr.,Toronto Raptors,68.0,70.0,72.0,76.0,79.0,60.0,50.0,72.0,40.0,70.0,44.0,45.0,30.0,47.0,85.0,42.0,60.0,43.0,47.0,60.0,52.0,55.0,69.0,47.0,70.0,80.0,75.0,80.0,58.0,72.0,63.0,55.0,33.0,34.0,46.0,2023,69.0
Lauri Markkanen,Utah Jazz,86.0,98.0,85.0,84.0,87.0,98.0,98.0,79.0,75.0,75.0,83.0,83.0,83.0,88.0,95.0,66.0,65.0,36.0,55.0,66.0,64.0,65.0,63.0,61.0,62.0,85.0,85.0,80.0,55.0,65.0,42.0,75.0,36.0,56.0,77.0,2023,62.5
Walker Kessler,Utah Jazz,83.0,91.0,68.0,66.0,54.0,98.0,85.0,69.0,85.0,75.0,74.0,66.0,74.0,69.0,95.0,84.0,65.0,35.0,96.0,85.0,58.0,80.0,37.0,74.0,60.0,88.0,90.0,80.0,42.0,44.0,35.0,48.0,30.0,91.0,86.0,2023,39.5
Collin Sexton,Utah Jazz,80.0,95.0,88.0,84.0,83.0,80.0,85.0,85.0,30.0,75.0,25.0,38.0,28.0,80.0,95.0,45.0,67.0,40.0,35.0,67.0,69.0,50.0,88.0,58.0,84.0,95.0,90.0,81.0,78.0,86.0,87.0,76.0,66.0,42.0,41.0,2023,82.0
John Collins,Utah Jazz,80.0,93.0,91.0,65.0,83.0,60.0,60.0,82.0,90.0,93.0,77.0,75.0,83.0,52.0,85.0,74.0,49.0,37.0,71.0,74.0,38.0,60.0,71.0,75.0,85.0,92.0,85.0,84.0,37.0,60.0,50.0,66.0,30.0,43.0,77.0,2023,61.0
Jordan Clarkson,Utah Jazz,80.0,95.0,82.0,80.0,82.0,95.0,95.0,90.0,25.0,75.0,30.0,37.0,38.0,89.0,98.0,43.0,65.0,35.0,37.0,58.0,49.0,40.0,79.0,54.0,85.0,80.0,70.0,83.0,79.0,88.0,79.0,81.0,70.0,44.0,48.0,2023,77.5
Kelly Olynyk,Utah Jazz,79.0,95.0,71.0,83.0,85.0,98.0,90.0,75.0,70.0,60.0,79.0,79.0,79.0,79.0,78.0,70.0,50.0,43.0,56.0,66.0,45.0,65.0,31.0,70.0,55.0,89.0,90.0,82.0,60.0,42.0,25.0,66.0,63.0,48.0,69.0,2023,34.0
Talen Horton-Tucker,Utah Jazz,79.0,85.0,73.0,72.0,78.0,98.0,95.0,87.0,30.0,80.0,52.0,60.0,57.0,88.0,95.0,44.0,74.0,46.0,61.0,70.0,70.0,50.0,70.0,69.0,73.0,85.0,85.0,80.0,84.0,82.0,68.0,84.0,78.0,39.0,62.0,2023,74.0
Ochai Agbaji,Utah Jazz,77.0,85.0,72.0,83.0,76.0,95.0,85.0,73.0,65.0,80.0,52.0,52.0,52.0,68.0,78.0,57.0,80.0,33.0,45.0,79.0,75.0,75.0,88.0,64.0,85.0,90.0,90.0,80.0,62.0,75.0,78.0,62.0,31.0,45.0,42.0,2023,84.0
Kris Dunn,Utah Jazz,76.0,84.0,79.0,65.0,74.0,70.0,60.0,70.0,40.0,55.0,39.0,60.0,42.0,44.0,80.0,40.0,85.0,90.0,55.0,83.0,93.0,80.0,83.0,56.0,83.0,85.0,75.0,84.0,75.0,86.0,82.0,84.0,80.0,37.0,68.0,2023,84.5
Omer Yurtseven,Utah Jazz,75.0,88.0,69.0,70.0,68.0,70.0,75.0,65.0,70.0,65.0,66.0,64.0,65.0,47.0,82.0,62.0,49.0,40.0,70.0,62.0,58.0,40.0,53.0,70.0,70.0,85.0,80.0,83.0,50.0,60.0,37.0,52.0,42.0,89.0,90.0,2023,50.5
Simone Fontecchio,Utah Jazz,74.0,73.0,70.0,77.0,81.0,95.0,85.0,76.0,40.0,65.0,50.0,50.0,50.0,50.0,69.0,51.0,65.0,37.0,52.0,64.0,47.0,45.0,55.0,62.0,55.0,80.0,95.0,80.0,55.0,58.0,52.0,60.0,34.0,48.0,42.0,2023,60.5
Taylor Hendricks,Utah Jazz,73.0,,,,,,,,,,,,,,,,,,,,,,,,,,,,,,,,,,,2023,
Juan Toscano-Anderson,Utah Jazz,72.0,87.0,65.0,70.0,65.0,95.0,70.0,68.0,40.0,88.0,30.0,44.0,58.0,50.0,69.0,67.0,67.0,42.0,53.0,68.0,60.0,60.0,68.0,62.0,70.0,85.0,95.0,83.0,69.0,68.0,64.0,62.0,38.0,46.0,70.0,2023,69.0
Keyonte George,Utah Jazz,72.0,,,,,,,,,,,,,,,,,,,,,,,,,,,,,,,,,,,2023,
Luka Samanic,Utah Jazz,71.0,74.0,68.0,71.0,50.0,65.0,50.0,75.0,65.0,60.0,64.0,62.0,69.0,44.0,70.0,59.0,48.0,41.0,62.0,75.0,52.0,50.0,72.0,63.0,79.0,80.0,75.0,80.0,59.0,64.0,57.0,68.0,33.0,52.0,71.0,2023,67.0
Johnny Juzang,Utah Jazz,68.0,70.0,73.0,77.0,84.0,50.0,35.0,71.0,35.0,75.0,55.0,59.0,64.0,44.0,85.0,50.0,58.0,37.0,37.0,52.0,50.0,50.0,70.0,55.0,72.0,85.0,75.0,80.0,59.0,72.0,66.0,62.0,28.0,36.0,51.0,2023,66.5
Micah Potter,Utah Jazz,67.0,66.0,70.0,78.0,80.0,60.0,40.0,60.0,75.0,65.0,51.0,50.0,52.0,40.0,76.0,52.0,37.0,33.0,56.0,48.0,47.0,30.0,43.0,70.0,60.0,80.0,70.0,81.0,54.0,42.0,32.0,55.0,42.0,47.0,60.0,2023,40.0
Kyle Kuzma,Washington Wizards,83.0,92.0,68.0,77.0,73.0,95.0,98.0,92.0,75.0,75.0,66.0,65.0,66.0,88.0,90.0,66.0,67.0,35.0,51.0,65.0,49.0,60.0,74.0,74.0,75.0,85.0,95.0,83.0,66.0,77.0,67.0,78.0,64.0,39.0,75.0,2023,72.5
Jordan Poole,Washington Wizards,82.0,95.0,79.0,83.0,87.0,98.0,98.0,92.0,45.0,60.0,29.0,47.0,44.0,84.0,80.0,47.0,65.0,40.0,42.0,65.0,55.0,30.0,81.0,61.0,73.0,80.0,65.0,80.0,83.0,89.0,80.0,82.0,71.0,32.0,45.0,2023,77.5
Tyus Jones,Washington Wizards,79.0,93.0,91.0,82.0,80.0,85.0,80.0,89.0,25.0,30.0,28.0,40.0,35.0,74.0,78.0,30.0,67.0,59.0,30.0,60.0,80.0,50.0,71.0,34.0,57.0,92.0,87.0,84.0,84.0,86.0,69.0,88.0,74.0,32.0,47.0,2023,70.5
Delon Wright,Washington Wizards,78.0,83.0,69.0,80.0,91.0,96.0,85.0,82.0,25.0,60.0,25.0,46.0,27.0,65.0,85.0,33.0,75.0,93.0,52.0,63.0,80.0,55.0,73.0,58.0,69.0,90.0,90.0,84.0,86.0,86.0,72.0,85.0,70.0,55.0,47.0,2023,74.0
Corey Kispert,Washington Wizards,78.0,95.0,82.0,86.0,88.0,85.0,90.0,73.0,40.0,60.0,38.0,39.0,39.0,45.0,85.0,54.0,70.0,36.0,32.0,69.0,67.0,65.0,76.0,60.0,69.0,84.0,80.0,80.0,66.0,71.0,66.0,69.0,31.0,34.0,47.0,2023,75.0
Danilo Gallinari,Washington Wizards,78.0,85.0,78.0,82.0,93.0,70.0,65.0,76.0,45.0,75.0,66.0,72.0,74.0,70.0,76.0,69.0,56.0,35.0,40.0,70.0,62.0,65.0,60.0,66.0,66.0,85.0,80.0,75.0,66.0,76.0,60.0,60.0,36.0,36.0,69.0,2023,64.0
Daniel Gafford,Washington Wizards,77.0,91.0,65.0,29.0,66.0,70.0,60.0,82.0,85.0,75.0,69.0,67.0,70.0,75.0,70.0,70.0,57.0,38.0,86.0,76.0,50.0,65.0,75.0,73.0,80.0,80.0,89.0,80.0,37.0,35.0,44.0,37.0,34.0,79.0,70.0,2023,64.5
Deni Avdija,Washington Wizards,76.0,72.0,75.0,70.0,76.0,70.0,80.0,79.0,40.0,75.0,57.0,54.0,59.0,59.0,85.0,62.0,80.0,46.0,52.0,78.0,77.0,80.0,73.0,65.0,79.0,89.0,85.0,84.0,79.0,78.0,69.0,79.0,50.0,48.0,80.0,2023,76.0
Kendrick Nunn,Washington Wizards,75.0,80.0,84.0,77.0,92.0,95.0,80.0,89.0,25.0,75.0,42.0,47.0,40.0,37.0,75.0,35.0,62.0,40.0,35.0,57.0,57.0,45.0,75.0,55.0,76.0,95.0,70.0,82.0,70.0,82.0,69.0,72.0,48.0,34.0,49.0,2023,72.0
Landry Shamet,Washington Wizards,75.0,77.0,67.0,83.0,86.0,94.0,85.0,79.0,35.0,70.0,30.0,38.0,26.0,69.0,76.0,25.0,60.0,43.0,47.0,57.0,50.0,35.0,85.0,41.0,80.0,85.0,81.0,81.0,79.0,78.0,82.0,77.0,58.0,33.0,42.0,2023,80.5
Mike Muscala,Washington Wizards,75.0,86.0,81.0,83.0,78.0,85.0,70.0,64.0,75.0,60.0,68.0,64.0,66.0,50.0,64.0,68.0,53.0,35.0,67.0,67.0,54.0,45.0,43.0,76.0,58.0,79.0,80.0,79.0,60.0,42.0,40.0,60.0,35.0,44.0,75.0,2023,45.5
Eugene Omoruyi,Washington Wizards,74.0,65.0,68.0,64.0,67.0,95.0,80.0,70.0,40.0,65.0,57.0,57.0,57.0,45.0,69.0,54.0,73.0,66.0,40.0,68.0,40.0,65.0,70.0,52.0,75.0,80.0,65.0,80.0,65.0,70.0,63.0,62.0,31.0,63.0,51.0,2023,73.0
Jared Butler,Washington Wizards,73.0,86.0,65.0,74.0,78.0,95.0,70.0,74.0,25.0,65.0,28.0,41.0,37.0,60.0,95.0,30.0,60.0,70.0,60.0,55.0,47.0,50.0,80.0,50.0,78.0,83.0,80.0,80.0,69.0,82.0,80.0,68.0,60.0,33.0,54.0,2023,77.0
Taj Gibson,Washington Wizards,73.0,84.0,78.0,73.0,69.0,70.0,45.0,65.0,75.0,65.0,81.0,80.0,79.0,52.0,77.0,69.0,58.0,53.0,65.0,78.0,62.0,60.0,49.0,83.0,58.0,75.0,85.0,83.0,33.0,35.0,32.0,54.0,42.0,67.0,59.0,2023,51.5
Anthony Gill,Washington Wizards,72.0,88.0,72.0,73.0,81.0,70.0,65.0,70.0,75.0,75.0,62.0,60.0,60.0,40.0,74.0,66.0,60.0,32.0,56.0,50.0,58.0,50.0,69.0,60.0,79.0,80.0,88.0,80.0,38.0,54.0,53.0,55.0,32.0,56.0,47.0,2023,58.5
Patrick Baldwin Jr.,Washington Wizards,72.0,70.0,72.0,82.0,74.0,70.0,60.0,74.0,55.0,70.0,54.0,52.0,52.0,52.0,80.0,56.0,59.0,40.0,40.0,55.0,54.0,40.0,57.0,69.0,62.0,85.0,70.0,80.0,55.0,58.0,55.0,60.0,28.0,44.0,56.0,2023,60.5
Johnny Davis,Washington Wizards,72.0,75.0,78.0,74.0,79.0,70.0,45.0,75.0,40.0,70.0,49.0,51.0,47.0,69.0,80.0,68.0,73.0,30.0,53.0,68.0,55.0,60.0,78.0,54.0,75.0,85.0,70.0,80.0,70.0,82.0,70.0,70.0,28.0,36.0,60.0,2023,78.5
Xavier Cooks,Washington Wizards,71.0,68.0,69.0,73.0,59.0,50.0,50.0,70.0,45.0,75.0,51.0,52.0,52.0,55.0,70.0,70.0,70.0,52.0,54.0,72.0,67.0,65.0,75.0,70.0,76.0,85.0,85.0,80.0,67.0,79.0,69.0,64.0,57.0,64.0,70.0,2023,73.0
Ryan Rollins,Washington Wizards,68.0,71.0,76.0,72.0,79.0,60.0,50.0,73.0,25.0,65.0,40.0,42.0,42.0,37.0,85.0,43.0,60.0,56.0,51.0,59.0,52.0,45.0,86.0,39.0,80.0,85.0,79.0,80.0,70.0,78.0,82.0,70.0,66.0,46.0,47.0,2023,78.5
Trae Young,Atlanta Hawks,89.0,92.0,86.0,83.0,89.0,85.0,98.0,94.0,25.0,30.0,28.0,60.0,34.0,96.0,80.0,31.0,55.0,56.0,37.0,58.0,70.0,30.0,84.0,50.0,78.0,95.0,75.0,86.0,82.0,96.0,84.0,97.0,94.0,31.0,43.0,2024,84.0
Jalen Johnson,Atlanta Hawks,80.0,92.0,76.0,79.0,76.0,75.0,80.0,88.0,75.0,83.0,66.0,74.0,69.0,68.0,80.0,66.0,66.0,49.0,62.0,60.0,57.0,50.0,76.0,68.0,82.0,85.0,80.0,80.0,68.0,58.0,74.0,69.0,61.0,45.0,86.0,2024,76.0
Clint Capela,Atlanta Hawks,80.0,86.0,50.0,25.0,64.0,70.0,50.0,70.0,95.0,80.0,71.0,48.0,69.0,74.0,70.0,84.0,53.0,38.0,85.0,86.0,74.0,80.0,58.0,85.0,80.0,92.0,97.0,83.0,34.0,48.0,30.0,35.0,33.0,96.0,88.0,2024,60.0
Onyeka Okongwu,Atlanta Hawks,80.0,97.0,88.0,76.0,85.0,70.0,80.0,80.0,85.0,80.0,54.0,55.0,57.0,52.0,80.0,79.0,64.0,35.0,77.0,83.0,65.0,65.0,74.0,70.0,75.0,88.0,95.0,83.0,51.0,54.0,60.0,50.0,33.0,83.0,71.0,2024,74.0
Bogdan Bogdanovic,Atlanta Hawks,79.0,94.0,89.0,82.0,92.0,60.0,95.0,79.0,50.0,65.0,62.0,57.0,57.0,59.0,85.0,51.0,63.0,56.0,50.0,60.0,60.0,50.0,75.0,63.0,78.0,89.0,67.0,77.0,74.0,79.0,73.0,79.0,59.0,36.0,50.0,2024,75.0
De’Andre Hunter,Atlanta Hawks,79.0,91.0,80.0,83.0,91.0,70.0,85.0,74.0,65.0,70.0,51.0,52.0,51.0,75.0,90.0,63.0,83.0,38.0,47.0,80.0,60.0,80.0,76.0,65.0,75.0,90.0,80.0,80.0,67.0,70.0,69.0,64.0,33.0,34.0,57.0,2024,83.0
Larry Nance Jr.,Atlanta Hawks,76.0,93.0,74.0,79.0,70.0,70.0,60.0,72.0,85.0,85.0,58.0,54.0,69.0,60.0,78.0,74.0,61.0,76.0,55.0,78.0,89.0,65.0,65.0,69.0,86.0,88.0,85.0,83.0,69.0,64.0,49.0,70.0,45.0,66.0,74.0,2024,61.0
Zaccharie Risacher,Atlanta Hawks,75.0,69.0,72.0,76.0,72.0,65.0,60.0,67.0,55.0,70.0,55.0,56.0,56.0,54.0,95.0,57.0,79.0,59.0,59.0,79.0,79.0,75.0,70.0,56.0,67.0,91.0,85.0,80.0,72.0,79.0,68.0,70.0,54.0,42.0,51.0,2024,82.0
Dyson Daniels,Atlanta Hawks,74.0,94.0,72.0,73.0,67.0,60.0,65.0,81.0,25.0,75.0,44.0,55.0,47.0,44.0,85.0,57.0,79.0,96.0,57.0,78.0,78.0,75.0,79.0,52.0,75.0,89.0,85.0,80.0,82.0,86.0,79.0,82.0,61.0,50.0,61.0,2024,84.0
David Roddy,Atlanta Hawks,73.0,72.0,72.0,71.0,71.0,70.0,80.0,77.0,50.0,60.0,62.0,62.0,62.0,59.0,81.0,64.0,65.0,38.0,47.0,69.0,62.0,55.0,75.0,73.0,66.0,88.0,85.0,80.0,62.0,66.0,54.0,60.0,40.0,48.0,64.0,2024,74.0
Cody Zeller,Atlanta Hawks,73.0,80.0,70.0,38.0,69.0,60.0,60.0,65.0,75.0,75.0,67.0,65.0,67.0,65.0,79.0,60.0,37.0,36.0,47.0,76.0,60.0,55.0,70.0,75.0,80.0,89.0,95.0,84.0,68.0,40.0,31.0,64.0,58.0,79.0,77.0,2024,54.0
Garrison Mathews,Atlanta Hawks,72.0,74.0,81.0,88.0,91.0,60.0,75.0,79.0,45.0,55.0,36.0,47.0,48.0,54.0,95.0,42.0,59.0,37.0,42.0,58.0,52.0,45.0,50.0,44.0,65.0,89.0,88.0,79.0,71.0,76.0,47.0,82.0,29.0,34.0,46.0,2024,60.0
Kobe Bufkin,Atlanta Hawks,72.0,80.0,79.0,70.0,83.0,60.0,55.0,80.0,30.0,75.0,42.0,44.0,43.0,40.0,90.0,48.0,64.0,49.0,42.0,54.0,52.0,40.0,86.0,40.0,80.0,95.0,80.0,80.0,72.0,87.0,86.0,73.0,68.0,41.0,49.0,2024,86.0
Vit Krejci,Atlanta Hawks,70.0,70.0,64.0,80.0,54.0,50.0,60.0,72.0,45.0,70.0,35.0,38.0,38.0,55.0,75.0,50.0,60.0,40.0,50.0,59.0,58.0,40.0,75.0,40.0,76.0,80.0,75.0,80.0,69.0,70.0,70.0,70.0,43.0,35.0,46.0,2024,75.0
Dominick Barlow,Atlanta Hawks,70.0,84.0,73.0,72.0,72.0,55.0,80.0,65.0,60.0,75.0,52.0,50.0,52.0,35.0,75.0,50.0,47.0,42.0,67.0,57.0,49.0,40.0,68.0,62.0,75.0,80.0,85.0,80.0,51.0,69.0,64.0,52.0,44.0,77.0,69.0,2024,68.0
Mouhamed Gueye,Atlanta Hawks,70.0,68.0,67.0,66.0,63.0,60.0,40.0,65.0,70.0,75.0,52.0,51.0,52.0,58.0,80.0,60.0,48.0,52.0,60.0,57.0,50.0,45.0,67.0,63.0,75.0,88.0,80.0,80.0,60.0,60.0,52.0,62.0,44.0,86.0,65.0,2024,67.0
Seth Lundy,Atlanta Hawks,68.0,72.0,76.0,70.0,82.0,50.0,35.0,76.0,25.0,60.0,47.0,48.0,47.0,44.0,80.0,44.0,65.0,57.0,40.0,57.0,57.0,40.0,85.0,55.0,75.0,85.0,66.0,80.0,62.0,67.0,74.0,60.0,29.0,54.0,59.0,2024,77.0
Kevon Harris,Atlanta Hawks,68.0,75.0,72.0,81.0,76.0,40.0,60.0,75.0,40.0,75.0,33.0,56.0,45.0,49.0,79.0,60.0,62.0,53.0,51.0,45.0,60.0,45.0,71.0,58.0,78.0,85.0,84.0,80.0,64.0,69.0,69.0,65.0,29.0,59.0,51.0,2024,71.0
Keaton Wallace,Atlanta Hawks,67.0,62.0,68.0,79.0,75.0,50.0,40.0,71.0,25.0,50.0,32.0,30.0,29.0,40.0,85.0,44.0,70.0,70.0,45.0,70.0,68.0,70.0,80.0,49.0,72.0,88.0,70.0,84.0,70.0,72.0,76.0,65.0,52.0,34.0,47.0,2024,79.0
Jayson Tatum,Boston Celtics,95.0,92.0,96.0,87.0,79.0,98.0,98.0,95.0,50.0,89.0,74.0,84.0,83.0,97.0,98.0,81.0,87.0,42.0,53.0,89.0,84.0,85.0,82.0,71.0,83.0,95.0,98.0,80.0,78.0,86.0,79.0,84.0,70.0,39.0,78.0,2024,88.0
Jaylen Brown,Boston Celtics,92.0,93.0,96.0,83.0,72.0,80.0,98.0,94.0,40.0,89.0,67.0,69.0,80.0,93.0,95.0,70.0,87.0,53.0,53.0,86.0,87.0,85.0,79.0,69.0,84.0,95.0,95.0,82.0,78.0,86.0,76.0,84.0,64.0,45.0,59.0,2024,87.0
Jrue Holiday,Boston Celtics,87.0,96.0,71.0,86.0,83.0,80.0,80.0,85.0,25.0,65.0,30.0,72.0,40.0,49.0,98.0,66.0,95.0,81.0,61.0,89.0,93.0,95.0,79.0,49.0,68.0,90.0,92.0,80.0,84.0,86.0,79.0,85.0,68.0,46.0,58.0,2024,96.0
Kristaps Porzingis,Boston Celtics,87.0,97.0,92.0,81.0,83.0,80.0,98.0,79.0,90.0,75.0,84.0,88.0,87.0,75.0,98.0,78.0,56.0,40.0,87.0,82.0,60.0,65.0,66.0,74.0,78.0,94.0,85.0,77.0,50.0,68.0,56.0,40.0,40.0,57.0,73.0,2024,65.0
Derrick White,Boston Celtics,86.0,94.0,84.0,85.0,89.0,85.0,90.0,85.0,40.0,55.0,35.0,51.0,35.0,83.0,90.0,58.0,93.0,81.0,72.0,92.0,78.0,95.0,88.0,46.0,75.0,85.0,95.0,81.0,88.0,86.0,87.0,82.0,70.0,36.0,53.0,2024,93.0
Al Horford,Boston Celtics,80.0,94.0,83.0,85.0,71.0,65.0,45.0,65.0,70.0,65.0,76.0,84.0,83.0,37.0,84.0,82.0,68.0,38.0,71.0,85.0,78.0,85.0,53.0,91.0,69.0,95.0,85.0,78.0,79.0,50.0,33.0,84.0,46.0,51.0,75.0,2024,67.0
Payton Pritchard,Boston Celtics,78.0,95.0,90.0,82.0,77.0,85.0,90.0,77.0,25.0,35.0,40.0,46.0,35.0,60.0,75.0,36.0,60.0,38.0,32.0,60.0,45.0,35.0,75.0,41.0,66.0,84.0,78.0,81.0,79.0,79.0,75.0,82.0,70.0,46.0,52.0,2024,75.0
Luke Kornet,Boston Celtics,76.0,79.0,56.0,70.0,82.0,90.0,75.0,60.0,75.0,60.0,69.0,68.0,69.0,58.0,85.0,74.0,32.0,40.0,86.0,76.0,54.0,70.0,38.0,66.0,62.0,85.0,85.0,77.0,50.0,43.0,33.0,60.0,37.0,87.0,63.0,2024,37.0
Sam Hauser,Boston Celtics,75.0,77.0,84.0,87.0,89.0,70.0,80.0,60.0,40.0,60.0,44.0,45.0,45.0,55.0,95.0,48.0,55.0,38.0,52.0,52.0,44.0,45.0,61.0,66.0,62.0,85.0,88.0,80.0,50.0,43.0,55.0,60.0,32.0,39.0,60.0,2024,62.0
Lonnie Walker IV,Boston Celtics,74.0,76.0,72.0,82.0,76.0,65.0,75.0,82.0,40.0,75.0,48.0,53.0,48.0,67.0,75.0,55.0,74.0,46.0,57.0,62.0,65.0,35.0,89.0,64.0,83.0,85.0,65.0,82.0,70.0,78.0,77.0,67.0,43.0,32.0,57.0,2024,89.0
Xavier Tillman,Boston Celtics,74.0,82.0,63.0,62.0,45.0,65.0,50.0,70.0,75.0,65.0,70.0,70.0,70.0,46.0,95.0,78.0,66.0,80.0,81.0,80.0,84.0,75.0,46.0,72.0,69.0,82.0,94.0,80.0,62.0,61.0,37.0,68.0,43.0,63.0,66.0,2024,67.0
Neemias Queta,Boston Celtics,71.0,80.0,57.0,40.0,71.0,50.0,60.0,61.0,70.0,65.0,62.0,60.0,62.0,40.0,75.0,70.0,45.0,46.0,77.0,70.0,48.0,55.0,59.0,76.0,65.0,80.0,90.0,80.0,52.0,38.0,30.0,62.0,33.0,90.0,65.0,2024,59.0
Jaden Springer,Boston Celtics,71.0,67.0,73.0,53.0,81.0,50.0,60.0,74.0,25.0,50.0,28.0,45.0,32.0,55.0,80.0,44.0,75.0,90.0,67.0,75.0,67.0,75.0,82.0,49.0,72.0,85.0,70.0,80.0,75.0,81.0,82.0,75.0,43.0,60.0,49.0,2024,82.0
Drew  Peterson,Boston Celtics,70.0,70.0,74.0,79.0,75.0,50.0,50.0,73.0,60.0,65.0,45.0,47.0,46.0,45.0,70.0,52.0,43.0,40.0,42.0,45.0,50.0,40.0,59.0,62.0,68.0,85.0,85.0,80.0,69.0,68.0,58.0,68.0,48.0,58.0,59.0,2024,58.0
Jordan Walsh,Boston Celtics,70.0,67.0,65.0,68.0,71.0,50.0,35.0,68.0,40.0,80.0,57.0,54.0,44.0,40.0,85.0,63.0,75.0,62.0,54.0,75.0,74.0,65.0,77.0,54.0,86.0,89.0,85.0,80.0,63.0,68.0,68.0,62.0,47.0,44.0,47.0,2024,77.0
JD Davison,Boston Celtics,69.0,70.0,73.0,71.0,73.0,50.0,50.0,72.0,25.0,85.0,30.0,31.0,38.0,40.0,80.0,25.0,56.0,69.0,61.0,55.0,54.0,45.0,85.0,54.0,84.0,88.0,45.0,80.0,72.0,86.0,84.0,75.0,72.0,36.0,55.0,2024,85.0
Baylor Scheierman,Boston Celtics,69.0,73.0,80.0,83.0,85.0,60.0,50.0,71.0,40.0,55.0,30.0,48.0,40.0,44.0,66.0,47.0,56.0,47.0,50.0,57.0,47.0,40.0,86.0,54.0,54.0,90.0,85.0,80.0,70.0,71.0,75.0,69.0,52.0,41.0,59.0,2024,64.0
Anton Watson,Boston Celtics,68.0,73.0,69.0,70.0,65.0,60.0,40.0,71.0,60.0,70.0,62.0,60.0,60.0,40.0,80.0,60.0,60.0,49.0,42.0,60.0,58.0,40.0,65.0,60.0,74.0,80.0,80.0,80.0,54.0,54.0,53.0,55.0,52.0,60.0,58.0,2024,65.0
Nic Claxton,Brooklyn Nets,81.0,85.0,74.0,64.0,63.0,65.0,50.0,75.0,80.0,75.0,72.0,64.0,72.0,55.0,80.0,89.0,79.0,38.0,89.0,90.0,64.0,85.0,69.0,71.0,79.0,90.0,89.0,80.0,40.0,49.0,44.0,48.0,41.0,69.0,89.0,2024,77.0
Cam Thomas,Brooklyn Nets,81.0,88.0,82.0,81.0,84.0,70.0,98.0,90.0,50.0,75.0,58.0,70.0,75.0,85.0,74.0,41.0,59.0,38.0,42.0,59.0,58.0,40.0,77.0,54.0,79.0,86.0,75.0,80.0,59.0,82.0,70.0,52.0,61.0,32.0,50.0,2024,77.0
Cameron Johnson,Brooklyn Nets,79.0,77.0,81.0,83.0,82.0,70.0,90.0,79.0,60.0,60.0,69.0,69.0,69.0,64.0,57.0,65.0,69.0,43.0,45.0,64.0,68.0,65.0,70.0,60.0,79.0,85.0,86.0,78.0,59.0,59.0,43.0,66.0,49.0,43.0,60.0,2024,70.0
Dennis Schroder,Brooklyn Nets,78.0,79.0,86.0,81.0,87.0,75.0,80.0,80.0,25.0,45.0,25.0,38.0,27.0,62.0,85.0,34.0,73.0,40.0,40.0,72.0,67.0,60.0,84.0,46.0,74.0,93.0,90.0,80.0,82.0,86.0,84.0,80.0,74.0,33.0,47.0,2024,88.0
Bojan Bogdanovic,Brooklyn Nets,77.0,92.0,90.0,83.0,77.0,60.0,50.0,79.0,40.0,70.0,49.0,60.0,64.0,50.0,70.0,54.0,72.0,37.0,32.0,75.0,62.0,70.0,67.0,60.0,72.0,93.0,75.0,84.0,77.0,74.0,66.0,82.0,40.0,33.0,50.0,2024,72.0
Dorian Finney-Smith,Brooklyn Nets,76.0,70.0,71.0,79.0,76.0,90.0,75.0,80.0,40.0,84.0,54.0,50.0,54.0,58.0,72.0,72.0,83.0,42.0,57.0,74.0,74.0,75.0,67.0,62.0,83.0,80.0,80.0,81.0,65.0,60.0,44.0,68.0,34.0,55.0,55.0,2024,82.0
Ben Simmons,Brooklyn Nets,76.0,75.0,46.0,50.0,44.0,50.0,50.0,80.0,83.0,86.0,76.0,73.0,78.0,60.0,75.0,79.0,82.0,46.0,65.0,81.0,75.0,80.0,87.0,80.0,85.0,80.0,80.0,83.0,79.0,86.0,83.0,80.0,78.0,68.0,88.0,2024,87.0
Day’Ron Sharpe,Brooklyn Nets,74.0,79.0,49.0,48.0,61.0,50.0,50.0,73.0,75.0,70.0,48.0,35.0,48.0,44.0,80.0,69.0,60.0,41.0,81.0,69.0,55.0,60.0,61.0,79.0,73.0,80.0,90.0,80.0,62.0,58.0,38.0,66.0,54.0,93.0,89.0,2024,61.0
Killian Hayes,Brooklyn Nets,74.0,89.0,79.0,73.0,70.0,70.0,65.0,74.0,25.0,60.0,35.0,55.0,60.0,45.0,85.0,49.0,73.0,59.0,56.0,69.0,70.0,65.0,79.0,56.0,70.0,89.0,85.0,83.0,82.0,83.0,75.0,84.0,72.0,31.0,55.0,2024,79.0
Trendon Watford,Brooklyn Nets,74.0,94.0,68.0,80.0,82.0,60.0,85.0,79.0,75.0,80.0,69.0,69.0,69.0,69.0,70.0,66.0,52.0,41.0,60.0,52.0,50.0,40.0,63.0,79.0,80.0,85.0,80.0,80.0,59.0,50.0,57.0,62.0,58.0,57.0,72.0,2024,63.0
Noah Clowney,Brooklyn Nets,74.0,72.0,69.0,75.0,70.0,75.0,60.0,72.0,80.0,80.0,60.0,59.0,60.0,65.0,85.0,68.0,57.0,38.0,78.0,67.0,66.0,55.0,64.0,64.0,75.0,90.0,85.0,80.0,57.0,59.0,57.0,68.0,33.0,62.0,67.0,2024,64.0
Ziaire Williams,Brooklyn Nets,73.0,56.0,66.0,73.0,77.0,40.0,35.0,82.0,65.0,80.0,48.0,44.0,58.0,55.0,75.0,60.0,73.0,41.0,52.0,70.0,71.0,65.0,87.0,40.0,82.0,90.0,88.0,80.0,50.0,79.0,82.0,54.0,42.0,43.0,67.0,2024,87.0
Shake Milton,Brooklyn Nets,72.0,62.0,92.0,70.0,83.0,70.0,70.0,78.0,30.0,60.0,46.0,44.0,40.0,50.0,89.0,30.0,65.0,53.0,42.0,58.0,50.0,40.0,77.0,38.0,77.0,88.0,85.0,83.0,79.0,84.0,77.0,79.0,49.0,34.0,50.0,2024,79.0
Dariq Whitehead,Brooklyn Nets,71.0,77.0,76.0,79.0,79.0,60.0,40.0,70.0,50.0,80.0,44.0,51.0,47.0,37.0,80.0,40.0,65.0,64.0,52.0,67.0,67.0,45.0,79.0,52.0,82.0,90.0,70.0,77.0,67.0,78.0,76.0,66.0,44.0,37.0,48.0,2024,79.0
Jalen Wilson,Brooklyn Nets,71.0,77.0,72.0,75.0,79.0,75.0,50.0,68.0,30.0,75.0,35.0,34.0,30.0,50.0,90.0,35.0,57.0,35.0,37.0,50.0,52.0,40.0,82.0,30.0,75.0,80.0,84.0,80.0,64.0,68.0,73.0,63.0,38.0,62.0,61.0,2024,79.0
Keon Johnson,Brooklyn Nets,69.0,60.0,68.0,78.0,66.0,60.0,35.0,70.0,35.0,85.0,35.0,35.0,35.0,45.0,80.0,45.0,70.0,66.0,52.0,69.0,68.0,65.0,93.0,40.0,98.0,88.0,85.0,80.0,75.0,72.0,83.0,70.0,70.0,40.0,47.0,2024,84.0
Jaylen Martin,Brooklyn Nets,67.0,57.0,56.0,50.0,60.0,60.0,30.0,76.0,35.0,80.0,38.0,44.0,37.0,50.0,85.0,38.0,69.0,36.0,73.0,57.0,55.0,55.0,83.0,40.0,83.0,85.0,75.0,82.0,60.0,65.0,74.0,38.0,61.0,73.0,64.0,2024,76.0
LaMelo Ball,Charlotte Hornets,87.0,86.0,78.0,83.0,86.0,85.0,95.0,85.0,45.0,75.0,52.0,58.0,52.0,82.0,98.0,45.0,70.0,83.0,37.0,79.0,89.0,75.0,84.0,50.0,79.0,93.0,89.0,82.0,93.0,88.0,84.0,93.0,89.0,46.0,61.0,2024,84.0
Miles Bridges,Charlotte Hornets,81.0,82.0,73.0,78.0,86.0,80.0,85.0,88.0,60.0,90.0,59.0,60.0,80.0,88.0,79.0,60.0,59.0,40.0,51.0,62.0,68.0,45.0,75.0,73.0,82.0,88.0,75.0,85.0,69.0,76.0,71.0,74.0,58.0,40.0,75.0,2024,76.0
Brandon Miller,Charlotte Hornets,81.0,82.0,91.0,81.0,83.0,70.0,85.0,80.0,55.0,87.0,40.0,64.0,47.0,53.0,80.0,50.0,73.0,42.0,56.0,67.0,68.0,65.0,78.0,51.0,85.0,95.0,80.0,80.0,75.0,86.0,78.0,75.0,43.0,38.0,56.0,2024,82.0
Mark Williams,Charlotte Hornets,80.0,84.0,60.0,36.0,75.0,60.0,85.0,77.0,85.0,75.0,60.0,60.0,60.0,73.0,85.0,79.0,44.0,43.0,74.0,78.0,60.0,70.0,65.0,80.0,75.0,85.0,88.0,80.0,44.0,35.0,32.0,52.0,32.0,92.0,85.0,2024,64.0
Nick Richards,Charlotte Hornets,77.0,95.0,59.0,25.0,82.0,75.0,80.0,62.0,80.0,80.0,52.0,47.0,52.0,55.0,80.0,75.0,47.0,33.0,78.0,78.0,40.0,70.0,72.0,65.0,75.0,81.0,85.0,84.0,37.0,35.0,49.0,36.0,29.0,73.0,85.0,2024,70.0
Josh Green,Charlotte Hornets,76.0,69.0,77.0,82.0,62.0,50.0,65.0,75.0,30.0,80.0,35.0,34.0,30.0,69.0,95.0,35.0,79.0,43.0,37.0,79.0,78.0,75.0,86.0,60.0,80.0,89.0,90.0,83.0,70.0,70.0,72.0,70.0,42.0,39.0,51.0,2024,86.0
Tre Mann,Charlotte Hornets,76.0,87.0,80.0,82.0,76.0,70.0,90.0,83.0,25.0,60.0,35.0,55.0,60.0,59.0,85.0,49.0,66.0,76.0,32.0,60.0,59.0,40.0,74.0,53.0,68.0,88.0,75.0,80.0,80.0,83.0,73.0,78.0,72.0,36.0,63.0,2024,74.0
Cody Martin,Charlotte Hornets,76.0,75.0,42.0,78.0,73.0,75.0,80.0,85.0,25.0,75.0,59.0,59.0,55.0,79.0,75.0,48.0,69.0,59.0,58.0,69.0,69.0,60.0,68.0,58.0,75.0,90.0,90.0,80.0,74.0,73.0,68.0,78.0,66.0,39.0,58.0,2024,72.0
Grant Williams,Charlotte Hornets,76.0,81.0,73.0,81.0,77.0,70.0,70.0,79.0,50.0,60.0,59.0,58.0,66.0,60.0,90.0,68.0,68.0,37.0,56.0,69.0,60.0,65.0,58.0,73.0,66.0,88.0,95.0,80.0,69.0,66.0,54.0,72.0,43.0,47.0,55.0,2024,70.0
Vasilije Micic,Charlotte Hornets,75.0,68.0,87.0,69.0,87.0,70.0,80.0,76.0,25.0,40.0,31.0,43.0,42.0,60.0,95.0,35.0,63.0,41.0,40.0,60.0,50.0,40.0,75.0,44.0,62.0,88.0,80.0,82.0,84.0,86.0,75.0,84.0,76.0,31.0,42.0,2024,75.0
Seth Curry,Charlotte Hornets,73.0,86.0,73.0,80.0,93.0,70.0,80.0,85.0,25.0,36.0,27.0,35.0,30.0,35.0,69.0,25.0,57.0,59.0,42.0,54.0,55.0,35.0,78.0,41.0,68.0,89.0,80.0,80.0,75.0,78.0,77.0,75.0,37.0,42.0,48.0,2024,78.0
Nick Smith Jr.,Charlotte Hornets,72.0,83.0,57.0,84.0,74.0,80.0,70.0,79.0,40.0,80.0,37.0,39.0,38.0,62.0,80.0,33.0,63.0,33.0,47.0,57.0,50.0,40.0,84.0,48.0,86.0,89.0,75.0,80.0,70.0,79.0,84.0,72.0,45.0,38.0,46.0,2024,84.0
Tidjane Salaun,Charlotte Hornets,71.0,73.0,72.0,72.0,73.0,60.0,40.0,75.0,65.0,80.0,52.0,51.0,51.0,47.0,80.0,69.0,72.0,59.0,40.0,65.0,59.0,50.0,71.0,60.0,80.0,88.0,85.0,80.0,47.0,66.0,66.0,45.0,32.0,52.0,57.0,2024,82.0
Taj Gibson,Charlotte Hornets,71.0,83.0,82.0,50.0,71.0,50.0,45.0,65.0,75.0,65.0,81.0,80.0,79.0,52.0,77.0,69.0,58.0,43.0,61.0,78.0,62.0,60.0,49.0,83.0,58.0,75.0,85.0,83.0,33.0,35.0,32.0,54.0,38.0,63.0,60.0,2024,57.0
KJ Simpson,Charlotte Hornets,70.0,76.0,79.0,78.0,85.0,60.0,50.0,76.0,25.0,50.0,28.0,40.0,37.0,50.0,80.0,42.0,64.0,60.0,56.0,59.0,59.0,40.0,76.0,52.0,82.0,85.0,80.0,80.0,78.0,87.0,76.0,78.0,67.0,37.0,57.0,2024,83.0
Moussa Diabate,Charlotte Hornets,69.0,65.0,68.0,67.0,61.0,50.0,40.0,67.0,65.0,80.0,50.0,50.0,51.0,35.0,68.0,65.0,41.0,53.0,75.0,65.0,50.0,55.0,73.0,60.0,78.0,80.0,75.0,80.0,42.0,40.0,66.0,52.0,27.0,87.0,52.0,2024,73.0
Harry Giles III,Charlotte Hornets,69.0,75.0,79.0,61.0,77.0,40.0,40.0,74.0,80.0,75.0,70.0,68.0,70.0,45.0,80.0,65.0,40.0,38.0,70.0,70.0,55.0,35.0,68.0,65.0,75.0,75.0,80.0,79.0,65.0,40.0,39.0,74.0,43.0,68.0,84.0,2024,67.0
Keyontae Johnson,Charlotte Hornets,68.0,76.0,68.0,76.0,71.0,50.0,35.0,76.0,50.0,75.0,52.0,52.0,50.0,37.0,60.0,52.0,62.0,48.0,50.0,60.0,58.0,45.0,81.0,60.0,81.0,85.0,80.0,80.0,52.0,64.0,68.0,58.0,42.0,59.0,69.0,2024,78.0
Zach LaVine,Chicago Bulls,83.0,85.0,90.0,81.0,87.0,65.0,80.0,88.0,60.0,95.0,59.0,59.0,59.0,82.0,98.0,62.0,69.0,41.0,42.0,68.0,69.0,65.0,84.0,49.0,97.0,98.0,85.0,83.0,79.0,88.0,81.0,88.0,61.0,30.0,64.0,2024,84.0
Nikola Vucevic,Chicago Bulls,81.0,98.0,81.0,71.0,86.0,60.0,90.0,70.0,85.0,65.0,88.0,84.0,87.0,50.0,98.0,74.0,41.0,37.0,63.0,73.0,57.0,50.0,62.0,89.0,45.0,95.0,85.0,77.0,82.0,35.0,32.0,82.0,60.0,67.0,87.0,2024,49.0
Coby White,Chicago Bulls,81.0,82.0,72.0,81.0,82.0,70.0,98.0,84.0,30.0,65.0,34.0,45.0,49.0,84.0,95.0,49.0,64.0,36.0,40.0,66.0,64.0,55.0,85.0,56.0,81.0,90.0,85.0,80.0,79.0,86.0,84.0,84.0,70.0,33.0,56.0,2024,85.0
Lonzo Ball,Chicago Bulls,79.0,55.0,65.0,84.0,79.0,50.0,85.0,79.0,30.0,75.0,35.0,44.0,40.0,59.0,84.0,60.0,84.0,80.0,62.0,84.0,85.0,85.0,85.0,52.0,80.0,93.0,70.0,80.0,88.0,86.0,85.0,89.0,70.0,41.0,62.0,2024,86.0
Josh Giddey,Chicago Bulls,79.0,85.0,85.0,77.0,78.0,45.0,75.0,89.0,45.0,65.0,55.0,58.0,55.0,80.0,90.0,50.0,69.0,40.0,60.0,69.0,66.0,65.0,79.0,60.0,74.0,88.0,90.0,80.0,96.0,89.0,79.0,95.0,73.0,57.0,80.0,2024,79.0
Ayo Dosunmu,Chicago Bulls,78.0,88.0,91.0,84.0,71.0,85.0,85.0,86.0,25.0,75.0,35.0,50.0,42.0,59.0,87.0,38.0,69.0,43.0,56.0,68.0,69.0,65.0,76.0,52.0,75.0,85.0,75.0,80.0,72.0,79.0,73.0,79.0,61.0,38.0,45.0,2024,78.0
Jalen Smith,Chicago Bulls,77.0,97.0,72.0,83.0,74.0,70.0,60.0,69.0,85.0,80.0,68.0,66.0,67.0,47.0,80.0,70.0,48.0,35.0,68.0,73.0,44.0,55.0,69.0,65.0,86.0,82.0,75.0,80.0,29.0,38.0,49.0,40.0,35.0,80.0,85.0,2024,68.0
Patrick Williams,Chicago Bulls,76.0,77.0,79.0,83.0,85.0,50.0,75.0,68.0,60.0,65.0,44.0,42.0,40.0,45.0,80.0,70.0,76.0,46.0,70.0,80.0,65.0,65.0,70.0,64.0,77.0,88.0,75.0,81.0,60.0,70.0,64.0,62.0,34.0,47.0,54.0,2024,74.0
Talen Horton-Tucker,Chicago Bulls,75.0,78.0,42.0,76.0,80.0,90.0,80.0,82.0,30.0,80.0,52.0,60.0,57.0,78.0,95.0,44.0,74.0,66.0,56.0,70.0,70.0,50.0,70.0,69.0,73.0,85.0,85.0,80.0,84.0,82.0,68.0,84.0,72.0,36.0,52.0,2024,78.0
Torrey Craig,Chicago Bulls,74.0,80.0,54.0,83.0,78.0,95.0,50.0,79.0,35.0,60.0,50.0,62.0,55.0,50.0,70.0,74.0,79.0,42.0,61.0,79.0,75.0,75.0,63.0,49.0,73.0,80.0,35.0,80.0,52.0,69.0,58.0,50.0,33.0,61.0,66.0,2024,80.0
Kenneth Lofton Jr.,Chicago Bulls,73.0,87.0,76.0,71.0,59.0,70.0,50.0,74.0,55.0,75.0,70.0,68.0,70.0,50.0,80.0,57.0,38.0,43.0,62.0,57.0,52.0,50.0,64.0,82.0,70.0,85.0,90.0,80.0,60.0,62.0,58.0,64.0,72.0,67.0,62.0,2024,64.0
Jevon Carter,Chicago Bulls,73.0,92.0,89.0,76.0,82.0,80.0,80.0,75.0,25.0,35.0,32.0,34.0,30.0,40.0,80.0,34.0,79.0,53.0,56.0,72.0,75.0,70.0,76.0,60.0,71.0,85.0,76.0,81.0,75.0,79.0,76.0,70.0,49.0,31.0,38.0,2024,83.0
Dalen Terry,Chicago Bulls,73.0,87.0,72.0,70.0,67.0,70.0,65.0,77.0,25.0,80.0,40.0,46.0,42.0,54.0,85.0,43.0,69.0,59.0,67.0,69.0,70.0,65.0,76.0,58.0,69.0,85.0,85.0,80.0,76.0,80.0,74.0,78.0,61.0,48.0,61.0,2024,76.0
Chris Duarte,Chicago Bulls,72.0,73.0,53.0,79.0,79.0,50.0,50.0,79.0,40.0,70.0,44.0,46.0,46.0,69.0,95.0,50.0,69.0,56.0,50.0,68.0,69.0,65.0,65.0,59.0,63.0,92.0,92.0,80.0,77.0,75.0,60.0,78.0,34.0,45.0,57.0,2024,68.0
Matas Buzelis,Chicago Bulls,72.0,72.0,73.0,73.0,68.0,50.0,60.0,72.0,65.0,87.0,62.0,58.0,60.0,50.0,90.0,59.0,62.0,48.0,69.0,65.0,62.0,50.0,86.0,60.0,84.0,90.0,85.0,80.0,65.0,69.0,76.0,66.0,50.0,48.0,57.0,2024,70.0
Onuralp Bitim,Chicago Bulls,70.0,70.0,75.0,75.0,75.0,65.0,60.0,70.0,40.0,65.0,50.0,51.0,49.0,50.0,82.0,50.0,57.0,32.0,45.0,59.0,50.0,35.0,62.0,65.0,69.0,84.0,80.0,80.0,66.0,69.0,60.0,69.0,32.0,37.0,52.0,2024,64.0
Julian Phillips,Chicago Bulls,70.0,67.0,68.0,74.0,82.0,70.0,40.0,67.0,45.0,80.0,35.0,38.0,38.0,55.0,75.0,50.0,68.0,28.0,72.0,60.0,62.0,60.0,73.0,40.0,80.0,85.0,90.0,80.0,60.0,66.0,67.0,57.0,30.0,45.0,46.0,2024,78.0
Adama Sanogo,Chicago Bulls,68.0,72.0,70.0,69.0,72.0,60.0,40.0,70.0,70.0,75.0,50.0,50.0,50.0,48.0,80.0,63.0,40.0,46.0,56.0,50.0,55.0,50.0,70.0,71.0,62.0,80.0,80.0,80.0,52.0,50.0,49.0,50.0,38.0,70.0,74.0,2024,68.0
Donovan Mitchell,Cleveland Cavaliers,92.0,88.0,94.0,85.0,88.0,80.0,90.0,97.0,50.0,92.0,37.0,49.0,44.0,89.0,98.0,68.0,75.0,80.0,53.0,79.0,79.0,75.0,95.0,60.0,97.0,96.0,95.0,80.0,84.0,90.0,86.0,92.0,74.0,38.0,59.0,2024,90.0
Evan Mobley,Cleveland Cavaliers,86.0,85.0,69.0,74.0,72.0,70.0,65.0,82.0,85.0,80.0,75.0,72.0,75.0,65.0,90.0,92.0,82.0,43.0,81.0,94.0,85.0,95.0,72.0,74.0,81.0,97.0,85.0,80.0,69.0,60.0,66.0,84.0,62.0,65.0,87.0,2024,79.0
Jarrett Allen,Cleveland Cavaliers,84.0,97.0,82.0,63.0,70.0,80.0,90.0,79.0,85.0,80.0,82.0,63.0,82.0,74.0,95.0,89.0,72.0,38.0,70.0,88.0,67.0,85.0,75.0,84.0,79.0,92.0,80.0,82.0,25.0,35.0,35.0,48.0,50.0,78.0,87.0,2024,72.0
Darius Garland,Cleveland Cavaliers,82.0,88.0,86.0,82.0,84.0,65.0,75.0,90.0,25.0,40.0,32.0,37.0,42.0,74.0,90.0,31.0,69.0,56.0,32.0,69.0,66.0,50.0,88.0,40.0,84.0,95.0,95.0,80.0,92.0,89.0,88.0,95.0,74.0,34.0,42.0,2024,88.0
Caris LeVert,Cleveland Cavaliers,77.0,78.0,71.0,75.0,74.0,70.0,70.0,84.0,60.0,75.0,52.0,54.0,49.0,79.0,95.0,45.0,74.0,56.0,56.0,70.0,68.0,60.0,75.0,54.0,80.0,92.0,80.0,78.0,75.0,86.0,72.0,84.0,72.0,36.0,60.0,2024,77.0
Max Strus,Cleveland Cavaliers,77.0,78.0,85.0,82.0,81.0,85.0,80.0,68.0,35.0,65.0,48.0,58.0,54.0,68.0,85.0,45.0,57.0,42.0,51.0,50.0,50.0,35.0,76.0,40.0,74.0,98.0,80.0,85.0,72.0,69.0,74.0,78.0,65.0,41.0,60.0,2024,76.0
Isaac Okoro,Cleveland Cavaliers,76.0,80.0,60.0,81.0,69.0,70.0,60.0,84.0,45.0,75.0,47.0,49.0,50.0,50.0,95.0,68.0,84.0,43.0,56.0,80.0,82.0,85.0,77.0,67.0,80.0,89.0,80.0,82.0,69.0,72.0,73.0,69.0,38.0,45.0,45.0,2024,85.0
Sam Merrill,Cleveland Cavaliers,74.0,70.0,81.0,86.0,89.0,75.0,95.0,64.0,30.0,45.0,30.0,44.0,48.0,55.0,80.0,42.0,60.0,36.0,32.0,52.0,62.0,45.0,62.0,44.0,60.0,80.0,60.0,79.0,74.0,76.0,60.0,79.0,55.0,36.0,50.0,2024,64.0
Georges Niang,Cleveland Cavaliers,73.0,90.0,84.0,81.0,88.0,60.0,50.0,77.0,25.0,50.0,70.0,71.0,70.0,40.0,74.0,60.0,55.0,35.0,47.0,62.0,60.0,40.0,44.0,60.0,72.0,88.0,80.0,84.0,65.0,67.0,44.0,70.0,34.0,32.0,65.0,2024,55.0
Craig Porter,Cleveland Cavaliers,72.0,93.0,86.0,79.0,69.0,65.0,65.0,79.0,30.0,50.0,44.0,48.0,49.0,60.0,85.0,44.0,68.0,46.0,61.0,60.0,63.0,60.0,79.0,48.0,72.0,88.0,90.0,80.0,75.0,73.0,79.0,75.0,73.0,43.0,63.0,2024,79.0
Dean Wade,Cleveland Cavaliers,72.0,78.0,70.0,83.0,65.0,70.0,65.0,60.0,80.0,75.0,60.0,60.0,64.0,44.0,70.0,50.0,67.0,56.0,55.0,70.0,68.0,60.0,62.0,60.0,83.0,80.0,85.0,79.0,38.0,60.0,43.0,55.0,29.0,43.0,70.0,2024,68.0
Ty Jerome,Cleveland Cavaliers,72.0,96.0,87.0,82.0,92.0,55.0,60.0,79.0,40.0,45.0,38.0,37.0,40.0,65.0,80.0,40.0,66.0,41.0,37.0,65.0,68.0,50.0,69.0,56.0,62.0,85.0,85.0,80.0,84.0,86.0,68.0,84.0,71.0,30.0,48.0,2024,73.0
J.T. Thor,Cleveland Cavaliers,71.0,76.0,72.0,78.0,70.0,45.0,60.0,70.0,55.0,70.0,67.0,66.0,68.0,41.0,75.0,65.0,63.0,33.0,72.0,62.0,62.0,50.0,84.0,50.0,82.0,85.0,80.0,80.0,65.0,60.0,69.0,66.0,30.0,55.0,64.0,2024,84.0
Jaylon Tyson,Cleveland Cavaliers,70.0,75.0,78.0,76.0,79.0,45.0,50.0,75.0,40.0,70.0,40.0,65.0,58.0,42.0,80.0,50.0,67.0,46.0,50.0,62.0,50.0,40.0,80.0,63.0,75.0,85.0,75.0,80.0,69.0,75.0,77.0,68.0,57.0,41.0,57.0,2024,76.0
Tristan Thompson,Cleveland Cavaliers,70.0,92.0,67.0,62.0,38.0,25.0,25.0,65.0,85.0,75.0,69.0,40.0,55.0,40.0,70.0,75.0,54.0,38.0,62.0,79.0,52.0,45.0,63.0,74.0,74.0,80.0,85.0,90.0,31.0,39.0,30.0,70.0,48.0,91.0,75.0,2024,64.0
Isaiah Mobley,Cleveland Cavaliers,69.0,68.0,70.0,70.0,68.0,65.0,55.0,60.0,60.0,71.0,58.0,57.0,58.0,58.0,90.0,61.0,44.0,41.0,69.0,55.0,44.0,45.0,58.0,62.0,69.0,87.0,65.0,80.0,68.0,49.0,44.0,75.0,54.0,60.0,81.0,2024,58.0
Emoni Bates,Cleveland Cavaliers,68.0,77.0,80.0,77.0,78.0,50.0,50.0,74.0,45.0,65.0,40.0,42.0,42.0,47.0,75.0,43.0,53.0,40.0,30.0,52.0,40.0,30.0,69.0,42.0,73.0,85.0,50.0,80.0,55.0,77.0,68.0,52.0,33.0,46.0,52.0,2024,69.0
Pete Nance,Cleveland Cavaliers,67.0,73.0,70.0,73.0,76.0,50.0,35.0,70.0,75.0,75.0,70.0,54.0,60.0,40.0,70.0,60.0,48.0,50.0,61.0,60.0,60.0,40.0,63.0,69.0,75.0,85.0,85.0,83.0,47.0,52.0,49.0,50.0,35.0,64.0,70.0,2024,57.0
Luka Doncic,Dallas Mavericks,97.0,97.0,88.0,88.0,83.0,98.0,98.0,98.0,65.0,75.0,85.0,85.0,87.0,98.0,98.0,66.0,74.0,53.0,52.0,74.0,76.0,75.0,84.0,72.0,79.0,98.0,98.0,85.0,98.0,95.0,83.0,98.0,97.0,68.0,85.0,2024,84.0
Kyrie Irving,Dallas Mavericks,92.0,97.0,98.0,87.0,90.0,88.0,98.0,97.0,25.0,30.0,35.0,70.0,64.0,85.0,96.0,32.0,73.0,49.0,51.0,75.0,86.0,60.0,85.0,37.0,81.0,97.0,87.0,80.0,88.0,99.0,85.0,89.0,71.0,36.0,58.0,2024,85.0
Dereck Lively II,Dallas Mavericks,81.0,95.0,60.0,52.0,59.0,80.0,85.0,82.0,85.0,83.0,59.0,54.0,59.0,55.0,90.0,78.0,57.0,41.0,85.0,75.0,54.0,65.0,50.0,70.0,67.0,80.0,95.0,80.0,69.0,52.0,40.0,68.0,32.0,77.0,77.0,2024,57.0
Daniel Gafford,Dallas Mavericks,81.0,97.0,65.0,29.0,69.0,75.0,85.0,82.0,85.0,75.0,69.0,67.0,70.0,75.0,70.0,83.0,57.0,49.0,92.0,83.0,50.0,80.0,75.0,73.0,80.0,80.0,89.0,80.0,37.0,35.0,44.0,37.0,37.0,77.0,81.0,2024,70.0
Klay Thompson,Dallas Mavericks,81.0,93.0,90.0,89.0,91.0,70.0,65.0,70.0,35.0,65.0,35.0,65.0,64.0,36.0,85.0,70.0,80.0,38.0,53.0,80.0,80.0,80.0,71.0,62.0,67.0,91.0,85.0,94.0,67.0,70.0,71.0,67.0,42.0,33.0,50.0,2024,80.0
P.J. Washington,Dallas Mavericks,79.0,88.0,79.0,75.0,72.0,80.0,95.0,75.0,65.0,80.0,68.0,70.0,71.0,74.0,95.0,62.0,52.0,46.0,63.0,64.0,62.0,40.0,75.0,68.0,69.0,85.0,85.0,79.0,55.0,70.0,63.0,60.0,38.0,46.0,67.0,2024,75.0
Naji Marshall,Dallas Mavericks,75.0,88.0,80.0,82.0,81.0,70.0,70.0,83.0,45.0,70.0,60.0,60.0,63.0,69.0,80.0,52.0,60.0,56.0,47.0,62.0,64.0,40.0,62.0,60.0,75.0,85.0,70.0,80.0,67.0,74.0,62.0,71.0,52.0,48.0,66.0,2024,65.0
Dante Exum,Dallas Mavericks,75.0,85.0,73.0,86.0,70.0,70.0,75.0,75.0,25.0,60.0,28.0,55.0,40.0,63.0,85.0,27.0,76.0,37.0,35.0,76.0,74.0,75.0,79.0,48.0,77.0,80.0,85.0,83.0,75.0,75.0,79.0,77.0,68.0,37.0,56.0,2024,82.0
Maxi Kleber,Dallas Mavericks,74.0,71.0,70.0,78.0,71.0,60.0,35.0,73.0,75.0,75.0,67.0,67.0,64.0,40.0,80.0,80.0,78.0,36.0,70.0,78.0,78.0,80.0,45.0,79.0,56.0,85.0,85.0,80.0,70.0,64.0,45.0,68.0,38.0,43.0,61.0,2024,77.0
Quentin Grimes,Dallas Mavericks,74.0,72.0,68.0,79.0,80.0,75.0,75.0,75.0,25.0,70.0,39.0,58.0,42.0,65.0,80.0,46.0,83.0,46.0,32.0,80.0,78.0,80.0,86.0,63.0,75.0,85.0,80.0,80.0,70.0,74.0,79.0,65.0,34.0,33.0,47.0,2024,86.0
Spencer Dinwiddie,Dallas Mavericks,74.0,83.0,52.0,77.0,79.0,50.0,60.0,83.0,35.0,55.0,49.0,52.0,52.0,80.0,98.0,42.0,74.0,40.0,47.0,68.0,59.0,70.0,82.0,45.0,75.0,95.0,85.0,77.0,88.0,88.0,82.0,90.0,71.0,32.0,47.0,2024,82.0
Jaden Hardy,Dallas Mavericks,73.0,71.0,82.0,80.0,67.0,60.0,85.0,80.0,40.0,80.0,47.0,49.0,49.0,66.0,85.0,34.0,55.0,38.0,35.0,50.0,51.0,50.0,83.0,39.0,85.0,84.0,85.0,80.0,75.0,83.0,76.0,75.0,61.0,36.0,55.0,2024,83.0
Dwight Powell,Dallas Mavericks,73.0,92.0,65.0,78.0,81.0,30.0,50.0,70.0,75.0,65.0,77.0,79.0,79.0,83.0,90.0,74.0,45.0,43.0,61.0,68.0,74.0,65.0,71.0,80.0,67.0,90.0,95.0,83.0,55.0,60.0,44.0,64.0,47.0,83.0,64.0,2024,58.0
Olivier-Maxence Prosper,Dallas Mavericks,72.0,71.0,68.0,71.0,65.0,50.0,40.0,72.0,40.0,85.0,47.0,45.0,45.0,58.0,80.0,67.0,74.0,30.0,45.0,64.0,58.0,60.0,79.0,60.0,88.0,88.0,80.0,80.0,65.0,60.0,66.0,61.0,42.0,65.0,69.0,2024,81.0
A.J. Lawson,Dallas Mavericks,71.0,57.0,68.0,70.0,55.0,85.0,70.0,68.0,45.0,75.0,52.0,52.0,55.0,42.0,75.0,48.0,60.0,83.0,25.0,60.0,65.0,50.0,74.0,34.0,80.0,85.0,80.0,80.0,62.0,69.0,69.0,64.0,28.0,49.0,56.0,2024,74.0
Brandon Williams,Dallas Mavericks,70.0,77.0,77.0,67.0,82.0,65.0,50.0,77.0,25.0,50.0,27.0,46.0,50.0,75.0,90.0,33.0,62.0,53.0,55.0,57.0,52.0,45.0,79.0,62.0,68.0,89.0,75.0,81.0,75.0,79.0,77.0,79.0,71.0,40.0,49.0,2024,79.0
Markieff Morris,Dallas Mavericks,70.0,83.0,75.0,80.0,74.0,50.0,65.0,67.0,65.0,67.0,68.0,77.0,75.0,40.0,70.0,75.0,42.0,40.0,40.0,75.0,50.0,55.0,57.0,84.0,63.0,91.0,77.0,92.0,44.0,42.0,34.0,78.0,39.0,40.0,70.0,2024,50.0
Kessler Edwards,Dallas Mavericks,69.0,64.0,72.0,82.0,80.0,40.0,30.0,68.0,60.0,65.0,50.0,50.0,50.0,45.0,80.0,59.0,75.0,36.0,56.0,74.0,75.0,75.0,72.0,77.0,70.0,80.0,75.0,80.0,50.0,64.0,59.0,64.0,31.0,42.0,60.0,2024,74.0
Nikola Jokic,Denver Nuggets,97.0,99.0,94.0,80.0,79.0,85.0,98.0,91.0,90.0,75.0,94.0,95.0,98.0,98.0,90.0,83.0,61.0,59.0,61.0,83.0,82.0,80.0,63.0,96.0,63.0,97.0,80.0,83.0,93.0,76.0,60.0,98.0,95.0,78.0,96.0,2024,62.0
Jamal Murray,Denver Nuggets,87.0,87.0,93.0,86.0,92.0,70.0,98.0,90.0,30.0,82.0,38.0,46.0,74.0,78.0,84.0,35.0,77.0,43.0,57.0,74.0,70.0,70.0,80.0,54.0,80.0,95.0,85.0,78.0,84.0,89.0,79.0,85.0,76.0,37.0,53.0,2024,80.0
Aaron Gordon,Denver Nuggets,84.0,84.0,61.0,71.0,56.0,75.0,98.0,86.0,85.0,94.0,58.0,60.0,74.0,85.0,95.0,80.0,86.0,40.0,56.0,84.0,82.0,80.0,71.0,72.0,92.0,95.0,95.0,84.0,65.0,62.0,66.0,60.0,60.0,73.0,73.0,2024,86.0
Michael Porter Jr.,Denver Nuggets,83.0,92.0,96.0,87.0,75.0,70.0,98.0,92.0,60.0,80.0,50.0,62.0,68.0,55.0,80.0,60.0,64.0,35.0,57.0,60.0,68.0,40.0,80.0,68.0,88.0,88.0,80.0,66.0,65.0,78.0,77.0,62.0,32.0,48.0,74.0,2024,81.0
Russell Westbrook,Denver Nuggets,77.0,70.0,70.0,68.0,61.0,55.0,70.0,80.0,30.0,80.0,45.0,66.0,66.0,50.0,85.0,42.0,74.0,73.0,53.0,70.0,55.0,70.0,89.0,75.0,92.0,92.0,85.0,92.0,80.0,86.0,89.0,82.0,74.0,60.0,69.0,2024,89.0
Christian Braun,Denver Nuggets,76.0,67.0,56.0,82.0,76.0,75.0,70.0,79.0,25.0,80.0,25.0,55.0,36.0,45.0,72.0,40.0,79.0,41.0,57.0,78.0,80.0,80.0,83.0,46.0,83.0,93.0,90.0,80.0,69.0,69.0,74.0,68.0,40.0,52.0,63.0,2024,83.0
Dario Saric,Denver Nuggets,76.0,93.0,71.0,81.0,83.0,50.0,60.0,82.0,45.0,70.0,81.0,79.0,81.0,50.0,92.0,80.0,66.0,43.0,45.0,80.0,55.0,75.0,63.0,65.0,60.0,82.0,86.0,81.0,75.0,69.0,57.0,84.0,66.0,62.0,79.0,2024,69.0
Peyton Watson,Denver Nuggets,75.0,86.0,80.0,75.0,66.0,85.0,75.0,79.0,60.0,65.0,44.0,42.0,40.0,40.0,95.0,59.0,68.0,42.0,85.0,65.0,62.0,60.0,77.0,55.0,82.0,88.0,75.0,80.0,60.0,70.0,76.0,62.0,34.0,46.0,62.0,2024,77.0
DeAndre Jordan,Denver Nuggets,74.0,74.0,25.0,25.0,36.0,75.0,25.0,57.0,75.0,75.0,35.0,37.0,35.0,44.0,90.0,70.0,57.0,40.0,72.0,67.0,55.0,55.0,65.0,85.0,83.0,92.0,80.0,94.0,25.0,30.0,33.0,66.0,40.0,91.0,90.0,2024,62.0
Julian Strawther,Denver Nuggets,73.0,85.0,74.0,75.0,75.0,80.0,80.0,79.0,35.0,60.0,40.0,40.0,40.0,44.0,95.0,44.0,65.0,49.0,51.0,60.0,65.0,55.0,63.0,53.0,64.0,90.0,75.0,80.0,64.0,74.0,57.0,65.0,40.0,30.0,51.0,2024,70.0
Vlatko Cancar,Denver Nuggets,72.0,88.0,70.0,82.0,92.0,60.0,70.0,77.0,45.0,65.0,42.0,44.0,45.0,45.0,80.0,48.0,73.0,40.0,53.0,68.0,65.0,65.0,60.0,63.0,70.0,80.0,65.0,87.0,52.0,64.0,54.0,54.0,43.0,41.0,58.0,2024,74.0
Zeke Nnaji,Denver Nuggets,72.0,70.0,76.0,69.0,62.0,65.0,45.0,77.0,80.0,70.0,69.0,67.0,67.0,69.0,77.0,69.0,54.0,41.0,87.0,57.0,42.0,45.0,77.0,70.0,82.0,80.0,89.0,83.0,33.0,37.0,52.0,42.0,33.0,80.0,55.0,2024,77.0
DaRon Holmes II,Denver Nuggets,71.0,77.0,76.0,75.0,70.0,50.0,40.0,68.0,75.0,75.0,68.0,67.0,68.0,50.0,80.0,76.0,63.0,59.0,73.0,72.0,62.0,55.0,75.0,60.0,64.0,88.0,80.0,80.0,49.0,60.0,59.0,50.0,41.0,60.0,68.0,2024,69.0
Jalen Pickett,Denver Nuggets,70.0,76.0,68.0,76.0,76.0,75.0,60.0,75.0,25.0,60.0,55.0,58.0,58.0,50.0,81.0,47.0,62.0,47.0,48.0,62.0,65.0,45.0,72.0,59.0,67.0,88.0,70.0,79.0,72.0,75.0,72.0,74.0,67.0,52.0,60.0,2024,72.0
Hunter Tyson,Denver Nuggets,70.0,72.0,76.0,75.0,80.0,70.0,50.0,70.0,60.0,75.0,49.0,49.0,49.0,50.0,70.0,58.0,62.0,57.0,55.0,58.0,54.0,40.0,68.0,52.0,77.0,88.0,75.0,80.0,65.0,68.0,60.0,65.0,48.0,55.0,57.0,2024,68.0
Cade Cunningham,Detroit Pistons,86.0,85.0,92.0,82.0,88.0,70.0,98.0,88.0,40.0,75.0,60.0,62.0,60.0,88.0,98.0,59.0,75.0,41.0,47.0,75.0,76.0,75.0,83.0,62.0,80.0,94.0,90.0,80.0,67.0,86.0,83.0,84.0,84.0,33.0,57.0,2024,83.0
Jalen Duren,Detroit Pistons,81.0,97.0,55.0,35.0,57.0,75.0,85.0,79.0,80.0,80.0,75.0,62.0,77.0,79.0,80.0,72.0,62.0,36.0,62.0,72.0,66.0,60.0,73.0,81.0,84.0,89.0,90.0,80.0,59.0,59.0,59.0,50.0,48.0,79.0,95.0,2024,73.0
Tobias Harris,Detroit Pistons,80.0,89.0,85.0,80.0,90.0,60.0,80.0,82.0,65.0,75.0,70.0,70.0,86.0,68.0,95.0,59.0,58.0,43.0,57.0,66.0,64.0,60.0,75.0,73.0,79.0,97.0,73.0,82.0,77.0,79.0,56.0,78.0,53.0,43.0,69.0,2024,67.0
Jaden Ivey,Detroit Pistons,78.0,79.0,83.0,77.0,79.0,60.0,80.0,84.0,30.0,85.0,44.0,42.0,44.0,82.0,90.0,59.0,71.0,40.0,56.0,70.0,69.0,65.0,91.0,54.0,85.0,92.0,85.0,80.0,84.0,86.0,90.0,84.0,70.0,46.0,47.0,2024,91.0
Ausar Thompson,Detroit Pistons,78.0,94.0,63.0,45.0,69.0,40.0,40.0,84.0,60.0,94.0,45.0,46.0,45.0,56.0,85.0,69.0,84.0,73.0,72.0,84.0,82.0,80.0,94.0,50.0,98.0,95.0,95.0,80.0,75.0,83.0,88.0,75.0,42.0,67.0,75.0,2024,90.0
Tim Hardaway Jr.,Detroit Pistons,76.0,76.0,82.0,79.0,88.0,75.0,65.0,86.0,35.0,78.0,36.0,53.0,38.0,70.0,71.0,45.0,70.0,37.0,30.0,63.0,58.0,40.0,68.0,55.0,78.0,85.0,83.0,83.0,75.0,78.0,68.0,84.0,37.0,30.0,54.0,2024,75.0
Simone Fontecchio,Detroit Pistons,76.0,93.0,87.0,84.0,87.0,75.0,90.0,79.0,40.0,65.0,50.0,50.0,50.0,60.0,69.0,51.0,65.0,41.0,51.0,64.0,47.0,45.0,55.0,62.0,55.0,80.0,95.0,80.0,55.0,58.0,52.0,60.0,36.0,46.0,55.0,2024,66.0
Isaiah Stewart,Detroit Pistons,76.0,93.0,76.0,82.0,79.0,75.0,75.0,76.0,75.0,70.0,75.0,64.0,80.0,70.0,79.0,70.0,54.0,32.0,62.0,72.0,42.0,50.0,63.0,86.0,70.0,89.0,87.0,77.0,44.0,34.0,52.0,50.0,33.0,53.0,71.0,2024,62.0
Malik Beasley,Detroit Pistons,75.0,91.0,82.0,87.0,77.0,60.0,60.0,80.0,45.0,78.0,63.0,65.0,41.0,50.0,76.0,48.0,66.0,40.0,32.0,60.0,54.0,45.0,75.0,55.0,79.0,93.0,85.0,84.0,69.0,79.0,68.0,70.0,31.0,35.0,53.0,2024,75.0
Paul Reed,Detroit Pistons,75.0,83.0,79.0,76.0,75.0,60.0,60.0,69.0,80.0,75.0,70.0,70.0,70.0,64.0,85.0,69.0,43.0,63.0,83.0,66.0,58.0,40.0,49.0,62.0,65.0,80.0,95.0,80.0,48.0,52.0,41.0,44.0,39.0,86.0,78.0,2024,52.0
Marcus Sasser,Detroit Pistons,74.0,90.0,83.0,81.0,87.0,75.0,70.0,80.0,25.0,50.0,32.0,37.0,37.0,47.0,75.0,35.0,70.0,46.0,45.0,67.0,67.0,65.0,75.0,47.0,69.0,85.0,85.0,80.0,74.0,80.0,75.0,74.0,72.0,29.0,48.0,2024,83.0
Ronald Holland II,Detroit Pistons,72.0,73.0,70.0,70.0,75.0,55.0,40.0,74.0,55.0,80.0,40.0,42.0,42.0,35.0,80.0,65.0,70.0,38.0,37.0,67.0,65.0,55.0,85.0,59.0,80.0,90.0,75.0,80.0,60.0,75.0,79.0,60.0,31.0,40.0,47.0,2024,86.0
Tosan Evbuomwan,Detroit Pistons,70.0,84.0,72.0,79.0,80.0,60.0,50.0,66.0,40.0,65.0,52.0,52.0,58.0,35.0,69.0,57.0,57.0,35.0,51.0,47.0,55.0,50.0,64.0,58.0,68.0,88.0,95.0,85.0,69.0,75.0,60.0,69.0,31.0,60.0,58.0,2024,60.0
Wendell Moore Jr.,Detroit Pistons,70.0,66.0,70.0,76.0,81.0,60.0,45.0,71.0,50.0,80.0,52.0,52.0,52.0,52.0,72.0,66.0,72.0,76.0,67.0,70.0,72.0,60.0,70.0,58.0,83.0,85.0,90.0,80.0,57.0,67.0,68.0,54.0,60.0,40.0,50.0,2024,82.0
Bobi Klintman,Detroit Pistons,69.0,68.0,70.0,74.0,80.0,60.0,50.0,69.0,65.0,75.0,49.0,50.0,50.0,47.0,80.0,57.0,64.0,62.0,57.0,60.0,62.0,55.0,75.0,55.0,72.0,90.0,75.0,80.0,68.0,70.0,68.0,68.0,43.0,41.0,51.0,2024,68.0
Stephen Curry,Golden State Warriors,95.0,97.0,90.0,99.0,93.0,80.0,98.0,96.0,25.0,36.0,35.0,52.0,35.0,90.0,98.0,30.0,75.0,38.0,50.0,78.0,85.0,65.0,84.0,48.0,73.0,98.0,98.0,86.0,93.0,97.0,84.0,97.0,72.0,33.0,57.0,2024,84.0
Draymond Green,Golden State Warriors,83.0,94.0,61.0,80.0,83.0,55.0,55.0,70.0,55.0,65.0,60.0,59.0,63.0,40.0,85.0,88.0,86.0,53.0,68.0,93.0,84.0,95.0,73.0,85.0,66.0,85.0,90.0,88.0,83.0,78.0,69.0,92.0,74.0,52.0,83.0,2024,82.0
Jonathan Kuminga,Golden State Warriors,80.0,95.0,80.0,75.0,71.0,70.0,98.0,90.0,65.0,85.0,49.0,50.0,50.0,84.0,85.0,73.0,73.0,42.0,56.0,70.0,69.0,50.0,84.0,73.0,90.0,88.0,80.0,80.0,69.0,67.0,75.0,60.0,47.0,51.0,62.0,2024,84.0
Brandin Podziemski,Golden State Warriors,79.0,87.0,68.0,82.0,65.0,98.0,90.0,84.0,35.0,60.0,54.0,55.0,55.0,60.0,85.0,45.0,63.0,43.0,40.0,62.0,72.0,45.0,82.0,54.0,78.0,89.0,85.0,80.0,69.0,80.0,81.0,68.0,66.0,57.0,67.0,2024,82.0
Buddy Hield,Golden State Warriors,79.0,88.0,80.0,88.0,82.0,55.0,85.0,75.0,25.0,65.0,28.0,45.0,48.0,59.0,94.0,48.0,69.0,46.0,56.0,54.0,60.0,50.0,75.0,41.0,78.0,90.0,60.0,82.0,70.0,79.0,74.0,70.0,57.0,40.0,52.0,2024,78.0
Andrew Wiggins,Golden State Warriors,78.0,92.0,72.0,80.0,61.0,70.0,75.0,77.0,40.0,85.0,65.0,74.0,77.0,60.0,85.0,55.0,74.0,38.0,58.0,70.0,67.0,65.0,82.0,57.0,97.0,87.0,90.0,83.0,62.0,79.0,80.0,60.0,36.0,56.0,54.0,2024,82.0
De’Anthony Melton,Golden State Warriors,77.0,74.0,60.0,81.0,81.0,70.0,75.0,80.0,25.0,70.0,25.0,58.0,48.0,59.0,95.0,48.0,84.0,86.0,53.0,84.0,89.0,85.0,76.0,44.0,75.0,80.0,85.0,83.0,78.0,83.0,74.0,75.0,58.0,40.0,55.0,2024,76.0
Kevon Looney,Golden State Warriors,76.0,97.0,68.0,69.0,69.0,50.0,60.0,78.0,75.0,70.0,55.0,52.0,62.0,52.0,66.0,72.0,46.0,38.0,62.0,74.0,64.0,65.0,58.0,74.0,63.0,85.0,96.0,84.0,55.0,61.0,48.0,66.0,55.0,85.0,85.0,2024,69.0
Trayce Jackson-Davis,Golden State Warriors,76.0,94.0,70.0,44.0,63.0,60.0,70.0,79.0,80.0,80.0,60.0,60.0,60.0,50.0,75.0,63.0,58.0,40.0,88.0,57.0,55.0,50.0,79.0,63.0,88.0,85.0,85.0,80.0,62.0,66.0,69.0,64.0,41.0,85.0,74.0,2024,79.0
Moses Moody,Golden State Warriors,76.0,94.0,74.0,80.0,74.0,60.0,75.0,80.0,40.0,70.0,44.0,48.0,49.0,70.0,80.0,68.0,71.0,53.0,58.0,69.0,60.0,65.0,73.0,68.0,70.0,88.0,80.0,80.0,65.0,74.0,70.0,64.0,32.0,56.0,55.0,2024,77.0
Kyle Anderson,Golden State Warriors,76.0,88.0,86.0,60.0,69.0,60.0,60.0,79.0,55.0,45.0,45.0,48.0,41.0,49.0,70.0,60.0,79.0,59.0,62.0,78.0,75.0,75.0,66.0,62.0,66.0,85.0,64.0,83.0,78.0,81.0,65.0,79.0,72.0,45.0,58.0,2024,80.0
Gary Payton II,Golden State Warriors,75.0,94.0,65.0,79.0,66.0,25.0,45.0,79.0,35.0,75.0,30.0,42.0,42.0,75.0,89.0,79.0,83.0,86.0,63.0,76.0,91.0,95.0,81.0,48.0,85.0,85.0,80.0,83.0,75.0,78.0,81.0,72.0,38.0,62.0,51.0,2024,83.0
Lindy Waters III,Golden State Warriors,74.0,74.0,77.0,85.0,80.0,95.0,80.0,70.0,25.0,65.0,28.0,54.0,34.0,65.0,70.0,53.0,67.0,36.0,62.0,62.0,62.0,40.0,60.0,33.0,67.0,83.0,70.0,80.0,69.0,69.0,50.0,67.0,43.0,39.0,56.0,2024,69.0
Kevin Knox II,Golden State Warriors,72.0,88.0,61.0,79.0,77.0,70.0,40.0,67.0,65.0,75.0,59.0,52.0,68.0,49.0,78.0,57.0,69.0,40.0,52.0,68.0,69.0,40.0,75.0,70.0,80.0,90.0,73.0,82.0,59.0,75.0,72.0,60.0,31.0,40.0,53.0,2024,75.0
Gui Santos,Golden State Warriors,71.0,73.0,69.0,79.0,65.0,70.0,60.0,72.0,50.0,65.0,52.0,53.0,57.0,45.0,69.0,66.0,69.0,58.0,52.0,70.0,57.0,50.0,73.0,50.0,74.0,80.0,60.0,86.0,57.0,62.0,69.0,55.0,33.0,53.0,58.0,2024,72.0
Pat Spencer,Golden State Warriors,68.0,69.0,78.0,79.0,80.0,60.0,50.0,70.0,40.0,75.0,42.0,56.0,42.0,54.0,85.0,44.0,55.0,42.0,45.0,45.0,47.0,40.0,75.0,54.0,83.0,85.0,85.0,84.0,75.0,73.0,75.0,75.0,64.0,45.0,60.0,2024,75.0
Alperen Sengun,Houston Rockets,85.0,97.0,80.0,72.0,67.0,80.0,90.0,82.0,70.0,80.0,87.0,87.0,87.0,74.0,95.0,69.0,63.0,53.0,61.0,69.0,85.0,65.0,52.0,86.0,69.0,88.0,90.0,80.0,74.0,62.0,48.0,78.0,72.0,68.0,80.0,2024,64.0
Fred VanVleet,Houston Rockets,84.0,81.0,92.0,82.0,86.0,75.0,95.0,74.0,25.0,35.0,30.0,32.0,28.0,80.0,98.0,27.0,83.0,53.0,60.0,79.0,74.0,80.0,83.0,42.0,75.0,95.0,94.0,82.0,89.0,86.0,83.0,92.0,76.0,31.0,49.0,2024,83.0
Jalen Green,Houston Rockets,84.0,79.0,83.0,80.0,80.0,70.0,98.0,89.0,40.0,91.0,56.0,56.0,56.0,89.0,95.0,45.0,73.0,40.0,50.0,70.0,68.0,60.0,88.0,55.0,92.0,88.0,85.0,80.0,77.0,86.0,84.0,79.0,65.0,33.0,65.0,2024,88.0
Jabari Smith Jr.,Houston Rockets,80.0,92.0,80.0,80.0,74.0,70.0,80.0,75.0,75.0,85.0,74.0,75.0,75.0,54.0,85.0,70.0,69.0,37.0,62.0,67.0,67.0,55.0,76.0,60.0,75.0,89.0,85.0,80.0,65.0,75.0,69.0,66.0,33.0,70.0,79.0,2024,76.0
Amen Thompson,Houston Rockets,80.0,86.0,71.0,42.0,64.0,45.0,80.0,87.0,60.0,95.0,44.0,48.0,44.0,50.0,90.0,46.0,80.0,83.0,65.0,73.0,80.0,70.0,95.0,50.0,99.0,95.0,85.0,80.0,80.0,86.0,90.0,80.0,65.0,76.0,77.0,2024,90.0
Tari Eason,Houston Rockets,79.0,78.0,89.0,80.0,63.0,80.0,80.0,79.0,35.0,80.0,54.0,52.0,51.0,61.0,80.0,65.0,71.0,90.0,76.0,70.0,68.0,50.0,80.0,70.0,80.0,85.0,85.0,80.0,50.0,70.0,72.0,47.0,36.0,73.0,76.0,2024,80.0
Dillon Brooks,Houston Rockets,79.0,76.0,86.0,79.0,84.0,50.0,40.0,74.0,35.0,75.0,55.0,59.0,64.0,78.0,85.0,67.0,91.0,58.0,35.0,90.0,90.0,90.0,75.0,65.0,75.0,88.0,95.0,85.0,59.0,74.0,69.0,58.0,34.0,37.0,48.0,2024,91.0
Steven Adams,Houston Rockets,79.0,94.0,65.0,26.0,36.0,50.0,65.0,69.0,70.0,70.0,79.0,62.0,82.0,49.0,79.0,82.0,55.0,43.0,76.0,85.0,79.0,80.0,48.0,81.0,68.0,88.0,90.0,82.0,69.0,35.0,33.0,68.0,42.0,97.0,86.0,2024,63.0
Cam Whitmore,Houston Rockets,78.0,86.0,83.0,79.0,70.0,65.0,75.0,81.0,40.0,85.0,57.0,59.0,59.0,58.0,79.0,57.0,67.0,49.0,57.0,57.0,58.0,50.0,84.0,68.0,84.0,88.0,80.0,80.0,68.0,86.0,84.0,69.0,31.0,51.0,67.0,2024,84.0
Jock Landale,Houston Rockets,76.0,94.0,75.0,63.0,75.0,75.0,80.0,75.0,65.0,65.0,60.0,60.0,86.0,66.0,80.0,65.0,48.0,41.0,80.0,62.0,60.0,45.0,54.0,64.0,75.0,80.0,75.0,80.0,58.0,52.0,45.0,64.0,44.0,81.0,54.0,2024,54.0
Jeff Green,Houston Rockets,74.0,88.0,75.0,76.0,82.0,50.0,55.0,79.0,65.0,80.0,70.0,68.0,72.0,68.0,85.0,69.0,70.0,32.0,62.0,68.0,54.0,60.0,63.0,70.0,84.0,89.0,85.0,82.0,69.0,74.0,50.0,70.0,33.0,43.0,52.0,2024,75.0
Reed Sheppard,Houston Rockets,73.0,70.0,79.0,84.0,83.0,60.0,50.0,70.0,25.0,70.0,44.0,45.0,40.0,42.0,90.0,54.0,78.0,78.0,37.0,70.0,77.0,70.0,90.0,56.0,87.0,93.0,95.0,80.0,76.0,76.0,84.0,75.0,66.0,35.0,42.0,2024,89.0
Aaron Holiday,Houston Rockets,73.0,95.0,74.0,82.0,84.0,85.0,75.0,70.0,25.0,60.0,25.0,45.0,32.0,47.0,80.0,34.0,68.0,46.0,35.0,67.0,69.0,45.0,76.0,49.0,56.0,85.0,85.0,84.0,82.0,86.0,76.0,82.0,61.0,34.0,46.0,2024,77.0
Jae’Sean Tate,Houston Rockets,73.0,94.0,70.0,72.0,73.0,50.0,40.0,84.0,65.0,75.0,69.0,68.0,69.0,64.0,85.0,70.0,70.0,59.0,52.0,68.0,69.0,65.0,69.0,65.0,75.0,89.0,95.0,80.0,70.0,74.0,62.0,72.0,35.0,56.0,62.0,2024,70.0
Nate Williams,Houston Rockets,69.0,70.0,79.0,75.0,85.0,50.0,50.0,72.0,40.0,70.0,37.0,45.0,48.0,40.0,80.0,40.0,52.0,40.0,53.0,50.0,47.0,40.0,68.0,52.0,70.0,80.0,65.0,83.0,65.0,71.0,65.0,66.0,45.0,67.0,50.0,2024,68.0
Jermaine Samuels Jr.,Houston Rockets,68.0,66.0,66.0,69.0,63.0,50.0,40.0,65.0,70.0,85.0,58.0,58.0,59.0,40.0,70.0,63.0,63.0,42.0,47.0,60.0,50.0,40.0,81.0,66.0,82.0,85.0,85.0,80.0,52.0,62.0,68.0,52.0,35.0,66.0,65.0,2024,78.0
Nate Hinton,Houston Rockets,67.0,60.0,70.0,76.0,76.0,60.0,40.0,70.0,40.0,75.0,49.0,51.0,58.0,42.0,80.0,40.0,62.0,36.0,56.0,58.0,54.0,35.0,80.0,57.0,84.0,80.0,75.0,80.0,60.0,66.0,70.0,62.0,31.0,57.0,60.0,2024,80.0
Tyrese Haliburton,Indiana Pacers,90.0,97.0,97.0,82.0,88.0,80.0,90.0,90.0,40.0,65.0,42.0,49.0,40.0,92.0,95.0,60.0,77.0,53.0,56.0,78.0,75.0,75.0,83.0,59.0,70.0,95.0,90.0,80.0,98.0,92.0,83.0,98.0,97.0,34.0,55.0,2024,83.0
Pascal Siakam,Indiana Pacers,88.0,98.0,85.0,80.0,74.0,85.0,98.0,80.0,80.0,80.0,88.0,88.0,88.0,68.0,90.0,86.0,79.0,38.0,50.0,86.0,82.0,80.0,76.0,70.0,79.0,95.0,80.0,82.0,72.0,79.0,69.0,79.0,68.0,65.0,80.0,2024,78.0
Myles Turner,Indiana Pacers,84.0,94.0,93.0,82.0,77.0,70.0,85.0,79.0,80.0,65.0,76.0,80.0,88.0,55.0,95.0,86.0,70.0,36.0,86.0,90.0,70.0,85.0,56.0,80.0,69.0,95.0,80.0,83.0,31.0,35.0,32.0,68.0,32.0,56.0,82.0,2024,66.0
Andrew Nembhard,Indiana Pacers,81.0,94.0,95.0,79.0,79.0,70.0,85.0,80.0,39.0,60.0,44.0,52.0,47.0,54.0,75.0,68.0,80.0,53.0,32.0,78.0,75.0,75.0,76.0,46.0,71.0,85.0,69.0,80.0,80.0,79.0,74.0,80.0,70.0,36.0,42.0,2024,81.0
Obi Toppin,Indiana Pacers,80.0,96.0,76.0,82.0,78.0,70.0,75.0,88.0,85.0,90.0,67.0,67.0,69.0,60.0,90.0,66.0,48.0,41.0,60.0,62.0,47.0,40.0,70.0,74.0,90.0,88.0,70.0,88.0,55.0,60.0,56.0,59.0,38.0,52.0,64.0,2024,69.0
Bennedict Mathurin,Indiana Pacers,80.0,82.0,84.0,82.0,84.0,50.0,90.0,78.0,35.0,80.0,55.0,58.0,55.0,75.0,90.0,42.0,69.0,37.0,42.0,65.0,62.0,50.0,84.0,54.0,82.0,92.0,85.0,80.0,75.0,79.0,81.0,82.0,38.0,47.0,57.0,2024,84.0
T.J. McConnell,Indiana Pacers,79.0,97.0,90.0,79.0,74.0,85.0,85.0,76.0,25.0,25.0,44.0,58.0,38.0,40.0,79.0,49.0,82.0,80.0,37.0,70.0,87.0,80.0,76.0,44.0,65.0,85.0,92.0,83.0,88.0,79.0,73.0,86.0,88.0,41.0,60.0,2024,82.0
Aaron Nesmith,Indiana Pacers,78.0,90.0,86.0,85.0,64.0,70.0,70.0,77.0,35.0,55.0,53.0,57.0,57.0,78.0,85.0,72.0,76.0,43.0,60.0,76.0,57.0,60.0,68.0,52.0,74.0,87.0,85.0,81.0,69.0,70.0,64.0,65.0,32.0,42.0,55.0,2024,76.0
Isaiah Jackson,Indiana Pacers,76.0,82.0,69.0,59.0,71.0,55.0,60.0,79.0,85.0,80.0,59.0,48.0,55.0,56.0,80.0,70.0,54.0,63.0,89.0,66.0,49.0,55.0,73.0,65.0,81.0,82.0,80.0,80.0,40.0,59.0,54.0,44.0,35.0,89.0,79.0,2024,73.0
James Wiseman,Indiana Pacers,75.0,94.0,67.0,67.0,70.0,55.0,40.0,71.0,80.0,75.0,72.0,64.0,71.0,50.0,85.0,74.0,50.0,31.0,71.0,78.0,54.0,65.0,70.0,70.0,68.0,87.0,85.0,87.0,54.0,66.0,54.0,64.0,33.0,75.0,84.0,2024,70.0
Jarace Walker,Indiana Pacers,74.0,80.0,80.0,78.0,66.0,65.0,40.0,80.0,80.0,87.0,57.0,58.0,58.0,40.0,80.0,70.0,67.0,70.0,76.0,65.0,62.0,65.0,81.0,80.0,90.0,90.0,85.0,80.0,69.0,62.0,70.0,68.0,54.0,45.0,68.0,2024,81.0
Ben Sheppard,Indiana Pacers,71.0,78.0,78.0,74.0,70.0,60.0,50.0,68.0,35.0,60.0,48.0,49.0,47.0,49.0,80.0,54.0,79.0,66.0,30.0,78.0,75.0,75.0,84.0,54.0,75.0,85.0,90.0,80.0,70.0,73.0,74.0,70.0,34.0,35.0,50.0,2024,84.0
Johnny Furphy,Indiana Pacers,70.0,77.0,77.0,79.0,77.0,55.0,60.0,79.0,60.0,60.0,47.0,52.0,49.0,48.0,85.0,52.0,57.0,43.0,45.0,52.0,48.0,50.0,79.0,54.0,79.0,85.0,90.0,80.0,60.0,59.0,60.0,64.0,39.0,57.0,54.0,2024,63.0
James Johnson,Indiana Pacers,70.0,77.0,60.0,68.0,63.0,30.0,40.0,72.0,60.0,75.0,59.0,63.0,73.0,45.0,95.0,74.0,74.0,63.0,72.0,75.0,80.0,65.0,67.0,80.0,72.0,84.0,94.0,83.0,70.0,74.0,60.0,70.0,48.0,46.0,69.0,2024,74.0
Kendall Brown,Indiana Pacers,69.0,70.0,68.0,73.0,69.0,80.0,40.0,67.0,57.0,80.0,39.0,38.0,40.0,34.0,80.0,59.0,68.0,55.0,52.0,65.0,65.0,60.0,74.0,44.0,84.0,85.0,81.0,80.0,70.0,71.0,67.0,69.0,50.0,39.0,47.0,2024,74.0
Tristen Newton,Indiana Pacers,68.0,70.0,69.0,73.0,81.0,55.0,40.0,71.0,30.0,50.0,40.0,42.0,40.0,50.0,80.0,49.0,64.0,58.0,42.0,60.0,50.0,45.0,76.0,49.0,68.0,88.0,85.0,80.0,75.0,79.0,76.0,74.0,69.0,52.0,58.0,2024,81.0
Enrique Freeman,Indiana Pacers,68.0,74.0,66.0,66.0,67.0,35.0,30.0,74.0,60.0,80.0,61.0,61.0,62.0,40.0,80.0,66.0,66.0,44.0,65.0,68.0,63.0,50.0,74.0,60.0,81.0,88.0,95.0,80.0,59.0,62.0,59.0,60.0,37.0,67.0,68.0,2024,74.0
Cole Swider,Indiana Pacers,67.0,70.0,72.0,76.0,80.0,50.0,40.0,65.0,55.0,60.0,52.0,55.0,55.0,40.0,70.0,75.0,42.0,37.0,35.0,75.0,50.0,55.0,52.0,54.0,63.0,85.0,65.0,80.0,55.0,42.0,47.0,59.0,38.0,44.0,51.0,2024,52.0
Quenton Jackson,Indiana Pacers,67.0,70.0,68.0,72.0,77.0,50.0,35.0,70.0,40.0,80.0,33.0,40.0,31.0,41.0,80.0,46.0,73.0,42.0,40.0,70.0,75.0,65.0,85.0,42.0,88.0,80.0,75.0,79.0,70.0,71.0,76.0,60.0,60.0,33.0,36.0,2024,85.0
Kawhi Leonard,Los Angeles Clippers,92.0,97.0,90.0,85.0,87.0,80.0,98.0,90.0,55.0,80.0,65.0,88.0,85.0,84.0,98.0,81.0,90.0,80.0,62.0,91.0,90.0,90.0,84.0,79.0,79.0,87.0,95.0,82.0,79.0,86.0,83.0,82.0,64.0,46.0,65.0,2024,90.0
James Harden,Los Angeles Clippers,84.0,75.0,81.0,85.0,87.0,45.0,80.0,92.0,35.0,84.0,60.0,74.0,69.0,94.0,98.0,62.0,70.0,43.0,61.0,63.0,82.0,65.0,85.0,71.0,87.0,98.0,97.0,95.0,82.0,95.0,85.0,94.0,78.0,33.0,63.0,2024,85.0
Ivica Zubac,Los Angeles Clippers,82.0,98.0,74.0,26.0,70.0,80.0,90.0,84.0,85.0,75.0,81.0,54.0,88.0,75.0,82.0,77.0,34.0,32.0,81.0,75.0,40.0,45.0,26.0,80.0,75.0,80.0,90.0,80.0,70.0,35.0,26.0,47.0,34.0,84.0,87.0,2024,45.0
Norman Powell,Los Angeles Clippers,79.0,91.0,85.0,88.0,86.0,75.0,80.0,85.0,25.0,80.0,30.0,32.0,28.0,78.0,88.0,50.0,79.0,38.0,50.0,77.0,74.0,75.0,79.0,46.0,80.0,92.0,90.0,82.0,74.0,79.0,77.0,75.0,31.0,29.0,49.0,2024,83.0
Derrick Jones Jr.,Los Angeles Clippers,77.0,93.0,68.0,77.0,74.0,60.0,65.0,79.0,85.0,94.0,50.0,52.0,52.0,66.0,90.0,67.0,79.0,42.0,65.0,78.0,72.0,75.0,77.0,59.0,93.0,83.0,95.0,78.0,65.0,68.0,61.0,54.0,30.0,50.0,50.0,2024,79.0
Terance Mann,Los Angeles Clippers,76.0,91.0,63.0,78.0,68.0,80.0,85.0,83.0,45.0,75.0,47.0,50.0,50.0,72.0,75.0,54.0,66.0,38.0,42.0,62.0,59.0,50.0,71.0,50.0,79.0,85.0,90.0,80.0,79.0,79.0,70.0,83.0,36.0,52.0,49.0,2024,73.0
Kevin Porter Jr.,Los Angeles Clippers,76.0,84.0,85.0,80.0,78.0,55.0,90.0,84.0,40.0,80.0,25.0,62.0,44.0,79.0,95.0,44.0,69.0,59.0,45.0,64.0,60.0,40.0,85.0,52.0,75.0,88.0,80.0,80.0,82.0,82.0,83.0,82.0,72.0,45.0,58.0,2024,75.0
Nicolas Batum,Los Angeles Clippers,75.0,88.0,79.0,84.0,71.0,65.0,70.0,74.0,55.0,60.0,40.0,63.0,62.0,35.0,80.0,66.0,73.0,43.0,62.0,68.0,50.0,65.0,68.0,65.0,82.0,88.0,85.0,83.0,70.0,71.0,68.0,73.0,41.0,50.0,58.0,2024,75.0
Kris Dunn,Los Angeles Clippers,75.0,93.0,79.0,80.0,77.0,50.0,50.0,70.0,40.0,55.0,39.0,60.0,42.0,44.0,80.0,40.0,83.0,80.0,60.0,83.0,82.0,80.0,83.0,56.0,83.0,85.0,90.0,84.0,75.0,86.0,82.0,84.0,73.0,47.0,55.0,2024,83.0
Bones Hyland,Los Angeles Clippers,74.0,84.0,65.0,75.0,84.0,75.0,75.0,84.0,25.0,60.0,30.0,32.0,32.0,85.0,85.0,30.0,66.0,73.0,42.0,64.0,63.0,55.0,87.0,32.0,68.0,88.0,85.0,80.0,74.0,79.0,84.0,75.0,72.0,30.0,50.0,2024,87.0
Amir Coffey,Los Angeles Clippers,73.0,93.0,82.0,82.0,78.0,60.0,60.0,84.0,25.0,40.0,38.0,53.0,54.0,69.0,81.0,47.0,64.0,42.0,47.0,68.0,64.0,50.0,75.0,52.0,75.0,80.0,70.0,79.0,72.0,75.0,75.0,74.0,33.0,36.0,47.0,2024,75.0
Mo Bamba,Los Angeles Clippers,73.0,75.0,65.0,79.0,66.0,45.0,50.0,60.0,75.0,70.0,69.0,64.0,69.0,45.0,80.0,75.0,48.0,43.0,93.0,77.0,64.0,60.0,75.0,68.0,75.0,78.0,75.0,81.0,35.0,46.0,32.0,51.0,34.0,76.0,85.0,2024,64.0
P.J. Tucker,Los Angeles Clippers,71.0,88.0,74.0,78.0,83.0,40.0,25.0,55.0,50.0,60.0,49.0,48.0,50.0,36.0,81.0,77.0,80.0,46.0,52.0,74.0,75.0,80.0,63.0,82.0,66.0,88.0,90.0,91.0,70.0,65.0,44.0,69.0,28.0,58.0,57.0,2024,80.0
Kobe Brown,Los Angeles Clippers,70.0,80.0,72.0,72.0,79.0,50.0,60.0,72.0,60.0,65.0,64.0,64.0,64.0,50.0,80.0,62.0,62.0,43.0,53.0,60.0,57.0,45.0,60.0,74.0,66.0,88.0,85.0,80.0,62.0,60.0,57.0,64.0,35.0,54.0,53.0,2024,62.0
Kai Jones,Los Angeles Clippers,69.0,68.0,69.0,69.0,73.0,60.0,60.0,64.0,80.0,80.0,41.0,40.0,40.0,42.0,37.0,78.0,47.0,43.0,83.0,84.0,67.0,65.0,66.0,65.0,69.0,84.0,75.0,80.0,38.0,35.0,57.0,48.0,28.0,60.0,68.0,2024,66.0
Cam Christie,Los Angeles Clippers,68.0,67.0,79.0,80.0,79.0,50.0,40.0,66.0,40.0,75.0,40.0,40.0,40.0,40.0,90.0,47.0,62.0,39.0,30.0,58.0,57.0,45.0,87.0,42.0,77.0,86.0,70.0,80.0,68.0,70.0,78.0,68.0,41.0,42.0,48.0,2024,82.0
Jordan Miller,Los Angeles Clippers,68.0,67.0,70.0,72.0,74.0,50.0,35.0,70.0,40.0,80.0,54.0,52.0,58.0,40.0,65.0,54.0,65.0,57.0,67.0,60.0,40.0,45.0,84.0,52.0,81.0,85.0,70.0,80.0,60.0,69.0,72.0,62.0,47.0,37.0,42.0,2024,78.0
LeBron James,Los Angeles Lakers,95.0,89.0,78.0,85.0,73.0,98.0,98.0,98.0,80.0,89.0,82.0,90.0,84.0,96.0,98.0,79.0,79.0,65.0,75.0,78.0,90.0,60.0,87.0,89.0,89.0,99.0,93.0,97.0,90.0,87.0,85.0,97.0,84.0,50.0,74.0,2024,87.0
Anthony Davis,Los Angeles Lakers,94.0,93.0,79.0,70.0,82.0,98.0,98.0,85.0,90.0,88.0,86.0,89.0,89.0,95.0,95.0,95.0,80.0,46.0,87.0,93.0,90.0,95.0,79.0,92.0,86.0,97.0,98.0,80.0,60.0,75.0,67.0,72.0,61.0,72.0,90.0,2024,78.0
D’Angelo Russell,Los Angeles Lakers,81.0,83.0,81.0,83.0,80.0,70.0,98.0,88.0,25.0,45.0,35.0,55.0,60.0,88.0,81.0,40.0,65.0,41.0,52.0,68.0,70.0,45.0,81.0,54.0,71.0,93.0,65.0,83.0,87.0,90.0,81.0,88.0,73.0,31.0,47.0,2024,81.0
Austin Reaves,Los Angeles Lakers,81.0,96.0,83.0,81.0,86.0,70.0,85.0,87.0,25.0,70.0,31.0,32.0,32.0,95.0,85.0,35.0,73.0,40.0,45.0,73.0,70.0,65.0,83.0,44.0,81.0,85.0,80.0,80.0,70.0,73.0,78.0,74.0,71.0,37.0,54.0,2024,83.0
Rui Hachimura,Los Angeles Lakers,79.0,81.0,90.0,82.0,77.0,70.0,85.0,73.0,80.0,80.0,74.0,70.0,72.0,60.0,85.0,60.0,54.0,38.0,51.0,59.0,50.0,35.0,72.0,79.0,80.0,90.0,85.0,80.0,51.0,72.0,67.0,54.0,32.0,43.0,60.0,2024,74.0
Jarred Vanderbilt,Los Angeles Lakers,78.0,85.0,69.0,66.0,69.0,65.0,80.0,75.0,75.0,75.0,40.0,32.0,50.0,50.0,85.0,83.0,83.0,85.0,45.0,82.0,88.0,80.0,75.0,70.0,80.0,75.0,95.0,78.0,60.0,65.0,65.0,38.0,34.0,65.0,73.0,2024,83.0
Jordan Goodwin,Los Angeles Lakers,74.0,69.0,71.0,72.0,87.0,75.0,80.0,78.0,25.0,35.0,33.0,43.0,48.0,66.0,80.0,47.0,71.0,66.0,56.0,70.0,65.0,70.0,75.0,49.0,55.0,80.0,85.0,80.0,78.0,78.0,68.0,78.0,70.0,70.0,70.0,2024,76.0
Christian Wood,Los Angeles Lakers,74.0,82.0,71.0,73.0,77.0,25.0,65.0,82.0,90.0,85.0,81.0,79.0,81.0,65.0,95.0,60.0,60.0,35.0,72.0,74.0,62.0,50.0,56.0,74.0,66.0,93.0,85.0,83.0,30.0,60.0,44.0,40.0,34.0,51.0,87.0,2024,62.0
Gabe Vincent,Los Angeles Lakers,74.0,91.0,93.0,75.0,87.0,70.0,70.0,76.0,25.0,45.0,26.0,32.0,26.0,49.0,80.0,37.0,60.0,59.0,25.0,60.0,57.0,45.0,73.0,40.0,66.0,85.0,69.0,82.0,78.0,80.0,70.0,79.0,43.0,35.0,31.0,2024,73.0
Jaxson Hayes,Los Angeles Lakers,73.0,92.0,68.0,60.0,56.0,45.0,60.0,71.0,85.0,80.0,68.0,54.0,65.0,52.0,90.0,78.0,48.0,53.0,68.0,79.0,45.0,65.0,58.0,72.0,75.0,80.0,95.0,80.0,29.0,38.0,41.0,40.0,30.0,67.0,68.0,2024,64.0
Cam Reddish,Los Angeles Lakers,73.0,62.0,60.0,77.0,85.0,45.0,85.0,78.0,50.0,80.0,43.0,52.0,47.0,70.0,95.0,55.0,79.0,78.0,51.0,79.0,78.0,75.0,85.0,52.0,84.0,90.0,65.0,80.0,68.0,81.0,79.0,69.0,31.0,41.0,44.0,2024,85.0
Max Christie,Los Angeles Lakers,73.0,90.0,80.0,79.0,75.0,70.0,70.0,70.0,35.0,80.0,39.0,42.0,42.0,41.0,90.0,44.0,63.0,37.0,56.0,60.0,57.0,50.0,87.0,55.0,82.0,98.0,80.0,80.0,68.0,70.0,78.0,66.0,35.0,34.0,61.0,2024,87.0
Christian Koloko,Los Angeles Lakers,72.0,65.0,60.0,29.0,63.0,75.0,80.0,64.0,75.0,75.0,54.0,50.0,51.0,50.0,70.0,75.0,37.0,41.0,89.0,75.0,50.0,70.0,72.0,59.0,75.0,80.0,80.0,80.0,37.0,42.0,44.0,52.0,30.0,75.0,59.0,2024,72.0
Jalen Hood-Schifino,Los Angeles Lakers,72.0,73.0,79.0,65.0,77.0,70.0,60.0,74.0,35.0,65.0,49.0,49.0,52.0,44.0,90.0,52.0,74.0,40.0,45.0,60.0,59.0,55.0,79.0,48.0,72.0,85.0,85.0,80.0,78.0,82.0,79.0,77.0,68.0,31.0,49.0,2024,79.0
Dalton Knecht,Los Angeles Lakers,71.0,76.0,79.0,83.0,77.0,60.0,55.0,73.0,45.0,65.0,48.0,49.0,49.0,53.0,85.0,50.0,59.0,37.0,40.0,59.0,57.0,35.0,86.0,50.0,77.0,90.0,85.0,80.0,64.0,68.0,74.0,65.0,40.0,32.0,50.0,2024,59.0
Maxwell Lewis,Los Angeles Lakers,69.0,70.0,70.0,77.0,79.0,70.0,40.0,70.0,35.0,70.0,30.0,38.0,26.0,42.0,76.0,25.0,68.0,43.0,47.0,60.0,52.0,50.0,67.0,44.0,75.0,85.0,80.0,80.0,60.0,70.0,62.0,64.0,42.0,33.0,42.0,2024,75.0
Bronny James,Los Angeles Lakers,68.0,69.0,63.0,69.0,68.0,50.0,30.0,68.0,35.0,80.0,37.0,37.0,30.0,37.0,85.0,47.0,72.0,57.0,44.0,70.0,60.0,65.0,87.0,60.0,90.0,90.0,90.0,80.0,67.0,70.0,84.0,65.0,41.0,42.0,50.0,2024,87.0
Colin Castleton,Los Angeles Lakers,68.0,73.0,64.0,40.0,73.0,50.0,40.0,64.0,65.0,65.0,60.0,61.0,62.0,38.0,80.0,62.0,32.0,32.0,70.0,62.0,54.0,50.0,58.0,63.0,63.0,80.0,75.0,80.0,50.0,57.0,33.0,60.0,38.0,64.0,65.0,2024,54.0
Ja Morant,Memphis Grizzlies,90.0,89.0,90.0,75.0,76.0,70.0,98.0,97.0,25.0,97.0,54.0,54.0,54.0,95.0,98.0,49.0,72.0,60.0,55.0,79.0,78.0,75.0,95.0,52.0,97.0,97.0,98.0,80.0,96.0,96.0,95.0,95.0,90.0,41.0,66.0,2024,95.0
Jaren Jackson Jr.,Memphis Grizzlies,87.0,88.0,68.0,78.0,84.0,90.0,95.0,82.0,85.0,80.0,85.0,83.0,86.0,75.0,80.0,90.0,80.0,53.0,83.0,95.0,71.0,95.0,63.0,82.0,75.0,90.0,80.0,94.0,45.0,60.0,33.0,50.0,50.0,46.0,63.0,2024,80.0
Desmond Bane,Memphis Grizzlies,83.0,80.0,85.0,88.0,86.0,50.0,95.0,86.0,35.0,75.0,49.0,61.0,56.0,83.0,84.0,59.0,80.0,43.0,53.0,78.0,78.0,80.0,74.0,56.0,78.0,92.0,85.0,78.0,80.0,82.0,70.0,80.0,74.0,37.0,54.0,2024,80.0
Marcus Smart,Memphis Grizzlies,80.0,95.0,90.0,74.0,81.0,65.0,40.0,70.0,25.0,50.0,25.0,58.0,78.0,27.0,70.0,74.0,91.0,96.0,45.0,90.0,91.0,90.0,75.0,73.0,83.0,89.0,90.0,83.0,75.0,74.0,74.0,75.0,71.0,30.0,45.0,2024,93.0
G.G. Jackson,Memphis Grizzlies,78.0,70.0,70.0,80.0,70.0,65.0,90.0,79.0,65.0,85.0,59.0,59.0,59.0,78.0,95.0,58.0,58.0,38.0,57.0,70.0,69.0,40.0,82.0,62.0,82.0,88.0,60.0,80.0,59.0,62.0,80.0,50.0,35.0,47.0,58.0,2024,79.0
Brandon Clarke,Memphis Grizzlies,77.0,97.0,86.0,57.0,72.0,45.0,30.0,87.0,80.0,84.0,63.0,62.0,62.0,64.0,80.0,78.0,75.0,53.0,81.0,78.0,72.0,75.0,84.0,64.0,82.0,90.0,95.0,80.0,59.0,69.0,65.0,62.0,46.0,71.0,75.0,2024,83.0
Vince Williams Jr.,Memphis Grizzlies,77.0,82.0,60.0,81.0,78.0,75.0,75.0,69.0,35.0,70.0,41.0,53.0,39.0,65.0,76.0,55.0,80.0,46.0,62.0,78.0,80.0,80.0,68.0,52.0,70.0,87.0,90.0,80.0,69.0,70.0,60.0,65.0,66.0,46.0,71.0,2024,82.0
Luke Kennard,Memphis Grizzlies,76.0,77.0,80.0,89.0,94.0,80.0,85.0,70.0,30.0,60.0,28.0,50.0,35.0,49.0,95.0,35.0,51.0,37.0,30.0,50.0,50.0,45.0,69.0,40.0,60.0,92.0,85.0,80.0,76.0,78.0,66.0,79.0,70.0,31.0,53.0,2024,68.0
Santi Aldama,Memphis Grizzlies,75.0,82.0,76.0,78.0,61.0,70.0,85.0,66.0,70.0,65.0,69.0,69.0,69.0,55.0,85.0,65.0,63.0,41.0,71.0,74.0,59.0,55.0,59.0,70.0,59.0,80.0,80.0,79.0,60.0,42.0,54.0,50.0,51.0,48.0,75.0,2024,60.0
Scotty Pippen Jr.,Memphis Grizzlies,74.0,80.0,78.0,82.0,75.0,85.0,80.0,73.0,25.0,65.0,25.0,36.0,31.0,70.0,72.0,31.0,62.0,90.0,57.0,54.0,55.0,50.0,82.0,39.0,79.0,82.0,75.0,80.0,79.0,79.0,82.0,79.0,75.0,47.0,49.0,2024,82.0
Jake LaRavia,Memphis Grizzlies,74.0,70.0,76.0,77.0,78.0,85.0,80.0,73.0,60.0,75.0,60.0,60.0,60.0,68.0,70.0,69.0,43.0,53.0,53.0,66.0,58.0,40.0,59.0,62.0,72.0,88.0,85.0,80.0,69.0,68.0,57.0,68.0,42.0,58.0,52.0,2024,69.0
John Konchar,Memphis Grizzlies,72.0,73.0,76.0,76.0,78.0,65.0,60.0,77.0,40.0,55.0,44.0,47.0,47.0,40.0,85.0,54.0,62.0,63.0,80.0,50.0,60.0,45.0,62.0,40.0,70.0,93.0,90.0,84.0,74.0,76.0,60.0,79.0,50.0,57.0,70.0,2024,69.0
Zach Edey,Memphis Grizzlies,72.0,84.0,60.0,40.0,71.0,60.0,50.0,55.0,80.0,70.0,74.0,55.0,70.0,60.0,95.0,73.0,37.0,33.0,72.0,70.0,67.0,50.0,46.0,75.0,66.0,88.0,85.0,80.0,58.0,39.0,30.0,63.0,40.0,69.0,75.0,2024,31.0
Jaylen Wells,Memphis Grizzlies,68.0,64.0,72.0,79.0,81.0,50.0,40.0,64.0,45.0,70.0,42.0,44.0,42.0,40.0,80.0,51.0,60.0,33.0,30.0,58.0,35.0,40.0,86.0,60.0,67.0,85.0,85.0,80.0,54.0,75.0,70.0,54.0,34.0,44.0,50.0,2024,75.0
Cam Spencer,Memphis Grizzlies,68.0,68.0,79.0,82.0,90.0,60.0,50.0,69.0,30.0,55.0,36.0,37.0,30.0,52.0,80.0,44.0,59.0,49.0,44.0,50.0,52.0,45.0,73.0,45.0,53.0,85.0,90.0,80.0,67.0,66.0,67.0,67.0,52.0,47.0,51.0,2024,73.0
Jay Huff,Memphis Grizzlies,67.0,77.0,72.0,77.0,77.0,50.0,40.0,64.0,65.0,60.0,62.0,62.0,62.0,38.0,80.0,62.0,32.0,32.0,69.0,62.0,54.0,50.0,48.0,62.0,62.0,80.0,85.0,77.0,50.0,43.0,33.0,60.0,38.0,64.0,68.0,2024,47.0
Jimmy Butler,Miami Heat,89.0,89.0,81.0,83.0,89.0,58.0,95.0,94.0,40.0,80.0,80.0,80.0,80.0,98.0,98.0,80.0,90.0,75.0,45.0,92.0,92.0,90.0,84.0,76.0,82.0,97.0,98.0,81.0,85.0,86.0,82.0,89.0,71.0,55.0,54.0,2024,92.0
Bam Adebayo,Miami Heat,88.0,97.0,70.0,71.0,81.0,60.0,75.0,81.0,85.0,80.0,80.0,80.0,81.0,70.0,90.0,94.0,88.0,79.0,84.0,94.0,80.0,95.0,74.0,85.0,83.0,92.0,90.0,90.0,72.0,69.0,66.0,74.0,68.0,74.0,89.0,2024,84.0
Tyler Herro,Miami Heat,83.0,93.0,80.0,83.0,88.0,70.0,95.0,92.0,30.0,60.0,37.0,55.0,48.0,84.0,95.0,46.0,69.0,38.0,30.0,65.0,60.0,50.0,79.0,59.0,72.0,85.0,75.0,80.0,79.0,83.0,74.0,84.0,71.0,32.0,67.0,2024,78.0
Terry Rozier III,Miami Heat,80.0,93.0,90.0,80.0,86.0,50.0,90.0,84.0,40.0,75.0,45.0,53.0,48.0,85.0,98.0,55.0,75.0,43.0,50.0,59.0,65.0,50.0,82.0,62.0,84.0,98.0,92.0,82.0,84.0,88.0,82.0,89.0,73.0,34.0,55.0,2024,82.0
Jaime Jaquez Jr.,Miami Heat,79.0,93.0,84.0,76.0,86.0,80.0,70.0,74.0,55.0,88.0,60.0,64.0,63.0,45.0,80.0,68.0,72.0,53.0,47.0,75.0,72.0,75.0,67.0,68.0,82.0,88.0,90.0,80.0,70.0,73.0,64.0,74.0,54.0,47.0,52.0,2024,75.0
Duncan Robinson,Miami Heat,77.0,89.0,81.0,86.0,80.0,85.0,90.0,75.0,30.0,70.0,40.0,44.0,35.0,64.0,90.0,50.0,52.0,40.0,45.0,50.0,50.0,30.0,59.0,35.0,72.0,85.0,75.0,83.0,66.0,72.0,56.0,70.0,60.0,29.0,48.0,2024,65.0
Kevin Love,Miami Heat,76.0,95.0,73.0,80.0,82.0,50.0,45.0,72.0,70.0,50.0,77.0,84.0,84.0,50.0,95.0,69.0,50.0,37.0,51.0,75.0,57.0,50.0,66.0,82.0,70.0,70.0,80.0,77.0,65.0,52.0,33.0,77.0,68.0,61.0,95.0,2024,54.0
Alec Burks,Miami Heat,76.0,71.0,75.0,81.0,90.0,65.0,90.0,84.0,40.0,69.0,40.0,58.0,78.0,70.0,77.0,45.0,72.0,38.0,47.0,74.0,70.0,55.0,78.0,48.0,69.0,89.0,72.0,85.0,72.0,79.0,76.0,73.0,41.0,36.0,54.0,2024,78.0
Nikola Jovic,Miami Heat,76.0,93.0,70.0,83.0,72.0,85.0,90.0,83.0,30.0,60.0,55.0,60.0,44.0,62.0,90.0,59.0,62.0,42.0,55.0,60.0,57.0,40.0,68.0,44.0,72.0,85.0,70.0,80.0,69.0,70.0,67.0,68.0,58.0,40.0,79.0,2024,68.0
Josh Richardson,Miami Heat,75.0,94.0,82.0,78.0,90.0,70.0,70.0,75.0,50.0,78.0,30.0,48.0,32.0,45.0,80.0,69.0,81.0,38.0,51.0,80.0,80.0,80.0,80.0,57.0,72.0,95.0,80.0,83.0,69.0,78.0,79.0,68.0,54.0,34.0,52.0,2024,81.0
Haywood Highsmith,Miami Heat,74.0,92.0,70.0,83.0,81.0,80.0,75.0,68.0,35.0,50.0,52.0,54.0,52.0,44.0,80.0,60.0,79.0,56.0,61.0,78.0,77.0,75.0,70.0,50.0,79.0,80.0,65.0,86.0,55.0,70.0,64.0,55.0,33.0,51.0,55.0,2024,81.0
Dru Smith,Miami Heat,71.0,57.0,74.0,76.0,84.0,75.0,70.0,79.0,40.0,45.0,38.0,37.0,40.0,40.0,80.0,40.0,63.0,88.0,62.0,65.0,68.0,50.0,70.0,43.0,62.0,85.0,75.0,80.0,74.0,76.0,70.0,74.0,58.0,51.0,42.0,2024,70.0
Thomas Bryant,Miami Heat,71.0,93.0,69.0,65.0,82.0,25.0,70.0,70.0,75.0,65.0,76.0,76.0,76.0,58.0,78.0,63.0,40.0,38.0,74.0,79.0,50.0,45.0,62.0,80.0,52.0,88.0,95.0,82.0,40.0,53.0,53.0,42.0,35.0,71.0,87.0,2024,57.0
Josh Christopher,Miami Heat,70.0,90.0,75.0,70.0,75.0,60.0,85.0,80.0,40.0,85.0,25.0,62.0,44.0,65.0,83.0,49.0,67.0,59.0,58.0,60.0,65.0,50.0,84.0,55.0,81.0,88.0,72.0,80.0,68.0,75.0,78.0,62.0,56.0,38.0,42.0,2024,84.0
Kel’el Ware,Miami Heat,70.0,70.0,71.0,75.0,63.0,50.0,40.0,74.0,85.0,86.0,65.0,54.0,60.0,42.0,90.0,56.0,37.0,38.0,68.0,60.0,50.0,40.0,66.0,59.0,90.0,89.0,80.0,80.0,37.0,52.0,46.0,52.0,29.0,69.0,75.0,2024,68.0
Pelle Larsson,Miami Heat,68.0,72.0,74.0,78.0,76.0,50.0,40.0,68.0,45.0,75.0,38.0,44.0,42.0,52.0,80.0,52.0,65.0,52.0,42.0,60.0,57.0,50.0,87.0,55.0,79.0,85.0,85.0,80.0,52.0,62.0,74.0,65.0,50.0,37.0,52.0,2024,80.0
Giannis Antetokounmpo,Milwaukee Bucks,97.0,96.0,72.0,68.0,67.0,85.0,98.0,98.0,85.0,91.0,79.0,74.0,87.0,97.0,95.0,90.0,87.0,76.0,80.0,92.0,88.0,95.0,89.0,94.0,85.0,98.0,95.0,91.0,84.0,87.0,80.0,95.0,77.0,66.0,88.0,2024,86.0
Damian Lillard,Milwaukee Bucks,89.0,72.0,88.0,85.0,92.0,80.0,95.0,92.0,25.0,85.0,30.0,38.0,42.0,96.0,98.0,31.0,69.0,41.0,40.0,72.0,77.0,60.0,87.0,63.0,89.0,97.0,95.0,98.0,92.0,95.0,86.0,93.0,74.0,33.0,54.0,2024,87.0
Khris Middleton,Milwaukee Bucks,85.0,94.0,97.0,82.0,82.0,60.0,90.0,89.0,40.0,65.0,67.0,80.0,83.0,65.0,85.0,72.0,84.0,46.0,47.0,83.0,80.0,80.0,71.0,73.0,66.0,92.0,80.0,90.0,78.0,77.0,71.0,78.0,74.0,40.0,65.0,2024,84.0
Bobby Portis,Milwaukee Bucks,80.0,94.0,85.0,84.0,81.0,55.0,90.0,74.0,75.0,70.0,80.0,80.0,82.0,74.0,85.0,78.0,40.0,46.0,53.0,75.0,65.0,65.0,65.0,80.0,64.0,85.0,90.0,84.0,55.0,52.0,59.0,52.0,34.0,64.0,86.0,2024,64.0
Brook Lopez,Milwaukee Bucks,80.0,84.0,94.0,80.0,81.0,60.0,80.0,60.0,80.0,65.0,80.0,80.0,80.0,60.0,95.0,89.0,45.0,36.0,90.0,94.0,78.0,95.0,25.0,89.0,60.0,92.0,90.0,79.0,35.0,35.0,25.0,78.0,33.0,52.0,58.0,2024,60.0
Gary Trent Jr.,Milwaukee Bucks,78.0,83.0,76.0,83.0,59.0,70.0,90.0,84.0,40.0,75.0,44.0,57.0,46.0,84.0,73.0,50.0,61.0,56.0,35.0,60.0,64.0,35.0,85.0,58.0,90.0,80.0,70.0,82.0,70.0,79.0,77.0,71.0,36.0,32.0,47.0,2024,85.0
Taurean Prince,Milwaukee Bucks,75.0,88.0,69.0,83.0,70.0,75.0,75.0,70.0,75.0,70.0,52.0,45.0,51.0,55.0,85.0,64.0,74.0,41.0,53.0,68.0,81.0,60.0,80.0,60.0,84.0,84.0,85.0,81.0,68.0,70.0,69.0,55.0,33.0,31.0,51.0,2024,78.0
Delon Wright,Milwaukee Bucks,75.0,69.0,68.0,80.0,85.0,60.0,40.0,74.0,25.0,60.0,25.0,46.0,27.0,65.0,85.0,49.0,84.0,96.0,52.0,84.0,80.0,80.0,73.0,58.0,69.0,90.0,85.0,84.0,80.0,86.0,72.0,75.0,70.0,38.0,50.0,2024,84.0
Pat Connaughton,Milwaukee Bucks,74.0,68.0,69.0,80.0,66.0,70.0,45.0,84.0,30.0,86.0,35.0,34.0,30.0,66.0,90.0,35.0,75.0,38.0,50.0,74.0,75.0,70.0,77.0,45.0,95.0,80.0,90.0,83.0,69.0,78.0,65.0,78.0,45.0,41.0,55.0,2024,78.0
Anzejs Pasecniks,Milwaukee Bucks,73.0,89.0,67.0,54.0,56.0,70.0,40.0,60.0,70.0,65.0,67.0,62.0,66.0,50.0,68.0,69.0,40.0,36.0,66.0,67.0,61.0,45.0,45.0,68.0,47.0,85.0,75.0,80.0,33.0,32.0,26.0,52.0,31.0,71.0,67.0,2024,52.0
MarJon Beauchamp,Milwaukee Bucks,73.0,88.0,81.0,83.0,68.0,55.0,60.0,79.0,40.0,70.0,29.0,42.0,44.0,65.0,74.0,54.0,69.0,36.0,45.0,65.0,69.0,45.0,76.0,52.0,82.0,89.0,70.0,80.0,65.0,70.0,70.0,67.0,32.0,47.0,57.0,2024,76.0
A.J. Green,Milwaukee Bucks,72.0,60.0,80.0,85.0,90.0,75.0,80.0,71.0,40.0,40.0,34.0,34.0,48.0,45.0,80.0,40.0,63.0,33.0,40.0,50.0,60.0,45.0,69.0,42.0,75.0,80.0,75.0,80.0,61.0,70.0,68.0,68.0,32.0,33.0,48.0,2024,69.0
Andre Jackson Jr.,Milwaukee Bucks,72.0,70.0,68.0,80.0,70.0,50.0,60.0,70.0,40.0,85.0,43.0,44.0,44.0,37.0,87.0,53.0,80.0,42.0,25.0,80.0,81.0,80.0,87.0,50.0,84.0,90.0,80.0,80.0,69.0,69.0,74.0,64.0,40.0,66.0,58.0,2024,87.0
Ryan Rollins,Milwaukee Bucks,71.0,71.0,76.0,73.0,79.0,60.0,50.0,78.0,25.0,65.0,40.0,42.0,42.0,77.0,85.0,43.0,60.0,56.0,51.0,59.0,52.0,45.0,86.0,39.0,80.0,85.0,79.0,80.0,70.0,78.0,82.0,70.0,66.0,46.0,47.0,2024,86.0
Stanley Umude,Milwaukee Bucks,70.0,73.0,70.0,79.0,91.0,55.0,60.0,67.0,30.0,60.0,42.0,43.0,45.0,47.0,74.0,52.0,67.0,41.0,60.0,65.0,57.0,60.0,67.0,52.0,70.0,85.0,73.0,82.0,68.0,68.0,65.0,68.0,29.0,39.0,65.0,2024,68.0
Chris Livingston,Milwaukee Bucks,69.0,76.0,68.0,70.0,72.0,60.0,35.0,76.0,50.0,80.0,39.0,44.0,40.0,37.0,79.0,52.0,64.0,47.0,48.0,52.0,62.0,40.0,80.0,54.0,83.0,85.0,65.0,80.0,65.0,69.0,68.0,52.0,34.0,52.0,51.0,2024,80.0
AJ Johnson,Milwaukee Bucks,69.0,74.0,74.0,74.0,75.0,65.0,45.0,70.0,30.0,75.0,30.0,30.0,30.0,44.0,80.0,49.0,56.0,46.0,44.0,48.0,47.0,30.0,83.0,39.0,76.0,80.0,75.0,80.0,64.0,86.0,79.0,63.0,30.0,57.0,51.0,2024,79.0
Tyler Smith,Milwaukee Bucks,69.0,72.0,75.0,76.0,73.0,60.0,50.0,64.0,80.0,80.0,64.0,64.0,64.0,44.0,70.0,53.0,52.0,35.0,59.0,52.0,47.0,35.0,72.0,58.0,84.0,85.0,75.0,80.0,39.0,57.0,67.0,58.0,32.0,47.0,60.0,2024,69.0
Anthony Edwards,Minnesota Timberwolves,93.0,95.0,87.0,86.0,85.0,75.0,98.0,94.0,50.0,97.0,60.0,62.0,62.0,98.0,98.0,59.0,87.0,53.0,52.0,84.0,84.0,85.0,91.0,62.0,97.0,97.0,90.0,83.0,74.0,86.0,85.0,79.0,72.0,36.0,63.0,2024,90.0
Rudy Gobert,Minnesota Timberwolves,85.0,81.0,54.0,25.0,61.0,70.0,70.0,60.0,90.0,75.0,65.0,58.0,65.0,70.0,85.0,95.0,64.0,37.0,86.0,95.0,74.0,95.0,48.0,87.0,57.0,90.0,95.0,81.0,68.0,35.0,25.0,58.0,31.0,85.0,91.0,2024,65.0
Julius Randle,Minnesota Timberwolves,85.0,89.0,85.0,73.0,74.0,65.0,95.0,85.0,85.0,80.0,79.0,60.0,86.0,92.0,85.0,77.0,73.0,35.0,42.0,73.0,52.0,75.0,73.0,87.0,69.0,95.0,90.0,84.0,74.0,80.0,68.0,84.0,71.0,58.0,81.0,2024,76.0
Mike Conley,Minnesota Timberwolves,81.0,91.0,67.0,89.0,95.0,80.0,70.0,76.0,25.0,30.0,25.0,40.0,29.0,60.0,84.0,31.0,83.0,59.0,42.0,83.0,80.0,80.0,83.0,40.0,92.0,85.0,80.0,82.0,90.0,89.0,83.0,90.0,74.0,35.0,47.0,2024,84.0
Naz Reid,Minnesota Timberwolves,81.0,82.0,76.0,85.0,92.0,50.0,80.0,82.0,80.0,80.0,81.0,70.0,80.0,87.0,94.0,81.0,54.0,46.0,72.0,80.0,65.0,80.0,50.0,87.0,75.0,88.0,95.0,80.0,59.0,58.0,49.0,65.0,35.0,47.0,74.0,2024,54.0
Jaden McDaniels,Minnesota Timberwolves,80.0,95.0,72.0,78.0,74.0,50.0,60.0,84.0,40.0,75.0,52.0,56.0,54.0,52.0,85.0,83.0,92.0,80.0,57.0,88.0,88.0,90.0,79.0,60.0,80.0,85.0,85.0,90.0,44.0,78.0,70.0,40.0,33.0,41.0,46.0,2024,93.0
Donte DiVincenzo,Minnesota Timberwolves,80.0,88.0,81.0,84.0,72.0,80.0,85.0,75.0,25.0,75.0,28.0,45.0,38.0,64.0,70.0,58.0,82.0,70.0,53.0,84.0,88.0,80.0,87.0,60.0,95.0,90.0,85.0,81.0,77.0,79.0,81.0,74.0,53.0,40.0,52.0,2024,87.0
Nickeil Alexander-Walker,Minnesota Timberwolves,77.0,88.0,74.0,83.0,62.0,70.0,80.0,85.0,40.0,60.0,54.0,58.0,64.0,67.0,88.0,52.0,84.0,76.0,58.0,80.0,80.0,80.0,72.0,60.0,70.0,90.0,75.0,80.0,75.0,81.0,72.0,76.0,57.0,36.0,43.0,2024,84.0
Luka Garza,Minnesota Timberwolves,74.0,93.0,70.0,71.0,79.0,55.0,85.0,69.0,60.0,45.0,69.0,69.0,69.0,59.0,85.0,54.0,30.0,32.0,42.0,52.0,56.0,30.0,40.0,69.0,48.0,80.0,85.0,80.0,55.0,35.0,34.0,55.0,44.0,96.0,51.0,2024,40.0
Joe Ingles,Minnesota Timberwolves,74.0,64.0,75.0,86.0,86.0,60.0,35.0,80.0,40.0,45.0,50.0,55.0,48.0,40.0,70.0,58.0,80.0,53.0,35.0,78.0,78.0,75.0,66.0,64.0,60.0,92.0,70.0,80.0,75.0,70.0,60.0,75.0,71.0,34.0,56.0,2024,80.0
Rob Dillingham,Minnesota Timberwolves,72.0,78.0,81.0,80.0,80.0,60.0,60.0,77.0,30.0,75.0,37.0,39.0,39.0,45.0,90.0,34.0,63.0,48.0,32.0,57.0,58.0,50.0,91.0,39.0,85.0,90.0,85.0,80.0,69.0,90.0,91.0,68.0,61.0,33.0,42.0,2024,86.0
Terrence Shannon Jr.,Minnesota Timberwolves,71.0,80.0,76.0,75.0,80.0,50.0,55.0,80.0,40.0,85.0,47.0,52.0,48.0,59.0,85.0,49.0,72.0,54.0,42.0,62.0,57.0,50.0,89.0,58.0,83.0,90.0,75.0,80.0,68.0,79.0,86.0,68.0,39.0,37.0,47.0,2024,87.0
P.J. Dozier,Minnesota Timberwolves,71.0,70.0,70.0,74.0,64.0,60.0,50.0,75.0,50.0,75.0,44.0,41.0,39.0,42.0,78.0,48.0,74.0,63.0,55.0,65.0,60.0,50.0,83.0,40.0,85.0,80.0,70.0,81.0,68.0,76.0,77.0,69.0,47.0,44.0,60.0,2024,76.0
Daishen Nix,Minnesota Timberwolves,70.0,74.0,60.0,74.0,67.0,65.0,70.0,75.0,40.0,75.0,35.0,51.0,42.0,40.0,80.0,37.0,60.0,46.0,42.0,52.0,58.0,40.0,90.0,63.0,75.0,80.0,85.0,80.0,72.0,75.0,87.0,74.0,68.0,35.0,49.0,2024,86.0
Leonard Miller,Minnesota Timberwolves,70.0,74.0,70.0,72.0,79.0,60.0,50.0,75.0,65.0,85.0,59.0,54.0,55.0,37.0,80.0,57.0,63.0,52.0,57.0,60.0,59.0,40.0,73.0,55.0,82.0,90.0,75.0,80.0,51.0,70.0,70.0,52.0,43.0,52.0,71.0,2024,73.0
Josh Minott,Minnesota Timberwolves,70.0,74.0,65.0,74.0,75.0,50.0,30.0,75.0,65.0,80.0,51.0,55.0,52.0,40.0,75.0,48.0,63.0,63.0,74.0,60.0,65.0,60.0,72.0,62.0,80.0,80.0,80.0,80.0,62.0,63.0,68.0,60.0,44.0,66.0,69.0,2024,72.0
Jaylen Clark,Minnesota Timberwolves,68.0,68.0,60.0,70.0,69.0,60.0,25.0,72.0,50.0,70.0,40.0,38.0,44.0,40.0,72.0,52.0,81.0,78.0,50.0,77.0,70.0,70.0,79.0,55.0,77.0,85.0,94.0,79.0,50.0,66.0,76.0,50.0,39.0,51.0,50.0,2024,86.0
Zion Williamson,New Orleans Pelicans,88.0,84.0,79.0,73.0,64.0,80.0,90.0,93.0,90.0,95.0,90.0,80.0,87.0,90.0,95.0,59.0,55.0,49.0,61.0,64.0,70.0,40.0,85.0,92.0,99.0,83.0,95.0,60.0,65.0,78.0,74.0,72.0,73.0,56.0,61.0,2024,85.0
Dejounte Murray,New Orleans Pelicans,86.0,95.0,96.0,80.0,86.0,80.0,95.0,92.0,40.0,75.0,40.0,48.0,49.0,84.0,95.0,53.0,85.0,74.0,45.0,85.0,85.0,85.0,83.0,40.0,60.0,90.0,90.0,80.0,85.0,88.0,83.0,84.0,73.0,36.0,62.0,2024,85.0
Brandon Ingram,New Orleans Pelicans,85.0,94.0,93.0,78.0,80.0,60.0,95.0,90.0,65.0,80.0,64.0,70.0,70.0,92.0,98.0,61.0,69.0,40.0,58.0,75.0,68.0,40.0,74.0,42.0,77.0,95.0,80.0,85.0,75.0,85.0,70.0,79.0,73.0,36.0,62.0,2024,74.0
C.J. McCollum,New Orleans Pelicans,84.0,97.0,85.0,86.0,83.0,85.0,98.0,90.0,30.0,40.0,38.0,46.0,32.0,82.0,91.0,35.0,70.0,42.0,58.0,70.0,50.0,65.0,82.0,60.0,80.0,98.0,95.0,80.0,78.0,86.0,82.0,82.0,70.0,35.0,56.0,2024,84.0
Herbert Jones,New Orleans Pelicans,82.0,76.0,78.0,85.0,86.0,75.0,85.0,79.0,55.0,75.0,62.0,62.0,62.0,55.0,85.0,62.0,94.0,80.0,66.0,88.0,88.0,90.0,74.0,59.0,72.0,82.0,85.0,80.0,69.0,75.0,69.0,75.0,43.0,42.0,48.0,2024,93.0
Trey Murphy III,New Orleans Pelicans,80.0,87.0,63.0,82.0,83.0,70.0,95.0,74.0,65.0,88.0,42.0,44.0,43.0,50.0,90.0,69.0,69.0,43.0,56.0,69.0,59.0,65.0,84.0,60.0,82.0,85.0,85.0,80.0,59.0,50.0,74.0,64.0,40.0,38.0,65.0,2024,84.0
Jose Alvarado,New Orleans Pelicans,76.0,79.0,73.0,81.0,60.0,75.0,60.0,83.0,25.0,30.0,35.0,30.0,30.0,40.0,85.0,31.0,85.0,90.0,53.0,85.0,85.0,85.0,76.0,42.0,78.0,80.0,79.0,80.0,75.0,73.0,75.0,68.0,60.0,38.0,52.0,2024,86.0
Javonte Green,New Orleans Pelicans,74.0,73.0,70.0,82.0,67.0,60.0,75.0,79.0,25.0,85.0,52.0,52.0,52.0,60.0,95.0,74.0,77.0,66.0,75.0,74.0,80.0,75.0,72.0,46.0,85.0,80.0,75.0,82.0,60.0,72.0,69.0,68.0,28.0,68.0,83.0,2024,74.0
Daniel Theis,New Orleans Pelicans,74.0,88.0,76.0,80.0,70.0,65.0,30.0,70.0,79.0,78.0,74.0,54.0,73.0,35.0,85.0,79.0,53.0,37.0,82.0,83.0,57.0,80.0,57.0,82.0,75.0,90.0,87.0,65.0,69.0,49.0,42.0,54.0,35.0,69.0,68.0,2024,67.0
Jordan Hawkins,New Orleans Pelicans,73.0,80.0,73.0,83.0,87.0,80.0,80.0,77.0,25.0,60.0,37.0,48.0,44.0,55.0,80.0,45.0,65.0,35.0,40.0,67.0,64.0,50.0,70.0,48.0,67.0,89.0,80.0,80.0,72.0,75.0,68.0,75.0,35.0,38.0,53.0,2024,72.0
Trey Jemison III,New Orleans Pelicans,72.0,80.0,50.0,29.0,68.0,75.0,65.0,60.0,75.0,75.0,70.0,54.0,67.0,40.0,80.0,71.0,37.0,37.0,82.0,70.0,50.0,65.0,55.0,76.0,72.0,90.0,90.0,82.0,44.0,40.0,44.0,45.0,33.0,78.0,61.0,2024,52.0
Jeremiah Robinson-Earl,New Orleans Pelicans,72.0,87.0,66.0,76.0,83.0,75.0,65.0,79.0,75.0,75.0,64.0,65.0,66.0,50.0,70.0,66.0,40.0,40.0,51.0,66.0,52.0,45.0,62.0,60.0,69.0,80.0,85.0,80.0,65.0,69.0,55.0,66.0,34.0,63.0,69.0,2024,62.0
Matt Ryan,New Orleans Pelicans,71.0,77.0,65.0,88.0,90.0,60.0,60.0,74.0,40.0,55.0,40.0,40.0,40.0,37.0,95.0,42.0,64.0,35.0,32.0,55.0,50.0,40.0,55.0,54.0,69.0,89.0,70.0,79.0,65.0,67.0,52.0,68.0,32.0,34.0,47.0,2024,64.0
Karlo Matkovic,New Orleans Pelicans,71.0,72.0,69.0,68.0,68.0,70.0,50.0,77.0,75.0,65.0,61.0,60.0,61.0,57.0,75.0,60.0,41.0,66.0,74.0,60.0,54.0,50.0,56.0,62.0,67.0,80.0,88.0,80.0,50.0,55.0,47.0,52.0,40.0,65.0,69.0,2024,51.0
Yves Missi,New Orleans Pelicans,70.0,67.0,42.0,30.0,59.0,60.0,35.0,70.0,85.0,80.0,62.0,50.0,58.0,40.0,90.0,78.0,48.0,40.0,69.0,73.0,45.0,60.0,78.0,67.0,85.0,80.0,90.0,80.0,29.0,35.0,45.0,37.0,30.0,65.0,65.0,2024,67.0
Jamal Cain,New Orleans Pelicans,70.0,77.0,59.0,76.0,77.0,75.0,65.0,80.0,65.0,70.0,59.0,55.0,57.0,40.0,75.0,60.0,68.0,73.0,57.0,55.0,50.0,50.0,66.0,60.0,75.0,80.0,70.0,83.0,44.0,53.0,60.0,49.0,27.0,57.0,48.0,2024,68.0
Antonio Reeves,New Orleans Pelicans,68.0,73.0,79.0,78.0,84.0,60.0,50.0,73.0,30.0,70.0,39.0,36.0,39.0,40.0,80.0,32.0,60.0,46.0,51.0,52.0,48.0,40.0,83.0,39.0,75.0,85.0,70.0,80.0,62.0,70.0,73.0,62.0,41.0,41.0,47.0,2024,78.0
Malcolm Hill,New Orleans Pelicans,68.0,61.0,72.0,80.0,80.0,60.0,50.0,66.0,40.0,60.0,42.0,40.0,52.0,41.0,73.0,45.0,55.0,46.0,51.0,50.0,44.0,35.0,65.0,47.0,65.0,80.0,75.0,73.0,60.0,68.0,60.0,57.0,30.0,53.0,56.0,2024,65.0
Jalen Brunson,New York Knicks,93.0,98.0,93.0,86.0,87.0,90.0,98.0,98.0,40.0,35.0,50.0,56.0,50.0,98.0,98.0,55.0,73.0,41.0,35.0,72.0,70.0,75.0,84.0,60.0,75.0,98.0,95.0,81.0,96.0,95.0,84.0,98.0,83.0,34.0,49.0,2024,84.0
Karl-Anthony Towns,New York Knicks,88.0,93.0,85.0,87.0,90.0,75.0,95.0,78.0,90.0,75.0,85.0,84.0,85.0,70.0,98.0,69.0,50.0,37.0,56.0,79.0,55.0,55.0,76.0,87.0,70.0,98.0,80.0,82.0,60.0,65.0,66.0,79.0,58.0,52.0,82.0,2024,76.0
OG Anunoby,New York Knicks,84.0,72.0,91.0,82.0,68.0,70.0,70.0,70.0,60.0,85.0,38.0,37.0,36.0,60.0,90.0,81.0,90.0,85.0,58.0,89.0,89.0,95.0,81.0,68.0,85.0,85.0,85.0,81.0,58.0,72.0,71.0,52.0,37.0,40.0,51.0,2024,91.0
Mikal Bridges,New York Knicks,84.0,85.0,76.0,82.0,86.0,75.0,75.0,75.0,40.0,75.0,55.0,57.0,57.0,80.0,80.0,69.0,88.0,42.0,47.0,82.0,86.0,85.0,80.0,68.0,85.0,92.0,95.0,84.0,78.0,82.0,72.0,88.0,63.0,37.0,55.0,2024,89.0
Josh Hart,New York Knicks,82.0,74.0,72.0,79.0,75.0,65.0,95.0,86.0,25.0,70.0,39.0,58.0,42.0,78.0,95.0,78.0,86.0,42.0,45.0,80.0,78.0,85.0,81.0,64.0,69.0,99.0,99.0,82.0,73.0,79.0,79.0,80.0,63.0,80.0,84.0,2024,86.0
Mitchell Robinson,New York Knicks,80.0,75.0,68.0,32.0,37.0,85.0,50.0,79.0,90.0,80.0,65.0,52.0,50.0,64.0,80.0,83.0,49.0,73.0,81.0,87.0,65.0,80.0,48.0,84.0,83.0,85.0,95.0,80.0,70.0,40.0,25.0,54.0,28.0,97.0,69.0,2024,65.0
Precious Achiuwa,New York Knicks,76.0,66.0,60.0,67.0,61.0,60.0,80.0,79.0,85.0,80.0,57.0,44.0,42.0,63.0,75.0,79.0,56.0,42.0,78.0,79.0,70.0,75.0,75.0,78.0,79.0,84.0,90.0,76.0,36.0,49.0,66.0,50.0,36.0,85.0,77.0,2024,74.0
Miles McBride,New York Knicks,76.0,69.0,89.0,85.0,67.0,75.0,80.0,79.0,25.0,65.0,25.0,58.0,48.0,55.0,80.0,40.0,81.0,56.0,37.0,78.0,74.0,75.0,86.0,44.0,80.0,85.0,85.0,80.0,70.0,88.0,80.0,60.0,46.0,37.0,39.0,2024,86.0
Cameron Payne,New York Knicks,75.0,89.0,90.0,83.0,85.0,60.0,75.0,83.0,25.0,25.0,25.0,36.0,31.0,75.0,72.0,31.0,60.0,46.0,45.0,51.0,52.0,40.0,75.0,39.0,72.0,82.0,75.0,84.0,75.0,86.0,75.0,79.0,70.0,34.0,45.0,2024,75.0
Keita Bates-Diop,New York Knicks,72.0,76.0,74.0,73.0,72.0,70.0,80.0,77.0,55.0,65.0,54.0,63.0,60.0,50.0,70.0,63.0,63.0,53.0,68.0,60.0,60.0,35.0,77.0,60.0,72.0,80.0,70.0,76.0,58.0,66.0,66.0,56.0,33.0,55.0,57.0,2024,77.0
Jericho Sims,New York Knicks,72.0,68.0,69.0,26.0,52.0,60.0,65.0,64.0,80.0,89.0,60.0,60.0,60.0,40.0,80.0,66.0,40.0,33.0,70.0,66.0,55.0,40.0,80.0,65.0,83.0,85.0,90.0,80.0,30.0,35.0,34.0,32.0,30.0,73.0,69.0,2024,80.0
Tyler Kolek,New York Knicks,70.0,79.0,79.0,79.0,83.0,50.0,50.0,79.0,25.0,45.0,37.0,57.0,42.0,45.0,85.0,32.0,73.0,66.0,35.0,58.0,57.0,50.0,74.0,54.0,74.0,90.0,90.0,80.0,80.0,86.0,74.0,80.0,76.0,35.0,45.0,2024,84.0
Kevin McCullar,New York Knicks,69.0,76.0,75.0,74.0,79.0,50.0,40.0,76.0,45.0,75.0,59.0,62.0,60.0,45.0,85.0,52.0,72.0,56.0,63.0,70.0,68.0,50.0,75.0,55.0,75.0,90.0,80.0,80.0,68.0,66.0,68.0,67.0,33.0,44.0,55.0,2024,82.0
Pacome Dadiet,New York Knicks,69.0,70.0,76.0,75.0,75.0,50.0,40.0,72.0,40.0,75.0,44.0,46.0,46.0,37.0,90.0,50.0,69.0,50.0,50.0,65.0,52.0,50.0,78.0,50.0,65.0,85.0,80.0,80.0,57.0,75.0,70.0,58.0,34.0,42.0,49.0,2024,76.0
Ariel Hukporti,New York Knicks,68.0,63.0,57.0,47.0,61.0,50.0,35.0,59.0,75.0,75.0,54.0,50.0,52.0,50.0,75.0,60.0,37.0,28.0,90.0,57.0,40.0,45.0,47.0,68.0,68.0,80.0,95.0,82.0,43.0,45.0,40.0,44.0,31.0,82.0,78.0,2024,37.0
Jacob Toppin,New York Knicks,67.0,70.0,69.0,69.0,67.0,50.0,35.0,68.0,65.0,85.0,44.0,48.0,58.0,40.0,69.0,67.0,65.0,38.0,51.0,68.0,60.0,60.0,68.0,62.0,82.0,85.0,75.0,80.0,50.0,68.0,64.0,50.0,44.0,47.0,62.0,2024,68.0
Shai Gilgeous-Alexander,Oklahoma City Thunder,96.0,98.0,95.0,82.0,92.0,98.0,98.0,97.0,40.0,75.0,66.0,73.0,72.0,98.0,98.0,68.0,88.0,95.0,66.0,88.0,95.0,85.0,86.0,60.0,85.0,97.0,98.0,80.0,97.0,94.0,85.0,98.0,90.0,48.0,68.0,2024,86.0
Chet Holmgren,Oklahoma City Thunder,87.0,97.0,86.0,83.0,87.0,80.0,90.0,79.0,75.0,75.0,72.0,74.0,68.0,85.0,95.0,90.0,75.0,38.0,92.0,88.0,78.0,85.0,75.0,45.0,75.0,87.0,90.0,80.0,60.0,65.0,67.0,59.0,43.0,64.0,83.0,2024,75.0
Jalen Williams,Oklahoma City Thunder,86.0,96.0,96.0,88.0,83.0,88.0,98.0,93.0,25.0,80.0,52.0,59.0,59.0,75.0,87.0,55.0,77.0,49.0,58.0,77.0,78.0,75.0,87.0,50.0,83.0,90.0,90.0,80.0,78.0,86.0,83.0,78.0,70.0,48.0,64.0,2024,87.0
Alex Caruso,Oklahoma City Thunder,82.0,83.0,85.0,84.0,77.0,70.0,50.0,70.0,35.0,75.0,30.0,43.0,29.0,45.0,90.0,51.0,94.0,97.0,74.0,90.0,92.0,95.0,82.0,31.0,72.0,85.0,85.0,81.0,78.0,78.0,82.0,80.0,63.0,41.0,54.0,2024,94.0
Isaiah Hartenstein,Oklahoma City Thunder,81.0,95.0,70.0,55.0,67.0,75.0,60.0,77.0,75.0,65.0,56.0,57.0,59.0,72.0,75.0,43.0,41.0,70.0,81.0,72.0,54.0,60.0,62.0,84.0,70.0,80.0,95.0,77.0,50.0,56.0,42.0,60.0,52.0,90.0,82.0,2024,62.0
Luguentz Dort,Oklahoma City Thunder,80.0,82.0,71.0,83.0,82.0,45.0,50.0,87.0,50.0,85.0,40.0,38.0,44.0,60.0,85.0,75.0,92.0,80.0,58.0,90.0,88.0,90.0,79.0,70.0,87.0,92.0,94.0,80.0,62.0,72.0,76.0,62.0,32.0,43.0,50.0,2024,92.0
Isaiah Joe,Oklahoma City Thunder,78.0,81.0,94.0,85.0,84.0,80.0,85.0,81.0,40.0,60.0,35.0,38.0,30.0,85.0,85.0,42.0,69.0,43.0,53.0,61.0,52.0,55.0,72.0,47.0,79.0,80.0,75.0,87.0,67.0,74.0,63.0,69.0,37.0,37.0,52.0,2024,77.0
Aaron Wiggins,Oklahoma City Thunder,78.0,89.0,68.0,87.0,75.0,70.0,95.0,80.0,35.0,70.0,52.0,57.0,54.0,82.0,76.0,48.0,59.0,66.0,53.0,57.0,52.0,55.0,84.0,45.0,72.0,80.0,65.0,80.0,68.0,70.0,75.0,68.0,38.0,53.0,52.0,2024,84.0
Cason Wallace,Oklahoma City Thunder,76.0,82.0,81.0,85.0,76.0,75.0,75.0,85.0,25.0,70.0,31.0,37.0,37.0,50.0,95.0,48.0,81.0,66.0,60.0,75.0,84.0,70.0,75.0,55.0,72.0,90.0,85.0,80.0,75.0,78.0,75.0,75.0,37.0,42.0,46.0,2024,87.0
Jaylin Williams,Oklahoma City Thunder,75.0,79.0,76.0,80.0,70.0,85.0,65.0,69.0,70.0,70.0,68.0,61.0,68.0,65.0,75.0,74.0,45.0,43.0,67.0,72.0,65.0,70.0,50.0,60.0,62.0,78.0,85.0,80.0,62.0,59.0,38.0,69.0,60.0,48.0,84.0,2024,57.0
Kenrich Williams,Oklahoma City Thunder,73.0,81.0,65.0,82.0,44.0,75.0,80.0,79.0,40.0,65.0,40.0,52.0,54.0,55.0,90.0,68.0,75.0,53.0,45.0,74.0,75.0,75.0,66.0,63.0,72.0,80.0,90.0,80.0,69.0,69.0,63.0,69.0,43.0,59.0,64.0,2024,75.0
Ousmane Dieng,Oklahoma City Thunder,73.0,76.0,73.0,72.0,65.0,90.0,60.0,69.0,45.0,75.0,45.0,48.0,48.0,47.0,90.0,54.0,62.0,28.0,25.0,54.0,52.0,40.0,78.0,49.0,79.0,88.0,80.0,80.0,69.0,70.0,75.0,70.0,42.0,41.0,57.0,2024,78.0
Nikola Topic,Oklahoma City Thunder,72.0,81.0,69.0,72.0,87.0,60.0,60.0,81.0,40.0,65.0,44.0,57.0,40.0,55.0,85.0,45.0,63.0,44.0,47.0,60.0,52.0,45.0,79.0,59.0,69.0,85.0,75.0,80.0,81.0,86.0,79.0,81.0,76.0,32.0,47.0,2024,76.0
Dillon Jones,Oklahoma City Thunder,69.0,72.0,70.0,72.0,80.0,50.0,35.0,72.0,35.0,65.0,50.0,50.0,50.0,55.0,89.0,67.0,69.0,60.0,37.0,69.0,57.0,55.0,75.0,70.0,71.0,85.0,80.0,80.0,68.0,70.0,67.0,69.0,58.0,62.0,64.0,2024,82.0
Ajay Mitchell,Oklahoma City Thunder,68.0,73.0,73.0,75.0,85.0,50.0,45.0,75.0,35.0,70.0,30.0,37.0,38.0,50.0,80.0,43.0,64.0,52.0,45.0,57.0,62.0,40.0,83.0,53.0,65.0,87.0,75.0,80.0,69.0,79.0,79.0,68.0,62.0,33.0,44.0,2024,80.0
Adam Flagler,Oklahoma City Thunder,67.0,77.0,77.0,79.0,81.0,65.0,50.0,70.0,40.0,45.0,42.0,44.0,40.0,32.0,85.0,42.0,57.0,45.0,30.0,52.0,50.0,40.0,72.0,47.0,70.0,84.0,75.0,87.0,66.0,69.0,70.0,62.0,40.0,32.0,37.0,2024,70.0
Paolo Banchero,Orlando Magic,89.0,88.0,86.0,81.0,68.0,85.0,98.0,88.0,75.0,85.0,84.0,84.0,84.0,89.0,95.0,68.0,66.0,41.0,56.0,64.0,67.0,45.0,80.0,77.0,83.0,90.0,85.0,80.0,74.0,76.0,74.0,78.0,72.0,65.0,76.0,2024,80.0
Franz Wagner,Orlando Magic,86.0,94.0,70.0,74.0,87.0,75.0,98.0,93.0,55.0,80.0,57.0,59.0,59.0,95.0,95.0,56.0,73.0,46.0,51.0,74.0,73.0,70.0,70.0,65.0,75.0,85.0,85.0,80.0,80.0,85.0,68.0,84.0,67.0,42.0,65.0,2024,73.0
Jalen Suggs,Orlando Magic,82.0,91.0,73.0,83.0,77.0,70.0,95.0,89.0,40.0,80.0,39.0,38.0,74.0,78.0,84.0,55.0,93.0,80.0,62.0,84.0,82.0,85.0,88.0,59.0,90.0,88.0,85.0,80.0,78.0,86.0,88.0,84.0,60.0,38.0,51.0,2024,93.0
Wendell Carter Jr.,Orlando Magic,80.0,81.0,82.0,81.0,72.0,65.0,80.0,78.0,80.0,75.0,82.0,82.0,81.0,75.0,85.0,78.0,47.0,40.0,58.0,80.0,70.0,70.0,68.0,82.0,68.0,85.0,90.0,81.0,56.0,50.0,47.0,70.0,39.0,68.0,82.0,2024,55.0
Cole Anthony,Orlando Magic,78.0,92.0,74.0,77.0,84.0,60.0,90.0,84.0,40.0,85.0,49.0,58.0,44.0,82.0,98.0,45.0,69.0,49.0,58.0,55.0,52.0,45.0,84.0,59.0,77.0,88.0,85.0,98.0,82.0,84.0,84.0,82.0,69.0,45.0,66.0,2024,84.0
Jonathan Isaac,Orlando Magic,78.0,71.0,73.0,81.0,81.0,50.0,75.0,67.0,60.0,82.0,62.0,68.0,75.0,35.0,68.0,83.0,83.0,70.0,92.0,83.0,78.0,85.0,73.0,70.0,80.0,75.0,90.0,67.0,65.0,76.0,66.0,55.0,29.0,68.0,85.0,2024,80.0
Kentavious Caldwell-Pope,Orlando Magic,78.0,86.0,94.0,87.0,90.0,50.0,60.0,76.0,35.0,73.0,35.0,58.0,35.0,40.0,90.0,45.0,87.0,59.0,55.0,82.0,82.0,85.0,85.0,60.0,69.0,92.0,85.0,84.0,75.0,75.0,80.0,82.0,38.0,32.0,41.0,2024,84.0
Moritz Wagner,Orlando Magic,77.0,91.0,78.0,76.0,77.0,85.0,85.0,75.0,75.0,65.0,67.0,67.0,68.0,50.0,76.0,58.0,40.0,42.0,53.0,58.0,54.0,35.0,73.0,78.0,75.0,85.0,85.0,81.0,54.0,42.0,53.0,55.0,42.0,68.0,74.0,2024,67.0
Gary Harris,Orlando Magic,75.0,93.0,79.0,81.0,79.0,60.0,60.0,84.0,40.0,50.0,28.0,51.0,47.0,60.0,85.0,68.0,82.0,56.0,50.0,80.0,55.0,80.0,75.0,53.0,78.0,85.0,80.0,83.0,75.0,76.0,70.0,75.0,37.0,36.0,40.0,2024,80.0
Anthony Black,Orlando Magic,74.0,78.0,65.0,83.0,57.0,98.0,70.0,83.0,35.0,75.0,48.0,52.0,52.0,44.0,85.0,43.0,75.0,43.0,56.0,68.0,72.0,65.0,75.0,58.0,75.0,92.0,90.0,80.0,80.0,86.0,74.0,77.0,41.0,41.0,52.0,2024,78.0
Goga Bitadze,Orlando Magic,73.0,84.0,62.0,65.0,71.0,65.0,50.0,50.0,75.0,65.0,72.0,67.0,74.0,40.0,85.0,64.0,25.0,43.0,92.0,80.0,40.0,55.0,53.0,84.0,63.0,80.0,75.0,80.0,54.0,60.0,52.0,69.0,43.0,86.0,80.0,2024,54.0
Cory Joseph,Orlando Magic,72.0,88.0,75.0,82.0,79.0,70.0,60.0,72.0,25.0,30.0,27.0,39.0,29.0,55.0,85.0,54.0,75.0,38.0,50.0,68.0,59.0,65.0,72.0,40.0,65.0,88.0,70.0,84.0,80.0,84.0,72.0,80.0,70.0,31.0,41.0,2024,80.0
Caleb Houstan,Orlando Magic,72.0,74.0,76.0,81.0,78.0,70.0,50.0,70.0,25.0,25.0,32.0,32.0,32.0,44.0,80.0,47.0,80.0,36.0,37.0,78.0,68.0,80.0,78.0,40.0,72.0,86.0,70.0,80.0,62.0,70.0,72.0,65.0,29.0,45.0,45.0,2024,82.0
Jett Howard,Orlando Magic,71.0,74.0,78.0,79.0,80.0,55.0,50.0,74.0,35.0,65.0,50.0,54.0,54.0,47.0,85.0,55.0,67.0,43.0,56.0,72.0,52.0,45.0,69.0,58.0,72.0,90.0,80.0,80.0,69.0,73.0,66.0,65.0,44.0,43.0,58.0,2024,69.0
Tristan da Silva,Orlando Magic,70.0,77.0,76.0,80.0,82.0,55.0,50.0,74.0,60.0,65.0,57.0,59.0,59.0,45.0,90.0,64.0,64.0,33.0,44.0,58.0,57.0,50.0,85.0,62.0,67.0,90.0,85.0,80.0,64.0,69.0,59.0,68.0,42.0,37.0,52.0,2024,67.0
Trevelin Queen,Orlando Magic,67.0,67.0,68.0,65.0,73.0,70.0,40.0,70.0,40.0,75.0,30.0,45.0,45.0,66.0,80.0,40.0,60.0,83.0,63.0,55.0,47.0,40.0,70.0,49.0,75.0,80.0,65.0,83.0,65.0,70.0,66.0,62.0,51.0,54.0,64.0,2024,70.0
Joel Embiid,Philadelphia 76ers,96.0,97.0,96.0,82.0,89.0,80.0,98.0,89.0,90.0,80.0,97.0,96.0,96.0,98.0,98.0,92.0,68.0,49.0,82.0,94.0,64.0,90.0,69.0,96.0,69.0,95.0,90.0,76.0,74.0,57.0,62.0,82.0,77.0,83.0,94.0,2024,69.0
Paul George,Philadelphia 76ers,89.0,94.0,87.0,85.0,93.0,75.0,90.0,89.0,55.0,85.0,40.0,70.0,75.0,75.0,80.0,79.0,87.0,66.0,52.0,88.0,80.0,85.0,79.0,70.0,88.0,95.0,75.0,93.0,78.0,87.0,79.0,75.0,62.0,33.0,64.0,2024,87.0
Tyrese Maxey,Philadelphia 76ers,89.0,82.0,86.0,85.0,89.0,85.0,98.0,94.0,25.0,70.0,45.0,60.0,47.0,94.0,98.0,52.0,79.0,41.0,51.0,69.0,68.0,65.0,90.0,44.0,80.0,98.0,95.0,77.0,85.0,89.0,90.0,89.0,79.0,32.0,48.0,2024,90.0
Kelly Oubre Jr.,Philadelphia 76ers,79.0,74.0,65.0,74.0,76.0,75.0,85.0,79.0,40.0,84.0,45.0,53.0,52.0,84.0,88.0,49.0,74.0,53.0,61.0,70.0,75.0,55.0,72.0,58.0,95.0,90.0,75.0,84.0,73.0,74.0,69.0,75.0,33.0,50.0,60.0,2024,82.0
Andre Drummond,Philadelphia 76ers,78.0,85.0,47.0,47.0,60.0,40.0,30.0,73.0,95.0,85.0,70.0,45.0,75.0,40.0,90.0,77.0,52.0,83.0,75.0,74.0,70.0,70.0,60.0,95.0,79.0,89.0,90.0,81.0,52.0,45.0,49.0,70.0,29.0,97.0,98.0,2024,58.0
Eric Gordon,Philadelphia 76ers,76.0,81.0,82.0,83.0,79.0,60.0,80.0,79.0,30.0,70.0,35.0,63.0,50.0,60.0,94.0,42.0,73.0,49.0,53.0,73.0,68.0,50.0,79.0,60.0,82.0,92.0,85.0,78.0,69.0,79.0,78.0,73.0,40.0,30.0,40.0,2024,79.0
Kyle Lowry,Philadelphia 76ers,76.0,90.0,85.0,83.0,83.0,70.0,65.0,70.0,25.0,25.0,38.0,44.0,40.0,45.0,95.0,60.0,80.0,55.0,51.0,80.0,80.0,80.0,84.0,67.0,72.0,96.0,97.0,79.0,75.0,79.0,84.0,80.0,70.0,36.0,52.0,2024,84.0
Caleb Martin,Philadelphia 76ers,76.0,91.0,70.0,80.0,66.0,70.0,80.0,84.0,25.0,70.0,55.0,54.0,54.0,69.0,75.0,68.0,75.0,41.0,56.0,74.0,72.0,70.0,68.0,58.0,74.0,85.0,90.0,80.0,62.0,69.0,59.0,69.0,44.0,48.0,60.0,2024,74.0
Guerschon Yabusele,Philadelphia 76ers,74.0,80.0,75.0,80.0,79.0,75.0,60.0,75.0,50.0,85.0,62.0,62.0,62.0,45.0,80.0,62.0,66.0,46.0,44.0,52.0,41.0,40.0,62.0,74.0,70.0,80.0,85.0,84.0,57.0,62.0,54.0,52.0,37.0,52.0,66.0,2024,60.0
Reggie Jackson,Philadelphia 76ers,74.0,85.0,77.0,79.0,72.0,60.0,60.0,79.0,25.0,65.0,25.0,48.0,28.0,44.0,88.0,49.0,74.0,40.0,40.0,70.0,74.0,70.0,84.0,48.0,85.0,95.0,85.0,84.0,82.0,86.0,84.0,75.0,71.0,35.0,42.0,2024,84.0
Kenyon Martin Jr.,Philadelphia 76ers,74.0,87.0,68.0,70.0,68.0,50.0,65.0,82.0,75.0,92.0,44.0,44.0,44.0,70.0,75.0,54.0,67.0,43.0,55.0,62.0,54.0,50.0,83.0,62.0,90.0,80.0,60.0,81.0,64.0,76.0,69.0,64.0,38.0,55.0,60.0,2024,83.0
Ricky Council IV,Philadelphia 76ers,73.0,80.0,75.0,76.0,79.0,70.0,70.0,76.0,45.0,75.0,40.0,40.0,40.0,57.0,80.0,52.0,60.0,42.0,32.0,54.0,55.0,50.0,74.0,60.0,80.0,85.0,85.0,80.0,67.0,68.0,70.0,54.0,35.0,51.0,56.0,2024,70.0
Lester Quiñones,Philadelphia 76ers,71.0,74.0,71.0,80.0,75.0,90.0,70.0,73.0,25.0,65.0,42.0,44.0,40.0,44.0,80.0,33.0,63.0,33.0,47.0,52.0,51.0,40.0,70.0,44.0,74.0,80.0,68.0,80.0,74.0,70.0,64.0,74.0,59.0,60.0,56.0,2024,70.0
Jared McCain,Philadelphia 76ers,70.0,74.0,80.0,82.0,86.0,50.0,60.0,74.0,30.0,70.0,37.0,38.0,38.0,42.0,85.0,45.0,63.0,57.0,37.0,60.0,60.0,55.0,76.0,52.0,68.0,90.0,80.0,80.0,68.0,82.0,75.0,67.0,59.0,37.0,45.0,2024,76.0
Jeff Dowtin,Philadelphia 76ers,70.0,74.0,72.0,79.0,76.0,75.0,65.0,70.0,30.0,75.0,35.0,42.0,30.0,40.0,78.0,30.0,60.0,73.0,40.0,58.0,52.0,40.0,70.0,30.0,75.0,80.0,84.0,80.0,75.0,78.0,70.0,75.0,73.0,36.0,60.0,2024,70.0
Adem Bona,Philadelphia 76ers,69.0,70.0,37.0,27.0,66.0,40.0,25.0,68.0,80.0,85.0,49.0,38.0,48.0,40.0,74.0,70.0,37.0,70.0,67.0,72.0,50.0,60.0,82.0,73.0,89.0,84.0,97.0,80.0,40.0,52.0,57.0,40.0,37.0,70.0,70.0,2024,68.0
Kevin Durant,Phoenix Suns,94.0,97.0,97.0,92.0,87.0,78.0,98.0,96.0,60.0,85.0,74.0,86.0,86.0,97.0,98.0,75.0,84.0,40.0,68.0,85.0,75.0,85.0,80.0,63.0,77.0,94.0,90.0,88.0,78.0,92.0,80.0,88.0,71.0,33.0,69.0,2024,84.0
Devin Booker,Phoenix Suns,93.0,97.0,94.0,87.0,91.0,80.0,98.0,96.0,30.0,75.0,74.0,79.0,85.0,97.0,98.0,58.0,77.0,40.0,50.0,74.0,75.0,70.0,83.0,59.0,79.0,95.0,95.0,81.0,95.0,93.0,83.0,96.0,86.0,38.0,52.0,2024,80.0
Bradley Beal,Phoenix Suns,85.0,88.0,86.0,87.0,71.0,70.0,95.0,89.0,30.0,84.0,55.0,55.0,54.0,95.0,92.0,45.0,66.0,42.0,52.0,75.0,65.0,40.0,76.0,62.0,87.0,98.0,78.0,82.0,82.0,88.0,76.0,85.0,71.0,42.0,52.0,2024,83.0
Jusuf Nurkic,Phoenix Suns,80.0,88.0,88.0,62.0,72.0,70.0,80.0,68.0,75.0,65.0,80.0,72.0,80.0,70.0,85.0,78.0,45.0,56.0,73.0,79.0,60.0,70.0,51.0,90.0,50.0,86.0,75.0,72.0,60.0,40.0,25.0,82.0,69.0,84.0,93.0,2024,49.0
Tyus Jones,Phoenix Suns,78.0,95.0,93.0,85.0,77.0,65.0,80.0,89.0,25.0,30.0,28.0,40.0,35.0,74.0,78.0,30.0,67.0,49.0,45.0,60.0,80.0,50.0,71.0,34.0,57.0,92.0,87.0,84.0,84.0,86.0,69.0,88.0,79.0,30.0,47.0,2024,71.0
Grayson Allen,Phoenix Suns,78.0,87.0,70.0,93.0,91.0,60.0,65.0,85.0,25.0,70.0,31.0,43.0,42.0,69.0,78.0,35.0,72.0,41.0,56.0,70.0,74.0,45.0,84.0,44.0,81.0,85.0,80.0,82.0,70.0,78.0,79.0,78.0,45.0,36.0,51.0,2024,78.0
Mason Plumlee,Phoenix Suns,77.0,90.0,60.0,58.0,54.0,75.0,65.0,81.0,85.0,80.0,75.0,70.0,70.0,60.0,81.0,74.0,46.0,37.0,62.0,77.0,68.0,75.0,57.0,80.0,75.0,78.0,92.0,83.0,75.0,37.0,50.0,72.0,42.0,72.0,90.0,2024,48.0
Royce O’Neale,Phoenix Suns,75.0,75.0,67.0,79.0,68.0,75.0,60.0,74.0,55.0,70.0,54.0,52.0,59.0,59.0,75.0,68.0,80.0,43.0,60.0,80.0,68.0,75.0,62.0,67.0,65.0,80.0,80.0,82.0,60.0,68.0,62.0,63.0,60.0,41.0,69.0,2024,83.0
Bol Bol,Phoenix Suns,75.0,95.0,82.0,79.0,76.0,70.0,70.0,69.0,85.0,70.0,70.0,68.0,70.0,62.0,75.0,72.0,52.0,37.0,83.0,64.0,49.0,40.0,68.0,65.0,69.0,80.0,50.0,77.0,50.0,70.0,60.0,40.0,30.0,65.0,85.0,2024,68.0
Monte Morris,Phoenix Suns,75.0,76.0,90.0,82.0,83.0,60.0,50.0,79.0,25.0,50.0,28.0,45.0,32.0,70.0,80.0,44.0,62.0,59.0,56.0,52.0,55.0,35.0,83.0,41.0,72.0,85.0,80.0,81.0,94.0,86.0,83.0,94.0,70.0,33.0,53.0,2024,83.0
Josh Okogie,Phoenix Suns,74.0,84.0,78.0,73.0,77.0,80.0,60.0,77.0,30.0,75.0,42.0,44.0,44.0,49.0,70.0,50.0,81.0,76.0,62.0,81.0,84.0,75.0,89.0,46.0,92.0,80.0,95.0,82.0,69.0,76.0,81.0,62.0,35.0,67.0,48.0,2024,89.0
Damion Lee,Phoenix Suns,74.0,78.0,76.0,85.0,90.0,85.0,85.0,79.0,40.0,65.0,44.0,48.0,51.0,69.0,78.0,57.0,60.0,37.0,35.0,60.0,66.0,35.0,68.0,55.0,75.0,80.0,70.0,79.0,62.0,70.0,66.0,57.0,37.0,38.0,61.0,2024,74.0
TyTy Washington,Phoenix Suns,71.0,78.0,77.0,70.0,75.0,75.0,60.0,76.0,25.0,75.0,25.0,38.0,26.0,50.0,80.0,55.0,66.0,49.0,37.0,62.0,70.0,40.0,80.0,54.0,79.0,95.0,85.0,80.0,68.0,86.0,80.0,69.0,60.0,27.0,52.0,2024,80.0
Ryan Dunn,Phoenix Suns,70.0,70.0,45.0,68.0,53.0,30.0,25.0,74.0,55.0,80.0,38.0,37.0,37.0,30.0,80.0,76.0,80.0,72.0,79.0,80.0,80.0,80.0,83.0,65.0,79.0,88.0,90.0,80.0,60.0,69.0,69.0,55.0,35.0,54.0,60.0,2024,90.0
Collin Gillespie,Phoenix Suns,69.0,74.0,75.0,82.0,87.0,50.0,65.0,74.0,40.0,54.0,31.0,46.0,40.0,37.0,95.0,33.0,62.0,38.0,56.0,60.0,58.0,55.0,82.0,33.0,72.0,85.0,80.0,80.0,79.0,77.0,82.0,75.0,57.0,27.0,53.0,2024,82.0
Oso Ighodaro,Phoenix Suns,68.0,74.0,52.0,35.0,62.0,40.0,35.0,74.0,80.0,80.0,60.0,59.0,59.0,40.0,80.0,62.0,47.0,53.0,64.0,62.0,57.0,45.0,86.0,64.0,90.0,85.0,85.0,80.0,59.0,60.0,65.0,59.0,46.0,63.0,56.0,2024,74.0
Deandre Ayton,Portland Trail Blazers,83.0,96.0,92.0,59.0,80.0,75.0,90.0,79.0,90.0,75.0,85.0,75.0,85.0,74.0,82.0,78.0,49.0,43.0,61.0,78.0,69.0,65.0,75.0,85.0,82.0,90.0,76.0,81.0,53.0,61.0,55.0,70.0,37.0,72.0,90.0,2024,65.0
Jerami Grant,Portland Trail Blazers,82.0,81.0,88.0,84.0,83.0,70.0,80.0,89.0,80.0,85.0,62.0,59.0,69.0,75.0,95.0,70.0,69.0,37.0,58.0,77.0,72.0,75.0,77.0,69.0,78.0,95.0,94.0,82.0,69.0,76.0,72.0,70.0,51.0,35.0,50.0,2024,77.0
Anfernee Simons,Portland Trail Blazers,81.0,84.0,79.0,82.0,95.0,60.0,90.0,84.0,40.0,89.0,49.0,49.0,49.0,87.0,95.0,49.0,59.0,33.0,32.0,50.0,55.0,40.0,86.0,41.0,90.0,92.0,90.0,80.0,78.0,86.0,79.0,79.0,73.0,32.0,52.0,2024,89.0
Deni Avdija,Portland Trail Blazers,80.0,84.0,66.0,83.0,84.0,70.0,85.0,84.0,40.0,75.0,57.0,54.0,59.0,59.0,85.0,62.0,80.0,40.0,52.0,78.0,77.0,80.0,73.0,65.0,79.0,89.0,85.0,84.0,79.0,78.0,69.0,79.0,66.0,44.0,81.0,2024,79.0
Robert Williams III,Portland Trail Blazers,80.0,96.0,69.0,25.0,61.0,60.0,65.0,82.0,90.0,75.0,60.0,50.0,65.0,54.0,75.0,86.0,40.0,80.0,86.0,88.0,85.0,85.0,71.0,83.0,75.0,80.0,90.0,81.0,57.0,48.0,38.0,62.0,32.0,69.0,89.0,2024,64.0
Shaedon Sharpe,Portland Trail Blazers,79.0,75.0,82.0,78.0,82.0,80.0,75.0,85.0,40.0,96.0,35.0,37.0,33.0,82.0,88.0,49.0,69.0,40.0,50.0,65.0,75.0,45.0,89.0,50.0,96.0,94.0,85.0,80.0,67.0,83.0,84.0,67.0,51.0,44.0,59.0,2024,89.0
Scoot Henderson,Portland Trail Blazers,78.0,72.0,77.0,76.0,77.0,65.0,70.0,83.0,35.0,94.0,44.0,44.0,44.0,49.0,95.0,41.0,66.0,41.0,42.0,65.0,67.0,50.0,95.0,53.0,95.0,95.0,80.0,80.0,79.0,86.0,95.0,77.0,74.0,41.0,48.0,2024,89.0
Dalano Banton,Portland Trail Blazers,75.0,78.0,72.0,73.0,71.0,70.0,85.0,79.0,30.0,65.0,30.0,45.0,48.0,79.0,80.0,40.0,68.0,46.0,56.0,60.0,62.0,60.0,76.0,66.0,75.0,80.0,75.0,80.0,78.0,76.0,72.0,79.0,68.0,46.0,64.0,2024,76.0
Duop Reath,Portland Trail Blazers,74.0,85.0,68.0,80.0,80.0,95.0,80.0,68.0,50.0,60.0,55.0,55.0,55.0,60.0,74.0,62.0,37.0,41.0,67.0,68.0,50.0,45.0,59.0,73.0,75.0,83.0,90.0,80.0,40.0,52.0,46.0,44.0,37.0,65.0,64.0,2024,52.0
Toumani Camara,Portland Trail Blazers,74.0,75.0,67.0,77.0,68.0,70.0,60.0,77.0,60.0,75.0,59.0,59.0,59.0,62.0,85.0,60.0,60.0,56.0,56.0,65.0,64.0,60.0,63.0,65.0,73.0,80.0,85.0,80.0,58.0,65.0,58.0,57.0,33.0,66.0,61.0,2024,61.0
Jabari Walker,Portland Trail Blazers,74.0,72.0,70.0,71.0,77.0,65.0,60.0,79.0,45.0,75.0,67.0,68.0,68.0,65.0,80.0,68.0,68.0,40.0,51.0,67.0,65.0,60.0,75.0,46.0,79.0,80.0,70.0,80.0,52.0,60.0,71.0,54.0,32.0,68.0,86.0,2024,75.0
Matisse Thybulle,Portland Trail Blazers,74.0,79.0,48.0,78.0,68.0,50.0,25.0,74.0,35.0,70.0,30.0,30.0,30.0,25.0,70.0,60.0,89.0,98.0,70.0,85.0,97.0,85.0,76.0,59.0,70.0,85.0,90.0,80.0,55.0,65.0,69.0,35.0,35.0,35.0,46.0,2024,89.0
Donovan Clingan,Portland Trail Blazers,73.0,72.0,59.0,42.0,57.0,60.0,50.0,54.0,85.0,75.0,72.0,54.0,67.0,55.0,95.0,77.0,49.0,50.0,83.0,79.0,58.0,75.0,44.0,72.0,60.0,82.0,85.0,80.0,55.0,46.0,38.0,62.0,31.0,68.0,76.0,2024,45.0
Kris Murray,Portland Trail Blazers,73.0,75.0,70.0,72.0,73.0,75.0,70.0,70.0,60.0,75.0,50.0,52.0,52.0,50.0,80.0,60.0,66.0,56.0,53.0,65.0,66.0,50.0,68.0,60.0,75.0,90.0,80.0,80.0,60.0,69.0,62.0,60.0,36.0,58.0,56.0,2024,73.0
Devonte’ Graham,Portland Trail Blazers,72.0,74.0,76.0,72.0,75.0,70.0,50.0,80.0,25.0,60.0,30.0,32.0,36.0,66.0,95.0,30.0,70.0,42.0,37.0,65.0,68.0,55.0,82.0,34.0,79.0,95.0,85.0,83.0,82.0,86.0,82.0,83.0,70.0,33.0,52.0,2024,82.0
Bryce McGowens,Portland Trail Blazers,71.0,87.0,79.0,77.0,73.0,55.0,40.0,74.0,40.0,80.0,42.0,42.0,42.0,55.0,78.0,37.0,66.0,40.0,51.0,65.0,60.0,65.0,74.0,48.0,81.0,85.0,75.0,80.0,52.0,74.0,72.0,50.0,35.0,35.0,52.0,2024,75.0
Rayan Rupert,Portland Trail Blazers,70.0,66.0,63.0,79.0,74.0,80.0,55.0,68.0,45.0,70.0,40.0,44.0,42.0,40.0,70.0,53.0,70.0,36.0,35.0,70.0,70.0,65.0,67.0,52.0,69.0,88.0,85.0,80.0,68.0,72.0,65.0,68.0,52.0,45.0,57.0,2024,72.0
Justin Minaya,Portland Trail Blazers,69.0,55.0,70.0,71.0,50.0,65.0,60.0,64.0,35.0,55.0,44.0,47.0,47.0,37.0,85.0,62.0,69.0,40.0,63.0,72.0,52.0,60.0,70.0,55.0,75.0,85.0,80.0,81.0,65.0,70.0,65.0,65.0,33.0,65.0,45.0,2024,71.0
Henri Drell,Portland Trail Blazers,67.0,71.0,72.0,72.0,70.0,50.0,40.0,68.0,50.0,60.0,48.0,48.0,48.0,45.0,69.0,45.0,61.0,38.0,42.0,54.0,52.0,35.0,63.0,40.0,65.0,80.0,60.0,86.0,52.0,67.0,60.0,58.0,33.0,54.0,59.0,2024,61.0
Domantas Sabonis,Sacramento Kings,88.0,97.0,81.0,81.0,73.0,85.0,98.0,84.0,75.0,75.0,93.0,93.0,93.0,90.0,98.0,70.0,49.0,40.0,55.0,69.0,45.0,60.0,48.0,82.0,54.0,95.0,98.0,86.0,82.0,60.0,43.0,85.0,85.0,84.0,94.0,2024,49.0
De’Aaron Fox,Sacramento Kings,88.0,97.0,88.0,80.0,73.0,80.0,98.0,97.0,25.0,80.0,25.0,30.0,27.0,92.0,90.0,34.0,84.0,83.0,51.0,82.0,82.0,80.0,97.0,46.0,84.0,96.0,90.0,80.0,85.0,88.0,97.0,88.0,83.0,38.0,54.0,2024,93.0
DeMar DeRozan,Sacramento Kings,87.0,96.0,93.0,76.0,82.0,80.0,95.0,88.0,55.0,80.0,65.0,78.0,87.0,83.0,85.0,50.0,70.0,43.0,55.0,70.0,59.0,65.0,82.0,73.0,88.0,88.0,80.0,91.0,73.0,83.0,80.0,75.0,70.0,33.0,53.0,2024,82.0
Keegan Murray,Sacramento Kings,80.0,95.0,83.0,83.0,85.0,60.0,80.0,77.0,60.0,80.0,69.0,69.0,69.0,45.0,80.0,68.0,78.0,43.0,61.0,64.0,75.0,75.0,76.0,60.0,79.0,85.0,86.0,80.0,65.0,70.0,73.0,66.0,33.0,47.0,61.0,2024,79.0
Malik Monk,Sacramento Kings,80.0,91.0,90.0,82.0,90.0,60.0,80.0,82.0,40.0,80.0,25.0,62.0,45.0,64.0,95.0,45.0,68.0,40.0,58.0,69.0,68.0,45.0,80.0,48.0,88.0,88.0,72.0,80.0,75.0,79.0,76.0,78.0,74.0,33.0,53.0,2024,81.0
Keon Ellis,Sacramento Kings,77.0,87.0,74.0,83.0,74.0,70.0,70.0,77.0,25.0,65.0,27.0,40.0,38.0,54.0,78.0,58.0,84.0,83.0,67.0,82.0,80.0,80.0,81.0,48.0,79.0,85.0,80.0,80.0,64.0,74.0,77.0,65.0,42.0,42.0,52.0,2024,84.0
Kevin Huerter,Sacramento Kings,75.0,95.0,69.0,81.0,76.0,60.0,80.0,87.0,30.0,65.0,25.0,58.0,35.0,50.0,90.0,44.0,64.0,42.0,52.0,63.0,64.0,60.0,84.0,50.0,75.0,85.0,85.0,83.0,74.0,79.0,72.0,76.0,57.0,38.0,60.0,2024,78.0
Trey Lyles,Sacramento Kings,75.0,83.0,75.0,82.0,65.0,75.0,70.0,74.0,70.0,65.0,72.0,74.0,72.0,69.0,80.0,68.0,36.0,33.0,55.0,64.0,62.0,40.0,66.0,69.0,65.0,81.0,80.0,84.0,55.0,58.0,54.0,68.0,35.0,53.0,74.0,2024,59.0
Jordan McLaughlin,Sacramento Kings,74.0,73.0,74.0,84.0,75.0,95.0,70.0,84.0,25.0,65.0,25.0,25.0,25.0,49.0,70.0,25.0,73.0,86.0,50.0,52.0,74.0,60.0,72.0,52.0,74.0,80.0,70.0,83.0,83.0,84.0,70.0,80.0,71.0,41.0,48.0,2024,74.0
Jalen McDaniels,Sacramento Kings,72.0,87.0,80.0,60.0,84.0,70.0,70.0,76.0,60.0,65.0,62.0,68.0,59.0,52.0,68.0,59.0,55.0,49.0,50.0,55.0,50.0,35.0,73.0,60.0,73.0,80.0,80.0,80.0,55.0,69.0,69.0,59.0,37.0,42.0,57.0,2024,73.0
Devin Carter,Sacramento Kings,71.0,74.0,67.0,73.0,74.0,50.0,40.0,74.0,30.0,80.0,40.0,42.0,42.0,40.0,95.0,58.0,73.0,55.0,55.0,70.0,70.0,50.0,98.0,60.0,94.0,92.0,90.0,80.0,79.0,79.0,90.0,79.0,68.0,47.0,60.0,2024,89.0
Alex Len,Sacramento Kings,71.0,88.0,61.0,70.0,66.0,50.0,35.0,74.0,80.0,65.0,74.0,48.0,76.0,59.0,64.0,70.0,44.0,40.0,91.0,70.0,62.0,40.0,43.0,75.0,60.0,80.0,92.0,78.0,31.0,32.0,25.0,45.0,57.0,76.0,79.0,2024,50.0
Orlando Robinson,Sacramento Kings,71.0,81.0,69.0,77.0,71.0,75.0,75.0,60.0,70.0,60.0,49.0,48.0,50.0,38.0,85.0,62.0,36.0,40.0,72.0,60.0,54.0,60.0,49.0,64.0,64.0,80.0,85.0,77.0,52.0,40.0,35.0,54.0,62.0,69.0,82.0,2024,49.0
Colby Jones,Sacramento Kings,71.0,93.0,68.0,62.0,67.0,75.0,65.0,75.0,25.0,75.0,38.0,40.0,39.0,44.0,75.0,49.0,71.0,70.0,37.0,54.0,47.0,50.0,74.0,48.0,72.0,90.0,85.0,80.0,67.0,68.0,68.0,70.0,58.0,59.0,60.0,2024,75.0
Mason Jones,Sacramento Kings,69.0,71.0,84.0,80.0,65.0,70.0,70.0,70.0,25.0,65.0,44.0,40.0,40.0,64.0,78.0,54.0,69.0,40.0,25.0,64.0,62.0,45.0,64.0,46.0,57.0,80.0,70.0,80.0,62.0,71.0,64.0,60.0,66.0,34.0,73.0,2024,74.0
Victor Wembanyama,San Antonio Spurs,91.0,86.0,71.0,78.0,82.0,90.0,98.0,82.0,90.0,75.0,84.0,84.0,84.0,87.0,98.0,95.0,76.0,59.0,99.0,95.0,78.0,95.0,66.0,57.0,69.0,94.0,90.0,88.0,72.0,70.0,64.0,75.0,70.0,69.0,92.0,2024,66.0
Devin Vassell,San Antonio Spurs,81.0,95.0,91.0,81.0,79.0,50.0,95.0,79.0,40.0,60.0,51.0,65.0,65.0,70.0,95.0,62.0,83.0,43.0,45.0,81.0,85.0,80.0,72.0,60.0,77.0,89.0,85.0,82.0,76.0,82.0,65.0,79.0,68.0,31.0,53.0,2024,83.0
Chris Paul,San Antonio Spurs,81.0,97.0,79.0,82.0,91.0,85.0,45.0,86.0,25.0,27.0,40.0,55.0,70.0,50.0,85.0,61.0,81.0,66.0,35.0,80.0,75.0,75.0,80.0,62.0,75.0,80.0,75.0,77.0,87.0,87.0,80.0,87.0,83.0,31.0,62.0,2024,81.0
Keldon Johnson,San Antonio Spurs,79.0,89.0,83.0,78.0,77.0,50.0,85.0,87.0,65.0,75.0,59.0,62.0,62.0,84.0,95.0,67.0,73.0,40.0,45.0,69.0,64.0,65.0,76.0,70.0,71.0,90.0,95.0,80.0,74.0,79.0,73.0,74.0,55.0,50.0,63.0,2024,78.0
Tre Jones,San Antonio Spurs,78.0,91.0,70.0,76.0,84.0,75.0,85.0,86.0,25.0,35.0,32.0,34.0,30.0,74.0,80.0,34.0,75.0,49.0,32.0,70.0,76.0,65.0,80.0,60.0,71.0,85.0,75.0,81.0,85.0,84.0,80.0,85.0,75.0,39.0,54.0,2024,80.0
Zach Collins,San Antonio Spurs,78.0,90.0,70.0,75.0,81.0,80.0,90.0,78.0,70.0,65.0,72.0,70.0,85.0,50.0,75.0,68.0,45.0,38.0,67.0,70.0,65.0,50.0,66.0,60.0,79.0,78.0,80.0,80.0,30.0,40.0,38.0,30.0,68.0,65.0,70.0,2024,65.0
Jeremy Sochan,San Antonio Spurs,77.0,73.0,67.0,74.0,78.0,80.0,85.0,80.0,60.0,80.0,48.0,52.0,53.0,79.0,70.0,65.0,74.0,41.0,55.0,69.0,68.0,65.0,70.0,60.0,74.0,90.0,85.0,80.0,79.0,79.0,65.0,82.0,62.0,58.0,67.0,2024,74.0
Harrison Barnes,San Antonio Spurs,77.0,96.0,87.0,82.0,83.0,50.0,60.0,84.0,55.0,80.0,48.0,65.0,83.0,40.0,88.0,67.0,75.0,38.0,37.0,65.0,65.0,60.0,77.0,70.0,95.0,92.0,75.0,82.0,72.0,78.0,73.0,75.0,31.0,40.0,47.0,2024,75.0
Malaki Branham,San Antonio Spurs,75.0,74.0,81.0,78.0,88.0,75.0,85.0,80.0,60.0,75.0,47.0,44.0,49.0,62.0,95.0,45.0,63.0,35.0,35.0,54.0,52.0,45.0,82.0,55.0,75.0,86.0,70.0,80.0,59.0,69.0,74.0,59.0,54.0,34.0,45.0,2024,82.0
Malachi Flynn,San Antonio Spurs,74.0,86.0,84.0,76.0,77.0,75.0,80.0,84.0,25.0,25.0,25.0,37.0,25.0,69.0,73.0,27.0,69.0,63.0,45.0,69.0,68.0,55.0,73.0,44.0,65.0,83.0,70.0,82.0,74.0,76.0,73.0,73.0,70.0,37.0,55.0,2024,76.0
Stephon Castle,San Antonio Spurs,73.0,79.0,73.0,71.0,76.0,55.0,45.0,79.0,40.0,70.0,39.0,38.0,39.0,50.0,85.0,66.0,84.0,75.0,57.0,77.0,75.0,75.0,82.0,59.0,72.0,90.0,85.0,80.0,73.0,78.0,80.0,72.0,53.0,42.0,52.0,2024,93.0
Charles Bassey,San Antonio Spurs,73.0,83.0,69.0,62.0,60.0,40.0,35.0,70.0,75.0,75.0,50.0,50.0,50.0,40.0,70.0,69.0,57.0,53.0,88.0,68.0,50.0,60.0,77.0,69.0,82.0,80.0,95.0,80.0,35.0,42.0,54.0,48.0,56.0,79.0,90.0,2024,77.0
Julian Champagnie,San Antonio Spurs,73.0,65.0,74.0,80.0,78.0,75.0,70.0,74.0,40.0,60.0,43.0,44.0,52.0,41.0,73.0,45.0,67.0,46.0,63.0,55.0,66.0,40.0,69.0,37.0,67.0,85.0,75.0,80.0,66.0,68.0,65.0,64.0,38.0,40.0,55.0,2024,69.0
Sandro Mamukelashvili,San Antonio Spurs,73.0,85.0,69.0,72.0,68.0,60.0,45.0,69.0,65.0,65.0,62.0,60.0,63.0,54.0,85.0,65.0,50.0,33.0,62.0,68.0,52.0,45.0,59.0,73.0,69.0,85.0,85.0,80.0,62.0,59.0,49.0,69.0,61.0,73.0,85.0,2024,59.0
Brandon Boston Jr.,San Antonio Spurs,72.0,78.0,74.0,67.0,76.0,75.0,85.0,79.0,30.0,80.0,30.0,30.0,30.0,44.0,78.0,49.0,62.0,46.0,61.0,52.0,50.0,30.0,79.0,50.0,80.0,80.0,75.0,83.0,64.0,76.0,75.0,66.0,30.0,57.0,51.0,2024,83.0
Blake Wesley,San Antonio Spurs,72.0,79.0,60.0,67.0,59.0,70.0,60.0,74.0,40.0,86.0,54.0,57.0,50.0,59.0,80.0,49.0,71.0,46.0,47.0,60.0,63.0,50.0,78.0,40.0,84.0,92.0,75.0,80.0,69.0,83.0,77.0,68.0,72.0,36.0,48.0,2024,78.0
Sidy Cissoko,San Antonio Spurs,70.0,66.0,67.0,60.0,65.0,60.0,35.0,70.0,50.0,75.0,48.0,47.0,47.0,40.0,85.0,59.0,66.0,73.0,57.0,68.0,54.0,50.0,74.0,58.0,80.0,89.0,80.0,80.0,61.0,68.0,66.0,60.0,38.0,55.0,52.0,2024,75.0
Harrison Ingram,San Antonio Spurs,69.0,73.0,73.0,74.0,62.0,50.0,40.0,73.0,45.0,75.0,59.0,58.0,57.0,42.0,80.0,60.0,62.0,49.0,39.0,69.0,60.0,55.0,82.0,73.0,82.0,88.0,75.0,80.0,62.0,70.0,75.0,62.0,41.0,59.0,60.0,2024,75.0
David Duke Jr.,San Antonio Spurs,69.0,68.0,73.0,69.0,79.0,70.0,75.0,70.0,40.0,60.0,30.0,40.0,39.0,70.0,70.0,40.0,60.0,63.0,35.0,55.0,37.0,35.0,83.0,55.0,72.0,80.0,45.0,83.0,62.0,73.0,78.0,60.0,50.0,52.0,46.0,2024,83.0
Scottie Barnes,Toronto Raptors,85.0,83.0,88.0,79.0,73.0,80.0,95.0,86.0,80.0,80.0,60.0,62.0,62.0,84.0,95.0,80.0,80.0,49.0,76.0,80.0,78.0,85.0,82.0,74.0,92.0,88.0,90.0,80.0,77.0,79.0,77.0,80.0,72.0,60.0,71.0,2024,82.0
Immanuel Quickley,Toronto Raptors,81.0,85.0,71.0,83.0,89.0,75.0,98.0,86.0,40.0,55.0,50.0,51.0,45.0,86.0,98.0,37.0,80.0,40.0,37.0,78.0,64.0,75.0,82.0,54.0,79.0,89.0,85.0,79.0,84.0,86.0,76.0,84.0,72.0,29.0,60.0,2024,82.0
R.J. Barrett,Toronto Raptors,81.0,83.0,52.0,80.0,85.0,70.0,95.0,89.0,45.0,80.0,52.0,55.0,79.0,80.0,85.0,58.0,82.0,35.0,51.0,79.0,74.0,75.0,84.0,76.0,82.0,95.0,80.0,80.0,79.0,83.0,82.0,84.0,64.0,40.0,66.0,2024,84.0
Jakob Poeltl,Toronto Raptors,80.0,96.0,59.0,45.0,51.0,70.0,80.0,73.0,75.0,60.0,86.0,79.0,86.0,69.0,85.0,81.0,45.0,40.0,85.0,79.0,67.0,80.0,51.0,80.0,57.0,80.0,90.0,80.0,69.0,38.0,31.0,62.0,48.0,75.0,85.0,2024,37.0
Kelly Olynyk,Toronto Raptors,79.0,97.0,85.0,82.0,90.0,75.0,90.0,75.0,70.0,60.0,79.0,79.0,79.0,79.0,78.0,70.0,50.0,59.0,55.0,66.0,45.0,65.0,31.0,70.0,55.0,89.0,90.0,82.0,60.0,42.0,25.0,66.0,73.0,58.0,73.0,2024,35.0
Bruce Brown,Toronto Raptors,77.0,88.0,86.0,75.0,80.0,85.0,80.0,78.0,30.0,70.0,28.0,34.0,42.0,65.0,95.0,58.0,77.0,43.0,45.0,79.0,75.0,65.0,78.0,75.0,80.0,92.0,80.0,84.0,79.0,79.0,76.0,87.0,50.0,40.0,61.0,2024,78.0
Gradey Dick,Toronto Raptors,76.0,84.0,73.0,82.0,85.0,70.0,80.0,82.0,35.0,75.0,36.0,47.0,40.0,44.0,80.0,55.0,73.0,41.0,27.0,69.0,73.0,50.0,73.0,54.0,78.0,89.0,85.0,80.0,70.0,77.0,70.0,68.0,34.0,36.0,48.0,2024,74.0
Chris Boucher,Toronto Raptors,74.0,82.0,71.0,76.0,78.0,55.0,40.0,74.0,85.0,80.0,72.0,64.0,72.0,50.0,85.0,76.0,37.0,38.0,72.0,78.0,50.0,60.0,57.0,80.0,74.0,89.0,80.0,77.0,33.0,41.0,25.0,59.0,28.0,68.0,81.0,2024,55.0
Ochai Agbaji,Toronto Raptors,73.0,67.0,80.0,71.0,81.0,70.0,50.0,70.0,65.0,80.0,52.0,52.0,52.0,40.0,78.0,57.0,80.0,42.0,63.0,79.0,75.0,70.0,88.0,64.0,85.0,90.0,90.0,80.0,60.0,75.0,78.0,60.0,32.0,49.0,48.0,2024,88.0
Davion Mitchell,Toronto Raptors,72.0,90.0,81.0,80.0,81.0,25.0,30.0,70.0,25.0,40.0,30.0,30.0,30.0,30.0,95.0,44.0,87.0,33.0,30.0,85.0,82.0,85.0,82.0,60.0,70.0,90.0,95.0,80.0,74.0,86.0,82.0,74.0,62.0,34.0,44.0,2024,88.0
Bruno Fernando,Toronto Raptors,71.0,77.0,65.0,42.0,70.0,25.0,50.0,79.0,85.0,80.0,64.0,63.0,65.0,50.0,75.0,64.0,44.0,53.0,76.0,65.0,62.0,40.0,74.0,85.0,75.0,85.0,85.0,80.0,52.0,50.0,50.0,65.0,38.0,77.0,81.0,2024,74.0
Jared Rhoden,Toronto Raptors,70.0,56.0,80.0,77.0,80.0,70.0,40.0,70.0,65.0,70.0,42.0,44.0,37.0,44.0,75.0,47.0,68.0,32.0,74.0,62.0,65.0,55.0,68.0,62.0,70.0,80.0,80.0,82.0,55.0,69.0,63.0,54.0,35.0,54.0,61.0,2024,72.0
Ja’Kobe Walter,Toronto Raptors,70.0,72.0,74.0,76.0,79.0,50.0,45.0,72.0,35.0,75.0,49.0,50.0,50.0,45.0,80.0,47.0,66.0,57.0,47.0,59.0,55.0,50.0,90.0,57.0,76.0,88.0,85.0,80.0,69.0,70.0,79.0,69.0,49.0,47.0,50.0,2024,82.0
Garrett Temple,Toronto Raptors,70.0,82.0,55.0,72.0,79.0,70.0,40.0,70.0,25.0,30.0,37.0,55.0,46.0,40.0,85.0,46.0,78.0,59.0,47.0,77.0,74.0,70.0,57.0,44.0,69.0,85.0,79.0,82.0,75.0,75.0,57.0,74.0,47.0,58.0,51.0,2024,76.0
Jamal Shead,Toronto Raptors,69.0,74.0,74.0,74.0,77.0,40.0,40.0,74.0,25.0,50.0,30.0,31.0,30.0,40.0,80.0,34.0,77.0,75.0,37.0,67.0,75.0,50.0,97.0,49.0,74.0,88.0,95.0,80.0,79.0,86.0,95.0,77.0,75.0,34.0,39.0,2024,94.0
Jonathan Mogbo,Toronto Raptors,69.0,70.0,47.0,30.0,59.0,50.0,30.0,75.0,60.0,80.0,50.0,50.0,50.0,40.0,64.0,64.0,64.0,75.0,55.0,67.0,68.0,60.0,91.0,68.0,75.0,88.0,85.0,80.0,66.0,70.0,69.0,67.0,54.0,64.0,61.0,2024,79.0
Ulrich Chomche,Toronto Raptors,68.0,62.0,59.0,58.0,50.0,40.0,25.0,62.0,80.0,75.0,44.0,37.0,44.0,40.0,80.0,64.0,44.0,53.0,74.0,65.0,62.0,40.0,84.0,68.0,82.0,85.0,85.0,80.0,52.0,59.0,60.0,65.0,38.0,69.0,68.0,2024,74.0
D.J. Carton,Toronto Raptors,68.0,75.0,73.0,79.0,78.0,50.0,55.0,74.0,25.0,75.0,28.0,38.0,35.0,52.0,85.0,45.0,66.0,45.0,30.0,55.0,60.0,40.0,82.0,49.0,85.0,85.0,85.0,80.0,75.0,79.0,82.0,63.0,63.0,40.0,43.0,2024,80.0
Lauri Markkanen,Utah Jazz,86.0,94.0,80.0,84.0,83.0,75.0,98.0,79.0,75.0,75.0,83.0,83.0,86.0,88.0,95.0,66.0,65.0,41.0,52.0,66.0,64.0,65.0,63.0,61.0,62.0,85.0,85.0,80.0,55.0,65.0,42.0,75.0,38.0,62.0,75.0,2024,65.0
John Collins,Utah Jazz,80.0,95.0,69.0,81.0,75.0,60.0,70.0,84.0,90.0,90.0,77.0,75.0,83.0,52.0,85.0,74.0,49.0,37.0,68.0,74.0,38.0,60.0,71.0,75.0,85.0,92.0,85.0,84.0,37.0,60.0,50.0,66.0,31.0,67.0,85.0,2024,65.0
Collin Sexton,Utah Jazz,80.0,88.0,82.0,84.0,88.0,60.0,98.0,82.0,30.0,75.0,25.0,38.0,28.0,80.0,90.0,45.0,67.0,42.0,45.0,67.0,69.0,50.0,88.0,58.0,84.0,95.0,90.0,81.0,75.0,86.0,87.0,75.0,74.0,43.0,42.0,2024,88.0
Walker Kessler,Utah Jazz,79.0,95.0,68.0,60.0,54.0,70.0,60.0,65.0,85.0,75.0,74.0,66.0,74.0,59.0,95.0,86.0,65.0,37.0,97.0,88.0,58.0,85.0,37.0,74.0,60.0,88.0,90.0,80.0,42.0,44.0,35.0,48.0,31.0,81.0,83.0,2024,52.0
Keyonte George,Utah Jazz,78.0,86.0,72.0,79.0,82.0,75.0,85.0,83.0,40.0,65.0,47.0,49.0,48.0,65.0,90.0,34.0,65.0,36.0,32.0,57.0,58.0,50.0,79.0,55.0,72.0,84.0,85.0,80.0,85.0,87.0,78.0,85.0,71.0,29.0,51.0,2024,78.0
Jordan Clarkson,Utah Jazz,78.0,91.0,81.0,79.0,83.0,70.0,80.0,90.0,25.0,75.0,30.0,37.0,38.0,80.0,98.0,43.0,65.0,37.0,32.0,58.0,49.0,40.0,79.0,54.0,85.0,80.0,80.0,83.0,79.0,88.0,79.0,81.0,72.0,41.0,47.0,2024,82.0
Taylor Hendricks,Utah Jazz,76.0,88.0,75.0,81.0,80.0,75.0,75.0,82.0,60.0,75.0,54.0,54.0,54.0,47.0,85.0,68.0,68.0,46.0,71.0,67.0,62.0,60.0,72.0,62.0,78.0,92.0,85.0,80.0,55.0,69.0,69.0,62.0,30.0,55.0,69.0,2024,75.0
Drew Eubanks,Utah Jazz,74.0,92.0,73.0,54.0,86.0,88.0,85.0,69.0,75.0,70.0,74.0,74.0,74.0,54.0,75.0,60.0,47.0,38.0,82.0,59.0,50.0,45.0,61.0,68.0,75.0,80.0,85.0,83.0,42.0,37.0,38.0,55.0,33.0,72.0,76.0,2024,62.0
Patty Mills,Utah Jazz,72.0,64.0,87.0,72.0,83.0,75.0,70.0,79.0,25.0,25.0,25.0,37.0,25.0,50.0,73.0,27.0,65.0,73.0,30.0,61.0,61.0,40.0,83.0,51.0,66.0,82.0,70.0,82.0,79.0,86.0,83.0,84.0,42.0,36.0,42.0,2024,83.0
Brice Sensabaugh,Utah Jazz,72.0,91.0,84.0,73.0,83.0,60.0,60.0,74.0,35.0,60.0,57.0,59.0,57.0,41.0,95.0,50.0,55.0,38.0,47.0,55.0,54.0,35.0,65.0,64.0,70.0,88.0,70.0,79.0,65.0,74.0,62.0,63.0,50.0,40.0,66.0,2024,67.0
Svi Mykhailiuk,Utah Jazz,72.0,86.0,80.0,82.0,67.0,70.0,75.0,74.0,40.0,55.0,42.0,47.0,38.0,49.0,94.0,37.0,55.0,41.0,30.0,50.0,54.0,30.0,82.0,54.0,69.0,81.0,65.0,79.0,69.0,64.0,75.0,64.0,42.0,40.0,50.0,2024,82.0
Cody Williams,Utah Jazz,71.0,72.0,66.0,72.0,72.0,55.0,35.0,74.0,50.0,80.0,43.0,47.0,47.0,40.0,90.0,55.0,73.0,67.0,65.0,70.0,60.0,55.0,87.0,51.0,75.0,90.0,75.0,80.0,63.0,82.0,79.0,63.0,49.0,41.0,44.0,2024,86.0
Isaiah Collier,Utah Jazz,70.0,73.0,65.0,72.0,67.0,50.0,50.0,74.0,30.0,75.0,28.0,41.0,37.0,54.0,95.0,30.0,62.0,65.0,47.0,57.0,57.0,55.0,95.0,60.0,75.0,89.0,80.0,80.0,65.0,86.0,95.0,65.0,69.0,32.0,44.0,2024,88.0
Kyle Filipowski,Utah Jazz,70.0,72.0,70.0,73.0,68.0,50.0,55.0,64.0,70.0,70.0,69.0,64.0,66.0,50.0,85.0,60.0,55.0,47.0,62.0,65.0,57.0,45.0,77.0,62.0,66.0,85.0,90.0,80.0,60.0,69.0,57.0,60.0,44.0,57.0,66.0,2024,57.0
Johnny Juzang,Utah Jazz,69.0,84.0,73.0,79.0,84.0,40.0,35.0,71.0,35.0,75.0,55.0,59.0,64.0,44.0,85.0,50.0,58.0,31.0,37.0,52.0,50.0,50.0,70.0,55.0,72.0,85.0,75.0,80.0,59.0,72.0,66.0,62.0,36.0,35.0,46.0,2024,70.0
Oscar Tshiebwe,Utah Jazz,69.0,70.0,69.0,37.0,70.0,45.0,30.0,62.0,75.0,75.0,54.0,48.0,48.0,37.0,95.0,69.0,48.0,31.0,72.0,69.0,40.0,55.0,75.0,69.0,75.0,80.0,90.0,80.0,42.0,40.0,39.0,55.0,37.0,80.0,80.0,2024,67.0
Jason Preston,Utah Jazz,69.0,71.0,70.0,75.0,62.0,50.0,70.0,70.0,40.0,45.0,58.0,57.0,57.0,33.0,80.0,40.0,64.0,35.0,25.0,65.0,68.0,55.0,82.0,52.0,75.0,85.0,85.0,80.0,84.0,75.0,80.0,84.0,75.0,68.0,67.0,2024,82.0
Micah Potter,Utah Jazz,68.0,66.0,70.0,78.0,80.0,60.0,40.0,60.0,75.0,65.0,51.0,50.0,52.0,40.0,76.0,52.0,37.0,37.0,68.0,48.0,47.0,30.0,43.0,70.0,60.0,80.0,70.0,81.0,54.0,42.0,32.0,55.0,29.0,55.0,74.0,2024,43.0
Kyle Kuzma,Washington Wizards,83.0,88.0,69.0,80.0,76.0,80.0,98.0,92.0,75.0,75.0,66.0,65.0,66.0,89.0,95.0,66.0,67.0,35.0,57.0,65.0,49.0,60.0,74.0,74.0,75.0,85.0,95.0,83.0,66.0,77.0,67.0,78.0,70.0,38.0,74.0,2024,74.0
Jonas Valanciunas,Washington Wizards,82.0,97.0,88.0,74.0,79.0,75.0,70.0,80.0,80.0,65.0,87.0,64.0,86.0,65.0,95.0,75.0,43.0,35.0,74.0,80.0,54.0,60.0,62.0,89.0,54.0,90.0,80.0,81.0,36.0,35.0,33.0,65.0,51.0,74.0,92.0,2024,48.0
Malcolm Brogdon,Washington Wizards,80.0,78.0,74.0,86.0,77.0,70.0,90.0,87.0,40.0,70.0,44.0,45.0,40.0,92.0,92.0,65.0,77.0,40.0,40.0,77.0,74.0,65.0,77.0,56.0,72.0,93.0,95.0,84.0,89.0,86.0,77.0,92.0,76.0,38.0,57.0,2024,80.0
Jordan Poole,Washington Wizards,79.0,81.0,78.0,80.0,86.0,65.0,80.0,92.0,45.0,60.0,29.0,47.0,44.0,84.0,80.0,47.0,65.0,49.0,47.0,65.0,55.0,30.0,81.0,61.0,73.0,80.0,65.0,80.0,83.0,89.0,80.0,82.0,70.0,32.0,46.0,2024,81.0
Corey Kispert,Washington Wizards,78.0,94.0,89.0,83.0,75.0,90.0,70.0,73.0,40.0,60.0,38.0,39.0,39.0,45.0,85.0,54.0,70.0,36.0,40.0,69.0,67.0,65.0,76.0,60.0,69.0,84.0,80.0,80.0,66.0,71.0,66.0,69.0,41.0,32.0,50.0,2024,76.0
Bilal Coulibaly,Washington Wizards,77.0,66.0,48.0,78.0,63.0,95.0,65.0,80.0,60.0,85.0,50.0,50.0,50.0,50.0,80.0,67.0,80.0,70.0,62.0,78.0,78.0,75.0,82.0,63.0,85.0,92.0,80.0,80.0,68.0,69.0,64.0,62.0,35.0,41.0,57.0,2024,85.0
Saddiq Bey,Washington Wizards,77.0,71.0,71.0,74.0,80.0,75.0,85.0,80.0,45.0,60.0,43.0,42.0,52.0,84.0,84.0,64.0,75.0,40.0,37.0,77.0,72.0,70.0,63.0,69.0,70.0,87.0,90.0,81.0,64.0,76.0,57.0,75.0,31.0,66.0,59.0,2024,79.0
Marvin Bagley III,Washington Wizards,76.0,87.0,74.0,75.0,84.0,40.0,80.0,82.0,80.0,80.0,80.0,78.0,81.0,70.0,80.0,70.0,49.0,36.0,66.0,70.0,65.0,55.0,73.0,80.0,86.0,85.0,80.0,87.0,47.0,62.0,64.0,60.0,35.0,85.0,73.0,2024,74.0
Alexandre Sarr,Washington Wizards,75.0,73.0,71.0,71.0,61.0,60.0,60.0,69.0,85.0,82.0,60.0,62.0,64.0,55.0,80.0,75.0,72.0,62.0,83.0,75.0,82.0,75.0,73.0,67.0,77.0,80.0,85.0,80.0,65.0,73.0,66.0,66.0,44.0,64.0,65.0,2024,72.0
Jaylen Nowell,Washington Wizards,74.0,91.0,85.0,71.0,78.0,85.0,90.0,84.0,25.0,65.0,27.0,40.0,38.0,79.0,78.0,29.0,60.0,46.0,32.0,55.0,58.0,40.0,81.0,39.0,79.0,85.0,80.0,80.0,64.0,75.0,77.0,68.0,62.0,41.0,54.0,2024,80.0
Richaun Holmes,Washington Wizards,74.0,80.0,70.0,62.0,67.0,35.0,65.0,78.0,85.0,75.0,70.0,57.0,70.0,50.0,80.0,75.0,40.0,36.0,68.0,68.0,55.0,50.0,57.0,82.0,81.0,80.0,95.0,82.0,42.0,58.0,38.0,54.0,31.0,88.0,80.0,2024,56.0
Anthony Gill,Washington Wizards,72.0,84.0,72.0,65.0,76.0,70.0,65.0,70.0,75.0,75.0,62.0,60.0,60.0,40.0,74.0,66.0,60.0,41.0,58.0,50.0,58.0,50.0,69.0,60.0,79.0,80.0,88.0,80.0,38.0,54.0,53.0,55.0,40.0,65.0,59.0,2024,67.0
Kira Lewis Jr.,Washington Wizards,71.0,88.0,66.0,60.0,86.0,65.0,70.0,73.0,25.0,45.0,25.0,45.0,32.0,50.0,86.0,34.0,67.0,49.0,42.0,68.0,65.0,40.0,89.0,49.0,70.0,85.0,80.0,84.0,75.0,86.0,82.0,75.0,67.0,43.0,42.0,2024,89.0
Jared Butler,Washington Wizards,71.0,90.0,65.0,73.0,82.0,70.0,75.0,74.0,25.0,65.0,28.0,41.0,37.0,60.0,95.0,30.0,60.0,73.0,51.0,55.0,47.0,50.0,80.0,50.0,78.0,83.0,80.0,80.0,69.0,82.0,80.0,68.0,75.0,33.0,48.0,2024,80.0
Patrick Baldwin Jr.,Washington Wizards,71.0,70.0,72.0,75.0,74.0,70.0,75.0,74.0,55.0,70.0,54.0,52.0,52.0,52.0,80.0,56.0,59.0,49.0,65.0,55.0,54.0,40.0,57.0,69.0,62.0,85.0,70.0,80.0,55.0,58.0,55.0,60.0,34.0,42.0,84.0,2024,64.0
Justin Champagnie,Washington Wizards,71.0,70.0,67.0,72.0,71.0,75.0,65.0,74.0,65.0,75.0,48.0,44.0,40.0,45.0,75.0,49.0,52.0,59.0,71.0,55.0,52.0,40.0,73.0,40.0,78.0,80.0,92.0,80.0,62.0,65.0,66.0,62.0,41.0,66.0,65.0,2024,73.0
KyShawn George,Washington Wizards,70.0,72.0,78.0,80.0,77.0,50.0,45.0,72.0,40.0,60.0,50.0,55.0,55.0,30.0,85.0,58.0,66.0,53.0,35.0,68.0,67.0,50.0,64.0,60.0,72.0,90.0,70.0,80.0,66.0,74.0,60.0,66.0,52.0,34.0,56.0,2024,69.0
Bub Carrington,Washington Wizards,70.0,76.0,84.0,75.0,78.0,60.0,50.0,75.0,35.0,60.0,54.0,55.0,55.0,50.0,85.0,40.0,55.0,43.0,37.0,52.0,52.0,35.0,82.0,54.0,75.0,89.0,80.0,80.0,72.0,82.0,77.0,72.0,67.0,37.0,51.0,2024,72.0
Johnny Davis,Washington Wizards,70.0,70.0,60.0,76.0,70.0,60.0,50.0,80.0,40.0,70.0,49.0,51.0,47.0,69.0,80.0,68.0,73.0,42.0,52.0,68.0,55.0,60.0,78.0,54.0,75.0,85.0,70.0,80.0,70.0,82.0,70.0,70.0,32.0,40.0,48.0,2024,79.0
Leaky Black,Washington Wizards,70.0,67.0,65.0,75.0,74.0,75.0,25.0,66.0,40.0,80.0,42.0,38.0,40.0,38.0,70.0,59.0,69.0,48.0,65.0,70.0,65.0,55.0,75.0,50.0,77.0,85.0,80.0,80.0,55.0,60.0,63.0,50.0,32.0,42.0,66.0,2024,73.0
Tristan Vukcevic,Washington Wizards,70.0,78.0,71.0,72.0,81.0,55.0,75.0,69.0,70.0,65.0,66.0,67.0,69.0,40.0,78.0,59.0,44.0,43.0,76.0,57.0,37.0,45.0,57.0,72.0,65.0,89.0,80.0,80.0,45.0,51.0,50.0,55.0,45.0,45.0,80.0,2024,55.0
Nikola Jokic,,98.0,99.0,98.0,84.0,83.0,85.0,98.0,91.0,75.0,75.0,94.0,95.0,98.0,98.0,90.0,83.0,61.0,56.0,61.0,83.0,82.0,80.0,63.0,96.0,63.0,97.0,80.0,83.0,93.0,76.0,60.0,98.0,99.0,73.0,97.0,2026,62.0
Shai Gilgeous-Alexander,,98.0,97.0,99.0,82.0,88.0,90.0,98.0,97.0,40.0,75.0,66.0,73.0,72.0,98.0,98.0,69.0,86.0,70.0,62.0,89.0,95.0,85.0,86.0,62.0,85.0,98.0,90.0,80.0,97.0,95.0,85.0,98.0,85.0,34.0,54.0,2026,86.0
Luka Doncic,,97.0,98.0,94.0,89.0,78.0,98.0,98.0,96.0,65.0,75.0,85.0,85.0,87.0,98.0,98.0,58.0,59.0,66.0,53.0,60.0,57.0,45.0,84.0,72.0,79.0,90.0,98.0,85.0,95.0,95.0,83.0,95.0,95.0,36.0,82.0,2026,77.0
Giannis Antetokounmpo,,97.0,96.0,59.0,76.0,65.0,90.0,98.0,98.0,85.0,91.0,79.0,74.0,90.0,97.0,95.0,90.0,87.0,70.0,62.0,92.0,88.0,95.0,89.0,94.0,85.0,98.0,95.0,91.0,84.0,87.0,80.0,95.0,85.0,80.0,90.0,2026,86.0
Victor Wembanyama,,97.0,92.0,78.0,80.0,83.0,98.0,98.0,86.0,95.0,85.0,89.0,89.0,89.0,97.0,98.0,96.0,80.0,59.0,99.0,97.0,84.0,98.0,66.0,59.0,72.0,97.0,98.0,88.0,72.0,73.0,64.0,84.0,65.0,73.0,98.0,2026,69.0
Anthony Edwards,,96.0,96.0,84.0,89.0,80.0,95.0,98.0,96.0,50.0,97.0,60.0,62.0,62.0,95.0,98.0,59.0,87.0,56.0,61.0,84.0,84.0,85.0,91.0,62.0,97.0,97.0,90.0,83.0,79.0,86.0,85.0,80.0,65.0,34.0,60.0,2026,90.0
Jaylen Brown,,95.0,94.0,90.0,80.0,80.0,98.0,98.0,96.0,50.0,94.0,72.0,80.0,80.0,89.0,98.0,78.0,89.0,43.0,51.0,86.0,87.0,85.0,79.0,72.0,84.0,95.0,95.0,82.0,78.0,86.0,76.0,84.0,73.0,43.0,70.0,2026,88.0
Cade Cunningham,,95.0,94.0,97.0,86.0,81.0,90.0,98.0,94.0,40.0,75.0,60.0,64.0,64.0,95.0,98.0,63.0,83.0,63.0,65.0,82.0,76.0,80.0,83.0,62.0,80.0,94.0,95.0,80.0,92.0,86.0,83.0,95.0,94.0,38.0,63.0,2026,84.0
Stephen Curry,,95.0,98.0,94.0,99.0,93.0,75.0,98.0,94.0,25.0,36.0,35.0,52.0,35.0,78.0,98.0,30.0,69.0,49.0,51.0,70.0,68.0,65.0,84.0,48.0,73.0,98.0,85.0,86.0,89.0,97.0,84.0,90.0,74.0,32.0,53.0,2026,84.0
Kawhi Leonard,,95.0,98.0,88.0,85.0,90.0,98.0,95.0,90.0,55.0,80.0,65.0,88.0,84.0,84.0,98.0,81.0,89.0,93.0,52.0,91.0,90.0,90.0,84.0,79.0,79.0,85.0,85.0,82.0,79.0,86.0,83.0,82.0,70.0,45.0,72.0,2026,89.0
Donovan Mitchell,,94.0,98.0,89.0,85.0,86.0,85.0,95.0,95.0,50.0,92.0,37.0,49.0,44.0,90.0,98.0,68.0,75.0,66.0,45.0,79.0,79.0,75.0,95.0,60.0,97.0,96.0,95.0,80.0,84.0,90.0,86.0,84.0,73.0,36.0,56.0,2026,90.0
Jalen Brunson,,94.0,95.0,97.0,88.0,84.0,95.0,98.0,98.0,40.0,35.0,50.0,56.0,50.0,98.0,98.0,55.0,73.0,38.0,32.0,72.0,70.0,75.0,84.0,60.0,75.0,98.0,95.0,81.0,96.0,95.0,84.0,98.0,75.0,32.0,48.0,2026,84.0
Jayson Tatum,,93.0,90.0,85.0,85.0,82.0,90.0,95.0,96.0,50.0,89.0,79.0,86.0,88.0,88.0,98.0,81.0,87.0,63.0,37.0,89.0,84.0,85.0,82.0,71.0,83.0,95.0,98.0,80.0,78.0,86.0,79.0,84.0,72.0,34.0,89.0,2026,88.0
Kevin Durant,,93.0,98.0,97.0,91.0,88.0,80.0,95.0,96.0,60.0,85.0,74.0,86.0,86.0,85.0,98.0,70.0,77.0,38.0,62.0,75.0,75.0,75.0,80.0,63.0,77.0,94.0,90.0,88.0,78.0,92.0,80.0,88.0,70.0,33.0,62.0,2026,78.0
Tyrese Haliburton,,93.0,98.0,91.0,84.0,86.0,95.0,80.0,94.0,40.0,65.0,42.0,49.0,40.0,62.0,95.0,60.0,77.0,63.0,56.0,78.0,75.0,75.0,83.0,59.0,70.0,95.0,95.0,80.0,96.0,90.0,83.0,96.0,95.0,35.0,49.0,2026,84.0
Tyrese Maxey,,93.0,84.0,87.0,86.0,90.0,98.0,98.0,94.0,25.0,70.0,45.0,60.0,47.0,89.0,98.0,54.0,79.0,73.0,60.0,69.0,68.0,65.0,90.0,44.0,80.0,98.0,98.0,77.0,80.0,89.0,90.0,87.0,74.0,29.0,52.0,2026,90.0
Devin Booker,,93.0,96.0,86.0,86.0,87.0,95.0,95.0,95.0,30.0,75.0,74.0,79.0,85.0,87.0,98.0,58.0,75.0,40.0,45.0,74.0,74.0,65.0,83.0,59.0,79.0,95.0,95.0,81.0,80.0,93.0,83.0,80.0,75.0,36.0,52.0,2026,80.0
LeBron James,,92.0,94.0,76.0,76.0,74.0,95.0,80.0,97.0,80.0,85.0,82.0,88.0,84.0,80.0,98.0,74.0,74.0,46.0,57.0,70.0,70.0,60.0,87.0,89.0,89.0,88.0,70.0,97.0,90.0,84.0,85.0,97.0,81.0,38.0,69.0,2026,84.0
Joel Embiid,,92.0,94.0,91.0,79.0,85.0,80.0,95.0,87.0,85.0,80.0,96.0,96.0,96.0,97.0,90.0,84.0,68.0,36.0,73.0,83.0,64.0,80.0,60.0,96.0,60.0,70.0,65.0,56.0,74.0,57.0,57.0,82.0,71.0,62.0,90.0,2026,59.0
Anthony Davis,,92.0,91.0,70.0,71.0,73.0,80.0,85.0,82.0,90.0,85.0,85.0,89.0,85.0,87.0,85.0,90.0,80.0,53.0,82.0,90.0,88.0,90.0,79.0,92.0,86.0,87.0,85.0,78.0,60.0,75.0,67.0,72.0,60.0,74.0,87.0,2026,78.0
Karl-Anthony Towns,,91.0,93.0,69.0,83.0,86.0,85.0,85.0,82.0,85.0,75.0,92.0,92.0,89.0,80.0,98.0,71.0,50.0,42.0,57.0,79.0,55.0,65.0,76.0,87.0,70.0,98.0,90.0,82.0,75.0,65.0,66.0,79.0,70.0,76.0,93.0,2026,76.0
Kyrie Irving,,90.0,91.0,98.0,86.0,92.0,80.0,95.0,97.0,25.0,30.0,35.0,70.0,54.0,75.0,96.0,32.0,67.0,53.0,51.0,67.0,75.0,55.0,85.0,37.0,81.0,89.0,87.0,80.0,80.0,99.0,85.0,80.0,70.0,43.0,51.0,2026,85.0
James Harden,,90.0,88.0,80.0,88.0,88.0,80.0,95.0,94.0,35.0,75.0,60.0,74.0,69.0,94.0,90.0,62.0,70.0,46.0,51.0,63.0,82.0,65.0,85.0,71.0,87.0,98.0,60.0,95.0,78.0,95.0,85.0,94.0,83.0,34.0,60.0,2026,85.0
Jalen Johnson,,89.0,83.0,88.0,77.0,78.0,95.0,95.0,88.0,75.0,96.0,82.0,84.0,84.0,90.0,80.0,66.0,66.0,49.0,51.0,60.0,57.0,50.0,76.0,68.0,82.0,85.0,80.0,80.0,83.0,79.0,74.0,86.0,77.0,46.0,89.0,2026,76.0
Jamal Murray,,89.0,89.0,90.0,88.0,89.0,90.0,90.0,90.0,30.0,82.0,38.0,46.0,74.0,75.0,84.0,35.0,77.0,40.0,50.0,74.0,70.0,70.0,80.0,54.0,80.0,95.0,85.0,78.0,84.0,89.0,79.0,85.0,76.0,32.0,55.0,2026,80.0
Bam Adebayo,,89.0,87.0,79.0,74.0,78.0,85.0,95.0,84.0,85.0,80.0,80.0,82.0,82.0,60.0,90.0,90.0,88.0,49.0,57.0,94.0,80.0,95.0,74.0,85.0,83.0,92.0,90.0,90.0,72.0,69.0,66.0,74.0,53.0,57.0,87.0,2026,84.0
Scottie Barnes,,89.0,97.0,87.0,77.0,81.0,80.0,90.0,89.0,80.0,80.0,70.0,72.0,72.0,86.0,95.0,80.0,80.0,63.0,81.0,80.0,78.0,85.0,82.0,74.0,92.0,88.0,95.0,80.0,82.0,79.0,77.0,88.0,80.0,57.0,73.0,2026,82.0
Trae Young,,89.0,94.0,97.0,83.0,83.0,70.0,95.0,94.0,25.0,30.0,28.0,60.0,34.0,94.0,80.0,31.0,55.0,49.0,32.0,58.0,70.0,30.0,84.0,50.0,78.0,95.0,75.0,86.0,92.0,96.0,84.0,92.0,92.0,29.0,43.0,2026,84.0
LaMelo Ball,,88.0,83.0,76.0,84.0,89.0,85.0,90.0,84.0,45.0,75.0,52.0,58.0,52.0,70.0,98.0,45.0,70.0,63.0,42.0,79.0,89.0,75.0,84.0,50.0,79.0,93.0,89.0,82.0,93.0,88.0,84.0,93.0,90.0,42.0,65.0,2026,84.0
Cooper Flagg,,88.0,89.0,82.0,71.0,82.0,95.0,95.0,91.0,65.0,80.0,60.0,60.0,60.0,84.0,90.0,81.0,83.0,49.0,63.0,82.0,75.0,80.0,83.0,65.0,77.0,90.0,90.0,80.0,70.0,76.0,75.0,70.0,70.0,44.0,67.0,2026,85.0
Jimmy Butler,,88.0,90.0,70.0,81.0,86.0,55.0,80.0,87.0,40.0,75.0,80.0,80.0,80.0,87.0,98.0,80.0,86.0,66.0,40.0,89.0,88.0,85.0,84.0,76.0,82.0,97.0,98.0,81.0,85.0,86.0,82.0,89.0,72.0,65.0,53.0,2026,92.0
Alperen Sengun,,88.0,94.0,72.0,74.0,69.0,90.0,90.0,80.0,70.0,80.0,87.0,87.0,89.0,75.0,95.0,72.0,63.0,56.0,70.0,69.0,85.0,65.0,52.0,86.0,69.0,88.0,90.0,80.0,79.0,62.0,48.0,84.0,74.0,69.0,74.0,2026,64.0
OG Anunoby,,88.0,81.0,76.0,85.0,82.0,90.0,90.0,81.0,60.0,85.0,38.0,37.0,36.0,69.0,90.0,81.0,90.0,73.0,62.0,89.0,89.0,90.0,81.0,68.0,85.0,85.0,85.0,81.0,58.0,72.0,71.0,52.0,37.0,46.0,59.0,2026,91.0
Chet Holmgren,,88.0,92.0,97.0,80.0,80.0,80.0,80.0,85.0,75.0,75.0,79.0,79.0,79.0,85.0,95.0,90.0,75.0,67.0,89.0,92.0,78.0,90.0,75.0,45.0,75.0,87.0,90.0,80.0,60.0,65.0,67.0,59.0,36.0,61.0,86.0,2026,75.0
Paolo Banchero,,88.0,88.0,75.0,78.0,78.0,70.0,95.0,90.0,75.0,85.0,80.0,80.0,80.0,96.0,95.0,68.0,66.0,36.0,55.0,64.0,67.0,45.0,80.0,77.0,83.0,90.0,85.0,80.0,74.0,76.0,74.0,84.0,71.0,43.0,83.0,2026,80.0
Damian Lillard,,88.0,82.0,95.0,86.0,93.0,70.0,90.0,85.0,25.0,85.0,30.0,38.0,42.0,62.0,98.0,31.0,69.0,46.0,37.0,72.0,77.0,60.0,87.0,63.0,89.0,97.0,95.0,98.0,84.0,89.0,86.0,84.0,75.0,33.0,54.0,2026,87.0
Deni Avdija,,88.0,85.0,89.0,75.0,80.0,90.0,90.0,88.0,40.0,75.0,62.0,59.0,59.0,80.0,85.0,62.0,80.0,38.0,56.0,78.0,77.0,80.0,75.0,65.0,79.0,89.0,95.0,84.0,79.0,78.0,69.0,79.0,77.0,43.0,74.0,2026,81.0
Stephon Castle,,88.0,91.0,77.0,79.0,73.0,95.0,95.0,92.0,40.0,88.0,39.0,38.0,39.0,84.0,85.0,64.0,83.0,53.0,47.0,77.0,75.0,80.0,82.0,59.0,72.0,90.0,90.0,80.0,84.0,83.0,80.0,85.0,79.0,51.0,58.0,2026,93.0
Austin Reaves,,87.0,97.0,69.0,82.0,87.0,85.0,90.0,94.0,25.0,70.0,31.0,32.0,32.0,89.0,85.0,35.0,66.0,43.0,51.0,64.0,60.0,55.0,83.0,44.0,81.0,94.0,80.0,80.0,85.0,86.0,78.0,85.0,72.0,36.0,59.0,2026,80.0
Brandon Miller,,87.0,84.0,71.0,85.0,89.0,95.0,95.0,80.0,55.0,87.0,40.0,64.0,47.0,83.0,80.0,50.0,73.0,46.0,62.0,67.0,68.0,65.0,78.0,51.0,85.0,95.0,80.0,80.0,75.0,86.0,78.0,75.0,67.0,44.0,62.0,2026,82.0
Evan Mobley,,87.0,88.0,77.0,75.0,63.0,70.0,75.0,79.0,85.0,85.0,83.0,83.0,83.0,70.0,85.0,96.0,82.0,40.0,85.0,95.0,85.0,95.0,72.0,74.0,81.0,90.0,90.0,80.0,69.0,60.0,66.0,74.0,64.0,65.0,82.0,2026,79.0
Amen Thompson,,87.0,89.0,66.0,56.0,78.0,75.0,60.0,83.0,60.0,96.0,44.0,48.0,44.0,44.0,95.0,78.0,93.0,59.0,55.0,92.0,90.0,95.0,95.0,59.0,99.0,95.0,85.0,80.0,80.0,86.0,90.0,80.0,70.0,67.0,61.0,2026,93.0
Pascal Siakam,,87.0,97.0,69.0,80.0,69.0,85.0,85.0,88.0,80.0,80.0,89.0,89.0,89.0,78.0,90.0,85.0,79.0,46.0,50.0,86.0,82.0,80.0,76.0,70.0,79.0,95.0,80.0,82.0,72.0,79.0,69.0,79.0,69.0,47.0,69.0,2026,78.0
Ja Morant,,87.0,81.0,73.0,72.0,90.0,70.0,85.0,89.0,25.0,96.0,54.0,54.0,54.0,90.0,98.0,49.0,72.0,49.0,40.0,79.0,78.0,75.0,95.0,52.0,97.0,97.0,75.0,80.0,87.0,93.0,95.0,85.0,89.0,32.0,51.0,2026,95.0
Tyler Herro,,87.0,98.0,90.0,83.0,92.0,80.0,95.0,92.0,30.0,60.0,37.0,42.0,40.0,82.0,95.0,46.0,69.0,38.0,51.0,65.0,60.0,50.0,79.0,59.0,72.0,85.0,70.0,80.0,79.0,83.0,74.0,84.0,67.0,32.0,60.0,2026,78.0
Jalen Williams,,87.0,87.0,79.0,77.0,83.0,70.0,70.0,88.0,25.0,80.0,67.0,67.0,66.0,54.0,87.0,85.0,92.0,66.0,50.0,92.0,90.0,95.0,87.0,68.0,83.0,90.0,90.0,80.0,78.0,86.0,83.0,78.0,74.0,41.0,61.0,2026,92.0
Franz Wagner,,87.0,85.0,90.0,80.0,83.0,80.0,90.0,93.0,55.0,80.0,57.0,59.0,59.0,95.0,95.0,56.0,73.0,49.0,50.0,74.0,73.0,70.0,70.0,65.0,75.0,85.0,85.0,80.0,80.0,85.0,68.0,84.0,65.0,48.0,64.0,2026,73.0
De’Aaron Fox,,87.0,98.0,91.0,79.0,76.0,80.0,90.0,95.0,25.0,80.0,25.0,30.0,27.0,50.0,90.0,34.0,84.0,56.0,42.0,82.0,82.0,80.0,97.0,46.0,84.0,96.0,90.0,80.0,85.0,86.0,97.0,85.0,74.0,35.0,52.0,2026,93.0
Lauri Markkanen,,87.0,96.0,72.0,82.0,90.0,90.0,90.0,80.0,80.0,80.0,84.0,84.0,86.0,85.0,95.0,66.0,65.0,41.0,52.0,66.0,64.0,65.0,63.0,61.0,62.0,85.0,85.0,80.0,67.0,65.0,42.0,75.0,39.0,55.0,66.0,2026,65.0
Keyonte George,,87.0,94.0,83.0,81.0,89.0,95.0,95.0,90.0,40.0,65.0,47.0,49.0,48.0,86.0,90.0,34.0,65.0,43.0,45.0,57.0,58.0,50.0,79.0,55.0,72.0,84.0,85.0,80.0,85.0,86.0,78.0,85.0,74.0,32.0,52.0,2026,78.0
Michael Porter Jr.,,86.0,89.0,74.0,84.0,86.0,80.0,90.0,92.0,60.0,80.0,50.0,62.0,68.0,55.0,80.0,60.0,64.0,46.0,42.0,60.0,68.0,40.0,80.0,68.0,88.0,88.0,80.0,66.0,65.0,78.0,77.0,62.0,66.0,47.0,80.0,2026,81.0
Kon Knueppel,,86.0,97.0,72.0,94.0,87.0,95.0,95.0,84.0,40.0,55.0,40.0,40.0,40.0,44.0,90.0,48.0,70.0,38.0,42.0,67.0,67.0,65.0,65.0,62.0,78.0,89.0,95.0,80.0,75.0,76.0,64.0,75.0,64.0,46.0,62.0,2026,70.0
Jarrett Allen,,86.0,97.0,80.0,63.0,71.0,90.0,90.0,83.0,90.0,85.0,83.0,63.0,84.0,80.0,95.0,88.0,72.0,49.0,70.0,88.0,67.0,85.0,75.0,84.0,79.0,90.0,90.0,82.0,25.0,35.0,35.0,48.0,40.0,72.0,84.0,2026,72.0
Ausar Thompson,,86.0,88.0,57.0,70.0,57.0,40.0,25.0,84.0,60.0,91.0,45.0,46.0,45.0,43.0,80.0,87.0,96.0,98.0,73.0,96.0,95.0,95.0,94.0,50.0,98.0,95.0,95.0,80.0,70.0,78.0,88.0,70.0,62.0,67.0,65.0,2026,96.0
Zion Williamson,,86.0,83.0,79.0,67.0,72.0,70.0,85.0,84.0,85.0,93.0,90.0,80.0,86.0,85.0,95.0,59.0,55.0,46.0,56.0,64.0,70.0,40.0,84.0,92.0,97.0,83.0,95.0,60.0,65.0,78.0,74.0,72.0,66.0,61.0,59.0,2026,81.0
Desmond Bane,,86.0,93.0,83.0,86.0,92.0,80.0,95.0,89.0,35.0,75.0,49.0,61.0,56.0,43.0,84.0,59.0,79.0,42.0,51.0,78.0,78.0,70.0,74.0,56.0,78.0,92.0,85.0,78.0,74.0,80.0,70.0,74.0,68.0,44.0,49.0,2026,80.0
Domantas Sabonis,,86.0,91.0,86.0,70.0,73.0,85.0,90.0,82.0,75.0,75.0,93.0,93.0,93.0,70.0,98.0,70.0,49.0,49.0,40.0,69.0,45.0,60.0,48.0,82.0,54.0,95.0,90.0,86.0,82.0,60.0,43.0,85.0,70.0,75.0,93.0,2026,49.0
Brandon Ingram,,86.0,88.0,96.0,81.0,82.0,80.0,95.0,90.0,65.0,80.0,64.0,70.0,70.0,74.0,98.0,54.0,69.0,38.0,61.0,58.0,68.0,40.0,74.0,42.0,77.0,95.0,80.0,85.0,75.0,85.0,70.0,75.0,64.0,38.0,66.0,2026,74.0
Jaren Jackson Jr.,,86.0,97.0,57.0,79.0,80.0,75.0,75.0,82.0,85.0,80.0,85.0,85.0,85.0,70.0,80.0,93.0,80.0,42.0,83.0,95.0,71.0,95.0,63.0,82.0,75.0,90.0,80.0,94.0,45.0,60.0,33.0,50.0,38.0,40.0,67.0,2026,80.0
Derrick White,,85.0,82.0,85.0,75.0,90.0,85.0,75.0,85.0,40.0,55.0,35.0,51.0,35.0,67.0,90.0,58.0,91.0,49.0,80.0,92.0,78.0,95.0,88.0,46.0,75.0,85.0,95.0,81.0,88.0,86.0,87.0,82.0,71.0,43.0,51.0,2026,93.0
Jalen Duren,,85.0,96.0,70.0,35.0,70.0,70.0,60.0,82.0,80.0,90.0,85.0,62.0,80.0,47.0,70.0,88.0,62.0,42.0,70.0,89.0,88.0,85.0,73.0,95.0,84.0,89.0,80.0,80.0,59.0,59.0,59.0,50.0,41.0,90.0,94.0,2026,68.0
Norman Powell,,85.0,97.0,75.0,82.0,83.0,80.0,95.0,87.0,25.0,80.0,30.0,32.0,28.0,65.0,88.0,50.0,79.0,53.0,45.0,77.0,74.0,75.0,79.0,46.0,80.0,92.0,90.0,82.0,74.0,79.0,77.0,75.0,49.0,31.0,52.0,2026,80.0
Julius Randle,,85.0,91.0,79.0,73.0,76.0,85.0,80.0,90.0,85.0,80.0,79.0,60.0,86.0,82.0,85.0,77.0,73.0,46.0,40.0,73.0,52.0,75.0,73.0,87.0,69.0,95.0,90.0,84.0,70.0,80.0,68.0,75.0,67.0,52.0,67.0,2026,76.0
Rudy Gobert,,85.0,80.0,54.0,25.0,53.0,75.0,40.0,57.0,85.0,75.0,65.0,58.0,65.0,70.0,85.0,90.0,64.0,40.0,82.0,95.0,74.0,95.0,48.0,87.0,57.0,90.0,95.0,81.0,68.0,35.0,25.0,58.0,33.0,90.0,87.0,2026,65.0
Jaden McDaniels,,85.0,94.0,89.0,85.0,84.0,70.0,75.0,84.0,40.0,75.0,52.0,56.0,54.0,67.0,85.0,83.0,90.0,49.0,67.0,88.0,88.0,90.0,79.0,60.0,80.0,85.0,85.0,90.0,44.0,78.0,70.0,40.0,46.0,42.0,51.0,2026,91.0
Trey Murphy III,,85.0,84.0,74.0,81.0,89.0,95.0,90.0,81.0,65.0,88.0,42.0,44.0,43.0,82.0,80.0,69.0,69.0,59.0,50.0,69.0,59.0,65.0,84.0,60.0,82.0,85.0,85.0,80.0,59.0,64.0,74.0,64.0,63.0,39.0,62.0,2026,76.0
Ivica Zubac,,85.0,97.0,76.0,26.0,71.0,65.0,75.0,83.0,85.0,80.0,97.0,78.0,91.0,55.0,80.0,92.0,63.0,33.0,67.0,90.0,67.0,95.0,43.0,90.0,75.0,80.0,85.0,80.0,70.0,35.0,30.0,47.0,44.0,85.0,88.0,2026,63.0
Darius Garland,,85.0,92.0,93.0,88.0,85.0,85.0,90.0,84.0,25.0,40.0,32.0,37.0,42.0,50.0,85.0,31.0,71.0,43.0,37.0,69.0,66.0,50.0,88.0,40.0,84.0,95.0,90.0,80.0,85.0,89.0,88.0,85.0,80.0,33.0,42.0,2026,88.0
Dejounte Murray,,84.0,97.0,98.0,74.0,87.0,80.0,85.0,90.0,40.0,75.0,40.0,48.0,49.0,61.0,95.0,53.0,83.0,86.0,42.0,80.0,81.0,80.0,83.0,40.0,60.0,90.0,90.0,80.0,82.0,86.0,83.0,82.0,81.0,30.0,76.0,2026,85.0
Saddiq Bey,,84.0,87.0,64.0,82.0,84.0,90.0,90.0,87.0,45.0,75.0,63.0,64.0,64.0,88.0,95.0,64.0,69.0,42.0,32.0,67.0,65.0,65.0,63.0,74.0,70.0,81.0,90.0,81.0,64.0,76.0,57.0,75.0,46.0,53.0,60.0,2026,72.0
Mikal Bridges,,84.0,92.0,89.0,82.0,83.0,75.0,75.0,75.0,40.0,75.0,55.0,57.0,57.0,60.0,80.0,69.0,88.0,70.0,63.0,82.0,86.0,85.0,80.0,68.0,85.0,92.0,95.0,84.0,78.0,82.0,72.0,88.0,62.0,41.0,49.0,2026,87.0
Isaiah Hartenstein,,84.0,96.0,79.0,55.0,59.0,75.0,75.0,79.0,90.0,80.0,74.0,64.0,70.0,72.0,75.0,83.0,41.0,63.0,71.0,80.0,54.0,80.0,62.0,84.0,70.0,80.0,95.0,77.0,50.0,56.0,42.0,60.0,70.0,95.0,88.0,2026,62.0
Ajay Mitchell,,84.0,95.0,79.0,80.0,87.0,90.0,90.0,94.0,35.0,70.0,30.0,37.0,38.0,79.0,80.0,43.0,77.0,70.0,52.0,78.0,75.0,75.0,83.0,53.0,65.0,87.0,75.0,80.0,74.0,82.0,79.0,75.0,69.0,40.0,52.0,2026,80.0
Dillon Brooks,,84.0,97.0,80.0,78.0,86.0,75.0,80.0,74.0,35.0,75.0,55.0,59.0,64.0,69.0,85.0,77.0,90.0,76.0,37.0,90.0,90.0,90.0,75.0,65.0,75.0,88.0,95.0,85.0,59.0,70.0,69.0,58.0,37.0,38.0,51.0,2026,88.0
DeMar DeRozan,,84.0,97.0,95.0,74.0,87.0,80.0,90.0,85.0,55.0,80.0,65.0,78.0,87.0,50.0,85.0,58.0,64.0,46.0,45.0,64.0,59.0,55.0,82.0,73.0,88.0,88.0,80.0,91.0,73.0,83.0,80.0,75.0,70.0,33.0,47.0,2026,80.0
Dylan Harper,,84.0,93.0,93.0,78.0,74.0,90.0,90.0,92.0,30.0,86.0,34.0,48.0,45.0,79.0,95.0,52.0,70.0,69.0,52.0,70.0,68.0,65.0,88.0,52.0,83.0,90.0,85.0,80.0,75.0,90.0,86.0,78.0,72.0,43.0,55.0,2026,89.0
Immanuel Quickley,,84.0,91.0,94.0,81.0,82.0,85.0,95.0,87.0,40.0,55.0,50.0,51.0,45.0,60.0,98.0,37.0,80.0,56.0,30.0,78.0,64.0,75.0,82.0,54.0,79.0,89.0,85.0,79.0,80.0,86.0,76.0,80.0,73.0,34.0,56.0,2026,82.0
Alexandre Sarr,,84.0,84.0,71.0,76.0,69.0,80.0,80.0,82.0,90.0,85.0,60.0,62.0,64.0,78.0,80.0,78.0,72.0,41.0,96.0,80.0,82.0,80.0,73.0,67.0,77.0,80.0,85.0,80.0,65.0,73.0,66.0,66.0,62.0,66.0,77.0,2026,72.0
Dyson Daniels,,83.0,90.0,68.0,50.0,62.0,70.0,50.0,84.0,25.0,75.0,44.0,55.0,47.0,51.0,85.0,67.0,94.0,96.0,51.0,87.0,95.0,90.0,79.0,52.0,75.0,89.0,85.0,80.0,77.0,78.0,79.0,77.0,71.0,62.0,62.0,2026,93.0
Nickeil Alexander-Walker,,83.0,78.0,79.0,86.0,90.0,85.0,85.0,84.0,40.0,60.0,54.0,58.0,64.0,67.0,88.0,52.0,84.0,56.0,55.0,82.0,80.0,80.0,72.0,60.0,70.0,90.0,75.0,80.0,75.0,81.0,72.0,76.0,62.0,36.0,48.0,2026,87.0
Josh Giddey,,83.0,92.0,38.0,80.0,76.0,85.0,80.0,94.0,45.0,65.0,55.0,58.0,55.0,89.0,90.0,50.0,62.0,43.0,53.0,57.0,54.0,45.0,79.0,60.0,74.0,88.0,90.0,80.0,90.0,86.0,79.0,92.0,88.0,46.0,83.0,2026,79.0
Aaron Gordon,,83.0,75.0,74.0,81.0,76.0,75.0,70.0,80.0,85.0,94.0,58.0,60.0,74.0,85.0,95.0,80.0,84.0,38.0,47.0,84.0,82.0,80.0,71.0,72.0,92.0,95.0,95.0,84.0,65.0,62.0,66.0,60.0,49.0,55.0,67.0,2026,84.0
Tobias Harris,,83.0,97.0,84.0,79.0,87.0,70.0,80.0,82.0,65.0,75.0,70.0,70.0,86.0,68.0,95.0,67.0,68.0,46.0,55.0,66.0,64.0,60.0,75.0,73.0,79.0,97.0,73.0,82.0,77.0,79.0,56.0,78.0,48.0,41.0,68.0,2026,67.0
Ty Jerome,,83.0,95.0,93.0,86.0,88.0,80.0,95.0,88.0,40.0,45.0,38.0,37.0,37.0,77.0,80.0,32.0,56.0,76.0,42.0,62.0,48.0,35.0,69.0,46.0,62.0,85.0,68.0,80.0,84.0,86.0,68.0,84.0,90.0,42.0,50.0,2026,73.0
Paul George,,83.0,90.0,90.0,83.0,84.0,60.0,85.0,82.0,55.0,80.0,40.0,70.0,60.0,40.0,80.0,71.0,79.0,86.0,55.0,79.0,78.0,70.0,79.0,70.0,75.0,95.0,75.0,93.0,78.0,87.0,79.0,70.0,67.0,35.0,68.0,2026,84.0
VJ Edgecombe,,83.0,81.0,86.0,81.0,83.0,75.0,85.0,85.0,35.0,89.0,41.0,53.0,40.0,74.0,85.0,53.0,77.0,59.0,53.0,77.0,75.0,75.0,89.0,57.0,88.0,85.0,85.0,80.0,75.0,86.0,85.0,80.0,64.0,50.0,56.0,2026,91.0
Shaedon Sharpe,,83.0,83.0,72.0,76.0,78.0,80.0,85.0,85.0,40.0,95.0,35.0,37.0,33.0,82.0,88.0,49.0,69.0,73.0,32.0,65.0,75.0,45.0,89.0,50.0,96.0,94.0,85.0,80.0,67.0,83.0,84.0,67.0,61.0,45.0,57.0,2026,89.0
Donovan Clingan,,83.0,94.0,78.0,75.0,67.0,85.0,70.0,69.0,85.0,75.0,72.0,54.0,69.0,69.0,75.0,82.0,49.0,37.0,86.0,82.0,58.0,80.0,44.0,78.0,60.0,82.0,75.0,80.0,55.0,46.0,38.0,62.0,43.0,94.0,90.0,2026,45.0
Zach LaVine,,83.0,97.0,79.0,86.0,88.0,70.0,85.0,87.0,60.0,94.0,59.0,59.0,59.0,80.0,80.0,47.0,61.0,37.0,42.0,57.0,38.0,40.0,84.0,49.0,97.0,98.0,65.0,83.0,70.0,88.0,81.0,67.0,42.0,27.0,47.0,2026,82.0
R.J. Barrett,,83.0,89.0,79.0,78.0,71.0,80.0,80.0,88.0,45.0,80.0,52.0,55.0,79.0,80.0,85.0,58.0,81.0,40.0,50.0,79.0,74.0,75.0,84.0,76.0,82.0,95.0,80.0,80.0,79.0,83.0,82.0,84.0,65.0,41.0,67.0,2026,84.0
Walker Kessler,,83.0,97.0,74.0,70.0,70.0,80.0,65.0,65.0,85.0,75.0,74.0,66.0,74.0,51.0,95.0,84.0,65.0,37.0,93.0,88.0,58.0,85.0,37.0,74.0,60.0,88.0,90.0,80.0,42.0,44.0,35.0,48.0,35.0,93.0,88.0,2026,52.0
C.J. McCollum,,83.0,96.0,88.0,82.0,77.0,75.0,95.0,80.0,30.0,40.0,38.0,46.0,32.0,52.0,91.0,35.0,70.0,41.0,52.0,70.0,50.0,65.0,82.0,60.0,80.0,98.0,95.0,80.0,72.0,86.0,82.0,79.0,69.0,39.0,47.0,2026,84.0
Kristaps Porzingis,,83.0,93.0,90.0,80.0,84.0,75.0,80.0,79.0,85.0,75.0,81.0,84.0,81.0,47.0,85.0,75.0,56.0,40.0,84.0,74.0,60.0,55.0,66.0,74.0,78.0,80.0,70.0,77.0,50.0,68.0,56.0,40.0,64.0,52.0,68.0,2026,65.0
Ayo Dosunmu,,83.0,89.0,90.0,88.0,87.0,75.0,80.0,89.0,25.0,75.0,35.0,50.0,42.0,64.0,80.0,38.0,69.0,43.0,47.0,68.0,69.0,65.0,76.0,52.0,75.0,85.0,75.0,80.0,72.0,79.0,73.0,79.0,70.0,38.0,52.0,2026,78.0
Onyeka Okongwu,,82.0,92.0,88.0,81.0,76.0,80.0,80.0,86.0,85.0,85.0,54.0,55.0,57.0,75.0,80.0,79.0,64.0,49.0,72.0,83.0,65.0,65.0,74.0,70.0,75.0,88.0,95.0,83.0,51.0,54.0,60.0,50.0,57.0,57.0,77.0,2026,74.0
Payton Pritchard,,82.0,98.0,88.0,85.0,89.0,85.0,90.0,85.0,25.0,35.0,40.0,46.0,35.0,57.0,75.0,36.0,60.0,38.0,35.0,60.0,45.0,35.0,75.0,41.0,66.0,84.0,78.0,81.0,84.0,82.0,75.0,82.0,71.0,40.0,51.0,2026,75.0
Matas Buzelis,,82.0,85.0,83.0,80.0,79.0,95.0,90.0,85.0,65.0,89.0,62.0,58.0,60.0,79.0,90.0,58.0,62.0,38.0,82.0,65.0,62.0,50.0,86.0,60.0,84.0,90.0,85.0,80.0,65.0,72.0,76.0,69.0,40.0,43.0,68.0,2026,70.0
Peyton Watson,,82.0,84.0,90.0,85.0,73.0,80.0,80.0,74.0,60.0,65.0,44.0,42.0,40.0,40.0,95.0,78.0,78.0,43.0,74.0,80.0,78.0,80.0,77.0,55.0,82.0,88.0,75.0,80.0,60.0,70.0,76.0,62.0,39.0,42.0,62.0,2026,80.0
Jabari Smith Jr.,,82.0,93.0,79.0,81.0,78.0,80.0,85.0,75.0,75.0,85.0,79.0,79.0,79.0,54.0,85.0,70.0,69.0,38.0,63.0,67.0,67.0,55.0,76.0,60.0,75.0,89.0,85.0,80.0,65.0,75.0,69.0,66.0,34.0,48.0,67.0,2026,76.0
Andrew Nembhard,,82.0,92.0,79.0,80.0,83.0,85.0,60.0,80.0,39.0,60.0,44.0,52.0,47.0,41.0,75.0,68.0,88.0,42.0,35.0,85.0,84.0,85.0,76.0,46.0,71.0,85.0,69.0,80.0,80.0,79.0,74.0,80.0,83.0,32.0,46.0,2026,88.0
Zach Edey,,82.0,98.0,78.0,76.0,78.0,80.0,70.0,60.0,80.0,70.0,82.0,65.0,82.0,50.0,95.0,79.0,37.0,38.0,94.0,79.0,67.0,75.0,46.0,84.0,66.0,79.0,85.0,80.0,58.0,39.0,30.0,63.0,32.0,92.0,91.0,2026,31.0
Ryan Rollins,,82.0,85.0,79.0,84.0,79.0,85.0,80.0,85.0,25.0,65.0,40.0,42.0,42.0,79.0,85.0,43.0,68.0,70.0,52.0,67.0,62.0,60.0,86.0,39.0,80.0,85.0,85.0,80.0,79.0,79.0,82.0,79.0,73.0,37.0,60.0,2026,86.0
Kevin Porter Jr.,,82.0,79.0,94.0,76.0,88.0,75.0,75.0,85.0,40.0,80.0,25.0,62.0,44.0,84.0,80.0,44.0,69.0,96.0,53.0,64.0,75.0,55.0,85.0,52.0,75.0,88.0,80.0,80.0,82.0,82.0,83.0,82.0,78.0,40.0,62.0,2026,75.0
Naz Reid,,82.0,97.0,63.0,81.0,73.0,50.0,80.0,82.0,80.0,80.0,82.0,70.0,82.0,60.0,94.0,78.0,54.0,53.0,73.0,80.0,65.0,75.0,50.0,87.0,75.0,88.0,95.0,80.0,59.0,58.0,49.0,65.0,48.0,49.0,78.0,2026,54.0
Josh Hart,,82.0,94.0,82.0,84.0,72.0,70.0,75.0,84.0,25.0,70.0,39.0,58.0,42.0,57.0,95.0,78.0,86.0,56.0,47.0,80.0,78.0,80.0,81.0,64.0,69.0,99.0,99.0,82.0,73.0,79.0,79.0,75.0,71.0,51.0,82.0,2026,86.0
Cason Wallace,,82.0,70.0,73.0,78.0,80.0,75.0,70.0,85.0,25.0,70.0,31.0,37.0,37.0,57.0,95.0,72.0,89.0,98.0,52.0,89.0,88.0,90.0,75.0,55.0,72.0,90.0,85.0,80.0,75.0,78.0,75.0,75.0,49.0,42.0,47.0,2026,91.0
Anthony Black,,82.0,82.0,75.0,77.0,73.0,85.0,85.0,88.0,35.0,75.0,48.0,52.0,52.0,74.0,90.0,63.0,84.0,66.0,60.0,84.0,82.0,80.0,75.0,58.0,75.0,92.0,90.0,80.0,80.0,86.0,74.0,77.0,67.0,37.0,53.0,2026,85.0
Jalen Green,,82.0,76.0,94.0,79.0,76.0,70.0,75.0,85.0,40.0,91.0,56.0,56.0,56.0,70.0,95.0,45.0,64.0,66.0,37.0,60.0,54.0,55.0,88.0,55.0,92.0,88.0,85.0,80.0,77.0,86.0,84.0,79.0,68.0,36.0,61.0,2026,88.0
Mark Williams,,82.0,97.0,60.0,36.0,77.0,85.0,85.0,77.0,85.0,75.0,60.0,60.0,60.0,55.0,85.0,75.0,44.0,56.0,76.0,74.0,60.0,60.0,65.0,86.0,75.0,75.0,88.0,57.0,44.0,35.0,32.0,64.0,32.0,90.0,84.0,2026,64.0
Jrue Holiday,,82.0,91.0,81.0,84.0,83.0,70.0,65.0,85.0,25.0,65.0,30.0,72.0,40.0,40.0,98.0,66.0,90.0,80.0,32.0,89.0,93.0,90.0,79.0,49.0,68.0,80.0,92.0,80.0,80.0,79.0,79.0,80.0,77.0,48.0,55.0,2026,90.0
Devin Vassell,,82.0,80.0,97.0,86.0,82.0,50.0,75.0,82.0,40.0,60.0,51.0,65.0,65.0,44.0,80.0,62.0,80.0,41.0,51.0,81.0,85.0,80.0,72.0,60.0,77.0,89.0,85.0,82.0,76.0,82.0,65.0,79.0,42.0,35.0,54.0,2026,80.0
Isaiah Collier,,82.0,94.0,68.0,73.0,72.0,70.0,75.0,87.0,30.0,75.0,28.0,41.0,37.0,50.0,95.0,30.0,62.0,59.0,52.0,57.0,57.0,55.0,95.0,60.0,75.0,89.0,80.0,80.0,90.0,86.0,95.0,90.0,87.0,32.0,48.0,2026,88.0
Jusuf Nurkic,,82.0,97.0,88.0,79.0,55.0,75.0,75.0,68.0,75.0,65.0,77.0,72.0,77.0,70.0,85.0,71.0,45.0,73.0,56.0,79.0,60.0,70.0,51.0,90.0,50.0,86.0,75.0,72.0,70.0,40.0,25.0,82.0,73.0,73.0,93.0,2026,49.0
KyShawn George,,82.0,83.0,79.0,82.0,80.0,95.0,90.0,83.0,40.0,60.0,59.0,58.0,59.0,30.0,95.0,70.0,70.0,46.0,67.0,71.0,70.0,60.0,64.0,60.0,72.0,90.0,85.0,80.0,66.0,74.0,60.0,66.0,71.0,41.0,65.0,2026,74.0
Bennedict Mathurin,,82.0,83.0,79.0,75.0,87.0,75.0,85.0,78.0,35.0,80.0,55.0,58.0,55.0,67.0,90.0,42.0,69.0,40.0,42.0,65.0,62.0,50.0,84.0,54.0,82.0,92.0,85.0,80.0,75.0,79.0,81.0,82.0,42.0,44.0,66.0,2026,84.0
Rui Hachimura,,81.0,87.0,98.0,88.0,73.0,75.0,85.0,79.0,80.0,80.0,74.0,70.0,72.0,50.0,85.0,60.0,54.0,36.0,50.0,59.0,50.0,35.0,72.0,79.0,80.0,90.0,85.0,80.0,51.0,72.0,67.0,54.0,28.0,37.0,51.0,2026,74.0
Neemias Queta,,81.0,98.0,76.0,50.0,70.0,85.0,80.0,75.0,75.0,70.0,62.0,60.0,62.0,50.0,85.0,76.0,45.0,46.0,86.0,70.0,48.0,65.0,59.0,79.0,65.0,80.0,95.0,80.0,52.0,38.0,30.0,62.0,37.0,84.0,83.0,2026,59.0
Cameron Thomas,,81.0,92.0,95.0,82.0,88.0,60.0,95.0,89.0,50.0,75.0,37.0,39.0,39.0,70.0,74.0,41.0,59.0,37.0,30.0,51.0,52.0,40.0,77.0,54.0,79.0,86.0,75.0,80.0,59.0,82.0,70.0,52.0,68.0,31.0,51.0,2026,75.0
Nic Claxton,,81.0,89.0,75.0,64.0,62.0,70.0,70.0,79.0,80.0,75.0,72.0,64.0,72.0,55.0,80.0,84.0,79.0,40.0,76.0,85.0,64.0,85.0,69.0,71.0,79.0,90.0,89.0,80.0,40.0,49.0,44.0,48.0,70.0,69.0,75.0,2026,77.0
Miles Bridges,,81.0,89.0,57.0,76.0,83.0,85.0,95.0,86.0,60.0,88.0,84.0,84.0,84.0,89.0,95.0,60.0,59.0,37.0,52.0,62.0,68.0,45.0,75.0,84.0,85.0,93.0,80.0,85.0,69.0,76.0,71.0,74.0,61.0,42.0,68.0,2026,76.0
Tre Jones,,81.0,97.0,87.0,75.0,82.0,80.0,85.0,86.0,25.0,35.0,32.0,34.0,30.0,86.0,80.0,34.0,73.0,63.0,40.0,70.0,67.0,60.0,80.0,60.0,71.0,85.0,75.0,81.0,83.0,84.0,80.0,83.0,74.0,36.0,49.0,2026,80.0
Naji Marshall,,81.0,97.0,70.0,71.0,77.0,85.0,85.0,89.0,45.0,70.0,57.0,58.0,58.0,86.0,95.0,52.0,60.0,49.0,30.0,62.0,64.0,40.0,62.0,67.0,75.0,85.0,70.0,80.0,75.0,74.0,62.0,75.0,63.0,41.0,60.0,2026,65.0
Brandin Podziemski,,81.0,94.0,79.0,81.0,78.0,85.0,90.0,87.0,35.0,60.0,54.0,55.0,55.0,75.0,85.0,45.0,63.0,56.0,40.0,62.0,72.0,45.0,82.0,54.0,78.0,89.0,85.0,80.0,69.0,84.0,81.0,68.0,69.0,42.0,68.0,2026,82.0
T.J. McConnell,,81.0,98.0,97.0,75.0,86.0,85.0,60.0,76.0,25.0,25.0,44.0,58.0,38.0,40.0,79.0,49.0,82.0,86.0,47.0,70.0,87.0,80.0,76.0,44.0,65.0,85.0,92.0,83.0,92.0,79.0,73.0,92.0,97.0,36.0,54.0,2026,82.0
Jarace Walker,,81.0,82.0,74.0,82.0,75.0,85.0,80.0,78.0,70.0,85.0,57.0,58.0,58.0,40.0,80.0,67.0,62.0,43.0,51.0,60.0,62.0,60.0,81.0,80.0,90.0,90.0,80.0,80.0,69.0,62.0,70.0,68.0,53.0,37.0,75.0,2026,81.0
John Collins,,81.0,97.0,74.0,83.0,78.0,75.0,40.0,83.0,85.0,90.0,76.0,76.0,76.0,40.0,80.0,70.0,49.0,46.0,66.0,70.0,38.0,50.0,71.0,75.0,85.0,92.0,85.0,84.0,58.0,60.0,50.0,58.0,31.0,57.0,64.0,2026,65.0
Santi Aldama,,81.0,97.0,80.0,78.0,67.0,85.0,85.0,79.0,70.0,65.0,72.0,71.0,72.0,50.0,95.0,67.0,66.0,43.0,62.0,74.0,68.0,65.0,59.0,70.0,59.0,80.0,80.0,79.0,70.0,68.0,54.0,70.0,62.0,55.0,73.0,2026,60.0
Andrew Wiggins,,81.0,88.0,73.0,86.0,79.0,80.0,70.0,77.0,40.0,85.0,65.0,74.0,77.0,50.0,85.0,55.0,74.0,49.0,71.0,70.0,67.0,65.0,82.0,57.0,97.0,87.0,90.0,83.0,62.0,79.0,80.0,60.0,46.0,53.0,52.0,2026,82.0
Jalen Suggs,,81.0,87.0,90.0,76.0,85.0,60.0,50.0,77.0,40.0,80.0,39.0,38.0,74.0,50.0,84.0,55.0,91.0,97.0,63.0,84.0,82.0,85.0,88.0,59.0,90.0,88.0,85.0,80.0,75.0,80.0,88.0,77.0,74.0,37.0,60.0,2026,92.0
Grayson Allen,,81.0,80.0,97.0,85.0,85.0,85.0,85.0,79.0,25.0,70.0,31.0,43.0,42.0,49.0,78.0,35.0,72.0,66.0,45.0,70.0,74.0,45.0,84.0,44.0,81.0,85.0,80.0,82.0,68.0,78.0,79.0,70.0,70.0,36.0,47.0,2026,78.0
Collin Gillespie,,81.0,93.0,76.0,84.0,87.0,90.0,90.0,83.0,40.0,54.0,31.0,46.0,40.0,67.0,75.0,33.0,62.0,63.0,42.0,60.0,58.0,55.0,82.0,33.0,72.0,85.0,80.0,80.0,82.0,79.0,82.0,84.0,71.0,45.0,55.0,2026,82.0
Toumani Camara,,81.0,86.0,60.0,81.0,70.0,65.0,40.0,82.0,60.0,75.0,55.0,55.0,55.0,32.0,85.0,87.0,90.0,82.0,51.0,92.0,90.0,95.0,63.0,78.0,78.0,88.0,95.0,80.0,68.0,65.0,58.0,67.0,41.0,50.0,55.0,2026,89.0
Jerami Grant,,81.0,80.0,62.0,82.0,81.0,80.0,80.0,82.0,80.0,80.0,62.0,59.0,69.0,75.0,95.0,70.0,69.0,40.0,58.0,77.0,72.0,75.0,77.0,69.0,78.0,95.0,94.0,82.0,69.0,76.0,72.0,70.0,42.0,42.0,48.0,2026,77.0
Scoot Henderson,,81.0,74.0,97.0,79.0,84.0,80.0,80.0,83.0,35.0,88.0,44.0,44.0,44.0,40.0,95.0,41.0,66.0,43.0,50.0,65.0,67.0,50.0,90.0,53.0,90.0,95.0,80.0,80.0,79.0,86.0,90.0,77.0,72.0,38.0,49.0,2026,89.0
Russell Westbrook,,81.0,93.0,70.0,77.0,69.0,60.0,90.0,87.0,30.0,80.0,45.0,66.0,66.0,60.0,85.0,42.0,74.0,66.0,37.0,70.0,55.0,70.0,89.0,75.0,92.0,92.0,95.0,92.0,80.0,86.0,89.0,82.0,79.0,48.0,67.0,2026,89.0
Maxime Raynaud,,81.0,98.0,85.0,72.0,79.0,85.0,85.0,69.0,75.0,75.0,70.0,70.0,70.0,69.0,90.0,59.0,32.0,36.0,57.0,55.0,52.0,50.0,67.0,69.0,66.0,85.0,85.0,80.0,50.0,52.0,44.0,54.0,34.0,64.0,85.0,2026,52.0
Collin Murray-Boyles,,81.0,94.0,70.0,77.0,65.0,80.0,70.0,81.0,55.0,75.0,65.0,65.0,65.0,67.0,85.0,72.0,74.0,79.0,80.0,70.0,68.0,65.0,83.0,70.0,75.0,85.0,95.0,80.0,67.0,74.0,74.0,70.0,43.0,81.0,58.0,2026,86.0
Brice Sensabaugh,,81.0,98.0,79.0,80.0,82.0,85.0,90.0,83.0,35.0,60.0,57.0,59.0,57.0,57.0,95.0,50.0,55.0,43.0,42.0,55.0,50.0,35.0,65.0,64.0,70.0,88.0,70.0,79.0,65.0,74.0,62.0,63.0,46.0,42.0,52.0,2026,67.0
Ace Bailey,,81.0,97.0,74.0,78.0,77.0,90.0,90.0,74.0,60.0,80.0,59.0,62.0,60.0,59.0,80.0,59.0,68.0,42.0,62.0,67.0,68.0,60.0,85.0,61.0,79.0,88.0,80.0,80.0,66.0,75.0,79.0,66.0,39.0,52.0,52.0,2026,84.0
Will Riley,,81.0,88.0,68.0,76.0,80.0,95.0,95.0,81.0,30.0,70.0,59.0,66.0,59.0,79.0,95.0,60.0,62.0,46.0,35.0,65.0,57.0,50.0,82.0,45.0,67.0,85.0,85.0,80.0,66.0,70.0,74.0,68.0,45.0,43.0,49.0,2026,65.0
Coby White,,81.0,90.0,74.0,80.0,82.0,70.0,80.0,85.0,30.0,65.0,34.0,45.0,49.0,78.0,95.0,49.0,64.0,37.0,35.0,66.0,64.0,55.0,85.0,56.0,81.0,90.0,85.0,80.0,79.0,87.0,84.0,84.0,72.0,33.0,59.0,2026,85.0
Collin Sexton,,81.0,93.0,82.0,84.0,86.0,80.0,80.0,80.0,30.0,75.0,25.0,38.0,28.0,50.0,75.0,45.0,67.0,63.0,40.0,60.0,60.0,50.0,88.0,48.0,84.0,95.0,80.0,81.0,75.0,86.0,87.0,74.0,71.0,36.0,43.0,2026,88.0
Marcus Smart,,80.0,82.0,98.0,80.0,82.0,70.0,60.0,70.0,25.0,50.0,25.0,58.0,78.0,27.0,70.0,74.0,86.0,80.0,51.0,86.0,85.0,85.0,75.0,73.0,83.0,89.0,90.0,83.0,75.0,74.0,74.0,75.0,48.0,37.0,46.0,2026,89.0
Ryan Kalkbrenner,,80.0,98.0,74.0,73.0,71.0,85.0,70.0,60.0,80.0,75.0,71.0,60.0,70.0,67.0,85.0,78.0,30.0,38.0,89.0,78.0,54.0,75.0,44.0,67.0,74.0,85.0,85.0,80.0,50.0,37.0,30.0,50.0,30.0,85.0,65.0,2026,35.0
Moussa Diabate,,80.0,85.0,72.0,67.0,66.0,70.0,60.0,79.0,65.0,80.0,67.0,57.0,67.0,57.0,65.0,65.0,41.0,43.0,73.0,65.0,50.0,55.0,73.0,60.0,78.0,80.0,95.0,80.0,42.0,40.0,66.0,52.0,39.0,93.0,79.0,2026,73.0
Daniel Gafford,,80.0,91.0,65.0,29.0,68.0,70.0,50.0,75.0,85.0,75.0,69.0,67.0,67.0,57.0,70.0,84.0,57.0,46.0,83.0,83.0,50.0,80.0,75.0,73.0,80.0,75.0,89.0,80.0,37.0,35.0,44.0,37.0,33.0,81.0,79.0,2026,70.0
P.J. Washington,,80.0,87.0,73.0,75.0,69.0,70.0,50.0,75.0,65.0,80.0,68.0,63.0,63.0,44.0,95.0,78.0,79.0,43.0,70.0,80.0,78.0,80.0,75.0,68.0,69.0,85.0,85.0,79.0,55.0,70.0,63.0,60.0,35.0,51.0,72.0,2026,80.0
Brandon Williams,,80.0,85.0,95.0,69.0,80.0,80.0,85.0,88.0,25.0,50.0,27.0,46.0,50.0,84.0,90.0,33.0,62.0,59.0,51.0,57.0,52.0,45.0,79.0,62.0,68.0,89.0,70.0,81.0,80.0,82.0,77.0,80.0,73.0,36.0,53.0,2026,79.0
Cameron Johnson,,80.0,75.0,71.0,89.0,84.0,80.0,75.0,79.0,60.0,60.0,69.0,69.0,69.0,64.0,57.0,65.0,69.0,40.0,51.0,64.0,68.0,65.0,70.0,60.0,79.0,85.0,86.0,78.0,59.0,59.0,43.0,66.0,40.0,40.0,51.0,2026,70.0
Tim Hardaway Jr.,,80.0,91.0,98.0,86.0,81.0,85.0,80.0,86.0,35.0,78.0,36.0,53.0,38.0,70.0,71.0,45.0,70.0,36.0,35.0,63.0,58.0,40.0,68.0,55.0,78.0,85.0,83.0,83.0,75.0,78.0,68.0,84.0,33.0,29.0,48.0,2026,75.0
Christian Braun,,80.0,97.0,67.0,78.0,79.0,70.0,75.0,85.0,25.0,85.0,25.0,55.0,36.0,69.0,90.0,40.0,79.0,37.0,45.0,78.0,80.0,80.0,83.0,46.0,83.0,93.0,95.0,80.0,69.0,69.0,74.0,74.0,44.0,51.0,53.0,2026,83.0
Duncan Robinson,,80.0,97.0,79.0,88.0,76.0,85.0,85.0,75.0,30.0,70.0,40.0,44.0,35.0,54.0,90.0,50.0,67.0,37.0,51.0,64.0,65.0,60.0,59.0,35.0,72.0,85.0,75.0,83.0,66.0,72.0,56.0,70.0,40.0,33.0,47.0,2026,67.0
Daniss Jenkins,,80.0,76.0,84.0,83.0,82.0,80.0,60.0,84.0,30.0,60.0,36.0,36.0,28.0,72.0,85.0,32.0,69.0,63.0,50.0,69.0,75.0,65.0,75.0,45.0,70.0,85.0,80.0,80.0,80.0,86.0,74.0,85.0,72.0,45.0,46.0,2026,75.0
Gui Santos,,80.0,96.0,69.0,79.0,73.0,85.0,80.0,79.0,50.0,65.0,59.0,59.0,59.0,45.0,80.0,66.0,69.0,63.0,55.0,70.0,57.0,50.0,73.0,50.0,74.0,80.0,75.0,86.0,69.0,69.0,69.0,69.0,64.0,54.0,65.0,2026,72.0
Fred VanVleet,,80.0,75.0,82.0,78.0,81.0,80.0,60.0,70.0,25.0,35.0,30.0,32.0,28.0,55.0,98.0,27.0,80.0,66.0,51.0,79.0,74.0,80.0,83.0,42.0,75.0,95.0,94.0,82.0,84.0,86.0,83.0,85.0,70.0,33.0,49.0,2026,80.0
Reed Sheppard,,80.0,88.0,83.0,83.0,81.0,80.0,75.0,78.0,25.0,70.0,44.0,45.0,40.0,52.0,90.0,54.0,78.0,86.0,62.0,70.0,77.0,70.0,90.0,56.0,87.0,93.0,95.0,80.0,79.0,79.0,84.0,79.0,68.0,32.0,51.0,2026,89.0
Obi Toppin,,80.0,98.0,53.0,75.0,85.0,70.0,60.0,88.0,85.0,90.0,67.0,67.0,69.0,60.0,90.0,66.0,48.0,43.0,32.0,62.0,47.0,40.0,70.0,74.0,90.0,88.0,70.0,88.0,55.0,60.0,56.0,59.0,70.0,41.0,83.0,2026,69.0
Aaron Nesmith,,80.0,90.0,70.0,82.0,83.0,85.0,70.0,77.0,35.0,55.0,53.0,57.0,57.0,78.0,85.0,72.0,76.0,36.0,55.0,76.0,57.0,75.0,78.0,52.0,79.0,87.0,85.0,81.0,69.0,70.0,64.0,65.0,38.0,43.0,53.0,2026,76.0
Cedric Coward,,80.0,92.0,69.0,76.0,85.0,85.0,65.0,84.0,50.0,80.0,30.0,48.0,32.0,45.0,80.0,58.0,73.0,40.0,55.0,71.0,68.0,55.0,88.0,57.0,83.0,95.0,85.0,80.0,68.0,73.0,79.0,68.0,62.0,52.0,73.0,2026,84.0
GG Jackson,,80.0,88.0,89.0,76.0,74.0,70.0,75.0,71.0,65.0,85.0,59.0,59.0,59.0,49.0,95.0,58.0,58.0,40.0,73.0,70.0,69.0,40.0,82.0,62.0,82.0,88.0,60.0,80.0,59.0,62.0,80.0,50.0,41.0,47.0,68.0,2026,79.0
Jaime Jaquez Jr.,,80.0,92.0,69.0,73.0,77.0,85.0,80.0,85.0,55.0,88.0,60.0,64.0,63.0,45.0,80.0,68.0,72.0,40.0,47.0,75.0,72.0,75.0,67.0,68.0,82.0,88.0,90.0,80.0,70.0,73.0,64.0,74.0,71.0,48.0,61.0,2026,75.0
Kel’el Ware,,80.0,77.0,64.0,82.0,76.0,70.0,60.0,77.0,85.0,86.0,65.0,54.0,60.0,62.0,90.0,75.0,37.0,46.0,82.0,69.0,50.0,60.0,66.0,66.0,90.0,89.0,90.0,80.0,37.0,52.0,46.0,52.0,29.0,87.0,91.0,2026,68.0
Pelle Larsson,,80.0,94.0,87.0,75.0,79.0,80.0,75.0,74.0,45.0,75.0,38.0,44.0,42.0,69.0,80.0,52.0,65.0,41.0,45.0,60.0,57.0,50.0,87.0,55.0,79.0,85.0,85.0,80.0,64.0,68.0,74.0,68.0,65.0,45.0,49.0,2026,80.0
Bobby Portis Jr.,,80.0,96.0,82.0,89.0,71.0,75.0,55.0,74.0,75.0,70.0,83.0,83.0,83.0,74.0,85.0,78.0,40.0,40.0,45.0,75.0,65.0,65.0,65.0,83.0,64.0,85.0,90.0,84.0,55.0,52.0,59.0,52.0,40.0,56.0,84.0,2026,64.0
Kyle Kuzma,,80.0,84.0,79.0,78.0,72.0,70.0,70.0,75.0,75.0,75.0,66.0,65.0,66.0,50.0,95.0,66.0,75.0,41.0,55.0,74.0,72.0,70.0,74.0,74.0,75.0,85.0,95.0,83.0,66.0,77.0,67.0,78.0,59.0,42.0,66.0,2026,74.0
Donte DiVincenzo,,80.0,84.0,88.0,84.0,76.0,80.0,80.0,86.0,25.0,75.0,28.0,45.0,38.0,52.0,70.0,58.0,82.0,59.0,51.0,84.0,88.0,80.0,87.0,60.0,95.0,90.0,85.0,81.0,77.0,79.0,81.0,79.0,64.0,40.0,54.0,2026,87.0
Jeremiah Fears,,80.0,73.0,75.0,77.0,79.0,75.0,75.0,84.0,40.0,70.0,40.0,41.0,40.0,79.0,85.0,38.0,62.0,63.0,53.0,62.0,60.0,60.0,94.0,49.0,75.0,85.0,85.0,80.0,78.0,88.0,92.0,79.0,69.0,39.0,56.0,2026,88.0
Derik Queen,,80.0,85.0,71.0,66.0,79.0,75.0,75.0,82.0,65.0,70.0,78.0,78.0,78.0,75.0,90.0,69.0,52.0,59.0,73.0,68.0,62.0,60.0,54.0,80.0,62.0,85.0,80.0,80.0,79.0,69.0,52.0,82.0,70.0,60.0,83.0,2026,54.0
Mitchell Robinson,,80.0,90.0,68.0,32.0,41.0,70.0,35.0,66.0,85.0,80.0,65.0,52.0,50.0,41.0,80.0,83.0,49.0,66.0,88.0,87.0,65.0,80.0,48.0,84.0,76.0,80.0,85.0,80.0,70.0,40.0,25.0,54.0,31.0,98.0,87.0,2026,65.0
Alex Caruso,,80.0,88.0,82.0,78.0,80.0,70.0,50.0,75.0,35.0,75.0,30.0,43.0,29.0,40.0,85.0,51.0,93.0,97.0,56.0,90.0,92.0,95.0,82.0,31.0,72.0,85.0,85.0,81.0,75.0,78.0,82.0,75.0,57.0,41.0,56.0,2026,94.0
Luguentz Dort,,80.0,64.0,86.0,77.0,76.0,50.0,40.0,74.0,50.0,85.0,40.0,38.0,44.0,40.0,85.0,75.0,94.0,75.0,55.0,90.0,88.0,90.0,79.0,70.0,87.0,92.0,94.0,80.0,67.0,72.0,76.0,68.0,31.0,42.0,51.0,2026,94.0
Isaiah Joe,,80.0,96.0,97.0,86.0,89.0,80.0,85.0,87.0,40.0,60.0,35.0,38.0,30.0,85.0,85.0,42.0,69.0,46.0,42.0,61.0,52.0,55.0,72.0,47.0,79.0,80.0,75.0,87.0,67.0,74.0,63.0,69.0,36.0,37.0,50.0,2026,77.0
Wendell Carter Jr.,,80.0,86.0,86.0,75.0,81.0,60.0,60.0,78.0,80.0,75.0,81.0,81.0,81.0,75.0,85.0,78.0,47.0,41.0,58.0,80.0,70.0,70.0,68.0,82.0,68.0,85.0,90.0,81.0,56.0,50.0,47.0,70.0,39.0,63.0,78.0,2026,55.0
Kelly Oubre Jr.,,80.0,91.0,83.0,80.0,76.0,65.0,80.0,84.0,40.0,84.0,45.0,53.0,52.0,70.0,88.0,49.0,74.0,56.0,53.0,70.0,75.0,55.0,72.0,58.0,95.0,90.0,75.0,84.0,73.0,74.0,69.0,75.0,34.0,42.0,60.0,2026,82.0
Robert Williams III,,80.0,98.0,69.0,74.0,62.0,50.0,55.0,82.0,80.0,75.0,60.0,50.0,65.0,37.0,75.0,83.0,40.0,46.0,95.0,88.0,85.0,85.0,71.0,83.0,75.0,80.0,90.0,81.0,57.0,48.0,38.0,62.0,37.0,91.0,91.0,2026,64.0
Malik Monk,,80.0,83.0,79.0,83.0,88.0,75.0,80.0,82.0,40.0,75.0,25.0,62.0,45.0,44.0,95.0,45.0,60.0,41.0,55.0,54.0,57.0,45.0,80.0,48.0,88.0,88.0,72.0,80.0,75.0,79.0,76.0,75.0,70.0,31.0,46.0,2026,80.0
Julian Champagnie,,80.0,79.0,78.0,85.0,84.0,90.0,80.0,79.0,40.0,60.0,43.0,44.0,52.0,69.0,85.0,45.0,75.0,42.0,53.0,70.0,67.0,70.0,69.0,37.0,67.0,85.0,75.0,80.0,66.0,68.0,65.0,64.0,33.0,42.0,71.0,2026,75.0
Jakob Poeltl,,80.0,97.0,79.0,45.0,63.0,75.0,60.0,73.0,75.0,60.0,84.0,79.0,84.0,60.0,85.0,81.0,45.0,46.0,67.0,79.0,67.0,80.0,51.0,80.0,57.0,80.0,80.0,80.0,69.0,38.0,31.0,62.0,44.0,77.0,80.0,2026,37.0
Anfernee Simons,,80.0,97.0,79.0,82.0,90.0,70.0,75.0,89.0,40.0,89.0,49.0,49.0,49.0,59.0,95.0,49.0,59.0,40.0,37.0,50.0,55.0,40.0,86.0,41.0,90.0,92.0,90.0,80.0,75.0,86.0,79.0,79.0,57.0,37.0,45.0,2026,89.0
Deandre Ayton,,79.0,98.0,85.0,63.0,63.0,60.0,40.0,75.0,90.0,75.0,82.0,78.0,82.0,58.0,82.0,76.0,49.0,38.0,72.0,75.0,64.0,70.0,75.0,85.0,82.0,75.0,50.0,81.0,53.0,61.0,55.0,70.0,29.0,77.0,83.0,2026,65.0
Jaxson Hayes,,79.0,98.0,68.0,60.0,64.0,75.0,65.0,79.0,85.0,88.0,68.0,54.0,65.0,52.0,90.0,78.0,48.0,40.0,80.0,79.0,45.0,65.0,58.0,72.0,75.0,80.0,95.0,80.0,29.0,38.0,41.0,40.0,33.0,69.0,67.0,2026,64.0
Jalen Smith,,79.0,71.0,67.0,81.0,74.0,85.0,80.0,69.0,85.0,80.0,72.0,71.0,71.0,57.0,80.0,70.0,48.0,37.0,76.0,73.0,44.0,45.0,69.0,65.0,86.0,82.0,70.0,80.0,29.0,38.0,49.0,40.0,37.0,69.0,85.0,2026,68.0
Max Strus,,79.0,86.0,85.0,89.0,88.0,70.0,70.0,74.0,35.0,65.0,48.0,47.0,47.0,42.0,85.0,45.0,66.0,33.0,25.0,60.0,57.0,50.0,76.0,40.0,74.0,95.0,70.0,85.0,72.0,69.0,74.0,70.0,42.0,47.0,81.0,2026,76.0
Dereck Lively II,,79.0,97.0,60.0,52.0,64.0,80.0,50.0,82.0,85.0,83.0,59.0,54.0,59.0,40.0,90.0,83.0,57.0,38.0,90.0,80.0,54.0,80.0,50.0,70.0,67.0,80.0,95.0,80.0,69.0,52.0,40.0,68.0,61.0,78.0,80.0,2026,57.0
Jonas Valanciunas,,79.0,98.0,74.0,72.0,77.0,70.0,70.0,80.0,80.0,65.0,84.0,64.0,84.0,65.0,80.0,69.0,40.0,35.0,81.0,60.0,47.0,45.0,49.0,91.0,54.0,90.0,80.0,81.0,36.0,35.0,33.0,65.0,55.0,85.0,88.0,2026,48.0
Jaden Ivey,,79.0,83.0,65.0,84.0,73.0,60.0,65.0,85.0,30.0,85.0,44.0,42.0,44.0,62.0,90.0,59.0,71.0,43.0,51.0,70.0,69.0,65.0,88.0,54.0,85.0,92.0,85.0,80.0,79.0,86.0,87.0,78.0,70.0,50.0,51.0,2026,91.0
Caris LeVert,,79.0,83.0,84.0,79.0,66.0,60.0,75.0,80.0,60.0,75.0,52.0,54.0,49.0,60.0,95.0,45.0,74.0,63.0,73.0,70.0,68.0,60.0,75.0,54.0,80.0,92.0,80.0,78.0,75.0,86.0,72.0,84.0,67.0,36.0,47.0,2026,77.0
Paul Reed,,79.0,98.0,74.0,76.0,65.0,75.0,70.0,79.0,80.0,75.0,70.0,70.0,70.0,64.0,75.0,69.0,43.0,91.0,90.0,66.0,58.0,40.0,49.0,84.0,65.0,80.0,80.0,80.0,48.0,52.0,41.0,44.0,50.0,92.0,76.0,2026,52.0
Draymond Green,,79.0,78.0,75.0,75.0,69.0,30.0,25.0,70.0,55.0,65.0,50.0,51.0,51.0,30.0,80.0,93.0,88.0,79.0,61.0,95.0,84.0,95.0,73.0,85.0,66.0,85.0,90.0,88.0,80.0,78.0,69.0,84.0,73.0,41.0,74.0,2026,84.0
Moses Moody,,79.0,82.0,73.0,86.0,77.0,70.0,70.0,84.0,40.0,70.0,44.0,48.0,49.0,70.0,80.0,68.0,71.0,53.0,60.0,69.0,60.0,65.0,73.0,68.0,70.0,88.0,80.0,80.0,65.0,74.0,70.0,64.0,37.0,42.0,52.0,2026,77.0
Al Horford,,79.0,92.0,79.0,80.0,85.0,65.0,50.0,65.0,70.0,65.0,76.0,79.0,79.0,37.0,84.0,82.0,68.0,46.0,84.0,85.0,78.0,85.0,53.0,91.0,69.0,95.0,85.0,78.0,79.0,50.0,33.0,84.0,64.0,50.0,77.0,2026,67.0
Gary Payton II,,79.0,97.0,75.0,72.0,59.0,60.0,50.0,85.0,35.0,75.0,30.0,42.0,42.0,37.0,89.0,79.0,83.0,86.0,57.0,76.0,91.0,80.0,81.0,48.0,85.0,85.0,80.0,83.0,60.0,70.0,81.0,67.0,65.0,69.0,68.0,2026,83.0
De’Anthony Melton,,79.0,88.0,72.0,70.0,83.0,80.0,80.0,77.0,25.0,70.0,25.0,58.0,48.0,49.0,95.0,48.0,82.0,97.0,55.0,82.0,82.0,80.0,76.0,44.0,75.0,80.0,85.0,83.0,74.0,79.0,74.0,74.0,63.0,45.0,54.0,2026,81.0
Tari Eason,,79.0,75.0,54.0,80.0,75.0,60.0,40.0,82.0,35.0,80.0,54.0,52.0,51.0,44.0,80.0,78.0,85.0,70.0,56.0,84.0,85.0,80.0,80.0,70.0,80.0,85.0,85.0,80.0,50.0,70.0,72.0,47.0,35.0,67.0,69.0,2026,85.0
Jay Huff,,79.0,98.0,82.0,74.0,82.0,80.0,75.0,60.0,65.0,65.0,74.0,74.0,74.0,64.0,80.0,79.0,32.0,40.0,93.0,78.0,64.0,75.0,48.0,62.0,62.0,80.0,85.0,77.0,50.0,43.0,33.0,60.0,39.0,47.0,65.0,2026,47.0
Derrick Jones Jr.,,79.0,91.0,82.0,79.0,76.0,75.0,65.0,79.0,85.0,94.0,50.0,52.0,52.0,52.0,90.0,67.0,82.0,49.0,75.0,81.0,80.0,80.0,77.0,59.0,93.0,83.0,80.0,78.0,65.0,68.0,61.0,54.0,34.0,48.0,48.0,2026,82.0
Jaylen Wells,,79.0,94.0,90.0,79.0,78.0,65.0,60.0,78.0,45.0,70.0,42.0,44.0,42.0,55.0,80.0,51.0,80.0,46.0,37.0,78.0,75.0,75.0,86.0,60.0,67.0,85.0,85.0,80.0,62.0,75.0,70.0,64.0,37.0,42.0,48.0,2026,80.0
Cam Spencer,,79.0,97.0,86.0,88.0,94.0,75.0,70.0,69.0,30.0,55.0,36.0,37.0,30.0,52.0,85.0,44.0,59.0,43.0,40.0,50.0,52.0,45.0,73.0,45.0,53.0,85.0,90.0,80.0,84.0,77.0,70.0,84.0,77.0,37.0,47.0,2026,73.0
Davion Mitchell,,79.0,98.0,74.0,83.0,67.0,65.0,65.0,79.0,25.0,40.0,30.0,30.0,30.0,30.0,95.0,44.0,87.0,46.0,37.0,85.0,82.0,85.0,82.0,60.0,70.0,90.0,95.0,80.0,75.0,86.0,82.0,75.0,74.0,33.0,45.0,2026,88.0
Herbert Jones,,79.0,65.0,75.0,73.0,81.0,40.0,30.0,67.0,55.0,75.0,62.0,62.0,62.0,55.0,85.0,85.0,91.0,83.0,56.0,90.0,88.0,90.0,74.0,59.0,72.0,82.0,85.0,80.0,65.0,75.0,69.0,75.0,49.0,41.0,49.0,2026,91.0
Miles McBride,,79.0,58.0,91.0,86.0,81.0,80.0,70.0,75.0,25.0,65.0,25.0,58.0,48.0,55.0,80.0,40.0,81.0,42.0,40.0,78.0,74.0,75.0,86.0,44.0,80.0,85.0,85.0,80.0,72.0,88.0,80.0,72.0,52.0,37.0,44.0,2026,86.0
Jaylin Williams,,79.0,83.0,85.0,82.0,79.0,90.0,75.0,77.0,75.0,75.0,69.0,67.0,68.0,67.0,75.0,68.0,54.0,40.0,72.0,67.0,57.0,55.0,50.0,60.0,62.0,78.0,90.0,80.0,70.0,59.0,38.0,74.0,62.0,39.0,87.0,2026,57.0
Quentin Grimes,,79.0,89.0,70.0,76.0,84.0,70.0,75.0,82.0,25.0,70.0,39.0,48.0,42.0,72.0,80.0,46.0,83.0,42.0,51.0,80.0,78.0,75.0,86.0,63.0,75.0,85.0,80.0,80.0,70.0,79.0,79.0,75.0,62.0,36.0,53.0,2026,84.0
Keegan Murray,,79.0,97.0,73.0,76.0,78.0,60.0,75.0,77.0,60.0,80.0,69.0,69.0,69.0,45.0,80.0,68.0,78.0,43.0,80.0,64.0,75.0,75.0,76.0,60.0,79.0,85.0,86.0,80.0,65.0,70.0,73.0,66.0,33.0,47.0,62.0,2026,79.0
Precious Achiuwa,,79.0,94.0,60.0,73.0,56.0,70.0,65.0,79.0,85.0,80.0,57.0,44.0,42.0,50.0,75.0,79.0,56.0,56.0,66.0,79.0,70.0,75.0,75.0,78.0,79.0,84.0,90.0,76.0,36.0,49.0,66.0,50.0,35.0,75.0,78.0,2026,74.0
Keldon Johnson,,79.0,97.0,83.0,81.0,80.0,60.0,70.0,87.0,65.0,75.0,59.0,62.0,62.0,61.0,95.0,67.0,73.0,38.0,35.0,69.0,64.0,65.0,76.0,70.0,71.0,90.0,95.0,80.0,74.0,79.0,73.0,74.0,36.0,62.0,67.0,2026,78.0
Sandro Mamukelashvili,,79.0,90.0,70.0,82.0,75.0,85.0,80.0,69.0,65.0,65.0,62.0,60.0,63.0,54.0,85.0,65.0,50.0,53.0,63.0,68.0,52.0,45.0,59.0,73.0,69.0,85.0,85.0,80.0,62.0,59.0,49.0,69.0,46.0,60.0,71.0,2026,59.0
Kyle Filipowski,,79.0,97.0,70.0,76.0,75.0,80.0,75.0,64.0,70.0,70.0,74.0,72.0,74.0,50.0,85.0,60.0,55.0,59.0,61.0,65.0,57.0,50.0,77.0,68.0,66.0,85.0,90.0,80.0,60.0,69.0,57.0,60.0,61.0,65.0,86.0,2026,57.0
Bilal Coulibaly,,79.0,65.0,70.0,73.0,75.0,75.0,50.0,84.0,60.0,85.0,50.0,50.0,50.0,50.0,80.0,67.0,80.0,76.0,71.0,78.0,78.0,75.0,82.0,63.0,85.0,92.0,80.0,80.0,69.0,72.0,64.0,72.0,52.0,41.0,62.0,2026,85.0
De’Andre Hunter,,79.0,94.0,92.0,73.0,87.0,60.0,70.0,79.0,65.0,70.0,51.0,52.0,51.0,60.0,85.0,63.0,82.0,38.0,37.0,80.0,60.0,80.0,76.0,65.0,75.0,88.0,80.0,80.0,67.0,70.0,69.0,64.0,42.0,38.0,63.0,2026,83.0
Jonathan Kuminga,,79.0,92.0,49.0,81.0,72.0,70.0,80.0,89.0,65.0,85.0,49.0,50.0,50.0,79.0,85.0,73.0,73.0,40.0,52.0,70.0,69.0,50.0,84.0,73.0,90.0,88.0,80.0,80.0,69.0,67.0,75.0,68.0,60.0,57.0,78.0,2026,84.0
Nikola Vucevic,,79.0,97.0,83.0,79.0,81.0,70.0,60.0,70.0,75.0,65.0,86.0,83.0,85.0,44.0,80.0,68.0,41.0,37.0,60.0,67.0,57.0,45.0,62.0,87.0,45.0,88.0,70.0,77.0,77.0,35.0,32.0,76.0,66.0,63.0,85.0,2026,49.0
Marvin Bagley III,,79.0,94.0,79.0,80.0,65.0,75.0,75.0,78.0,70.0,75.0,78.0,78.0,78.0,50.0,70.0,58.0,49.0,38.0,70.0,60.0,65.0,40.0,73.0,80.0,86.0,85.0,80.0,87.0,47.0,62.0,64.0,60.0,42.0,86.0,75.0,2026,74.0
Jared McCain,,79.0,83.0,77.0,85.0,87.0,90.0,80.0,82.0,30.0,70.0,37.0,38.0,38.0,60.0,85.0,45.0,63.0,43.0,35.0,60.0,60.0,55.0,76.0,52.0,68.0,85.0,80.0,80.0,73.0,86.0,75.0,73.0,42.0,36.0,52.0,2026,76.0
Sam Hauser,,78.0,94.0,79.0,86.0,89.0,85.0,75.0,60.0,40.0,60.0,44.0,45.0,45.0,55.0,95.0,48.0,55.0,38.0,52.0,52.0,44.0,45.0,61.0,66.0,62.0,85.0,88.0,80.0,50.0,43.0,55.0,60.0,34.0,41.0,60.0,2026,62.0
Luka Garza,,78.0,98.0,74.0,87.0,76.0,85.0,85.0,74.0,60.0,45.0,79.0,79.0,79.0,59.0,85.0,54.0,30.0,40.0,65.0,52.0,56.0,30.0,40.0,69.0,48.0,80.0,85.0,80.0,55.0,35.0,34.0,55.0,36.0,91.0,53.0,2026,40.0
Ziaire Williams,,78.0,78.0,68.0,77.0,85.0,80.0,50.0,75.0,65.0,80.0,48.0,44.0,58.0,50.0,75.0,60.0,73.0,90.0,55.0,70.0,74.0,70.0,87.0,40.0,82.0,90.0,80.0,80.0,50.0,79.0,82.0,54.0,34.0,37.0,50.0,2026,87.0
Day’Ron Sharpe,,78.0,90.0,74.0,69.0,68.0,75.0,65.0,76.0,75.0,70.0,48.0,35.0,48.0,44.0,70.0,69.0,60.0,88.0,61.0,69.0,55.0,60.0,61.0,79.0,73.0,80.0,95.0,80.0,62.0,58.0,38.0,66.0,70.0,92.0,86.0,2026,61.0
Egor Demin,,78.0,89.0,60.0,82.0,83.0,70.0,75.0,85.0,45.0,65.0,52.0,51.0,55.0,57.0,90.0,47.0,65.0,46.0,51.0,60.0,67.0,60.0,70.0,60.0,74.0,88.0,90.0,80.0,84.0,86.0,70.0,85.0,70.0,34.0,60.0,2026,75.0
Sam Merrill,,78.0,87.0,69.0,87.0,86.0,95.0,80.0,64.0,30.0,45.0,30.0,44.0,48.0,55.0,80.0,42.0,68.0,38.0,37.0,62.0,62.0,55.0,62.0,52.0,60.0,80.0,60.0,79.0,74.0,76.0,60.0,79.0,46.0,36.0,46.0,2026,68.0
Dean Wade,,78.0,93.0,70.0,79.0,71.0,70.0,40.0,78.0,80.0,75.0,60.0,60.0,64.0,44.0,70.0,80.0,84.0,49.0,56.0,84.0,82.0,85.0,62.0,60.0,83.0,80.0,85.0,79.0,38.0,60.0,43.0,55.0,35.0,47.0,66.0,2026,84.0
Klay Thompson,,78.0,85.0,69.0,88.0,76.0,80.0,80.0,67.0,35.0,65.0,35.0,65.0,64.0,60.0,85.0,60.0,75.0,37.0,51.0,70.0,48.0,70.0,71.0,62.0,67.0,91.0,80.0,94.0,57.0,67.0,71.0,57.0,38.0,31.0,47.0,2026,75.0
Isaiah Stewart,,78.0,92.0,77.0,77.0,76.0,65.0,60.0,76.0,75.0,70.0,73.0,64.0,75.0,50.0,70.0,84.0,67.0,32.0,91.0,82.0,42.0,80.0,63.0,89.0,70.0,80.0,85.0,77.0,44.0,34.0,52.0,50.0,33.0,65.0,66.0,2026,71.0
Ron Holland,,78.0,91.0,64.0,70.0,80.0,60.0,25.0,85.0,55.0,80.0,40.0,42.0,42.0,57.0,80.0,78.0,84.0,90.0,56.0,84.0,82.0,85.0,85.0,69.0,80.0,90.0,85.0,80.0,60.0,75.0,79.0,60.0,35.0,56.0,67.0,2026,88.0
Javonte Green,,78.0,90.0,70.0,81.0,84.0,70.0,50.0,79.0,25.0,85.0,52.0,52.0,52.0,60.0,95.0,74.0,77.0,93.0,56.0,74.0,80.0,75.0,72.0,46.0,85.0,80.0,85.0,82.0,60.0,72.0,69.0,68.0,30.0,48.0,56.0,2026,74.0
Brook Lopez,,78.0,94.0,74.0,80.0,77.0,75.0,70.0,54.0,75.0,65.0,76.0,76.0,76.0,40.0,85.0,80.0,45.0,43.0,85.0,80.0,78.0,80.0,25.0,89.0,60.0,92.0,85.0,79.0,35.0,35.0,25.0,70.0,36.0,40.0,64.0,2026,60.0
Brandon Clarke,,78.0,97.0,78.0,57.0,70.0,60.0,35.0,87.0,80.0,84.0,63.0,62.0,62.0,55.0,80.0,80.0,75.0,59.0,65.0,80.0,72.0,80.0,84.0,64.0,82.0,90.0,95.0,80.0,59.0,69.0,65.0,62.0,33.0,75.0,68.0,2026,83.0
Olivier-Maxence Prosper,,78.0,92.0,68.0,83.0,76.0,80.0,75.0,78.0,40.0,85.0,57.0,57.0,57.0,69.0,80.0,74.0,74.0,56.0,52.0,64.0,58.0,60.0,79.0,60.0,88.0,88.0,85.0,80.0,65.0,60.0,66.0,61.0,34.0,57.0,62.0,2026,81.0
Myles Turner,,78.0,85.0,88.0,82.0,74.0,60.0,40.0,70.0,80.0,65.0,76.0,80.0,80.0,40.0,85.0,87.0,70.0,41.0,87.0,87.0,70.0,85.0,56.0,80.0,69.0,95.0,80.0,83.0,31.0,35.0,32.0,68.0,34.0,46.0,69.0,2026,66.0
Cole Anthony,,78.0,87.0,79.0,79.0,82.0,70.0,75.0,79.0,40.0,85.0,49.0,58.0,44.0,62.0,80.0,45.0,69.0,56.0,61.0,55.0,52.0,45.0,84.0,59.0,77.0,88.0,85.0,98.0,77.0,84.0,84.0,78.0,72.0,46.0,65.0,2026,84.0
Yves Missi,,78.0,78.0,42.0,30.0,56.0,80.0,45.0,65.0,85.0,80.0,62.0,50.0,58.0,40.0,90.0,75.0,48.0,35.0,92.0,70.0,45.0,60.0,78.0,72.0,85.0,80.0,95.0,80.0,29.0,35.0,45.0,37.0,36.0,91.0,67.0,2026,67.0
Aaron Wiggins,,78.0,82.0,87.0,79.0,74.0,80.0,80.0,80.0,35.0,70.0,52.0,57.0,54.0,62.0,76.0,48.0,59.0,59.0,58.0,57.0,52.0,55.0,84.0,45.0,72.0,80.0,65.0,80.0,68.0,70.0,75.0,68.0,41.0,41.0,54.0,2026,84.0
Kenrich Williams,,78.0,84.0,90.0,84.0,64.0,70.0,60.0,79.0,40.0,65.0,57.0,58.0,58.0,55.0,90.0,68.0,75.0,53.0,42.0,74.0,75.0,75.0,66.0,63.0,72.0,80.0,90.0,80.0,69.0,69.0,63.0,69.0,46.0,60.0,63.0,2026,75.0
Tristan da Silva,,78.0,90.0,49.0,80.0,89.0,95.0,70.0,78.0,60.0,65.0,69.0,69.0,69.0,55.0,90.0,64.0,64.0,53.0,51.0,58.0,57.0,50.0,85.0,62.0,67.0,90.0,85.0,80.0,64.0,69.0,59.0,68.0,37.0,41.0,59.0,2026,67.0
Harrison Barnes,,78.0,85.0,63.0,84.0,83.0,60.0,80.0,86.0,55.0,80.0,48.0,65.0,79.0,40.0,75.0,67.0,72.0,40.0,40.0,65.0,65.0,60.0,77.0,70.0,95.0,92.0,75.0,82.0,62.0,78.0,73.0,67.0,39.0,42.0,45.0,2026,75.0
Luke Kornet,,78.0,85.0,66.0,70.0,82.0,80.0,75.0,69.0,75.0,60.0,78.0,78.0,78.0,58.0,85.0,74.0,32.0,37.0,81.0,76.0,54.0,70.0,38.0,66.0,62.0,85.0,85.0,77.0,50.0,43.0,33.0,60.0,42.0,90.0,68.0,2026,37.0
Jamal Shead,,78.0,72.0,51.0,74.0,78.0,85.0,70.0,74.0,25.0,50.0,30.0,31.0,30.0,40.0,80.0,34.0,77.0,63.0,45.0,67.0,60.0,50.0,97.0,49.0,74.0,88.0,95.0,80.0,84.0,86.0,95.0,86.0,75.0,33.0,43.0,2026,94.0
Ja’Kobe Walter,,78.0,84.0,78.0,83.0,83.0,85.0,75.0,79.0,35.0,75.0,49.0,50.0,50.0,45.0,80.0,47.0,66.0,76.0,47.0,59.0,55.0,50.0,90.0,57.0,76.0,88.0,85.0,80.0,69.0,70.0,79.0,69.0,34.0,47.0,50.0,2026,82.0
Tre Johnson,,78.0,81.0,98.0,80.0,87.0,65.0,65.0,80.0,50.0,75.0,42.0,44.0,75.0,55.0,95.0,41.0,62.0,38.0,51.0,60.0,62.0,55.0,77.0,54.0,86.0,86.0,80.0,80.0,66.0,86.0,76.0,67.0,47.0,35.0,51.0,2026,82.0
Bub Carrington,,78.0,69.0,91.0,83.0,72.0,95.0,70.0,75.0,35.0,60.0,54.0,55.0,55.0,57.0,85.0,40.0,55.0,38.0,42.0,52.0,52.0,35.0,82.0,54.0,75.0,89.0,80.0,80.0,79.0,86.0,77.0,79.0,71.0,33.0,54.0,2026,72.0
Justin Champagnie,,78.0,71.0,79.0,75.0,78.0,85.0,75.0,79.0,65.0,75.0,48.0,44.0,40.0,42.0,80.0,49.0,73.0,59.0,67.0,74.0,73.0,70.0,73.0,40.0,78.0,80.0,85.0,80.0,62.0,69.0,66.0,62.0,36.0,76.0,72.0,2026,73.0
Jock Landale,,78.0,98.0,72.0,82.0,64.0,75.0,65.0,75.0,65.0,65.0,84.0,84.0,84.0,44.0,70.0,71.0,48.0,38.0,62.0,62.0,60.0,45.0,54.0,64.0,75.0,80.0,70.0,80.0,57.0,52.0,45.0,57.0,42.0,85.0,63.0,2026,54.0
Josh Minott,,78.0,82.0,85.0,85.0,79.0,75.0,70.0,75.0,65.0,80.0,51.0,55.0,52.0,64.0,85.0,59.0,67.0,80.0,65.0,67.0,79.0,65.0,72.0,62.0,80.0,90.0,85.0,80.0,62.0,63.0,68.0,60.0,34.0,57.0,63.0,2026,76.0
Luke Kennard,,78.0,98.0,98.0,93.0,93.0,65.0,70.0,70.0,30.0,60.0,28.0,35.0,32.0,49.0,80.0,35.0,51.0,42.0,37.0,50.0,50.0,40.0,69.0,40.0,60.0,92.0,70.0,80.0,74.0,75.0,66.0,74.0,46.0,35.0,48.0,2026,68.0
Jose Alvarado,,78.0,91.0,74.0,78.0,80.0,75.0,75.0,70.0,25.0,30.0,35.0,30.0,30.0,40.0,85.0,31.0,85.0,85.0,37.0,85.0,85.0,85.0,76.0,42.0,78.0,80.0,79.0,80.0,70.0,73.0,75.0,71.0,71.0,35.0,53.0,2026,86.0
Zaccharie Risacher,,77.0,90.0,65.0,81.0,64.0,70.0,70.0,80.0,55.0,70.0,55.0,56.0,56.0,54.0,95.0,57.0,79.0,53.0,62.0,79.0,79.0,75.0,70.0,56.0,67.0,91.0,85.0,80.0,68.0,79.0,68.0,67.0,32.0,49.0,59.0,2026,82.0
Noah Clowney,,77.0,88.0,43.0,76.0,80.0,95.0,80.0,72.0,80.0,80.0,60.0,59.0,60.0,65.0,85.0,68.0,57.0,42.0,62.0,67.0,66.0,55.0,64.0,64.0,75.0,90.0,85.0,80.0,57.0,59.0,57.0,68.0,38.0,41.0,64.0,2026,64.0
Danny Wolf,,77.0,75.0,70.0,75.0,77.0,80.0,75.0,76.0,70.0,70.0,69.0,69.0,67.0,69.0,95.0,58.0,55.0,41.0,63.0,52.0,50.0,45.0,47.0,60.0,57.0,90.0,85.0,80.0,69.0,69.0,47.0,75.0,65.0,51.0,83.0,2026,52.0
Nolan Traore,,77.0,83.0,57.0,74.0,77.0,80.0,80.0,81.0,30.0,70.0,42.0,44.0,69.0,62.0,81.0,44.0,60.0,49.0,56.0,57.0,60.0,40.0,85.0,56.0,74.0,92.0,80.0,80.0,79.0,86.0,85.0,80.0,73.0,31.0,45.0,2026,85.0
Zach Collins,,77.0,89.0,79.0,80.0,70.0,70.0,50.0,70.0,70.0,65.0,84.0,78.0,83.0,50.0,75.0,68.0,45.0,31.0,58.0,67.0,65.0,40.0,66.0,60.0,79.0,75.0,75.0,80.0,30.0,40.0,38.0,30.0,44.0,68.0,82.0,2026,65.0
Isaac Okoro,,77.0,65.0,60.0,77.0,79.0,75.0,45.0,80.0,45.0,75.0,47.0,49.0,47.0,54.0,80.0,68.0,84.0,40.0,55.0,80.0,82.0,80.0,77.0,67.0,80.0,89.0,90.0,82.0,65.0,71.0,73.0,67.0,34.0,47.0,40.0,2026,85.0
Lonzo Ball,,77.0,55.0,68.0,77.0,82.0,50.0,60.0,70.0,30.0,75.0,35.0,44.0,40.0,50.0,84.0,60.0,81.0,80.0,58.0,80.0,80.0,75.0,85.0,52.0,80.0,93.0,70.0,80.0,83.0,86.0,85.0,83.0,68.0,41.0,56.0,2026,86.0
Jaylon Tyson,,77.0,92.0,65.0,84.0,70.0,65.0,70.0,79.0,40.0,75.0,40.0,57.0,52.0,60.0,80.0,50.0,70.0,42.0,53.0,70.0,67.0,60.0,80.0,63.0,75.0,85.0,90.0,80.0,62.0,75.0,77.0,69.0,43.0,61.0,59.0,2026,76.0
Max Christie,,77.0,75.0,81.0,84.0,89.0,75.0,75.0,74.0,35.0,80.0,39.0,42.0,42.0,41.0,90.0,44.0,80.0,36.0,50.0,77.0,75.0,75.0,87.0,55.0,82.0,98.0,85.0,80.0,68.0,70.0,78.0,66.0,38.0,29.0,52.0,2026,87.0
Julian Strawther,,77.0,96.0,70.0,81.0,81.0,80.0,70.0,79.0,35.0,70.0,40.0,40.0,40.0,67.0,95.0,44.0,74.0,43.0,40.0,68.0,68.0,65.0,63.0,53.0,64.0,90.0,75.0,80.0,64.0,74.0,57.0,65.0,38.0,34.0,57.0,2026,70.0
Clint Capela,,77.0,75.0,50.0,25.0,60.0,70.0,30.0,70.0,80.0,75.0,64.0,48.0,64.0,34.0,70.0,83.0,47.0,56.0,89.0,86.0,74.0,80.0,58.0,82.0,68.0,78.0,75.0,83.0,34.0,48.0,30.0,35.0,33.0,97.0,80.0,2026,51.0
Steven Adams,,77.0,73.0,65.0,26.0,58.0,40.0,60.0,69.0,70.0,70.0,72.0,62.0,69.0,59.0,75.0,80.0,55.0,43.0,65.0,80.0,70.0,70.0,48.0,96.0,68.0,68.0,75.0,82.0,69.0,35.0,33.0,68.0,35.0,98.0,75.0,2026,63.0
Bradley Beal,,77.0,85.0,80.0,80.0,81.0,65.0,70.0,84.0,30.0,75.0,55.0,55.0,54.0,45.0,92.0,45.0,60.0,46.0,56.0,57.0,40.0,40.0,76.0,62.0,87.0,84.0,78.0,82.0,74.0,86.0,76.0,74.0,47.0,36.0,47.0,2026,83.0
Kris Dunn,,77.0,95.0,71.0,81.0,78.0,70.0,45.0,70.0,40.0,55.0,39.0,60.0,42.0,40.0,80.0,40.0,87.0,90.0,40.0,88.0,88.0,85.0,83.0,56.0,83.0,85.0,90.0,84.0,72.0,78.0,82.0,74.0,66.0,40.0,51.0,2026,87.0
Jordan Miller,,77.0,94.0,90.0,75.0,76.0,75.0,75.0,82.0,40.0,80.0,54.0,52.0,58.0,64.0,65.0,54.0,65.0,53.0,42.0,60.0,40.0,45.0,84.0,52.0,81.0,85.0,70.0,80.0,60.0,69.0,72.0,62.0,57.0,50.0,52.0,2026,78.0
Scotty Pippen Jr.,,77.0,74.0,79.0,75.0,78.0,80.0,75.0,82.0,25.0,65.0,25.0,36.0,31.0,50.0,72.0,31.0,62.0,93.0,62.0,54.0,55.0,50.0,82.0,39.0,79.0,82.0,75.0,80.0,85.0,86.0,82.0,85.0,82.0,47.0,39.0,2026,82.0
Javon Small,,77.0,71.0,78.0,87.0,83.0,85.0,80.0,75.0,35.0,80.0,37.0,37.0,32.0,60.0,85.0,44.0,64.0,56.0,50.0,60.0,57.0,40.0,87.0,49.0,89.0,85.0,90.0,80.0,75.0,79.0,84.0,75.0,73.0,48.0,56.0,2026,85.0
Simone Fontecchio,,77.0,75.0,83.0,82.0,84.0,75.0,75.0,79.0,40.0,65.0,50.0,50.0,50.0,67.0,69.0,51.0,65.0,43.0,42.0,64.0,47.0,45.0,55.0,62.0,55.0,80.0,95.0,80.0,55.0,58.0,52.0,60.0,43.0,49.0,60.0,2026,66.0
Mike Conley,,77.0,86.0,70.0,74.0,90.0,90.0,40.0,72.0,25.0,30.0,25.0,40.0,29.0,60.0,84.0,31.0,83.0,43.0,51.0,83.0,80.0,80.0,83.0,40.0,92.0,85.0,80.0,82.0,82.0,82.0,83.0,82.0,70.0,34.0,45.0,2026,84.0
Terrence Shannon Jr.,,77.0,60.0,76.0,82.0,77.0,70.0,70.0,85.0,40.0,85.0,47.0,52.0,48.0,64.0,85.0,49.0,72.0,42.0,30.0,62.0,57.0,50.0,89.0,58.0,83.0,90.0,75.0,80.0,68.0,79.0,86.0,68.0,35.0,36.0,45.0,2026,87.0
Jordan Clarkson,,77.0,97.0,63.0,76.0,82.0,70.0,70.0,82.0,25.0,70.0,30.0,37.0,38.0,60.0,98.0,43.0,58.0,38.0,42.0,52.0,49.0,40.0,79.0,54.0,85.0,80.0,80.0,83.0,73.0,86.0,79.0,73.0,41.0,52.0,38.0,2026,75.0
Landry Shamet,,77.0,69.0,97.0,83.0,72.0,80.0,75.0,79.0,35.0,70.0,30.0,38.0,26.0,69.0,76.0,25.0,60.0,40.0,45.0,57.0,50.0,35.0,85.0,41.0,80.0,85.0,81.0,81.0,79.0,78.0,82.0,79.0,36.0,36.0,41.0,2026,85.0
Goga Bitadze,,77.0,98.0,72.0,69.0,71.0,70.0,40.0,50.0,75.0,65.0,76.0,68.0,76.0,40.0,70.0,78.0,25.0,53.0,86.0,80.0,40.0,80.0,53.0,88.0,63.0,80.0,75.0,80.0,54.0,60.0,52.0,69.0,46.0,91.0,76.0,2026,37.0
Moritz Wagner,,77.0,80.0,84.0,75.0,82.0,60.0,80.0,75.0,75.0,65.0,74.0,74.0,74.0,40.0,70.0,58.0,40.0,59.0,32.0,58.0,54.0,35.0,73.0,78.0,75.0,78.0,85.0,81.0,54.0,40.0,53.0,55.0,38.0,58.0,83.0,2026,67.0
Royce O’Neale,,77.0,73.0,70.0,84.0,72.0,75.0,70.0,80.0,55.0,70.0,54.0,52.0,59.0,59.0,75.0,68.0,80.0,56.0,53.0,80.0,68.0,75.0,62.0,67.0,65.0,80.0,80.0,82.0,60.0,68.0,62.0,63.0,49.0,38.0,66.0,2026,83.0
Jordan Goodwin,,77.0,79.0,75.0,79.0,70.0,75.0,75.0,78.0,25.0,35.0,33.0,43.0,48.0,66.0,90.0,57.0,76.0,96.0,47.0,75.0,78.0,75.0,75.0,49.0,55.0,80.0,95.0,80.0,78.0,78.0,73.0,78.0,53.0,68.0,63.0,2026,84.0
Oso Ighodaro,,77.0,97.0,60.0,35.0,46.0,80.0,70.0,74.0,80.0,80.0,60.0,59.0,59.0,37.0,80.0,62.0,47.0,59.0,67.0,62.0,57.0,45.0,86.0,64.0,90.0,85.0,85.0,80.0,58.0,60.0,65.0,59.0,55.0,65.0,69.0,2026,74.0
Devin Carter,,77.0,82.0,83.0,73.0,80.0,75.0,70.0,74.0,30.0,80.0,40.0,42.0,42.0,40.0,95.0,58.0,73.0,73.0,50.0,70.0,80.0,50.0,98.0,60.0,94.0,92.0,90.0,80.0,80.0,79.0,90.0,80.0,69.0,51.0,63.0,2026,89.0
Nique Clifford,,77.0,83.0,74.0,77.0,69.0,70.0,75.0,80.0,40.0,70.0,44.0,48.0,49.0,60.0,80.0,55.0,66.0,53.0,51.0,62.0,60.0,55.0,86.0,62.0,80.0,88.0,80.0,80.0,65.0,74.0,79.0,64.0,48.0,43.0,58.0,2026,82.0
Dylan Cardwell,,77.0,90.0,60.0,37.0,53.0,60.0,55.0,74.0,85.0,80.0,52.0,47.0,52.0,37.0,70.0,79.0,44.0,43.0,89.0,79.0,58.0,70.0,51.0,82.0,80.0,80.0,90.0,80.0,58.0,44.0,33.0,62.0,38.0,94.0,85.0,2026,62.0
Carter Bryant,,77.0,60.0,74.0,77.0,71.0,60.0,55.0,72.0,45.0,88.0,50.0,50.0,50.0,38.0,80.0,60.0,82.0,37.0,62.0,80.0,74.0,80.0,88.0,60.0,80.0,85.0,85.0,80.0,62.0,70.0,75.0,62.0,32.0,49.0,72.0,2026,88.0
Tristan Vukcevic,,77.0,98.0,74.0,78.0,78.0,80.0,75.0,79.0,70.0,65.0,66.0,67.0,69.0,68.0,78.0,59.0,44.0,46.0,81.0,57.0,37.0,45.0,57.0,72.0,65.0,89.0,80.0,80.0,45.0,51.0,50.0,55.0,49.0,50.0,72.0,2026,55.0
Ousmane Dieng,,77.0,85.0,77.0,80.0,76.0,75.0,65.0,69.0,45.0,75.0,45.0,48.0,48.0,47.0,90.0,67.0,68.0,40.0,56.0,60.0,52.0,45.0,78.0,62.0,79.0,88.0,80.0,80.0,69.0,70.0,75.0,70.0,62.0,39.0,62.0,2026,78.0
Dennis Schroder,,77.0,85.0,74.0,76.0,83.0,70.0,70.0,84.0,25.0,45.0,25.0,38.0,27.0,37.0,85.0,34.0,73.0,46.0,40.0,72.0,67.0,60.0,84.0,46.0,74.0,93.0,90.0,80.0,82.0,86.0,84.0,82.0,73.0,35.0,51.0,2026,88.0
Keon Ellis,,77.0,95.0,60.0,80.0,72.0,50.0,40.0,75.0,25.0,65.0,27.0,40.0,38.0,54.0,85.0,58.0,84.0,93.0,70.0,82.0,87.0,85.0,81.0,48.0,79.0,85.0,80.0,80.0,64.0,74.0,77.0,65.0,31.0,39.0,42.0,2026,84.0
Kevin Huerter,,77.0,94.0,67.0,75.0,77.0,55.0,75.0,85.0,30.0,65.0,25.0,58.0,35.0,50.0,90.0,44.0,64.0,53.0,58.0,58.0,57.0,50.0,84.0,50.0,75.0,85.0,80.0,83.0,74.0,79.0,72.0,76.0,62.0,37.0,61.0,2026,73.0
Isaiah Jackson,,77.0,97.0,69.0,59.0,65.0,60.0,45.0,70.0,75.0,70.0,59.0,48.0,55.0,59.0,80.0,70.0,54.0,56.0,83.0,66.0,49.0,55.0,73.0,65.0,81.0,82.0,90.0,80.0,40.0,59.0,54.0,44.0,36.0,88.0,80.0,2026,73.0
Jake LaRavia,,76.0,94.0,55.0,75.0,77.0,70.0,50.0,79.0,60.0,75.0,60.0,60.0,60.0,69.0,70.0,78.0,78.0,73.0,56.0,77.0,78.0,75.0,59.0,62.0,72.0,88.0,85.0,80.0,69.0,68.0,57.0,68.0,38.0,60.0,52.0,2026,78.0
Jarred Vanderbilt,,76.0,58.0,74.0,72.0,62.0,50.0,40.0,75.0,75.0,75.0,40.0,32.0,50.0,40.0,85.0,83.0,83.0,63.0,56.0,82.0,88.0,85.0,75.0,70.0,80.0,75.0,95.0,78.0,60.0,65.0,65.0,38.0,37.0,67.0,79.0,2026,83.0
Baylor Scheierman,,76.0,97.0,94.0,82.0,86.0,90.0,70.0,76.0,40.0,55.0,30.0,48.0,40.0,44.0,66.0,47.0,56.0,43.0,35.0,57.0,47.0,40.0,86.0,54.0,54.0,90.0,85.0,80.0,70.0,71.0,75.0,69.0,41.0,47.0,66.0,2026,64.0
Jordan Walsh,,76.0,74.0,67.0,83.0,76.0,70.0,50.0,68.0,40.0,80.0,57.0,54.0,57.0,44.0,85.0,78.0,82.0,63.0,67.0,82.0,85.0,80.0,77.0,63.0,86.0,89.0,90.0,80.0,63.0,68.0,68.0,62.0,31.0,65.0,67.0,2026,81.0
Terance Mann,,76.0,82.0,82.0,80.0,79.0,70.0,60.0,83.0,45.0,75.0,47.0,50.0,50.0,49.0,75.0,54.0,66.0,41.0,47.0,62.0,59.0,50.0,71.0,50.0,79.0,85.0,90.0,80.0,79.0,79.0,70.0,83.0,67.0,50.0,51.0,2026,73.0
Grant Williams,,76.0,88.0,77.0,82.0,81.0,70.0,55.0,77.0,50.0,60.0,59.0,58.0,66.0,37.0,80.0,68.0,68.0,36.0,58.0,69.0,60.0,60.0,58.0,73.0,66.0,88.0,80.0,80.0,69.0,66.0,54.0,72.0,43.0,62.0,64.0,2026,70.0
Thomas Bryant,,76.0,97.0,85.0,79.0,80.0,55.0,60.0,70.0,75.0,65.0,73.0,73.0,73.0,37.0,78.0,63.0,40.0,40.0,72.0,79.0,50.0,45.0,62.0,80.0,52.0,88.0,95.0,82.0,40.0,53.0,53.0,42.0,31.0,67.0,80.0,2026,57.0
Marcus Sasser,,76.0,76.0,60.0,87.0,84.0,85.0,75.0,78.0,25.0,50.0,32.0,37.0,37.0,47.0,75.0,35.0,70.0,70.0,42.0,67.0,67.0,65.0,75.0,47.0,69.0,85.0,85.0,80.0,74.0,80.0,75.0,74.0,71.0,34.0,43.0,2026,83.0
Quinten Post,,76.0,95.0,89.0,76.0,79.0,80.0,70.0,69.0,75.0,65.0,67.0,62.0,65.0,52.0,80.0,62.0,33.0,38.0,67.0,60.0,45.0,50.0,47.0,70.0,40.0,80.0,70.0,80.0,59.0,43.0,32.0,60.0,44.0,56.0,74.0,2026,33.0
Pat Spencer,,76.0,86.0,76.0,80.0,77.0,75.0,75.0,70.0,40.0,75.0,42.0,56.0,42.0,59.0,85.0,44.0,55.0,59.0,35.0,45.0,47.0,40.0,75.0,54.0,83.0,85.0,85.0,84.0,79.0,79.0,75.0,79.0,73.0,47.0,50.0,2026,75.0
Quenton Jackson,,76.0,76.0,45.0,82.0,81.0,80.0,75.0,80.0,40.0,80.0,33.0,40.0,31.0,57.0,80.0,46.0,73.0,43.0,42.0,70.0,75.0,65.0,85.0,42.0,88.0,80.0,75.0,79.0,78.0,78.0,76.0,78.0,70.0,41.0,52.0,2026,85.0
Chris Paul,,76.0,79.0,88.0,80.0,94.0,80.0,40.0,79.0,25.0,27.0,40.0,55.0,70.0,40.0,85.0,57.0,73.0,66.0,45.0,73.0,70.0,65.0,76.0,62.0,75.0,70.0,65.0,77.0,85.0,87.0,76.0,85.0,80.0,32.0,56.0,2026,78.0
Kobe Sanders,,76.0,85.0,77.0,84.0,79.0,80.0,70.0,79.0,70.0,85.0,47.0,52.0,49.0,64.0,95.0,48.0,57.0,49.0,40.0,51.0,50.0,45.0,77.0,42.0,75.0,85.0,90.0,80.0,70.0,75.0,74.0,79.0,43.0,38.0,51.0,2026,75.0
Kasparas Jakucionis,,76.0,60.0,71.0,85.0,88.0,75.0,75.0,78.0,35.0,70.0,51.0,52.0,52.0,73.0,80.0,59.0,66.0,46.0,42.0,65.0,59.0,60.0,82.0,60.0,75.0,95.0,85.0,80.0,82.0,86.0,82.0,82.0,66.0,48.0,51.0,2026,82.0
AJ Green,,76.0,90.0,84.0,85.0,84.0,75.0,75.0,74.0,40.0,40.0,34.0,34.0,34.0,40.0,80.0,40.0,63.0,35.0,32.0,50.0,60.0,45.0,69.0,42.0,75.0,80.0,70.0,80.0,69.0,73.0,68.0,69.0,38.0,31.0,47.0,2026,69.0
Taurean Prince,,76.0,73.0,79.0,84.0,83.0,70.0,50.0,76.0,75.0,70.0,52.0,45.0,51.0,55.0,85.0,64.0,74.0,42.0,47.0,68.0,81.0,60.0,80.0,60.0,84.0,84.0,85.0,81.0,68.0,70.0,69.0,55.0,37.0,28.0,53.0,2026,78.0
Bones Hyland,,76.0,75.0,88.0,82.0,78.0,70.0,70.0,80.0,25.0,60.0,30.0,32.0,32.0,69.0,85.0,30.0,66.0,49.0,51.0,64.0,63.0,55.0,87.0,32.0,68.0,88.0,85.0,80.0,74.0,79.0,84.0,75.0,71.0,35.0,47.0,2026,87.0
Jordan Poole,,76.0,77.0,66.0,75.0,88.0,70.0,70.0,80.0,45.0,60.0,29.0,47.0,44.0,78.0,80.0,47.0,57.0,40.0,53.0,54.0,51.0,30.0,81.0,61.0,73.0,80.0,65.0,80.0,83.0,89.0,80.0,82.0,66.0,30.0,45.0,2026,79.0
Karlo Matkovic,,76.0,78.0,75.0,84.0,73.0,70.0,70.0,77.0,75.0,75.0,69.0,68.0,68.0,44.0,80.0,73.0,41.0,41.0,87.0,66.0,54.0,50.0,56.0,77.0,67.0,80.0,80.0,80.0,50.0,55.0,47.0,52.0,34.0,66.0,72.0,2026,51.0
DeAndre Jordan,,76.0,75.0,25.0,25.0,41.0,75.0,30.0,57.0,75.0,75.0,52.0,37.0,52.0,44.0,90.0,70.0,57.0,35.0,85.0,67.0,55.0,55.0,65.0,85.0,83.0,92.0,80.0,94.0,25.0,30.0,33.0,66.0,28.0,90.0,94.0,2026,62.0
Andre Drummond,,76.0,85.0,60.0,79.0,64.0,50.0,50.0,69.0,85.0,80.0,70.0,45.0,64.0,40.0,85.0,75.0,52.0,43.0,78.0,74.0,70.0,65.0,60.0,94.0,79.0,75.0,75.0,81.0,52.0,45.0,49.0,70.0,36.0,94.0,91.0,2026,58.0
Justin Edwards,,76.0,89.0,79.0,80.0,85.0,70.0,70.0,79.0,40.0,80.0,40.0,40.0,40.0,44.0,75.0,50.0,68.0,80.0,51.0,58.0,54.0,50.0,82.0,59.0,81.0,85.0,80.0,80.0,65.0,70.0,79.0,65.0,44.0,38.0,45.0,2026,82.0
Trendon Watford,,76.0,96.0,68.0,68.0,78.0,75.0,75.0,79.0,75.0,75.0,69.0,69.0,69.0,66.0,75.0,66.0,52.0,36.0,62.0,52.0,50.0,40.0,63.0,79.0,80.0,85.0,80.0,80.0,69.0,50.0,57.0,75.0,70.0,48.0,69.0,2026,63.0
Dominick Barlow,,76.0,87.0,44.0,70.0,71.0,95.0,75.0,79.0,60.0,75.0,68.0,68.0,68.0,62.0,85.0,59.0,55.0,49.0,67.0,59.0,49.0,50.0,68.0,62.0,75.0,80.0,85.0,80.0,51.0,69.0,64.0,52.0,33.0,66.0,59.0,2026,68.0
Rasheer Fleming,,76.0,71.0,74.0,78.0,56.0,80.0,65.0,74.0,70.0,75.0,60.0,60.0,60.0,69.0,80.0,67.0,40.0,46.0,71.0,68.0,62.0,55.0,77.0,75.0,75.0,85.0,80.0,80.0,55.0,62.0,69.0,52.0,27.0,70.0,53.0,2026,70.0
Matisse Thybulle,,76.0,62.0,48.0,83.0,87.0,50.0,25.0,74.0,35.0,70.0,30.0,30.0,30.0,25.0,70.0,60.0,85.0,98.0,68.0,85.0,97.0,85.0,76.0,59.0,70.0,85.0,90.0,80.0,55.0,65.0,69.0,35.0,35.0,46.0,52.0,2026,85.0
Gradey Dick,,76.0,66.0,92.0,72.0,87.0,70.0,50.0,74.0,35.0,75.0,36.0,47.0,40.0,60.0,80.0,55.0,73.0,59.0,40.0,69.0,73.0,55.0,76.0,54.0,78.0,89.0,85.0,80.0,67.0,75.0,74.0,65.0,32.0,47.0,53.0,2026,74.0
Jamison Battle,,76.0,94.0,85.0,88.0,83.0,60.0,75.0,70.0,40.0,65.0,50.0,52.0,50.0,49.0,80.0,58.0,58.0,35.0,42.0,52.0,54.0,40.0,64.0,55.0,65.0,80.0,70.0,80.0,52.0,62.0,57.0,51.0,32.0,46.0,65.0,2026,58.0
Kevin Love,,76.0,98.0,79.0,80.0,84.0,50.0,55.0,72.0,70.0,50.0,71.0,77.0,75.0,50.0,80.0,69.0,50.0,36.0,57.0,75.0,57.0,50.0,60.0,80.0,60.0,60.0,80.0,77.0,65.0,52.0,33.0,77.0,57.0,68.0,89.0,2026,54.0
Svi Mykhailiuk,,76.0,92.0,83.0,84.0,89.0,85.0,70.0,70.0,40.0,55.0,42.0,47.0,38.0,39.0,94.0,37.0,55.0,37.0,32.0,50.0,54.0,30.0,82.0,54.0,69.0,81.0,65.0,79.0,69.0,64.0,75.0,64.0,42.0,41.0,45.0,2026,82.0
Cody Williams,,76.0,97.0,80.0,70.0,70.0,85.0,55.0,79.0,50.0,80.0,53.0,57.0,53.0,40.0,95.0,68.0,73.0,43.0,56.0,70.0,60.0,55.0,87.0,57.0,75.0,90.0,75.0,80.0,63.0,82.0,79.0,63.0,41.0,46.0,47.0,2026,86.0
Jamir Watkins,,76.0,80.0,78.0,71.0,68.0,75.0,75.0,74.0,60.0,85.0,42.0,44.0,43.0,60.0,80.0,67.0,69.0,83.0,62.0,65.0,59.0,45.0,82.0,59.0,87.0,90.0,75.0,80.0,68.0,79.0,74.0,65.0,37.0,52.0,63.0,2026,85.0
Mason Plumlee,,76.0,85.0,60.0,58.0,65.0,70.0,55.0,81.0,85.0,80.0,75.0,70.0,70.0,40.0,81.0,74.0,46.0,40.0,75.0,72.0,68.0,60.0,57.0,80.0,75.0,78.0,92.0,83.0,75.0,37.0,50.0,72.0,66.0,71.0,89.0,2026,48.0
John Konchar,,76.0,97.0,73.0,69.0,69.0,85.0,55.0,73.0,40.0,55.0,44.0,47.0,47.0,40.0,85.0,54.0,62.0,91.0,72.0,50.0,60.0,45.0,62.0,40.0,70.0,93.0,90.0,84.0,74.0,76.0,60.0,79.0,45.0,57.0,65.0,2026,69.0
Julian Reese,,76.0,73.0,66.0,30.0,67.0,65.0,50.0,78.0,70.0,70.0,66.0,65.0,66.0,65.0,60.0,67.0,59.0,43.0,51.0,64.0,50.0,40.0,68.0,76.0,75.0,80.0,95.0,81.0,47.0,62.0,58.0,48.0,37.0,90.0,87.0,2026,64.0
Jaden Hardy,,76.0,83.0,94.0,84.0,75.0,60.0,70.0,80.0,40.0,80.0,47.0,49.0,49.0,46.0,85.0,34.0,55.0,36.0,40.0,50.0,51.0,50.0,83.0,39.0,85.0,84.0,85.0,80.0,75.0,83.0,76.0,75.0,37.0,34.0,46.0,2026,83.0
D’Angelo Russell,,76.0,94.0,92.0,76.0,72.0,60.0,50.0,85.0,25.0,45.0,35.0,55.0,60.0,67.0,81.0,40.0,57.0,40.0,37.0,54.0,40.0,45.0,81.0,54.0,71.0,93.0,65.0,83.0,82.0,90.0,81.0,82.0,82.0,35.0,53.0,2026,65.0
Corey Kispert,,76.0,88.0,80.0,80.0,82.0,75.0,50.0,70.0,40.0,60.0,38.0,39.0,39.0,42.0,75.0,54.0,70.0,33.0,45.0,69.0,67.0,65.0,76.0,60.0,69.0,84.0,80.0,80.0,66.0,71.0,66.0,69.0,44.0,38.0,52.0,2026,76.0
Leonard Miller,,76.0,95.0,70.0,73.0,74.0,70.0,75.0,84.0,65.0,85.0,59.0,54.0,55.0,67.0,85.0,57.0,63.0,38.0,56.0,60.0,59.0,40.0,73.0,55.0,82.0,90.0,85.0,80.0,51.0,70.0,70.0,52.0,34.0,65.0,72.0,2026,73.0
Guerschon Yabusele,,76.0,55.0,79.0,80.0,74.0,75.0,75.0,80.0,50.0,85.0,62.0,62.0,62.0,65.0,85.0,62.0,66.0,41.0,53.0,52.0,41.0,40.0,62.0,74.0,70.0,80.0,90.0,84.0,62.0,66.0,54.0,66.0,35.0,56.0,72.0,2026,60.0
Khris Middleton,,76.0,81.0,87.0,78.0,87.0,60.0,40.0,80.0,40.0,65.0,67.0,70.0,70.0,40.0,80.0,67.0,74.0,42.0,40.0,74.0,70.0,70.0,71.0,73.0,66.0,75.0,80.0,90.0,74.0,75.0,71.0,74.0,65.0,43.0,60.0,2026,74.0
Kobe Brown,,76.0,85.0,72.0,81.0,80.0,75.0,70.0,79.0,60.0,65.0,64.0,64.0,64.0,50.0,80.0,62.0,62.0,38.0,51.0,60.0,57.0,45.0,60.0,74.0,66.0,88.0,85.0,80.0,69.0,70.0,57.0,70.0,43.0,65.0,60.0,2026,62.0
Micah Potter,,76.0,95.0,70.0,85.0,88.0,95.0,70.0,60.0,75.0,65.0,63.0,63.0,63.0,50.0,76.0,59.0,37.0,38.0,55.0,59.0,57.0,45.0,43.0,74.0,60.0,80.0,85.0,81.0,54.0,42.0,32.0,55.0,42.0,57.0,75.0,2026,43.0
Asa Newell,,75.0,91.0,67.0,86.0,56.0,70.0,60.0,73.0,80.0,85.0,60.0,60.0,60.0,51.0,75.0,70.0,66.0,46.0,63.0,67.0,69.0,60.0,75.0,67.0,78.0,85.0,90.0,80.0,54.0,69.0,69.0,55.0,33.0,66.0,53.0,2026,70.0
Hugo Gonzalez,,75.0,84.0,76.0,79.0,50.0,80.0,65.0,74.0,45.0,75.0,47.0,48.0,42.0,40.0,70.0,53.0,73.0,56.0,60.0,74.0,70.0,65.0,75.0,55.0,75.0,88.0,90.0,80.0,62.0,70.0,70.0,62.0,29.0,57.0,71.0,2026,75.0
Ben Saraf,,75.0,77.0,78.0,67.0,82.0,75.0,65.0,71.0,30.0,60.0,30.0,45.0,48.0,67.0,80.0,40.0,62.0,63.0,40.0,60.0,57.0,45.0,83.0,52.0,67.0,80.0,70.0,80.0,83.0,76.0,83.0,83.0,72.0,36.0,47.0,2026,79.0
Sion James,,75.0,50.0,70.0,80.0,85.0,75.0,65.0,79.0,55.0,70.0,58.0,58.0,59.0,47.0,75.0,69.0,72.0,41.0,50.0,70.0,68.0,65.0,93.0,82.0,81.0,80.0,80.0,80.0,69.0,69.0,78.0,69.0,43.0,40.0,61.0,2026,85.0
Josh Green,,75.0,96.0,69.0,86.0,89.0,50.0,30.0,75.0,30.0,80.0,35.0,34.0,30.0,44.0,95.0,35.0,79.0,59.0,37.0,79.0,78.0,75.0,86.0,60.0,80.0,89.0,90.0,83.0,67.0,70.0,72.0,65.0,33.0,53.0,41.0,2026,86.0
Tidjane Salaun,,75.0,76.0,65.0,86.0,65.0,80.0,60.0,75.0,65.0,80.0,52.0,51.0,51.0,47.0,80.0,69.0,74.0,38.0,52.0,65.0,59.0,50.0,71.0,60.0,80.0,88.0,90.0,80.0,47.0,66.0,66.0,45.0,34.0,51.0,84.0,2026,82.0
Patrick Williams,,75.0,61.0,86.0,77.0,68.0,60.0,55.0,68.0,60.0,65.0,44.0,42.0,40.0,45.0,80.0,70.0,76.0,42.0,53.0,80.0,65.0,65.0,70.0,64.0,77.0,88.0,75.0,81.0,60.0,70.0,64.0,62.0,36.0,44.0,53.0,2026,74.0
Dante Exum,,75.0,83.0,73.0,84.0,74.0,70.0,50.0,75.0,25.0,60.0,28.0,55.0,40.0,52.0,85.0,27.0,78.0,63.0,51.0,78.0,78.0,75.0,79.0,48.0,77.0,80.0,75.0,83.0,73.0,75.0,79.0,73.0,72.0,30.0,47.0,2026,79.0
Caleb Martin,,75.0,63.0,65.0,78.0,61.0,80.0,45.0,84.0,25.0,70.0,55.0,54.0,54.0,48.0,75.0,68.0,75.0,66.0,55.0,74.0,72.0,70.0,68.0,58.0,74.0,85.0,90.0,80.0,62.0,69.0,59.0,69.0,47.0,42.0,61.0,2026,74.0
Ryan Nembhard,,75.0,82.0,79.0,80.0,77.0,70.0,60.0,79.0,25.0,30.0,35.0,30.0,30.0,35.0,85.0,31.0,66.0,36.0,30.0,57.0,75.0,45.0,80.0,37.0,68.0,85.0,85.0,80.0,89.0,86.0,80.0,89.0,81.0,30.0,50.0,2026,79.0
Bruce Brown,,75.0,70.0,41.0,83.0,76.0,70.0,65.0,75.0,30.0,70.0,28.0,34.0,42.0,60.0,95.0,58.0,77.0,63.0,47.0,79.0,75.0,65.0,78.0,75.0,80.0,92.0,80.0,84.0,79.0,79.0,76.0,87.0,42.0,50.0,55.0,2026,78.0
Will Richard,,75.0,81.0,84.0,77.0,85.0,75.0,65.0,79.0,30.0,75.0,42.0,44.0,44.0,40.0,70.0,50.0,72.0,86.0,37.0,70.0,79.0,65.0,78.0,56.0,74.0,80.0,90.0,80.0,60.0,67.0,70.0,67.0,38.0,51.0,46.0,2026,78.0
Dorian Finney-Smith,,75.0,80.0,71.0,73.0,64.0,70.0,60.0,84.0,40.0,84.0,54.0,50.0,54.0,58.0,72.0,72.0,83.0,41.0,47.0,74.0,74.0,75.0,67.0,62.0,83.0,80.0,80.0,81.0,65.0,60.0,44.0,68.0,32.0,56.0,51.0,2026,82.0
Josh Okogie,,75.0,78.0,70.0,83.0,57.0,70.0,70.0,77.0,30.0,75.0,42.0,44.0,44.0,49.0,70.0,50.0,77.0,70.0,50.0,78.0,77.0,70.0,89.0,58.0,92.0,80.0,95.0,82.0,69.0,76.0,81.0,62.0,31.0,56.0,48.0,2026,84.0
Ben Sheppard,,75.0,85.0,79.0,81.0,77.0,75.0,60.0,78.0,35.0,60.0,48.0,49.0,47.0,49.0,80.0,54.0,79.0,41.0,35.0,78.0,75.0,75.0,84.0,54.0,75.0,85.0,90.0,80.0,70.0,73.0,74.0,70.0,43.0,41.0,55.0,2026,84.0
Yanic Konan Niederhauser,,75.0,95.0,62.0,40.0,76.0,65.0,60.0,70.0,85.0,80.0,55.0,54.0,55.0,47.0,80.0,70.0,48.0,30.0,87.0,69.0,45.0,50.0,73.0,64.0,90.0,85.0,85.0,80.0,29.0,44.0,41.0,40.0,29.0,72.0,76.0,2026,64.0
Kentavious Caldwell-Pope,,75.0,88.0,87.0,80.0,91.0,50.0,30.0,74.0,35.0,73.0,35.0,58.0,35.0,40.0,90.0,45.0,87.0,53.0,45.0,82.0,82.0,85.0,85.0,60.0,69.0,92.0,85.0,84.0,67.0,70.0,80.0,68.0,68.0,35.0,50.0,2026,84.0
Dru Smith,,75.0,84.0,77.0,71.0,83.0,80.0,75.0,82.0,40.0,45.0,38.0,37.0,40.0,60.0,80.0,40.0,74.0,95.0,56.0,74.0,79.0,65.0,70.0,43.0,62.0,85.0,75.0,80.0,78.0,79.0,70.0,78.0,69.0,51.0,51.0,2026,70.0
Myron Gardner,,75.0,88.0,72.0,83.0,73.0,70.0,70.0,76.0,40.0,70.0,43.0,47.0,48.0,45.0,84.0,45.0,69.0,70.0,48.0,68.0,67.0,65.0,70.0,62.0,78.0,84.0,75.0,80.0,69.0,72.0,65.0,69.0,54.0,73.0,78.0,2026,78.0
Gary Trent Jr.,,75.0,73.0,95.0,82.0,77.0,60.0,65.0,80.0,40.0,75.0,44.0,57.0,46.0,54.0,73.0,50.0,61.0,40.0,30.0,60.0,64.0,35.0,85.0,58.0,90.0,80.0,70.0,82.0,70.0,79.0,77.0,71.0,35.0,28.0,37.0,2026,76.0
Bryce McGowens,,75.0,86.0,82.0,84.0,78.0,75.0,75.0,74.0,40.0,80.0,42.0,42.0,42.0,55.0,78.0,37.0,66.0,42.0,42.0,65.0,60.0,65.0,74.0,48.0,81.0,85.0,75.0,80.0,52.0,74.0,72.0,50.0,38.0,32.0,48.0,2026,75.0
Noah Penda,,75.0,63.0,68.0,76.0,69.0,70.0,60.0,73.0,50.0,75.0,52.0,51.0,52.0,57.0,80.0,73.0,73.0,59.0,62.0,70.0,70.0,65.0,66.0,70.0,67.0,85.0,85.0,80.0,67.0,69.0,62.0,68.0,44.0,70.0,71.0,2026,84.0
Adem Bona,,75.0,77.0,57.0,54.0,71.0,70.0,40.0,72.0,80.0,80.0,55.0,42.0,55.0,37.0,70.0,70.0,37.0,40.0,90.0,72.0,50.0,60.0,82.0,73.0,89.0,84.0,90.0,80.0,40.0,52.0,57.0,40.0,28.0,77.0,66.0,2026,68.0
Ryan Dunn,,75.0,77.0,70.0,76.0,48.0,50.0,50.0,75.0,55.0,80.0,38.0,37.0,37.0,30.0,80.0,76.0,80.0,66.0,60.0,80.0,80.0,80.0,83.0,65.0,79.0,88.0,90.0,80.0,60.0,69.0,69.0,55.0,40.0,65.0,66.0,2026,88.0
Khaman Maluach,,75.0,70.0,66.0,50.0,71.0,50.0,40.0,71.0,85.0,80.0,65.0,52.0,60.0,40.0,85.0,81.0,63.0,32.0,94.0,82.0,57.0,75.0,48.0,70.0,65.0,85.0,85.0,80.0,51.0,44.0,37.0,51.0,27.0,79.0,80.0,2026,63.0
Caleb Love,,75.0,75.0,91.0,76.0,74.0,70.0,65.0,79.0,25.0,65.0,25.0,37.0,25.0,75.0,85.0,34.0,65.0,40.0,35.0,58.0,57.0,40.0,83.0,51.0,74.0,82.0,70.0,80.0,74.0,79.0,81.0,78.0,66.0,38.0,51.0,2026,75.0
Drew Eubanks,,75.0,97.0,73.0,77.0,56.0,75.0,75.0,69.0,75.0,70.0,77.0,77.0,77.0,44.0,75.0,74.0,47.0,46.0,89.0,59.0,50.0,45.0,61.0,68.0,75.0,80.0,85.0,83.0,42.0,37.0,38.0,55.0,27.0,62.0,78.0,2026,62.0
Kelly Olynyk,,75.0,93.0,70.0,74.0,71.0,70.0,65.0,75.0,70.0,60.0,79.0,79.0,79.0,49.0,78.0,70.0,50.0,53.0,60.0,66.0,45.0,65.0,31.0,70.0,55.0,89.0,90.0,82.0,70.0,42.0,25.0,76.0,70.0,66.0,71.0,2026,35.0
Cam Whitmore,,75.0,61.0,76.0,70.0,74.0,65.0,60.0,83.0,40.0,80.0,57.0,59.0,59.0,59.0,80.0,57.0,67.0,70.0,53.0,57.0,58.0,50.0,84.0,68.0,84.0,85.0,80.0,80.0,68.0,86.0,84.0,69.0,32.0,49.0,54.0,2026,84.0
Vit Krejci,,75.0,97.0,74.0,83.0,75.0,80.0,65.0,79.0,45.0,70.0,35.0,38.0,38.0,44.0,75.0,50.0,60.0,46.0,51.0,59.0,58.0,40.0,75.0,40.0,76.0,80.0,75.0,80.0,69.0,70.0,74.0,70.0,39.0,36.0,47.0,2026,75.0
Buddy Hield,,75.0,97.0,50.0,84.0,81.0,65.0,35.0,75.0,25.0,65.0,28.0,45.0,48.0,59.0,94.0,48.0,69.0,70.0,51.0,54.0,60.0,50.0,75.0,41.0,78.0,90.0,60.0,82.0,70.0,79.0,74.0,70.0,44.0,43.0,53.0,2026,78.0
Ochai Agbaji,,75.0,72.0,83.0,65.0,84.0,75.0,50.0,78.0,65.0,80.0,52.0,52.0,52.0,40.0,78.0,57.0,78.0,40.0,56.0,77.0,75.0,65.0,85.0,64.0,85.0,90.0,85.0,80.0,60.0,75.0,78.0,60.0,32.0,51.0,53.0,2026,79.0
Nick Richards,,75.0,69.0,79.0,47.0,64.0,60.0,60.0,62.0,75.0,75.0,52.0,47.0,52.0,40.0,80.0,75.0,47.0,33.0,80.0,78.0,40.0,70.0,72.0,65.0,75.0,81.0,85.0,84.0,37.0,35.0,49.0,36.0,28.0,79.0,87.0,2026,70.0
Taylor Hendricks,,75.0,90.0,78.0,76.0,66.0,70.0,60.0,82.0,60.0,75.0,54.0,54.0,54.0,42.0,85.0,68.0,68.0,59.0,65.0,67.0,62.0,50.0,72.0,62.0,78.0,92.0,85.0,80.0,55.0,69.0,69.0,62.0,33.0,55.0,64.0,2026,75.0
Walter Clayton Jr.,,75.0,89.0,84.0,71.0,90.0,65.0,55.0,79.0,40.0,60.0,35.0,38.0,30.0,85.0,85.0,40.0,64.0,46.0,53.0,52.0,52.0,45.0,86.0,47.0,74.0,80.0,75.0,80.0,74.0,79.0,86.0,74.0,73.0,34.0,47.0,2026,84.0
Kyle Anderson,,75.0,97.0,48.0,79.0,71.0,70.0,40.0,84.0,55.0,45.0,45.0,48.0,41.0,49.0,70.0,60.0,79.0,73.0,67.0,78.0,75.0,75.0,66.0,62.0,66.0,85.0,64.0,83.0,78.0,81.0,65.0,79.0,67.0,50.0,61.0,2026,80.0
Jevon Carter,,75.0,66.0,93.0,79.0,82.0,80.0,65.0,75.0,25.0,35.0,32.0,34.0,30.0,40.0,80.0,34.0,79.0,66.0,50.0,72.0,75.0,70.0,76.0,60.0,71.0,85.0,76.0,81.0,75.0,79.0,76.0,70.0,56.0,33.0,47.0,2026,83.0
Dalton Knecht,,74.0,92.0,91.0,79.0,70.0,60.0,40.0,78.0,45.0,65.0,48.0,49.0,49.0,44.0,85.0,50.0,59.0,42.0,63.0,59.0,57.0,35.0,86.0,50.0,77.0,90.0,85.0,80.0,64.0,68.0,74.0,65.0,29.0,39.0,53.0,2026,59.0
Maxi Kleber,,74.0,86.0,70.0,67.0,58.0,60.0,35.0,73.0,75.0,75.0,67.0,67.0,64.0,40.0,80.0,80.0,77.0,33.0,63.0,75.0,75.0,75.0,45.0,79.0,56.0,85.0,80.0,80.0,70.0,64.0,45.0,68.0,35.0,67.0,54.0,2026,77.0
Mouhamed Gueye,,74.0,71.0,54.0,73.0,65.0,75.0,70.0,72.0,75.0,80.0,52.0,51.0,52.0,58.0,90.0,60.0,48.0,76.0,68.0,57.0,50.0,45.0,67.0,63.0,75.0,88.0,90.0,80.0,60.0,60.0,52.0,62.0,34.0,65.0,68.0,2026,67.0
Jalen Wilson,,74.0,80.0,79.0,79.0,73.0,80.0,65.0,78.0,30.0,75.0,55.0,54.0,55.0,59.0,90.0,35.0,57.0,40.0,32.0,50.0,52.0,40.0,82.0,30.0,75.0,80.0,84.0,80.0,64.0,68.0,73.0,63.0,33.0,34.0,58.0,2026,79.0
Tre Mann,,74.0,66.0,70.0,76.0,85.0,70.0,75.0,87.0,25.0,60.0,35.0,55.0,60.0,45.0,85.0,49.0,62.0,41.0,40.0,60.0,59.0,40.0,74.0,53.0,68.0,88.0,75.0,80.0,77.0,83.0,73.0,75.0,70.0,43.0,56.0,2026,74.0
Craig Porter Jr.,,74.0,71.0,75.0,80.0,56.0,80.0,65.0,79.0,30.0,50.0,44.0,48.0,49.0,60.0,85.0,44.0,73.0,83.0,71.0,60.0,84.0,65.0,79.0,48.0,72.0,88.0,90.0,80.0,75.0,73.0,79.0,75.0,71.0,64.0,55.0,2026,79.0
Nae’Qwan Tomlin,,74.0,75.0,72.0,64.0,75.0,60.0,65.0,79.0,60.0,80.0,57.0,62.0,57.0,55.0,80.0,64.0,70.0,56.0,75.0,67.0,62.0,60.0,75.0,62.0,80.0,80.0,80.0,80.0,67.0,72.0,65.0,70.0,33.0,67.0,50.0,2026,70.0
Dwight Powell,,74.0,96.0,69.0,78.0,69.0,30.0,45.0,70.0,75.0,65.0,77.0,79.0,79.0,83.0,90.0,74.0,45.0,49.0,60.0,68.0,74.0,65.0,71.0,80.0,67.0,90.0,95.0,83.0,55.0,60.0,44.0,64.0,36.0,74.0,69.0,2026,58.0
Aaron Holiday,,74.0,94.0,64.0,82.0,87.0,85.0,70.0,79.0,25.0,60.0,25.0,45.0,32.0,47.0,80.0,34.0,68.0,46.0,37.0,67.0,69.0,45.0,76.0,49.0,56.0,85.0,85.0,84.0,82.0,86.0,76.0,82.0,40.0,33.0,40.0,2026,77.0
Cody Martin,,74.0,79.0,72.0,71.0,70.0,60.0,40.0,85.0,25.0,75.0,59.0,59.0,55.0,79.0,75.0,48.0,69.0,73.0,66.0,69.0,69.0,60.0,68.0,58.0,75.0,90.0,90.0,80.0,74.0,73.0,68.0,78.0,50.0,50.0,65.0,2026,72.0
Jeremiah Robinson-Earl,,74.0,71.0,91.0,79.0,84.0,70.0,40.0,79.0,75.0,75.0,64.0,65.0,66.0,50.0,70.0,66.0,40.0,46.0,40.0,66.0,52.0,45.0,62.0,60.0,69.0,80.0,85.0,80.0,65.0,69.0,55.0,66.0,38.0,67.0,69.0,2026,62.0
Johnny Furphy,,74.0,89.0,77.0,79.0,49.0,75.0,60.0,79.0,60.0,60.0,47.0,52.0,49.0,48.0,85.0,52.0,57.0,49.0,50.0,52.0,48.0,50.0,79.0,54.0,79.0,85.0,90.0,80.0,60.0,59.0,60.0,64.0,33.0,52.0,77.0,2026,63.0
Kam Jones,,74.0,88.0,79.0,73.0,66.0,70.0,65.0,79.0,30.0,60.0,40.0,40.0,40.0,54.0,89.0,30.0,60.0,41.0,25.0,58.0,57.0,40.0,76.0,52.0,60.0,88.0,85.0,80.0,79.0,82.0,76.0,79.0,70.0,35.0,44.0,2026,75.0
Nicolas Batum,,74.0,77.0,70.0,83.0,77.0,70.0,35.0,74.0,55.0,60.0,40.0,63.0,62.0,35.0,85.0,66.0,73.0,56.0,56.0,68.0,50.0,65.0,68.0,65.0,82.0,88.0,85.0,83.0,70.0,71.0,68.0,73.0,32.0,36.0,61.0,2026,75.0
Bogdan Bogdanovic,,74.0,80.0,75.0,76.0,80.0,70.0,45.0,75.0,50.0,65.0,62.0,57.0,57.0,50.0,85.0,44.0,63.0,46.0,37.0,57.0,52.0,40.0,75.0,63.0,78.0,89.0,67.0,77.0,71.0,76.0,73.0,70.0,65.0,33.0,58.0,2026,75.0
Nikola Jovic,,74.0,80.0,70.0,73.0,68.0,85.0,60.0,77.0,30.0,60.0,55.0,60.0,44.0,62.0,90.0,59.0,62.0,46.0,57.0,60.0,57.0,40.0,68.0,44.0,72.0,85.0,70.0,80.0,69.0,70.0,67.0,68.0,66.0,40.0,68.0,2026,68.0
Terry Rozier III,,74.0,85.0,80.0,72.0,86.0,50.0,50.0,84.0,40.0,75.0,45.0,53.0,48.0,85.0,98.0,55.0,75.0,37.0,51.0,59.0,65.0,50.0,82.0,62.0,84.0,98.0,92.0,82.0,75.0,88.0,82.0,78.0,61.0,40.0,57.0,2026,82.0
Jericho Sims,,74.0,90.0,69.0,26.0,64.0,60.0,60.0,64.0,80.0,89.0,60.0,60.0,60.0,40.0,80.0,66.0,40.0,32.0,51.0,66.0,55.0,40.0,80.0,65.0,83.0,85.0,90.0,80.0,30.0,35.0,34.0,32.0,37.0,82.0,75.0,2026,80.0
Pete Nance,,74.0,89.0,70.0,85.0,76.0,75.0,70.0,70.0,75.0,75.0,70.0,54.0,60.0,40.0,70.0,60.0,48.0,36.0,58.0,60.0,60.0,40.0,63.0,69.0,75.0,85.0,85.0,83.0,47.0,52.0,49.0,50.0,35.0,46.0,64.0,2026,57.0
Kevon Looney,,74.0,74.0,44.0,69.0,55.0,50.0,35.0,70.0,75.0,70.0,55.0,52.0,62.0,38.0,66.0,72.0,46.0,59.0,70.0,74.0,64.0,65.0,58.0,74.0,63.0,85.0,96.0,84.0,55.0,61.0,48.0,66.0,55.0,94.0,77.0,2026,69.0
Tyler Kolek,,74.0,82.0,79.0,82.0,70.0,70.0,65.0,82.0,25.0,45.0,37.0,57.0,42.0,45.0,85.0,32.0,73.0,46.0,40.0,58.0,57.0,50.0,74.0,54.0,74.0,90.0,90.0,80.0,79.0,77.0,74.0,79.0,74.0,36.0,58.0,2026,84.0
Mohamed Diawara,,74.0,81.0,88.0,83.0,55.0,75.0,65.0,72.0,70.0,85.0,59.0,59.0,59.0,59.0,85.0,64.0,60.0,41.0,50.0,65.0,50.0,50.0,74.0,69.0,84.0,85.0,85.0,80.0,54.0,57.0,60.0,54.0,41.0,38.0,61.0,2026,69.0
Jett Howard,,74.0,81.0,68.0,81.0,95.0,70.0,60.0,74.0,35.0,65.0,50.0,54.0,54.0,47.0,85.0,55.0,67.0,33.0,53.0,72.0,52.0,45.0,69.0,58.0,72.0,90.0,80.0,80.0,69.0,73.0,66.0,65.0,38.0,43.0,51.0,2026,69.0
Jamal Cain,,74.0,87.0,59.0,83.0,90.0,75.0,65.0,80.0,65.0,75.0,59.0,55.0,57.0,40.0,75.0,60.0,68.0,42.0,37.0,55.0,50.0,50.0,66.0,60.0,75.0,80.0,70.0,83.0,44.0,53.0,60.0,49.0,36.0,53.0,53.0,2026,68.0
Eric Gordon,,74.0,77.0,80.0,85.0,75.0,60.0,40.0,75.0,30.0,70.0,35.0,63.0,50.0,60.0,94.0,42.0,73.0,46.0,56.0,73.0,68.0,50.0,79.0,60.0,82.0,92.0,85.0,78.0,69.0,79.0,78.0,73.0,43.0,30.0,39.0,2026,79.0
Kris Murray,,74.0,91.0,77.0,66.0,71.0,75.0,70.0,70.0,60.0,75.0,50.0,52.0,52.0,60.0,80.0,60.0,66.0,53.0,56.0,65.0,66.0,50.0,68.0,60.0,75.0,90.0,80.0,80.0,60.0,69.0,62.0,60.0,34.0,61.0,48.0,2026,73.0
Sidy Cissoko,,74.0,72.0,67.0,72.0,65.0,75.0,75.0,78.0,50.0,75.0,48.0,47.0,47.0,67.0,85.0,59.0,66.0,49.0,56.0,68.0,54.0,50.0,74.0,58.0,80.0,89.0,80.0,80.0,61.0,68.0,66.0,60.0,40.0,47.0,45.0,2026,75.0
Dario Saric,,74.0,82.0,71.0,70.0,83.0,50.0,50.0,74.0,45.0,70.0,81.0,79.0,81.0,50.0,92.0,80.0,66.0,63.0,25.0,80.0,55.0,75.0,63.0,65.0,60.0,82.0,86.0,81.0,75.0,69.0,57.0,84.0,38.0,62.0,76.0,2026,69.0
Jonathan Mogbo,,74.0,89.0,53.0,70.0,70.0,60.0,30.0,80.0,60.0,80.0,50.0,50.0,50.0,55.0,64.0,64.0,64.0,56.0,66.0,67.0,68.0,60.0,91.0,68.0,75.0,88.0,85.0,80.0,66.0,70.0,69.0,67.0,52.0,69.0,78.0,2026,79.0
A.J. Lawson,,74.0,75.0,68.0,82.0,66.0,85.0,65.0,80.0,45.0,75.0,52.0,52.0,55.0,54.0,75.0,48.0,60.0,41.0,53.0,60.0,65.0,50.0,74.0,34.0,80.0,85.0,80.0,80.0,69.0,69.0,69.0,64.0,34.0,46.0,68.0,2026,79.0
Georges Niang,,74.0,97.0,79.0,84.0,80.0,70.0,45.0,77.0,25.0,50.0,70.0,71.0,70.0,40.0,74.0,60.0,55.0,35.0,42.0,62.0,60.0,35.0,44.0,60.0,72.0,88.0,80.0,84.0,65.0,67.0,44.0,70.0,37.0,40.0,62.0,2026,55.0
Sharife Cooper,,74.0,77.0,94.0,79.0,82.0,65.0,50.0,79.0,25.0,40.0,25.0,32.0,25.0,72.0,81.0,25.0,70.0,36.0,40.0,64.0,52.0,50.0,88.0,39.0,80.0,80.0,78.0,80.0,75.0,86.0,88.0,79.0,72.0,37.0,54.0,2026,88.0
Anthony Gill,,74.0,98.0,72.0,75.0,77.0,70.0,70.0,70.0,75.0,75.0,69.0,69.0,69.0,40.0,74.0,66.0,60.0,46.0,60.0,50.0,58.0,50.0,69.0,60.0,79.0,80.0,88.0,80.0,38.0,54.0,53.0,55.0,42.0,59.0,55.0,2026,67.0
Nate Williams,,74.0,64.0,79.0,83.0,85.0,75.0,70.0,72.0,40.0,70.0,37.0,45.0,48.0,40.0,80.0,40.0,52.0,41.0,25.0,50.0,47.0,40.0,68.0,52.0,70.0,95.0,65.0,83.0,65.0,71.0,65.0,66.0,34.0,66.0,38.0,2026,68.0
Rayan Rupert,,74.0,75.0,63.0,77.0,74.0,70.0,65.0,82.0,45.0,70.0,40.0,44.0,42.0,40.0,70.0,53.0,70.0,70.0,40.0,70.0,70.0,65.0,67.0,52.0,69.0,88.0,85.0,80.0,68.0,72.0,65.0,68.0,33.0,46.0,60.0,2026,72.0
Amir Coffey,,74.0,74.0,94.0,74.0,79.0,60.0,50.0,84.0,25.0,75.0,38.0,53.0,54.0,49.0,81.0,47.0,64.0,36.0,51.0,68.0,64.0,50.0,75.0,52.0,75.0,80.0,70.0,79.0,72.0,75.0,75.0,74.0,34.0,41.0,46.0,2026,75.0
Jamaree Bouyea,,74.0,85.0,67.0,72.0,71.0,80.0,75.0,76.0,25.0,45.0,27.0,35.0,31.0,60.0,75.0,42.0,68.0,73.0,66.0,65.0,67.0,50.0,83.0,41.0,70.0,85.0,85.0,82.0,75.0,76.0,83.0,70.0,65.0,40.0,52.0,2026,83.0
LJ Cryer,,74.0,86.0,79.0,83.0,85.0,70.0,75.0,70.0,25.0,30.0,25.0,32.0,25.0,57.0,95.0,25.0,57.0,28.0,25.0,57.0,57.0,45.0,84.0,32.0,70.0,80.0,78.0,83.0,77.0,79.0,84.0,77.0,36.0,33.0,48.0,2026,82.0
Seth Curry,,74.0,70.0,95.0,89.0,80.0,70.0,70.0,85.0,25.0,36.0,27.0,35.0,30.0,35.0,69.0,25.0,57.0,40.0,42.0,54.0,55.0,35.0,78.0,41.0,68.0,89.0,80.0,80.0,75.0,78.0,77.0,75.0,37.0,37.0,48.0,2026,78.0
Jeremy Sochan,,74.0,92.0,45.0,70.0,71.0,60.0,40.0,84.0,60.0,80.0,48.0,52.0,53.0,79.0,70.0,65.0,74.0,40.0,52.0,69.0,68.0,65.0,70.0,60.0,74.0,90.0,85.0,80.0,79.0,79.0,65.0,82.0,52.0,67.0,63.0,2026,74.0
Nick Smith Jr.,,73.0,96.0,70.0,83.0,91.0,70.0,65.0,82.0,40.0,80.0,37.0,39.0,38.0,41.0,80.0,33.0,63.0,43.0,42.0,57.0,50.0,40.0,84.0,48.0,86.0,89.0,75.0,80.0,70.0,79.0,84.0,72.0,42.0,29.0,41.0,2026,84.0
Caleb Houstan,,73.0,74.0,76.0,83.0,84.0,75.0,45.0,70.0,25.0,25.0,32.0,32.0,32.0,44.0,80.0,47.0,80.0,40.0,40.0,78.0,68.0,80.0,78.0,40.0,72.0,86.0,70.0,80.0,62.0,70.0,72.0,65.0,30.0,36.0,44.0,2026,82.0
Chris Boucher,,73.0,90.0,81.0,79.0,78.0,60.0,30.0,74.0,85.0,80.0,72.0,64.0,72.0,50.0,85.0,76.0,37.0,43.0,72.0,78.0,50.0,60.0,57.0,80.0,74.0,89.0,80.0,77.0,33.0,41.0,25.0,59.0,30.0,67.0,76.0,2026,55.0
Ron Harper Jr.,,73.0,70.0,72.0,78.0,79.0,75.0,70.0,72.0,40.0,70.0,44.0,45.0,30.0,57.0,85.0,42.0,60.0,43.0,47.0,60.0,52.0,55.0,69.0,47.0,70.0,80.0,75.0,80.0,59.0,72.0,63.0,68.0,33.0,57.0,48.0,2026,69.0
Drake Powell,,73.0,94.0,75.0,72.0,91.0,50.0,40.0,74.0,45.0,85.0,44.0,44.0,44.0,50.0,80.0,54.0,75.0,40.0,45.0,70.0,70.0,65.0,86.0,54.0,95.0,85.0,90.0,80.0,69.0,70.0,75.0,69.0,42.0,34.0,46.0,2026,87.0
Pat Connaughton,,73.0,90.0,69.0,79.0,65.0,70.0,35.0,78.0,30.0,86.0,35.0,34.0,30.0,66.0,90.0,35.0,73.0,32.0,57.0,70.0,71.0,65.0,77.0,45.0,95.0,80.0,80.0,83.0,69.0,78.0,65.0,78.0,49.0,45.0,63.0,2026,78.0
Larry Nance Jr.,,73.0,93.0,74.0,71.0,70.0,65.0,40.0,72.0,75.0,80.0,58.0,54.0,59.0,50.0,78.0,74.0,61.0,76.0,74.0,78.0,76.0,60.0,65.0,69.0,86.0,80.0,85.0,83.0,69.0,64.0,49.0,70.0,44.0,52.0,70.0,2026,61.0
Tyrese Proctor,,73.0,70.0,95.0,79.0,89.0,60.0,70.0,77.0,35.0,65.0,49.0,49.0,52.0,37.0,90.0,42.0,60.0,48.0,27.0,54.0,57.0,45.0,82.0,51.0,77.0,85.0,85.0,80.0,79.0,80.0,82.0,77.0,54.0,34.0,51.0,2026,81.0
Moussa Cisse,,73.0,81.0,44.0,25.0,44.0,50.0,25.0,67.0,80.0,80.0,57.0,47.0,50.0,40.0,75.0,75.0,44.0,42.0,96.0,78.0,40.0,60.0,59.0,68.0,79.0,80.0,90.0,82.0,40.0,40.0,40.0,40.0,27.0,94.0,83.0,2026,57.0
Zeke Nnaji,,73.0,73.0,76.0,72.0,77.0,55.0,45.0,77.0,80.0,70.0,69.0,67.0,67.0,69.0,77.0,72.0,54.0,42.0,73.0,57.0,42.0,50.0,77.0,70.0,82.0,80.0,89.0,83.0,33.0,37.0,52.0,42.0,30.0,55.0,67.0,2026,77.0
Jalen Pickett,,73.0,91.0,70.0,85.0,76.0,80.0,65.0,75.0,25.0,60.0,55.0,58.0,58.0,50.0,81.0,47.0,62.0,37.0,37.0,62.0,65.0,45.0,72.0,59.0,67.0,88.0,70.0,79.0,72.0,75.0,72.0,74.0,70.0,40.0,60.0,2026,72.0
DaRon Holmes II,,73.0,77.0,76.0,78.0,70.0,65.0,65.0,68.0,75.0,75.0,68.0,67.0,68.0,50.0,80.0,76.0,63.0,29.0,62.0,72.0,62.0,55.0,75.0,60.0,64.0,88.0,80.0,80.0,49.0,60.0,59.0,50.0,42.0,42.0,55.0,2026,69.0
Spencer Jones,,73.0,95.0,72.0,83.0,61.0,70.0,70.0,74.0,40.0,65.0,40.0,40.0,45.0,59.0,88.0,57.0,64.0,53.0,58.0,64.0,57.0,50.0,67.0,50.0,68.0,80.0,95.0,80.0,54.0,68.0,60.0,57.0,29.0,56.0,50.0,2026,64.0
Jeff Green,,73.0,88.0,75.0,76.0,82.0,50.0,50.0,79.0,65.0,70.0,70.0,68.0,72.0,51.0,85.0,69.0,70.0,32.0,62.0,68.0,54.0,60.0,63.0,70.0,84.0,89.0,85.0,82.0,65.0,74.0,50.0,64.0,33.0,41.0,49.0,2026,75.0
Jae’Sean Tate,,73.0,92.0,70.0,72.0,69.0,50.0,40.0,84.0,65.0,75.0,69.0,68.0,69.0,54.0,85.0,70.0,70.0,70.0,42.0,68.0,69.0,65.0,69.0,65.0,75.0,89.0,95.0,80.0,70.0,74.0,62.0,72.0,38.0,65.0,55.0,2026,70.0
Monte Morris,,73.0,83.0,89.0,72.0,85.0,60.0,35.0,79.0,25.0,50.0,28.0,45.0,32.0,37.0,80.0,44.0,62.0,43.0,40.0,52.0,55.0,35.0,83.0,41.0,72.0,85.0,80.0,81.0,94.0,86.0,83.0,94.0,67.0,36.0,49.0,2026,83.0
Taelon Peter,,73.0,81.0,80.0,76.0,77.0,80.0,65.0,79.0,35.0,80.0,30.0,38.0,26.0,59.0,76.0,40.0,52.0,70.0,51.0,50.0,75.0,45.0,81.0,41.0,80.0,85.0,81.0,80.0,67.0,69.0,72.0,69.0,55.0,35.0,53.0,2026,74.0
Gary Harris,,73.0,85.0,79.0,87.0,79.0,60.0,35.0,78.0,40.0,50.0,28.0,51.0,47.0,60.0,75.0,68.0,80.0,59.0,50.0,80.0,55.0,80.0,75.0,53.0,78.0,85.0,80.0,83.0,75.0,76.0,70.0,75.0,37.0,38.0,46.0,2026,80.0
Jaylen Clark,,73.0,78.0,67.0,73.0,66.0,75.0,50.0,73.0,50.0,70.0,40.0,38.0,44.0,39.0,70.0,52.0,81.0,80.0,50.0,82.0,80.0,75.0,79.0,55.0,77.0,85.0,85.0,79.0,62.0,69.0,76.0,60.0,31.0,61.0,44.0,2026,86.0
Joe Ingles,,73.0,64.0,65.0,86.0,86.0,60.0,45.0,80.0,40.0,45.0,50.0,55.0,48.0,40.0,70.0,58.0,80.0,53.0,35.0,78.0,78.0,75.0,66.0,64.0,60.0,92.0,70.0,80.0,75.0,70.0,60.0,75.0,71.0,34.0,56.0,2026,80.0
Ariel Hukporti,,73.0,41.0,57.0,47.0,79.0,75.0,45.0,59.0,75.0,75.0,54.0,50.0,52.0,65.0,75.0,74.0,37.0,38.0,90.0,57.0,40.0,45.0,47.0,68.0,68.0,80.0,95.0,82.0,43.0,45.0,40.0,44.0,36.0,87.0,75.0,2026,37.0
Nikola Topic,,73.0,81.0,69.0,75.0,87.0,70.0,65.0,81.0,40.0,65.0,44.0,57.0,40.0,55.0,85.0,45.0,63.0,44.0,47.0,60.0,52.0,45.0,79.0,59.0,69.0,85.0,75.0,80.0,81.0,86.0,79.0,81.0,76.0,32.0,47.0,2026,76.0
Branden Carlson,,73.0,82.0,72.0,78.0,71.0,85.0,65.0,47.0,65.0,60.0,64.0,65.0,65.0,68.0,85.0,52.0,30.0,36.0,82.0,57.0,39.0,35.0,35.0,60.0,57.0,85.0,70.0,80.0,47.0,37.0,27.0,47.0,36.0,54.0,72.0,2026,30.0
Jonathan Isaac,,73.0,89.0,44.0,59.0,60.0,35.0,30.0,67.0,60.0,70.0,44.0,45.0,44.0,30.0,68.0,83.0,83.0,86.0,91.0,83.0,78.0,80.0,73.0,70.0,80.0,70.0,65.0,67.0,54.0,57.0,66.0,52.0,29.0,67.0,74.0,2026,80.0
Jase Richardson,,73.0,93.0,84.0,82.0,73.0,70.0,50.0,76.0,40.0,87.0,37.0,39.0,38.0,54.0,80.0,33.0,67.0,37.0,37.0,64.0,60.0,55.0,81.0,57.0,80.0,85.0,85.0,80.0,70.0,79.0,80.0,72.0,61.0,45.0,46.0,2026,84.0
Kyle Lowry,,73.0,67.0,85.0,75.0,82.0,60.0,40.0,70.0,25.0,25.0,38.0,44.0,40.0,40.0,95.0,60.0,80.0,76.0,56.0,80.0,80.0,80.0,84.0,67.0,72.0,96.0,97.0,79.0,75.0,79.0,84.0,80.0,67.0,34.0,48.0,2026,84.0
Blake Wesley,,73.0,71.0,42.0,70.0,56.0,70.0,55.0,79.0,40.0,86.0,54.0,57.0,50.0,59.0,80.0,49.0,73.0,86.0,40.0,60.0,79.0,60.0,78.0,40.0,84.0,92.0,75.0,80.0,78.0,83.0,77.0,79.0,70.0,36.0,48.0,2026,78.0
Daeqwon Plowden,,73.0,85.0,68.0,78.0,85.0,60.0,50.0,79.0,40.0,80.0,47.0,44.0,47.0,37.0,80.0,46.0,66.0,41.0,37.0,65.0,62.0,50.0,83.0,62.0,83.0,80.0,75.0,80.0,60.0,67.0,76.0,62.0,31.0,45.0,47.0,2026,82.0
Lindy Waters III,,73.0,90.0,85.0,77.0,80.0,75.0,75.0,70.0,25.0,65.0,28.0,54.0,34.0,65.0,70.0,53.0,67.0,46.0,55.0,62.0,62.0,40.0,60.0,33.0,67.0,83.0,70.0,80.0,69.0,69.0,50.0,67.0,37.0,37.0,60.0,2026,69.0
Oscar Tshiebwe,,73.0,97.0,69.0,37.0,57.0,70.0,50.0,78.0,75.0,75.0,54.0,48.0,48.0,37.0,95.0,69.0,48.0,53.0,45.0,69.0,40.0,55.0,75.0,69.0,75.0,80.0,90.0,80.0,42.0,40.0,39.0,55.0,40.0,96.0,80.0,2026,67.0
Christian Koloko,,73.0,64.0,60.0,29.0,63.0,75.0,35.0,64.0,75.0,75.0,54.0,50.0,51.0,50.0,70.0,75.0,37.0,66.0,92.0,75.0,50.0,75.0,72.0,59.0,75.0,80.0,80.0,80.0,37.0,42.0,44.0,52.0,31.0,67.0,60.0,2026,72.0
Chaney Johnson,,73.0,86.0,70.0,72.0,79.0,65.0,40.0,75.0,65.0,85.0,48.0,48.0,47.0,37.0,70.0,69.0,73.0,70.0,62.0,66.0,65.0,60.0,79.0,60.0,85.0,80.0,90.0,80.0,57.0,65.0,69.0,55.0,66.0,69.0,63.0,2026,79.0
Jalen Slawson,,73.0,73.0,73.0,76.0,77.0,70.0,60.0,70.0,65.0,80.0,45.0,48.0,49.0,49.0,70.0,65.0,59.0,80.0,79.0,65.0,67.0,60.0,68.0,62.0,72.0,85.0,64.0,83.0,58.0,66.0,65.0,49.0,64.0,37.0,76.0,2026,67.0
Ethan Thompson,,73.0,87.0,78.0,78.0,71.0,80.0,60.0,71.0,40.0,60.0,40.0,40.0,41.0,50.0,80.0,48.0,61.0,41.0,53.0,58.0,44.0,45.0,76.0,59.0,69.0,81.0,68.0,80.0,70.0,70.0,73.0,70.0,48.0,38.0,46.0,2026,70.0
Jahmai Mashack,,73.0,78.0,70.0,67.0,57.0,75.0,50.0,70.0,45.0,70.0,40.0,40.0,57.0,39.0,69.0,60.0,75.0,93.0,60.0,75.0,75.0,70.0,82.0,60.0,80.0,85.0,60.0,80.0,69.0,67.0,68.0,68.0,37.0,46.0,44.0,2026,88.0
Dalen Terry,,73.0,62.0,72.0,79.0,55.0,65.0,55.0,77.0,25.0,80.0,40.0,46.0,42.0,54.0,85.0,43.0,69.0,76.0,67.0,69.0,70.0,65.0,76.0,58.0,69.0,85.0,85.0,80.0,76.0,80.0,74.0,78.0,62.0,48.0,56.0,2026,76.0
Leaky Black,,73.0,76.0,73.0,83.0,74.0,80.0,50.0,66.0,40.0,80.0,42.0,38.0,40.0,38.0,70.0,59.0,69.0,40.0,61.0,70.0,65.0,55.0,75.0,50.0,77.0,85.0,80.0,80.0,55.0,60.0,63.0,50.0,34.0,48.0,64.0,2026,73.0
Tyrese Martin,,73.0,68.0,76.0,75.0,68.0,80.0,60.0,70.0,40.0,60.0,56.0,60.0,59.0,59.0,69.0,54.0,66.0,46.0,37.0,60.0,40.0,55.0,70.0,59.0,70.0,85.0,65.0,80.0,75.0,77.0,63.0,75.0,63.0,49.0,55.0,2026,72.0
Haywood Highsmith,,73.0,86.0,70.0,81.0,75.0,70.0,50.0,78.0,35.0,45.0,47.0,54.0,46.0,40.0,70.0,70.0,79.0,59.0,61.0,78.0,77.0,70.0,70.0,50.0,79.0,80.0,65.0,86.0,55.0,70.0,64.0,55.0,35.0,45.0,52.0,2026,81.0
Trayce Jackson-Davis,,73.0,61.0,70.0,44.0,51.0,60.0,25.0,78.0,80.0,85.0,60.0,60.0,60.0,40.0,75.0,63.0,58.0,41.0,83.0,57.0,55.0,50.0,79.0,63.0,88.0,85.0,85.0,80.0,62.0,66.0,69.0,64.0,43.0,83.0,73.0,2026,74.0
Blake Hinson,,73.0,70.0,75.0,85.0,69.0,80.0,70.0,70.0,40.0,55.0,57.0,58.0,57.0,54.0,85.0,51.0,57.0,28.0,37.0,47.0,45.0,35.0,59.0,50.0,70.0,88.0,70.0,84.0,62.0,69.0,54.0,69.0,30.0,45.0,46.0,2026,63.0
Tony Bradley,,73.0,84.0,66.0,26.0,74.0,50.0,50.0,78.0,75.0,60.0,72.0,62.0,79.0,65.0,85.0,72.0,35.0,33.0,55.0,70.0,58.0,55.0,51.0,82.0,51.0,80.0,90.0,80.0,44.0,44.0,33.0,58.0,33.0,89.0,67.0,2026,54.0
Gabe Vincent,,73.0,63.0,70.0,76.0,95.0,70.0,60.0,80.0,25.0,45.0,26.0,32.0,26.0,37.0,90.0,37.0,60.0,43.0,32.0,60.0,57.0,45.0,73.0,40.0,66.0,85.0,69.0,82.0,78.0,82.0,70.0,79.0,41.0,34.0,36.0,2026,73.0
Dalano Banton,,73.0,56.0,71.0,77.0,71.0,70.0,60.0,84.0,30.0,65.0,30.0,45.0,48.0,79.0,80.0,40.0,68.0,59.0,67.0,60.0,62.0,60.0,76.0,66.0,75.0,80.0,75.0,80.0,78.0,76.0,72.0,79.0,70.0,40.0,51.0,2026,76.0
Rob Dillingham,,73.0,67.0,74.0,74.0,76.0,65.0,75.0,77.0,30.0,75.0,37.0,39.0,39.0,45.0,90.0,34.0,63.0,70.0,37.0,57.0,58.0,50.0,91.0,39.0,85.0,90.0,85.0,80.0,69.0,90.0,91.0,68.0,70.0,36.0,53.0,2026,86.0
Tyus Jones,,73.0,88.0,78.0,70.0,89.0,70.0,40.0,89.0,25.0,30.0,28.0,40.0,35.0,70.0,78.0,30.0,67.0,66.0,35.0,60.0,80.0,50.0,71.0,34.0,57.0,92.0,87.0,84.0,84.0,86.0,69.0,88.0,67.0,31.0,41.0,2026,71.0
KJ Simpson,,73.0,76.0,53.0,74.0,81.0,75.0,65.0,78.0,25.0,50.0,28.0,40.0,37.0,50.0,80.0,42.0,64.0,86.0,25.0,59.0,59.0,40.0,76.0,52.0,82.0,85.0,80.0,80.0,78.0,87.0,76.0,78.0,71.0,38.0,57.0,2026,83.0
Keaton Wallace,,72.0,84.0,69.0,85.0,83.0,70.0,65.0,77.0,25.0,50.0,32.0,30.0,29.0,40.0,85.0,44.0,70.0,76.0,47.0,70.0,68.0,70.0,80.0,49.0,72.0,88.0,70.0,84.0,70.0,72.0,76.0,74.0,72.0,26.0,55.0,2026,79.0
Tyson Etienne,,72.0,74.0,76.0,86.0,79.0,75.0,65.0,74.0,25.0,60.0,27.0,34.0,32.0,50.0,69.0,30.0,64.0,53.0,25.0,62.0,60.0,45.0,83.0,44.0,72.0,85.0,75.0,80.0,75.0,81.0,83.0,70.0,63.0,30.0,38.0,2026,79.0
Liam McNeeley,,72.0,56.0,70.0,82.0,82.0,60.0,60.0,67.0,40.0,60.0,38.0,39.0,39.0,58.0,85.0,51.0,62.0,47.0,37.0,58.0,57.0,40.0,81.0,54.0,72.0,84.0,80.0,80.0,68.0,69.0,70.0,68.0,51.0,42.0,66.0,2026,73.0
Noa Essengue,,72.0,71.0,70.0,70.0,70.0,60.0,50.0,72.0,50.0,80.0,60.0,60.0,60.0,76.0,90.0,60.0,68.0,60.0,45.0,60.0,68.0,45.0,85.0,55.0,82.0,80.0,80.0,80.0,60.0,69.0,72.0,60.0,39.0,55.0,54.0,2026,82.0
Keshad Johnson,,72.0,75.0,70.0,71.0,68.0,60.0,65.0,72.0,50.0,86.0,59.0,59.0,59.0,40.0,80.0,52.0,60.0,46.0,70.0,57.0,52.0,40.0,92.0,65.0,89.0,88.0,90.0,80.0,57.0,65.0,70.0,55.0,37.0,68.0,66.0,2026,80.0
Andre Jackson Jr.,,72.0,70.0,68.0,81.0,70.0,60.0,40.0,67.0,40.0,87.0,40.0,40.0,40.0,37.0,80.0,53.0,75.0,70.0,40.0,75.0,74.0,70.0,84.0,50.0,87.0,90.0,80.0,80.0,65.0,65.0,74.0,60.0,59.0,65.0,53.0,2026,82.0
Johnny Juzang,,72.0,89.0,89.0,81.0,83.0,65.0,50.0,71.0,35.0,75.0,55.0,59.0,64.0,44.0,85.0,50.0,58.0,42.0,40.0,52.0,50.0,50.0,70.0,55.0,72.0,85.0,75.0,80.0,59.0,72.0,66.0,62.0,34.0,43.0,54.0,2026,70.0
Joan Beringer,,72.0,69.0,45.0,26.0,62.0,60.0,40.0,70.0,85.0,80.0,57.0,50.0,55.0,40.0,80.0,73.0,40.0,35.0,80.0,66.0,55.0,40.0,56.0,65.0,80.0,85.0,90.0,80.0,49.0,47.0,41.0,47.0,31.0,93.0,70.0,2026,67.0
Jordan Hawkins,,72.0,53.0,71.0,77.0,80.0,70.0,60.0,75.0,25.0,60.0,37.0,48.0,44.0,55.0,80.0,45.0,65.0,35.0,53.0,67.0,64.0,50.0,70.0,48.0,67.0,89.0,80.0,80.0,70.0,74.0,68.0,71.0,33.0,38.0,50.0,2026,72.0
Micah Peavy,,72.0,59.0,75.0,69.0,71.0,60.0,50.0,79.0,40.0,80.0,52.0,51.0,47.0,42.0,85.0,59.0,71.0,66.0,47.0,70.0,55.0,50.0,85.0,53.0,78.0,85.0,75.0,80.0,75.0,76.0,70.0,75.0,38.0,53.0,47.0,2026,82.0
Orlando Robinson,,72.0,75.0,69.0,76.0,80.0,70.0,35.0,70.0,70.0,60.0,59.0,58.0,59.0,38.0,85.0,62.0,36.0,38.0,61.0,60.0,54.0,60.0,49.0,70.0,64.0,80.0,90.0,77.0,52.0,40.0,35.0,54.0,55.0,80.0,71.0,2026,49.0
Jabari Walker,,72.0,60.0,70.0,76.0,75.0,60.0,40.0,72.0,45.0,75.0,65.0,65.0,65.0,40.0,80.0,68.0,60.0,43.0,56.0,67.0,65.0,60.0,75.0,46.0,79.0,80.0,70.0,80.0,52.0,60.0,71.0,54.0,31.0,69.0,69.0,2026,75.0
Nigel Hayes-Davis,,72.0,78.0,74.0,80.0,88.0,50.0,40.0,78.0,60.0,75.0,54.0,54.0,54.0,62.0,70.0,63.0,73.0,73.0,47.0,70.0,70.0,60.0,73.0,68.0,75.0,90.0,80.0,80.0,60.0,69.0,64.0,64.0,40.0,40.0,47.0,2026,73.0
Duop Reath,,72.0,85.0,68.0,75.0,80.0,70.0,65.0,68.0,50.0,60.0,55.0,55.0,55.0,68.0,74.0,62.0,37.0,41.0,67.0,68.0,50.0,45.0,59.0,73.0,75.0,83.0,90.0,80.0,40.0,52.0,46.0,44.0,35.0,69.0,52.0,2026,52.0
Jordan McLaughlin,,72.0,69.0,74.0,86.0,75.0,85.0,55.0,84.0,25.0,65.0,25.0,25.0,25.0,49.0,70.0,25.0,73.0,86.0,25.0,52.0,74.0,60.0,72.0,52.0,74.0,80.0,70.0,83.0,83.0,84.0,70.0,80.0,62.0,35.0,46.0,2026,74.0
Elijah Harkless,,72.0,74.0,74.0,75.0,75.0,65.0,70.0,74.0,25.0,50.0,28.0,38.0,31.0,57.0,75.0,42.0,76.0,80.0,47.0,70.0,72.0,70.0,80.0,57.0,75.0,85.0,85.0,80.0,74.0,76.0,80.0,72.0,62.0,48.0,57.0,2026,85.0
PJ Hall,,72.0,60.0,73.0,74.0,79.0,50.0,65.0,68.0,75.0,75.0,60.0,60.0,60.0,69.0,70.0,55.0,47.0,50.0,60.0,55.0,57.0,40.0,73.0,70.0,82.0,87.0,80.0,80.0,48.0,60.0,59.0,52.0,37.0,89.0,77.0,2026,52.0
Drew Timme,,72.0,86.0,75.0,75.0,79.0,70.0,60.0,68.0,70.0,65.0,68.0,67.0,68.0,40.0,80.0,57.0,40.0,46.0,45.0,58.0,47.0,30.0,48.0,68.0,66.0,80.0,75.0,81.0,58.0,52.0,40.0,70.0,47.0,57.0,60.0,2026,40.0
Dariq Whitehead,,72.0,77.0,76.0,84.0,79.0,70.0,40.0,70.0,50.0,80.0,44.0,51.0,47.0,37.0,80.0,40.0,65.0,38.0,37.0,67.0,67.0,45.0,79.0,52.0,82.0,90.0,70.0,77.0,67.0,78.0,76.0,66.0,35.0,34.0,56.0,2026,79.0
Julian Phillips,,72.0,81.0,68.0,75.0,77.0,70.0,50.0,70.0,45.0,80.0,54.0,57.0,55.0,55.0,80.0,55.0,68.0,46.0,55.0,67.0,68.0,65.0,73.0,40.0,80.0,85.0,85.0,80.0,60.0,66.0,67.0,57.0,29.0,63.0,41.0,2026,78.0
Killian Hayes,,72.0,65.0,65.0,72.0,70.0,70.0,50.0,74.0,25.0,60.0,35.0,55.0,60.0,40.0,85.0,49.0,73.0,53.0,51.0,69.0,70.0,65.0,79.0,56.0,70.0,89.0,85.0,83.0,82.0,83.0,75.0,84.0,74.0,30.0,64.0,2026,79.0
Malachi Smith,,72.0,78.0,77.0,83.0,78.0,75.0,60.0,70.0,25.0,55.0,47.0,47.0,48.0,44.0,84.0,45.0,60.0,83.0,45.0,62.0,63.0,45.0,76.0,52.0,65.0,84.0,69.0,80.0,76.0,75.0,75.0,76.0,66.0,46.0,48.0,2026,69.0
Xavier Tillman Sr.,,72.0,86.0,68.0,62.0,45.0,60.0,45.0,73.0,75.0,65.0,70.0,70.0,70.0,46.0,95.0,74.0,66.0,49.0,57.0,75.0,74.0,65.0,46.0,72.0,69.0,82.0,85.0,80.0,62.0,61.0,37.0,68.0,29.0,51.0,72.0,2026,67.0
Yuki  Kawamura,,72.0,69.0,72.0,76.0,86.0,70.0,70.0,66.0,25.0,25.0,25.0,25.0,25.0,44.0,80.0,25.0,61.0,55.0,26.0,45.0,35.0,30.0,85.0,60.0,80.0,75.0,45.0,80.0,82.0,86.0,85.0,82.0,80.0,36.0,56.0,2026,84.0
AJ Johnson,,72.0,52.0,74.0,68.0,83.0,60.0,60.0,80.0,30.0,80.0,30.0,30.0,30.0,44.0,80.0,49.0,56.0,37.0,37.0,48.0,47.0,30.0,83.0,39.0,76.0,80.0,75.0,80.0,70.0,86.0,79.0,72.0,67.0,38.0,53.0,2026,79.0
Charles Bassey,,72.0,92.0,69.0,62.0,64.0,40.0,35.0,70.0,75.0,75.0,50.0,50.0,50.0,40.0,70.0,77.0,57.0,46.0,93.0,68.0,50.0,60.0,67.0,66.0,82.0,80.0,85.0,80.0,35.0,42.0,54.0,48.0,34.0,92.0,89.0,2026,67.0
Cormac Ryan,,72.0,74.0,79.0,84.0,88.0,70.0,60.0,74.0,35.0,60.0,44.0,45.0,41.0,62.0,82.0,40.0,66.0,53.0,57.0,65.0,60.0,40.0,68.0,57.0,75.0,85.0,66.0,80.0,69.0,68.0,62.0,69.0,37.0,40.0,34.0,2026,67.0
Bronny James Jr.,,71.0,64.0,72.0,79.0,73.0,60.0,50.0,70.0,35.0,80.0,37.0,37.0,30.0,47.0,85.0,47.0,72.0,57.0,44.0,70.0,60.0,65.0,87.0,60.0,90.0,90.0,90.0,80.0,67.0,70.0,84.0,65.0,41.0,33.0,50.0,2026,87.0
Kobe Bufkin,,71.0,80.0,79.0,70.0,72.0,60.0,55.0,80.0,30.0,75.0,42.0,44.0,43.0,40.0,90.0,48.0,64.0,38.0,56.0,54.0,52.0,40.0,86.0,40.0,80.0,95.0,80.0,80.0,72.0,87.0,86.0,73.0,67.0,46.0,61.0,2026,86.0
Isaac Jones,,71.0,78.0,64.0,49.0,62.0,60.0,40.0,70.0,75.0,75.0,60.0,60.0,60.0,44.0,95.0,60.0,59.0,28.0,81.0,58.0,55.0,45.0,70.0,70.0,74.0,85.0,90.0,80.0,44.0,58.0,60.0,44.0,28.0,67.0,64.0,2026,67.0
Vince Williams Jr.,,71.0,88.0,60.0,68.0,75.0,70.0,40.0,69.0,35.0,70.0,41.0,53.0,39.0,55.0,76.0,55.0,79.0,40.0,51.0,77.0,75.0,75.0,68.0,52.0,70.0,87.0,90.0,80.0,69.0,70.0,60.0,65.0,54.0,46.0,63.0,2026,82.0
Trey Jemison III,,71.0,83.0,50.0,29.0,39.0,70.0,50.0,60.0,75.0,75.0,67.0,54.0,65.0,40.0,80.0,71.0,37.0,66.0,76.0,70.0,50.0,65.0,55.0,76.0,72.0,90.0,90.0,82.0,44.0,40.0,44.0,45.0,35.0,78.0,65.0,2026,52.0
Kevin McCullar Jr.,,71.0,76.0,75.0,74.0,79.0,50.0,40.0,76.0,45.0,75.0,59.0,62.0,60.0,45.0,85.0,52.0,72.0,56.0,63.0,70.0,68.0,50.0,75.0,55.0,75.0,90.0,80.0,80.0,68.0,66.0,68.0,67.0,33.0,74.0,55.0,2026,82.0
Thomas Sorber,,71.0,75.0,70.0,60.0,72.0,50.0,45.0,70.0,75.0,75.0,68.0,68.0,68.0,44.0,85.0,69.0,58.0,62.0,75.0,62.0,62.0,60.0,59.0,72.0,74.0,85.0,90.0,80.0,69.0,66.0,52.0,72.0,48.0,68.0,69.0,2026,66.0
Isaiah Livers,,71.0,78.0,86.0,77.0,82.0,70.0,50.0,76.0,25.0,65.0,26.0,32.0,35.0,44.0,80.0,37.0,65.0,42.0,40.0,60.0,60.0,55.0,73.0,55.0,71.0,85.0,66.0,82.0,68.0,70.0,70.0,65.0,32.0,40.0,46.0,2026,74.0
Doug McDermott,,71.0,85.0,78.0,85.0,76.0,60.0,50.0,79.0,50.0,65.0,60.0,66.0,62.0,60.0,75.0,52.0,58.0,31.0,45.0,63.0,50.0,40.0,59.0,60.0,67.0,81.0,67.0,83.0,65.0,67.0,47.0,65.0,31.0,34.0,43.0,2026,60.0
David Jones-Garcia,,71.0,76.0,70.0,76.0,78.0,70.0,35.0,72.0,50.0,75.0,38.0,42.0,39.0,44.0,70.0,48.0,65.0,64.0,52.0,67.0,62.0,50.0,73.0,59.0,78.0,80.0,75.0,87.0,74.0,60.0,66.0,74.0,74.0,54.0,59.0,2026,76.0
Alijah Martin,,71.0,77.0,76.0,76.0,76.0,40.0,35.0,76.0,25.0,85.0,35.0,37.0,37.0,59.0,80.0,48.0,74.0,86.0,56.0,70.0,69.0,70.0,88.0,62.0,85.0,85.0,85.0,80.0,67.0,73.0,78.0,67.0,52.0,62.0,44.0,2026,88.0
Malaki Branham,,71.0,74.0,74.0,83.0,82.0,70.0,65.0,74.0,60.0,75.0,47.0,44.0,49.0,41.0,80.0,45.0,63.0,42.0,42.0,54.0,52.0,45.0,82.0,55.0,75.0,86.0,70.0,80.0,59.0,69.0,74.0,59.0,60.0,33.0,52.0,2026,82.0
Patrick Baldwin Jr.,,71.0,70.0,72.0,77.0,74.0,70.0,55.0,74.0,55.0,70.0,54.0,52.0,52.0,52.0,80.0,56.0,59.0,49.0,65.0,55.0,54.0,40.0,57.0,69.0,62.0,85.0,70.0,80.0,55.0,58.0,55.0,60.0,34.0,42.0,84.0,2026,64.0
RayJ Dennis,,71.0,72.0,74.0,75.0,73.0,70.0,55.0,73.0,25.0,55.0,33.0,34.0,33.0,47.0,84.0,44.0,67.0,68.0,35.0,62.0,55.0,45.0,79.0,42.0,75.0,85.0,80.0,80.0,75.0,74.0,79.0,75.0,73.0,32.0,44.0,2026,80.0
Mac McClung,,71.0,78.0,64.0,75.0,64.0,70.0,65.0,78.0,35.0,94.0,44.0,45.0,43.0,39.0,85.0,40.0,67.0,52.0,42.0,50.0,58.0,40.0,79.0,48.0,82.0,84.0,80.0,82.0,75.0,69.0,78.0,68.0,75.0,29.0,67.0,2026,70.0
John Poulakidas,,71.0,67.0,75.0,80.0,73.0,75.0,75.0,67.0,50.0,60.0,42.0,45.0,44.0,57.0,70.0,37.0,54.0,42.0,25.0,75.0,50.0,55.0,62.0,53.0,63.0,85.0,65.0,80.0,54.0,59.0,57.0,54.0,31.0,41.0,56.0,2026,57.0
David Roddy,,71.0,84.0,72.0,82.0,82.0,60.0,30.0,77.0,50.0,60.0,62.0,62.0,62.0,59.0,81.0,64.0,65.0,42.0,53.0,69.0,62.0,55.0,75.0,73.0,66.0,88.0,85.0,80.0,62.0,66.0,54.0,60.0,44.0,41.0,73.0,2026,74.0
Adou Thiero,,70.0,75.0,64.0,71.0,69.0,35.0,25.0,73.0,50.0,88.0,40.0,40.0,40.0,65.0,70.0,57.0,67.0,72.0,55.0,64.0,60.0,50.0,87.0,69.0,92.0,80.0,70.0,80.0,47.0,69.0,71.0,47.0,32.0,64.0,57.0,2026,85.0
E.J. Liddell,,70.0,89.0,79.0,70.0,76.0,40.0,45.0,75.0,55.0,60.0,66.0,71.0,68.0,37.0,85.0,65.0,54.0,33.0,75.0,62.0,54.0,50.0,73.0,65.0,89.0,80.0,65.0,80.0,59.0,60.0,59.0,58.0,42.0,49.0,72.0,2026,73.0
Drew  Peterson,,70.0,70.0,74.0,79.0,75.0,75.0,50.0,73.0,60.0,65.0,45.0,47.0,46.0,45.0,70.0,52.0,43.0,40.0,42.0,45.0,50.0,40.0,59.0,62.0,68.0,85.0,85.0,80.0,69.0,68.0,58.0,68.0,38.0,52.0,66.0,2026,58.0
Antonio Reeves,,70.0,89.0,75.0,86.0,84.0,60.0,60.0,80.0,30.0,70.0,39.0,36.0,39.0,40.0,80.0,32.0,60.0,42.0,40.0,52.0,48.0,40.0,83.0,39.0,75.0,85.0,70.0,80.0,62.0,70.0,73.0,62.0,36.0,40.0,41.0,2026,78.0
Lachlan Olbrich,,70.0,84.0,66.0,61.0,39.0,50.0,50.0,67.0,60.0,65.0,65.0,65.0,69.0,60.0,80.0,60.0,37.0,47.0,50.0,66.0,50.0,50.0,50.0,68.0,49.0,85.0,90.0,80.0,68.0,60.0,48.0,69.0,48.0,79.0,77.0,2026,48.0
Hunter Tyson,,70.0,72.0,76.0,73.0,70.0,65.0,50.0,70.0,60.0,75.0,49.0,49.0,49.0,50.0,70.0,58.0,62.0,33.0,60.0,58.0,54.0,40.0,68.0,52.0,77.0,88.0,75.0,80.0,65.0,68.0,60.0,65.0,32.0,49.0,65.0,2026,68.0
Wendell Moore Jr.,,70.0,77.0,72.0,76.0,81.0,70.0,50.0,71.0,50.0,80.0,44.0,47.0,44.0,32.0,72.0,56.0,72.0,59.0,51.0,70.0,72.0,60.0,70.0,58.0,83.0,85.0,90.0,80.0,57.0,67.0,68.0,54.0,43.0,58.0,63.0,2026,74.0
Cam Christie,,70.0,63.0,79.0,70.0,76.0,60.0,40.0,66.0,40.0,75.0,40.0,40.0,40.0,40.0,90.0,47.0,62.0,41.0,40.0,58.0,57.0,45.0,87.0,42.0,77.0,86.0,70.0,80.0,68.0,70.0,78.0,68.0,37.0,44.0,65.0,2026,82.0
Colin Castleton,,70.0,78.0,70.0,69.0,83.0,50.0,45.0,64.0,65.0,65.0,67.0,67.0,67.0,38.0,80.0,62.0,32.0,37.0,65.0,62.0,54.0,50.0,58.0,63.0,63.0,80.0,85.0,80.0,50.0,57.0,33.0,60.0,37.0,80.0,69.0,2026,54.0
Johni Broome,,70.0,75.0,75.0,69.0,60.0,50.0,50.0,72.0,50.0,60.0,70.0,70.0,70.0,55.0,90.0,70.0,60.0,49.0,72.0,67.0,47.0,60.0,60.0,71.0,51.0,80.0,90.0,80.0,69.0,67.0,57.0,69.0,42.0,69.0,69.0,2026,62.0
Yang Hansen,,70.0,62.0,66.0,63.0,82.0,70.0,50.0,60.0,75.0,70.0,70.0,68.0,70.0,50.0,68.0,69.0,40.0,36.0,66.0,67.0,61.0,45.0,47.0,65.0,55.0,85.0,75.0,80.0,67.0,32.0,32.0,69.0,48.0,52.0,67.0,2026,37.0
Bismack Biyombo,,70.0,92.0,62.0,25.0,51.0,40.0,30.0,60.0,80.0,68.0,48.0,45.0,54.0,39.0,75.0,82.0,50.0,46.0,82.0,85.0,54.0,70.0,48.0,80.0,63.0,79.0,95.0,83.0,25.0,35.0,25.0,74.0,35.0,65.0,81.0,2026,55.0
Garrett Temple,,70.0,82.0,55.0,72.0,79.0,70.0,40.0,70.0,25.0,30.0,37.0,55.0,46.0,40.0,85.0,46.0,78.0,59.0,47.0,77.0,74.0,70.0,57.0,44.0,69.0,85.0,79.0,82.0,75.0,75.0,57.0,74.0,47.0,58.0,51.0,2026,76.0
Malevy Leons,,70.0,64.0,68.0,74.0,79.0,40.0,40.0,60.0,65.0,65.0,59.0,59.0,59.0,40.0,80.0,72.0,72.0,67.0,73.0,70.0,65.0,60.0,52.0,55.0,60.0,85.0,85.0,82.0,57.0,47.0,47.0,52.0,32.0,82.0,48.0,2026,75.0
TyTy Washington,,70.0,78.0,77.0,70.0,75.0,75.0,60.0,76.0,25.0,75.0,25.0,38.0,26.0,50.0,80.0,55.0,66.0,49.0,37.0,62.0,70.0,40.0,80.0,54.0,79.0,95.0,85.0,80.0,68.0,86.0,80.0,69.0,60.0,27.0,52.0,2026,80.0
MarJon Beauchamp,,70.0,86.0,80.0,78.0,68.0,55.0,35.0,79.0,40.0,70.0,29.0,42.0,44.0,37.0,74.0,54.0,69.0,66.0,58.0,65.0,69.0,45.0,76.0,52.0,82.0,89.0,70.0,80.0,65.0,70.0,70.0,67.0,42.0,41.0,62.0,2026,76.0
Tosan Evbuomwan,,70.0,85.0,72.0,72.0,76.0,60.0,50.0,76.0,40.0,65.0,52.0,52.0,58.0,35.0,69.0,57.0,57.0,40.0,53.0,47.0,55.0,50.0,64.0,58.0,68.0,88.0,95.0,85.0,69.0,75.0,60.0,69.0,37.0,52.0,64.0,2026,60.0
Taj Gibson,,70.0,77.0,82.0,50.0,71.0,50.0,30.0,65.0,75.0,65.0,75.0,75.0,75.0,37.0,77.0,69.0,58.0,59.0,60.0,67.0,57.0,50.0,49.0,83.0,58.0,75.0,85.0,83.0,33.0,35.0,32.0,54.0,32.0,84.0,70.0,2026,57.0
Amari Williams,,69.0,67.0,60.0,55.0,62.0,50.0,40.0,67.0,75.0,80.0,62.0,50.0,60.0,54.0,70.0,70.0,60.0,47.0,68.0,72.0,50.0,55.0,66.0,69.0,75.0,85.0,85.0,80.0,66.0,64.0,62.0,69.0,56.0,60.0,60.0,2026,68.0
Trentyn Flowers,,69.0,62.0,71.0,75.0,64.0,50.0,35.0,62.0,70.0,85.0,47.0,52.0,49.0,42.0,80.0,52.0,62.0,57.0,37.0,54.0,52.0,45.0,83.0,42.0,92.0,85.0,70.0,80.0,57.0,69.0,75.0,60.0,44.0,48.0,54.0,2026,75.0
Chris Livingston,,69.0,76.0,68.0,70.0,72.0,60.0,35.0,76.0,50.0,80.0,39.0,44.0,40.0,37.0,79.0,52.0,64.0,47.0,48.0,52.0,62.0,40.0,80.0,54.0,83.0,85.0,65.0,80.0,65.0,69.0,68.0,52.0,34.0,52.0,51.0,2026,80.0
Luke Travers,,69.0,70.0,72.0,74.0,68.0,60.0,50.0,70.0,30.0,65.0,35.0,34.0,30.0,54.0,90.0,52.0,62.0,36.0,56.0,52.0,45.0,50.0,68.0,48.0,75.0,80.0,84.0,80.0,64.0,71.0,65.0,63.0,31.0,37.0,33.0,2026,66.0
Bobi Klintman,,69.0,68.0,70.0,74.0,80.0,60.0,50.0,69.0,65.0,75.0,49.0,50.0,50.0,47.0,80.0,57.0,64.0,62.0,57.0,60.0,62.0,55.0,75.0,55.0,72.0,90.0,75.0,80.0,68.0,70.0,68.0,68.0,43.0,41.0,51.0,2026,68.0
JD Davison,,69.0,70.0,73.0,71.0,73.0,50.0,50.0,72.0,25.0,85.0,30.0,31.0,38.0,40.0,80.0,25.0,56.0,69.0,61.0,55.0,54.0,45.0,85.0,54.0,84.0,88.0,45.0,80.0,72.0,86.0,84.0,75.0,72.0,36.0,55.0,2026,85.0
Thanasis Antetokounmpo,,69.0,71.0,66.0,66.0,63.0,65.0,40.0,80.0,40.0,85.0,53.0,50.0,60.0,69.0,64.0,42.0,59.0,33.0,51.0,54.0,50.0,40.0,77.0,42.0,82.0,80.0,90.0,87.0,54.0,69.0,69.0,75.0,38.0,64.0,61.0,2026,75.0
Enrique Freeman,,69.0,74.0,66.0,66.0,67.0,35.0,30.0,74.0,60.0,80.0,61.0,61.0,62.0,40.0,80.0,66.0,66.0,35.0,56.0,68.0,63.0,50.0,74.0,60.0,81.0,88.0,95.0,80.0,59.0,62.0,59.0,60.0,32.0,40.0,57.0,2026,74.0
Pacome Dadiet,,69.0,70.0,76.0,75.0,75.0,50.0,40.0,72.0,40.0,75.0,44.0,46.0,46.0,37.0,90.0,50.0,69.0,50.0,50.0,65.0,52.0,50.0,78.0,50.0,65.0,85.0,80.0,80.0,57.0,75.0,70.0,58.0,34.0,25.0,71.0,2026,76.0
Brooks Barnhizer,,69.0,74.0,79.0,72.0,76.0,50.0,40.0,70.0,40.0,70.0,48.0,48.0,40.0,45.0,70.0,59.0,70.0,70.0,50.0,70.0,65.0,65.0,70.0,67.0,77.0,85.0,80.0,80.0,70.0,69.0,67.0,70.0,59.0,42.0,60.0,2026,79.0
Harrison Ingram,,69.0,73.0,73.0,74.0,62.0,50.0,30.0,73.0,45.0,75.0,59.0,58.0,57.0,42.0,80.0,60.0,62.0,49.0,39.0,69.0,60.0,55.0,82.0,73.0,82.0,88.0,75.0,80.0,62.0,70.0,75.0,62.0,41.0,59.0,60.0,2026,75.0
John Tonje,,69.0,80.0,80.0,81.0,87.0,50.0,40.0,78.0,35.0,70.0,40.0,40.0,40.0,44.0,85.0,50.0,62.0,42.0,40.0,52.0,50.0,50.0,74.0,55.0,79.0,85.0,75.0,80.0,58.0,70.0,67.0,58.0,37.0,43.0,54.0,2026,74.0
Tyler Smith,,69.0,72.0,75.0,73.0,73.0,60.0,50.0,64.0,80.0,80.0,64.0,64.0,64.0,44.0,70.0,53.0,52.0,35.0,59.0,52.0,47.0,35.0,72.0,58.0,84.0,85.0,75.0,80.0,39.0,57.0,67.0,58.0,32.0,76.0,73.0,2026,69.0
Dillon Jones,,69.0,63.0,70.0,57.0,55.0,50.0,35.0,72.0,35.0,65.0,50.0,50.0,50.0,55.0,89.0,67.0,69.0,42.0,42.0,69.0,57.0,55.0,75.0,70.0,71.0,85.0,80.0,80.0,68.0,70.0,67.0,69.0,53.0,58.0,67.0,2026,82.0
Bez Mbeng,,69.0,78.0,66.0,67.0,68.0,70.0,30.0,67.0,30.0,65.0,44.0,44.0,38.0,47.0,80.0,55.0,73.0,86.0,53.0,70.0,64.0,60.0,75.0,56.0,75.0,80.0,75.0,80.0,67.0,69.0,72.0,68.0,51.0,44.0,45.0,2026,78.0
Chris Manon,,68.0,71.0,68.0,69.0,74.0,50.0,30.0,74.0,30.0,85.0,42.0,44.0,44.0,40.0,70.0,50.0,70.0,79.0,55.0,65.0,77.0,60.0,83.0,58.0,88.0,80.0,95.0,80.0,69.0,68.0,70.0,65.0,54.0,40.0,47.0,2026,84.0
N’Faly Dante,,68.0,65.0,36.0,25.0,61.0,50.0,30.0,66.0,80.0,80.0,55.0,52.0,55.0,40.0,78.0,70.0,48.0,37.0,69.0,70.0,60.0,50.0,73.0,70.0,70.0,70.0,95.0,80.0,25.0,32.0,57.0,40.0,31.0,67.0,69.0,2026,48.0
Nikola Djurisic,,68.0,73.0,73.0,72.0,75.0,50.0,50.0,75.0,45.0,75.0,37.0,47.0,45.0,40.0,80.0,44.0,54.0,38.0,44.0,55.0,57.0,35.0,80.0,54.0,62.0,80.0,70.0,80.0,69.0,73.0,74.0,70.0,48.0,49.0,63.0,2026,76.0
Eli N’Diaye,,68.0,69.0,68.0,69.0,64.0,50.0,40.0,70.0,75.0,85.0,53.0,53.0,53.0,48.0,80.0,65.0,65.0,46.0,57.0,62.0,55.0,50.0,70.0,62.0,86.0,80.0,80.0,80.0,47.0,54.0,59.0,47.0,38.0,52.0,64.0,2026,53.0
Max Shulga,,68.0,74.0,77.0,80.0,78.0,50.0,50.0,74.0,30.0,45.0,30.0,44.0,48.0,55.0,80.0,42.0,60.0,75.0,28.0,57.0,54.0,50.0,75.0,52.0,67.0,80.0,60.0,80.0,75.0,75.0,74.0,75.0,54.0,41.0,47.0,2026,72.0
Miles Kelly,,68.0,69.0,74.0,77.0,83.0,50.0,40.0,70.0,40.0,70.0,47.0,51.0,47.0,48.0,79.0,44.0,60.0,40.0,32.0,67.0,66.0,60.0,69.0,47.0,75.0,85.0,75.0,80.0,65.0,64.0,62.0,54.0,47.0,41.0,46.0,2026,73.0
Tamar Bates,,68.0,76.0,77.0,82.0,92.0,50.0,50.0,70.0,40.0,65.0,37.0,38.0,47.0,40.0,80.0,44.0,60.0,57.0,30.0,57.0,55.0,50.0,70.0,54.0,75.0,85.0,70.0,80.0,54.0,70.0,64.0,57.0,32.0,45.0,47.0,2026,73.0
Curtis Jones,,68.0,76.0,77.0,79.0,84.0,50.0,50.0,76.0,35.0,70.0,30.0,38.0,26.0,50.0,76.0,25.0,60.0,52.0,32.0,57.0,60.0,50.0,76.0,49.0,75.0,85.0,81.0,80.0,69.0,70.0,74.0,67.0,40.0,32.0,52.0,2026,80.0
Chaz Lanier,,68.0,78.0,77.0,75.0,76.0,50.0,50.0,78.0,25.0,60.0,37.0,48.0,44.0,40.0,80.0,40.0,52.0,52.0,28.0,51.0,44.0,45.0,85.0,48.0,88.0,92.0,80.0,80.0,62.0,72.0,79.0,57.0,33.0,52.0,41.0,2026,79.0
Jackson Rowe,,68.0,70.0,69.0,74.0,71.0,65.0,50.0,67.0,60.0,70.0,54.0,57.0,57.0,50.0,74.0,54.0,52.0,54.0,50.0,54.0,54.0,40.0,66.0,70.0,74.0,80.0,79.0,80.0,59.0,54.0,59.0,60.0,50.0,64.0,57.0,2026,63.0
Alex Toohey,,68.0,70.0,68.0,74.0,74.0,50.0,50.0,73.0,60.0,75.0,52.0,52.0,52.0,50.0,70.0,60.0,60.0,60.0,60.0,60.0,58.0,50.0,72.0,62.0,60.0,88.0,85.0,80.0,60.0,64.0,59.0,60.0,42.0,42.0,51.0,2026,69.0
Kevon Harris,,68.0,75.0,72.0,81.0,76.0,40.0,60.0,75.0,40.0,75.0,33.0,56.0,45.0,49.0,79.0,60.0,62.0,53.0,51.0,45.0,60.0,45.0,71.0,58.0,78.0,85.0,84.0,80.0,64.0,69.0,69.0,65.0,29.0,59.0,51.0,2026,71.0
Isaiah Crawford,,68.0,71.0,74.0,78.0,73.0,50.0,50.0,70.0,50.0,65.0,57.0,57.0,57.0,45.0,80.0,55.0,57.0,45.0,44.0,52.0,57.0,40.0,61.0,59.0,74.0,90.0,75.0,80.0,48.0,57.0,57.0,47.0,37.0,54.0,59.0,2026,61.0
Jahmyl Telfort,,68.0,73.0,72.0,73.0,77.0,50.0,40.0,73.0,55.0,70.0,59.0,59.0,59.0,46.0,70.0,54.0,60.0,50.0,37.0,60.0,57.0,45.0,63.0,62.0,72.0,75.0,60.0,80.0,58.0,66.0,58.0,57.0,52.0,47.0,57.0,2026,69.0
Vladislav Goldin,,68.0,70.0,68.0,66.0,73.0,50.0,50.0,60.0,75.0,65.0,67.0,67.0,67.0,63.0,75.0,66.0,45.0,35.0,67.0,66.0,45.0,50.0,33.0,70.0,50.0,80.0,80.0,80.0,59.0,44.0,30.0,59.0,37.0,69.0,65.0,2026,30.0
Mark Sears,,68.0,78.0,83.0,79.0,84.0,50.0,55.0,76.0,25.0,30.0,25.0,40.0,29.0,45.0,80.0,31.0,60.0,50.0,30.0,60.0,52.0,40.0,79.0,40.0,70.0,85.0,80.0,80.0,76.0,83.0,79.0,76.0,72.0,30.0,37.0,2026,79.0
Alex Antetokounmpo,,68.0,70.0,67.0,66.0,61.0,60.0,30.0,72.0,65.0,80.0,51.0,47.0,50.0,40.0,80.0,57.0,64.0,52.0,52.0,50.0,47.0,50.0,64.0,57.0,75.0,85.0,80.0,85.0,64.0,69.0,60.0,66.0,37.0,50.0,54.0,2026,67.0
Rocco Zikarsky,,68.0,70.0,50.0,39.0,62.0,60.0,50.0,57.0,75.0,65.0,67.0,48.0,60.0,54.0,66.0,68.0,52.0,48.0,74.0,62.0,44.0,50.0,48.0,65.0,54.0,80.0,70.0,80.0,50.0,37.0,29.0,50.0,30.0,70.0,70.0,2026,30.0
Trey Alexander,,68.0,73.0,81.0,70.0,82.0,60.0,50.0,73.0,25.0,30.0,28.0,42.0,31.0,55.0,74.0,30.0,59.0,41.0,30.0,52.0,47.0,30.0,78.0,34.0,67.0,80.0,75.0,80.0,70.0,73.0,74.0,70.0,54.0,34.0,46.0,2026,75.0
Hunter Dickinson,,68.0,78.0,70.0,69.0,73.0,50.0,40.0,62.0,70.0,65.0,70.0,62.0,70.0,54.0,66.0,67.0,52.0,30.0,60.0,69.0,44.0,50.0,37.0,74.0,50.0,80.0,75.0,80.0,59.0,40.0,30.0,65.0,49.0,70.0,79.0,2026,39.0
Hunter Sallis,,68.0,74.0,80.0,72.0,78.0,60.0,50.0,74.0,45.0,75.0,40.0,44.0,40.0,47.0,78.0,44.0,63.0,67.0,45.0,57.0,55.0,45.0,74.0,45.0,79.0,80.0,70.0,80.0,57.0,79.0,69.0,52.0,39.0,34.0,54.0,2026,76.0
Kobe Brea,,68.0,72.0,74.0,84.0,89.0,60.0,50.0,71.0,40.0,60.0,40.0,41.0,40.0,30.0,85.0,48.0,59.0,42.0,45.0,59.0,55.0,50.0,68.0,51.0,64.0,85.0,88.0,80.0,68.0,67.0,62.0,66.0,37.0,41.0,57.0,2026,66.0
CJ Huntley,,68.0,74.0,73.0,72.0,69.0,50.0,40.0,78.0,75.0,80.0,60.0,60.0,60.0,45.0,80.0,63.0,51.0,42.0,59.0,60.0,47.0,45.0,59.0,50.0,80.0,80.0,80.0,80.0,48.0,48.0,47.0,58.0,34.0,69.0,70.0,2026,57.0
Javonte Cooke,,68.0,75.0,74.0,75.0,71.0,60.0,40.0,74.0,40.0,70.0,44.0,48.0,51.0,40.0,78.0,50.0,60.0,47.0,35.0,52.0,50.0,35.0,70.0,54.0,75.0,80.0,70.0,79.0,65.0,71.0,66.0,67.0,57.0,38.0,61.0,2026,73.0
Isaiah Stevens,,68.0,70.0,74.0,74.0,84.0,60.0,40.0,72.0,25.0,35.0,25.0,31.0,30.0,45.0,70.0,44.0,58.0,36.0,25.0,52.0,50.0,40.0,88.0,48.0,72.0,80.0,76.0,79.0,78.0,79.0,88.0,78.0,78.0,30.0,39.0,2026,87.0
Chucky Hepburn,,68.0,70.0,71.0,73.0,81.0,30.0,40.0,72.0,25.0,40.0,28.0,30.0,30.0,74.0,70.0,30.0,79.0,84.0,32.0,78.0,78.0,70.0,76.0,43.0,62.0,85.0,87.0,80.0,77.0,76.0,76.0,76.0,73.0,36.0,43.0,2026,90.0
Keshon Gilbert,,68.0,76.0,73.0,73.0,75.0,60.0,35.0,76.0,25.0,60.0,32.0,34.0,30.0,40.0,80.0,34.0,76.0,67.0,34.0,70.0,72.0,65.0,77.0,60.0,71.0,85.0,76.0,81.0,70.0,74.0,73.0,70.0,67.0,38.0,43.0,2026,83.0
Olivier Sarr,,68.0,68.0,74.0,69.0,79.0,55.0,35.0,60.0,75.0,75.0,64.0,62.0,64.0,40.0,70.0,58.0,40.0,30.0,80.0,59.0,48.0,35.0,65.0,63.0,74.0,85.0,80.0,80.0,50.0,52.0,49.0,55.0,29.0,75.0,70.0,2026,63.0
Tristan Enaruna,,68.0,70.0,72.0,72.0,75.0,40.0,35.0,70.0,25.0,80.0,44.0,47.0,50.0,39.0,80.0,30.0,70.0,57.0,47.0,68.0,67.0,65.0,84.0,67.0,80.0,85.0,65.0,82.0,68.0,70.0,75.0,67.0,44.0,52.0,54.0,2026,80.0
Tristen Newton,,68.0,70.0,69.0,73.0,81.0,50.0,40.0,71.0,30.0,50.0,40.0,42.0,40.0,50.0,80.0,49.0,64.0,58.0,42.0,60.0,50.0,45.0,76.0,49.0,68.0,88.0,85.0,80.0,75.0,79.0,76.0,74.0,69.0,52.0,58.0,2026,81.0
Norchad Omier,,68.0,71.0,70.0,71.0,75.0,50.0,40.0,70.0,60.0,75.0,54.0,52.0,57.0,44.0,74.0,67.0,63.0,60.0,44.0,62.0,54.0,40.0,71.0,70.0,70.0,80.0,80.0,79.0,44.0,54.0,53.0,55.0,30.0,75.0,75.0,2026,66.0
Sean Pedulla,,68.0,72.0,75.0,77.0,82.0,60.0,50.0,76.0,25.0,50.0,28.0,45.0,32.0,37.0,80.0,44.0,63.0,54.0,30.0,62.0,55.0,35.0,75.0,41.0,72.0,85.0,80.0,81.0,77.0,76.0,75.0,77.0,72.0,32.0,49.0,2026,74.0
Adama Bal,,68.0,72.0,71.0,76.0,75.0,60.0,45.0,68.0,40.0,70.0,47.0,48.0,47.0,49.0,95.0,47.0,63.0,42.0,25.0,60.0,55.0,40.0,76.0,49.0,73.0,85.0,85.0,80.0,69.0,76.0,73.0,69.0,40.0,35.0,43.0,2026,70.0
Trevor Keels,,68.0,71.0,68.0,71.0,84.0,70.0,50.0,70.0,50.0,70.0,40.0,38.0,44.0,50.0,72.0,37.0,60.0,52.0,51.0,55.0,54.0,50.0,74.0,60.0,68.0,85.0,94.0,80.0,74.0,78.0,74.0,77.0,72.0,44.0,47.0,2026,74.0
Josh Oduro,,68.0,74.0,70.0,66.0,69.0,60.0,45.0,55.0,65.0,65.0,66.0,68.0,69.0,50.0,64.0,66.0,58.0,52.0,52.0,62.0,55.0,40.0,57.0,66.0,65.0,78.0,90.0,76.0,62.0,62.0,50.0,67.0,47.0,59.0,70.0,2026,58.0
Payton Sandfort,,68.0,72.0,78.0,80.0,87.0,60.0,40.0,72.0,40.0,55.0,40.0,40.0,40.0,37.0,95.0,42.0,59.0,37.0,37.0,55.0,50.0,40.0,59.0,50.0,60.0,85.0,70.0,79.0,57.0,58.0,54.0,55.0,32.0,39.0,44.0,2026,65.0
Alex Morales,,68.0,70.0,69.0,76.0,75.0,50.0,50.0,70.0,45.0,75.0,52.0,52.0,52.0,78.0,80.0,64.0,73.0,74.0,32.0,70.0,70.0,50.0,72.0,60.0,72.0,85.0,75.0,82.0,69.0,75.0,67.0,70.0,44.0,57.0,64.0,2026,75.0
Chris Youngblood,,68.0,67.0,74.0,80.0,80.0,70.0,45.0,69.0,40.0,60.0,35.0,38.0,35.0,65.0,85.0,42.0,64.0,47.0,32.0,60.0,40.0,45.0,72.0,52.0,70.0,80.0,80.0,87.0,57.0,68.0,63.0,58.0,30.0,42.0,65.0,2026,73.0
Jayson Kent,,68.0,74.0,72.0,80.0,85.0,55.0,35.0,70.0,50.0,80.0,44.0,48.0,39.0,42.0,78.0,40.0,56.0,43.0,30.0,54.0,45.0,35.0,79.0,55.0,80.0,80.0,70.0,81.0,59.0,66.0,69.0,59.0,32.0,30.0,38.0,2026,69.0
Emanuel Miller,,68.0,67.0,70.0,74.0,75.0,50.0,35.0,70.0,45.0,80.0,45.0,55.0,57.0,40.0,80.0,55.0,58.0,50.0,47.0,50.0,47.0,40.0,82.0,60.0,84.0,85.0,80.0,80.0,56.0,60.0,67.0,57.0,44.0,49.0,60.0,2026,79.0
Hayden Gray,,68.0,73.0,72.0,74.0,74.0,50.0,35.0,70.0,55.0,55.0,55.0,57.0,57.0,42.0,85.0,50.0,70.0,79.0,40.0,68.0,65.0,55.0,69.0,62.0,68.0,85.0,85.0,80.0,74.0,74.0,68.0,75.0,69.0,34.0,44.0,2026,78.0
Koby Brea,,68.0,72.0,74.0,84.0,89.0,60.0,50.0,71.0,40.0,60.0,40.0,41.0,40.0,30.0,85.0,48.0,59.0,42.0,45.0,59.0,55.0,50.0,68.0,51.0,64.0,85.0,88.0,80.0,68.0,67.0,62.0,66.0,37.0,41.0,57.0,2026,66.0
Jacob Toppin,,67.0,70.0,69.0,69.0,67.0,40.0,30.0,68.0,65.0,85.0,44.0,48.0,58.0,40.0,69.0,67.0,65.0,38.0,51.0,68.0,60.0,60.0,68.0,62.0,82.0,85.0,75.0,80.0,50.0,68.0,64.0,50.0,44.0,47.0,62.0,2026,68.0
Tolu Smith,,67.0,70.0,49.0,37.0,68.0,50.0,45.0,63.0,70.0,70.0,70.0,68.0,70.0,40.0,80.0,60.0,34.0,40.0,62.0,65.0,55.0,40.0,52.0,80.0,65.0,80.0,65.0,80.0,45.0,34.0,48.0,42.0,36.0,70.0,70.0,2026,44.0
Jahmir Young,,67.0,74.0,81.0,72.0,83.0,50.0,50.0,76.0,25.0,25.0,25.0,40.0,25.0,50.0,75.0,27.0,64.0,60.0,50.0,58.0,57.0,40.0,80.0,51.0,75.0,84.0,71.0,80.0,75.0,80.0,80.0,75.0,74.0,38.0,56.0,2026,78.0
Trevon Scott,,67.0,69.0,71.0,73.0,71.0,60.0,40.0,75.0,40.0,70.0,42.0,51.0,49.0,50.0,70.0,64.0,54.0,30.0,41.0,52.0,44.0,40.0,62.0,60.0,72.0,85.0,75.0,78.0,61.0,68.0,54.0,64.0,41.0,68.0,69.0,2026,52.0
Mouhamadou Gueye,,67.0,64.0,62.0,60.0,55.0,40.0,30.0,65.0,70.0,70.0,54.0,52.0,54.0,44.0,78.0,60.0,55.0,40.0,85.0,54.0,52.0,35.0,57.0,65.0,75.0,80.0,80.0,83.0,47.0,57.0,47.0,50.0,30.0,74.0,67.0,2026,59.0
Riley Minix,,67.0,69.0,71.0,76.0,83.0,50.0,40.0,62.0,45.0,60.0,54.0,54.0,54.0,40.0,70.0,55.0,59.0,62.0,47.0,57.0,60.0,50.0,60.0,58.0,70.0,80.0,80.0,80.0,54.0,55.0,55.0,54.0,30.0,60.0,62.0,2026,60.0
Zyon Pullin,,67.0,72.0,74.0,75.0,75.0,60.0,50.0,70.0,25.0,45.0,35.0,37.0,37.0,49.0,85.0,49.0,63.0,49.0,32.0,57.0,55.0,40.0,79.0,48.0,66.0,88.0,75.0,80.0,73.0,76.0,78.0,73.0,65.0,36.0,44.0,2026,79.0
