name,TEAM_ABBREVIATION,GP_base,W_base,L_base,W_PCT_base,MIN_base,FGM_base,FGA_base,FG_PCT_base,FG3M,FG3A,FG3_PCT,FTM,FTA,FT_PCT,OREB,DREB,REB,AST,TOV,STL,BLK,BLKA,PF,PFD,PTS,PLUS_MINUS,FG3M_RANK,E_OFF_RATING,OFF_RATING,sp_work_OFF_RATING,E_DEF_RATING,DEF_RATING,sp_work_DEF_RATING,E_NET_RATING,NET_RATING,sp_work_NET_RATING,AST_PCT,AST_TO,AST_RATIO,OREB_PCT,DREB_PCT,REB_PCT,TM_TOV_PCT,E_TOV_PCT,EFG_PCT,TS_PCT,USG_PCT,E_USG_PCT,E_PACE,PACE,PACE_PER40,sp_work_PACE,PIE,POSS,FGM_advanced,FGA_advanced,FGM_PG,FGA_PG,season,overallAttribute,closeShot,midRangeShot,threePointShot,freeThrow,shotIQ,offensiveConsistency,layup,standingDunk,drivingDunk,postHook,postFade,postControl,drawFoul,hands,interiorDefense,perimeterDefense,steal,block,helpDefenseIQ,passPerception,defensiveConsistency,speed,strength,vertical,stamina,hustle,overallDurability,passAccuracy,ballHandle,speedWithBall,passIQ,passVision,offensiveRebound,defensiveRebound,agility
Aaron Gordon,DEN,75,46,29,0.613,31.7,5.8,11.1,0.52,1.2,3.5,0.335,2.3,3.1,0.743,1.7,4.2,5.9,2.5,1.8,0.6000000000000001,0.6000000000000001,0.7000000000000001,2.0,2.7,15.0,4.3,189,115.4,117.3,117.3,110.5,111.1,111.1,4.9,6.2,6.2,0.109,1.41,15.0,0.057,0.129,0.095,10.6,10.6,0.5730000000000001,0.602,0.194,0.197,100.1,99.0,82.5,99.0,0.096,4908,434,834,5.8,11.1,2022,79.0,75.0,74.0,76.0,75.0,65.0,70.0,84.0,95.0,95.0,58.0,60.0,74.0,60.0,95.0,74.0,76.0,36.0,56.0,75.0,68.0,75.0,71.0,72.0,92.0,95.0,90.0,84.0,65.0,62.0,66.0,60.0,43.0,55.0,62.0,71.5
Aaron Holiday,PHX,63,34,29,0.54,16.2,2.4,5.4,0.447,0.6000000000000001,1.6,0.379,0.9,1.1,0.868,0.4,1.6,1.9,2.4,1.1,0.7000000000000001,0.1,0.3,1.5,1.2,6.3,-0.6000000000000001,332,106.6,106.8,106.8,108.8,108.2,108.2,-2.2,-1.4,-1.4,0.223,2.28,26.1,0.023,0.092,0.058,11.4,11.4,0.504,0.544,0.182,0.187,99.4,99.57,82.98,99.57,0.088,2113,151,338,2.4,5.4,2022,75.0,91.0,78.0,81.0,79.0,85.0,75.0,76.0,25.0,60.0,25.0,45.0,32.0,47.0,80.0,34.0,68.0,59.0,42.0,67.0,69.0,45.0,76.0,49.0,56.0,85.0,85.0,84.0,82.0,86.0,76.0,82.0,70.0,37.0,50.0,76.0
Aaron Nesmith,BOS,52,32,20,0.615,11.0,1.4,3.5,0.396,0.6000000000000001,2.2,0.27,0.4,0.5,0.808,0.3,1.4,1.7,0.4,0.6000000000000001,0.4,0.1,0.0,1.3,0.5,3.8,0.4,337,107.7,107.3,107.3,104.0,104.3,104.3,3.8,3.0,3.0,0.057,0.71,9.0,0.025,0.117,0.073,12.7,12.6,0.481,0.507,0.164,0.171,100.55,100.58,83.82,100.58,0.048,1196,72,182,1.4,3.5,2022,71.0,78.0,70.0,67.0,70.0,90.0,75.0,69.0,35.0,55.0,41.0,53.0,39.0,54.0,76.0,35.0,65.0,49.0,45.0,72.0,52.0,35.0,61.0,52.0,67.0,87.0,65.0,81.0,69.0,70.0,60.0,65.0,30.0,39.0,60.0,64.0
Aaron Wiggins,OKC,50,13,37,0.26,24.2,3.1,6.7,0.463,0.8,2.8,0.304,1.2,1.7,0.729,1.0,2.5,3.6,1.4,1.1,0.6000000000000001,0.2,0.4,1.9,1.3,8.3,-4.7,256,105.2,104.5,104.5,112.3,112.6,112.6,-7.1,-8.1,-8.1,0.083,1.26,13.8,0.04,0.098,0.069,10.9,10.9,0.525,0.556,0.149,0.155,101.35,101.6,84.67,101.6,0.062,2546,156,337,3.1,6.7,2022,73.0,92.0,70.0,73.0,77.0,80.0,75.0,80.0,35.0,45.0,38.0,40.0,39.0,60.0,76.0,35.0,59.0,40.0,45.0,47.0,40.0,45.0,84.0,45.0,72.0,80.0,65.0,80.0,64.0,70.0,75.0,68.0,36.0,46.0,52.0,78.5
Admiral Schofield,ORL,38,10,28,0.263,12.3,1.4,3.4,0.419,0.7000000000000001,2.1,0.329,0.3,0.4,0.8,0.4,1.9,2.3,0.7000000000000001,0.6000000000000001,0.1,0.1,0.1,1.5,0.6000000000000001,3.8,-3.4,310,100.2,100.3,100.3,114.0,113.8,113.8,-13.9,-13.5,-13.5,0.084,1.19,13.8,0.033,0.146,0.088,11.6,11.6,0.519,0.538,0.143,0.148,99.82,99.88,83.23,99.88,0.055,977,54,129,1.4,3.4,2022,69.0,70.0,72.0,76.0,70.0,55.0,45.0,70.0,45.0,65.0,62.0,62.0,59.0,47.0,80.0,59.0,66.0,30.0,50.0,60.0,57.0,45.0,59.0,65.0,78.0,85.0,80.0,80.0,59.0,73.0,59.0,62.0,34.0,43.0,66.0,66.5
Al Horford,BOS,69,46,23,0.667,29.1,3.9,8.2,0.467,1.3,3.8,0.336,1.2,1.4,0.842,1.6,6.1,7.7,3.4,0.9,0.7000000000000001,1.3,0.2,1.9,1.2,10.2,5.6,168,112.6,112.8,112.8,102.8,103.4,103.4,9.8,9.3,9.3,0.159,3.57,25.6,0.054,0.201,0.13,7.2,7.2,0.546,0.5740000000000001,0.147,0.15,98.45,98.03,81.69,98.03,0.123,4096,266,569,3.9,8.2,2022,82.0,89.0,96.0,77.0,86.0,60.0,55.0,65.0,75.0,65.0,76.0,84.0,83.0,50.0,84.0,82.0,68.0,40.0,81.0,85.0,78.0,85.0,53.0,91.0,69.0,95.0,85.0,78.0,79.0,50.0,33.0,84.0,63.0,55.0,81.0,57.5
Alec Burks,NYK,81,37,44,0.457,28.6,3.5,9.0,0.391,1.9,4.8,0.404,2.7,3.3,0.8220000000000001,0.6000000000000001,4.3,4.9,3.0,1.1,1.0,0.3,0.3,2.7,3.0,11.7,1.5,85,109.7,110.3,110.3,106.4,108.1,108.1,3.3,2.3,2.3,0.158,2.63,20.5,0.019,0.148,0.082,7.8,7.8,0.499,0.559,0.171,0.177,98.0,96.97,80.81,96.97,0.099,4691,285,728,3.5,9.0,2022,76.0,71.0,74.0,83.0,82.0,85.0,90.0,78.0,40.0,69.0,40.0,58.0,78.0,70.0,77.0,45.0,72.0,53.0,51.0,74.0,70.0,55.0,78.0,48.0,69.0,89.0,72.0,85.0,72.0,79.0,76.0,73.0,61.0,35.0,67.0,75.0
Aleksej Pokusevski,OKC,61,19,42,0.311,20.2,3.0,7.5,0.408,0.9,3.2,0.289,0.6000000000000001,0.8,0.7000000000000001,1.2,4.0,5.2,2.1,1.5,0.6000000000000001,0.6000000000000001,0.4,1.4,1.0,7.6,-0.7000000000000001,238,103.5,103.6,103.6,106.7,106.1,106.1,-3.3,-2.5,-2.5,0.161,1.39,18.6,0.054,0.189,0.121,13.4,13.4,0.47,0.485,0.195,0.199,100.41,100.66,83.88,100.66,0.095,2595,186,456,3.0,7.5,2022,75.0,84.0,71.0,71.0,79.0,95.0,70.0,76.0,70.0,70.0,54.0,54.0,62.0,40.0,75.0,67.0,67.0,43.0,68.0,67.0,57.0,50.0,60.0,49.0,60.0,84.0,60.0,79.0,59.0,62.0,52.0,54.0,63.0,55.0,78.0,57.0
Alex Caruso,CHI,41,24,17,0.585,28.0,2.5,6.2,0.398,1.0,3.1,0.333,1.4,1.8,0.795,0.8,2.8,3.6,4.0,1.4,1.7,0.4,0.4,2.6,2.3,7.4,2.7,208,110.1,110.5,110.5,104.9,105.5,105.5,5.1,5.1,5.1,0.194,2.89,32.4,0.029,0.101,0.064,11.2,11.2,0.48,0.528,0.13,0.133,99.95,99.49,82.91,99.49,0.077,2372,102,256,2.5,6.2,2022,77.0,73.0,67.0,76.0,86.0,65.0,60.0,78.0,35.0,75.0,30.0,43.0,29.0,60.0,68.0,31.0,89.0,93.0,51.0,88.0,89.0,90.0,82.0,31.0,72.0,85.0,85.0,81.0,78.0,78.0,82.0,80.0,67.0,41.0,52.0,84.5
Alex Len,SAC,39,17,22,0.436,15.9,2.4,4.5,0.534,0.2,0.5,0.286,1.1,1.6,0.651,1.3,2.8,4.1,1.2,1.1,0.3,0.6000000000000001,0.3,2.6,1.4,6.0,-1.9,467,105.7,106.0,106.0,110.8,111.4,111.4,-5.1,-5.5,-5.5,0.104,1.05,15.4,0.076,0.168,0.121,14.7,14.7,0.551,0.577,0.165,0.169,103.14,102.74,85.62,102.74,0.074,1326,94,176,2.4,4.5,2022,74.0,88.0,61.0,70.0,66.0,95.0,65.0,74.0,80.0,65.0,74.0,48.0,76.0,59.0,64.0,74.0,44.0,37.0,74.0,78.0,62.0,50.0,43.0,75.0,60.0,80.0,92.0,78.0,31.0,32.0,25.0,45.0,41.0,67.0,74.0,47.0
Alize Johnson,NOP,23,14,9,0.609,7.3,0.7000000000000001,1.7,0.436,0.0,0.2,0.0,0.3,0.5,0.583,1.2,1.4,2.7,0.4,0.5,0.2,0.0,0.3,0.8,0.5,1.8,-2.0,514,105.2,105.1,105.1,114.2,115.7,115.7,-9.0,-10.6,-10.6,0.08,0.75,13.8,0.156,0.202,0.178,18.5,18.4,0.436,0.463,0.14,0.147,98.18,97.6,81.33,97.6,0.069,336,17,39,0.7000000000000001,1.7,2022,72.0,73.0,72.0,69.0,74.0,60.0,35.0,70.0,70.0,70.0,57.0,54.0,64.0,40.0,80.0,64.0,44.0,40.0,52.0,63.0,55.0,35.0,54.0,60.0,53.0,80.0,80.0,85.0,64.0,68.0,50.0,65.0,33.0,91.0,81.0,59.5
Alperen Sengun,HOU,72,18,54,0.25,20.7,3.5,7.3,0.474,0.4,1.6,0.248,2.3,3.2,0.711,1.9,3.5,5.5,2.6,2.0,0.8,0.9,0.6000000000000001,3.0,3.3,9.6,-4.3,393,104.9,106.4,106.4,115.5,116.6,116.6,-10.6,-10.2,-10.2,0.193,1.28,19.4,0.089,0.174,0.13,15.2,15.2,0.502,0.552,0.214,0.218,102.82,101.69,84.74,101.69,0.099,3161,249,525,3.5,7.3,2022,77.0,78.0,50.0,66.0,71.0,90.0,70.0,79.0,65.0,65.0,78.0,78.0,78.0,72.0,80.0,69.0,63.0,56.0,80.0,69.0,85.0,60.0,52.0,68.0,49.0,80.0,80.0,80.0,63.0,54.0,48.0,62.0,68.0,70.0,72.0,58.0
Amir Coffey,LAC,69,33,36,0.478,22.7,3.1,6.8,0.453,1.4,3.7,0.378,1.5,1.7,0.863,0.4,2.5,2.9,1.8,0.7000000000000001,0.6000000000000001,0.2,0.4,1.3,1.4,9.0,-0.7000000000000001,152,109.7,110.1,110.1,110.5,111.0,111.0,-0.8,-0.9,-0.9,0.112,2.76,18.1,0.017,0.102,0.06,6.6,6.6,0.556,0.598,0.154,0.159,100.49,100.02,83.35,100.02,0.086,3258,211,466,3.1,6.8,2022,75.0,88.0,69.0,81.0,88.0,70.0,85.0,84.0,25.0,40.0,38.0,53.0,54.0,69.0,81.0,47.0,64.0,40.0,45.0,68.0,64.0,50.0,75.0,52.0,75.0,80.0,70.0,79.0,72.0,75.0,75.0,74.0,43.0,34.0,52.0,72.0
Andre Drummond,BKN,73,42,31,0.5750000000000001,19.7,3.4,5.9,0.5700000000000001,0.0,0.0,0.0,1.2,2.2,0.524,3.1,6.2,9.3,1.8,1.6,1.1,0.9,0.6000000000000001,2.6,2.1,7.9,0.5,514,110.8,112.2,112.2,108.8,109.8,109.8,2.0,2.4,2.4,0.13,1.14,17.5,0.155,0.305,0.23,15.4,15.3,0.5700000000000001,0.5740000000000001,0.181,0.186,100.4,99.27,82.73,99.27,0.14,2957,247,433,3.4,5.9,2022,79.0,84.0,47.0,47.0,56.0,40.0,40.0,73.0,95.0,85.0,70.0,45.0,75.0,40.0,80.0,77.0,52.0,83.0,81.0,74.0,70.0,70.0,60.0,95.0,79.0,89.0,85.0,81.0,52.0,45.0,49.0,70.0,53.0,95.0,97.0,55.0
Andrew Wiggins,GSW,73,47,26,0.644,31.9,6.5,14.0,0.466,2.2,5.5,0.393,2.0,3.2,0.634,1.2,3.3,4.5,2.2,1.5,1.0,0.7000000000000001,0.6000000000000001,2.2,2.9,17.2,3.6,67,110.0,111.2,111.2,103.6,105.4,105.4,6.4,5.8,5.8,0.109,1.45,11.6,0.036,0.095,0.066,8.0,8.0,0.543,0.56,0.224,0.228,101.23,99.79,83.16,99.79,0.097,4836,475,1019,6.5,14.0,2022,84.0,91.0,76.0,83.0,72.0,95.0,95.0,77.0,40.0,92.0,65.0,74.0,77.0,65.0,85.0,55.0,82.0,70.0,61.0,80.0,79.0,75.0,82.0,57.0,97.0,98.0,90.0,83.0,72.0,82.0,80.0,75.0,42.0,45.0,52.0,82.5
Anfernee Simons,POR,57,25,32,0.439,29.5,6.2,14.0,0.443,3.1,7.8,0.405,1.8,2.0,0.888,0.5,2.2,2.6,3.9,2.0,0.5,0.1,0.6000000000000001,1.9,1.7,17.3,-1.5,9,109.7,110.5,110.5,111.9,112.9,112.9,-2.3,-2.5,-2.5,0.219,1.92,18.8,0.015,0.075,0.044,9.8,9.7,0.555,0.583,0.244,0.251,99.23,98.43,82.02,98.43,0.102,3447,353,797,6.2,14.0,2022,80.0,93.0,85.0,84.0,91.0,95.0,95.0,89.0,40.0,89.0,25.0,44.0,32.0,69.0,75.0,34.0,59.0,36.0,35.0,50.0,55.0,40.0,86.0,27.0,90.0,79.0,85.0,80.0,79.0,84.0,79.0,82.0,71.0,33.0,46.0,82.5
Anthony Davis,LAL,40,17,23,0.425,35.1,9.3,17.4,0.532,0.3,1.8,0.186,4.4,6.1,0.713,2.7,7.2,9.9,3.1,2.1,1.2,2.3,0.5,2.4,5.1,23.2,-2.3,418,104.6,105.9,105.9,107.2,108.9,108.9,-2.6,-3.0,-3.0,0.147,1.49,12.2,0.072,0.196,0.134,8.2,8.1,0.542,0.578,0.263,0.269,103.22,101.79,84.83,101.79,0.159,2977,370,695,9.3,17.4,2022,90.0,89.0,74.0,70.0,72.0,80.0,90.0,85.0,90.0,88.0,83.0,86.0,86.0,70.0,95.0,94.0,80.0,49.0,87.0,97.0,82.0,95.0,79.0,92.0,86.0,97.0,98.0,78.0,60.0,75.0,67.0,72.0,58.0,65.0,81.0,78.0
Anthony Edwards,MIN,72,39,33,0.542,34.2,7.6,17.3,0.441,3.0,8.4,0.357,3.1,3.9,0.786,0.9,3.9,4.8,3.8,2.6,1.5,0.6000000000000001,0.6000000000000001,2.3,2.8,21.3,2.6,18,112.6,114.6,114.6,109.6,110.6,110.6,3.1,4.0,4.0,0.173,1.45,15.0,0.023,0.113,0.067,10.4,10.4,0.527,0.56,0.262,0.265,102.54,101.18,84.31,101.18,0.111,5189,549,1245,7.6,17.3,2022,86.0,79.0,84.0,79.0,76.0,98.0,98.0,93.0,50.0,95.0,60.0,62.0,62.0,88.0,98.0,50.0,74.0,59.0,57.0,74.0,70.0,65.0,89.0,52.0,86.0,89.0,90.0,83.0,74.0,84.0,83.0,79.0,65.0,37.0,56.0,83.5
Anthony Gill,WAS,44,15,29,0.341,10.5,1.4,2.5,0.5690000000000001,0.3,0.6000000000000001,0.538,1.0,1.2,0.808,0.8,1.2,1.9,0.6000000000000001,0.4,0.1,0.3,0.3,1.3,1.0,4.1,1.4,420,117.0,114.7,114.7,108.6,108.9,108.9,8.4,5.8,5.8,0.08,1.5,15.2,0.075,0.112,0.094,10.1,10.2,0.633,0.682,0.138,0.144,99.65,100.53,83.77,100.53,0.081,972,62,109,1.4,2.5,2022,72.0,88.0,72.0,78.0,81.0,70.0,65.0,70.0,75.0,75.0,62.0,60.0,60.0,40.0,74.0,66.0,60.0,31.0,60.0,50.0,58.0,50.0,69.0,60.0,79.0,80.0,88.0,80.0,38.0,54.0,53.0,55.0,35.0,65.0,55.0,58.5
Armoni Brooks,TOR,54,20,34,0.37,15.6,1.8,5.4,0.339,1.4,4.6,0.297,0.3,0.4,0.857,0.4,1.5,1.9,1.1,0.5,0.5,0.2,0.1,1.4,0.4,5.3,-1.5,157,106.4,108.3,108.3,112.0,112.1,112.1,-5.6,-3.8,-3.8,0.105,2.3,16.1,0.021,0.097,0.058,7.0,7.0,0.467,0.483,0.159,0.163,101.87,100.95,84.12,100.95,0.054,1769,98,289,1.8,5.4,2022,71.0,76.0,79.0,72.0,81.0,98.0,80.0,69.0,30.0,55.0,39.0,36.0,28.0,65.0,70.0,32.0,64.0,46.0,52.0,60.0,48.0,45.0,70.0,45.0,66.0,80.0,80.0,81.0,70.0,76.0,69.0,69.0,41.0,37.0,51.0,70.0
Austin Reaves,LAL,61,28,33,0.459,23.2,2.4,5.2,0.459,0.9,2.7,0.317,1.6,1.9,0.839,0.7000000000000001,2.4,3.2,1.8,0.7000000000000001,0.5,0.3,0.2,1.4,2.2,7.3,0.9,249,110.2,110.8,110.8,108.8,109.0,109.0,1.4,1.8,1.8,0.101,2.75,21.2,0.031,0.099,0.066,7.7,7.7,0.542,0.6000000000000001,0.121,0.124,102.17,101.81,84.84,101.81,0.076,3007,146,318,2.4,5.2,2022,74.0,89.0,76.0,74.0,86.0,85.0,80.0,70.0,25.0,70.0,31.0,32.0,32.0,54.0,85.0,35.0,73.0,37.0,52.0,73.0,70.0,65.0,83.0,44.0,81.0,85.0,80.0,80.0,70.0,73.0,78.0,74.0,40.0,41.0,52.0,78.0
Austin Rivers,DEN,67,41,26,0.612,22.1,2.2,5.2,0.417,1.2,3.4,0.342,0.5,0.7000000000000001,0.727,0.3,1.4,1.7,1.3,0.8,0.8,0.1,0.2,1.8,0.7000000000000001,6.0,0.8,187,113.5,113.0,113.0,111.1,111.1,111.1,2.4,1.9,1.9,0.082,1.67,17.6,0.014,0.063,0.039,10.5,10.5,0.53,0.546,0.123,0.127,98.66,98.91,82.43,98.91,0.043,3047,146,350,2.2,5.2,2022,73.0,89.0,65.0,77.0,71.0,70.0,45.0,80.0,25.0,65.0,31.0,43.0,42.0,60.0,70.0,35.0,79.0,49.0,35.0,78.0,60.0,75.0,77.0,44.0,82.0,93.0,80.0,82.0,75.0,86.0,77.0,77.0,35.0,32.0,42.0,78.0
Ayo Dosunmu,CHI,77,42,35,0.545,27.4,3.6,6.9,0.52,0.9,2.4,0.376,0.7000000000000001,1.0,0.679,0.4,2.4,2.8,3.3,1.4,0.8,0.4,0.5,2.4,0.9,8.8,-2.6,240,108.9,109.1,109.1,112.7,114.1,114.1,-3.8,-5.0,-5.0,0.164,2.37,27.5,0.013,0.09,0.052,11.6,11.6,0.585,0.596,0.138,0.142,101.01,100.31,83.59,100.31,0.07,4418,278,535,3.6,6.9,2022,76.0,80.0,92.0,81.0,78.0,80.0,80.0,79.0,25.0,75.0,35.0,50.0,42.0,69.0,87.0,38.0,69.0,42.0,51.0,68.0,69.0,65.0,76.0,52.0,75.0,85.0,75.0,80.0,72.0,79.0,73.0,79.0,63.0,32.0,49.0,77.0
Bam Adebayo,MIA,56,36,20,0.643,32.6,7.3,13.0,0.557,0.0,0.1,0.0,4.6,6.1,0.753,2.4,7.6,10.1,3.4,2.6,1.4,0.8,0.7000000000000001,3.1,5.4,19.1,5.4,514,111.8,113.1,113.1,104.6,104.9,104.9,7.2,8.1,8.1,0.172,1.28,15.7,0.08,0.234,0.159,12.2,12.2,0.557,0.608,0.248,0.252,97.9,97.21,81.01,97.21,0.161,3696,406,729,7.3,13.0,2022,87.0,88.0,73.0,69.0,76.0,60.0,80.0,81.0,85.0,80.0,80.0,80.0,82.0,84.0,90.0,92.0,79.0,66.0,66.0,92.0,80.0,90.0,74.0,85.0,83.0,92.0,90.0,90.0,72.0,69.0,66.0,74.0,65.0,70.0,87.0,73.5
Bismack Biyombo,PHX,36,30,6,0.833,14.1,2.4,4.0,0.593,0.0,0.0,0.0,1.1,2.0,0.535,1.8,2.9,4.6,0.6000000000000001,0.7000000000000001,0.3,0.7000000000000001,0.2,1.9,1.7,5.8,1.4,514,110.8,111.8,111.8,107.7,106.2,106.2,3.0,5.6,5.6,0.064,0.92,10.3,0.117,0.207,0.161,11.2,11.1,0.593,0.596,0.167,0.172,99.17,99.44,82.86,99.44,0.102,1045,86,145,2.4,4.0,2022,72.0,89.0,62.0,25.0,45.0,25.0,30.0,60.0,80.0,68.0,48.0,45.0,54.0,69.0,35.0,82.0,50.0,38.0,82.0,85.0,54.0,65.0,48.0,80.0,63.0,79.0,95.0,83.0,25.0,35.0,25.0,74.0,32.0,88.0,80.0,51.5
Boban Marjanovic,DAL,23,15,8,0.652,5.6,1.8,3.0,0.6000000000000001,0.0,0.2,0.25,0.6000000000000001,1.0,0.591,0.3,1.3,1.7,0.1,0.7000000000000001,0.0,0.1,0.2,1.0,0.9,4.3,1.5,505,108.0,108.3,108.3,96.3,95.5,95.5,11.7,12.8,12.8,0.044,0.2,3.1,0.066,0.228,0.152,15.5,15.4,0.607,0.615,0.311,0.325,98.92,99.23,82.69,99.23,0.131,265,42,70,1.8,3.0,2022,73.0,83.0,70.0,63.0,77.0,75.0,55.0,50.0,95.0,60.0,69.0,60.0,76.0,70.0,40.0,73.0,30.0,25.0,61.0,65.0,73.0,65.0,25.0,71.0,40.0,70.0,45.0,65.0,60.0,35.0,25.0,35.0,29.0,59.0,88.0,30.0
Bobby Portis,MIL,72,46,26,0.639,28.2,5.8,12.1,0.479,1.8,4.7,0.393,1.2,1.6,0.752,2.5,6.6,9.1,1.2,1.3,0.7000000000000001,0.7000000000000001,0.7000000000000001,2.4,1.5,14.6,4.4,97,115.2,114.7,114.7,108.2,108.5,108.5,7.0,6.3,6.3,0.061,0.96,7.8,0.085,0.218,0.153,8.2,8.2,0.555,0.5710000000000001,0.207,0.212,101.41,101.53,84.61,101.53,0.117,4311,417,871,5.8,12.1,2022,80.0,93.0,85.0,83.0,79.0,92.0,80.0,74.0,75.0,70.0,80.0,80.0,82.0,74.0,85.0,78.0,40.0,41.0,63.0,75.0,65.0,65.0,65.0,80.0,64.0,85.0,90.0,84.0,55.0,52.0,59.0,52.0,32.0,68.0,85.0,57.0
Bojan Bogdanovic,UTA,69,45,24,0.652,30.9,6.1,13.4,0.455,2.6,6.8,0.387,3.2,3.8,0.858,0.8,3.4,4.3,1.7,1.7,0.5,0.0,0.9,1.7,2.5,18.1,3.2,35,114.8,116.2,116.2,109.4,111.4,111.4,5.4,4.8,4.8,0.086,1.02,9.4,0.027,0.106,0.068,9.2,9.2,0.552,0.599,0.232,0.237,100.09,98.59,82.16,98.59,0.102,4382,422,928,6.1,13.4,2022,80.0,91.0,74.0,82.0,85.0,90.0,85.0,79.0,40.0,70.0,49.0,60.0,64.0,75.0,70.0,54.0,78.0,35.0,25.0,75.0,62.0,70.0,67.0,60.0,72.0,93.0,75.0,84.0,77.0,74.0,66.0,82.0,36.0,40.0,54.0,69.5
Bol Bol,ORL,14,5,9,0.357,5.8,1.1,1.9,0.556,0.1,0.3,0.25,0.1,0.4,0.4,0.3,1.1,1.4,0.4,0.3,0.1,0.1,0.1,0.3,0.1,2.4,0.4,490,105.7,102.3,102.3,106.4,101.7,101.7,-0.7000000000000001,0.5,0.5,0.102,1.25,13.5,0.049,0.211,0.127,10.8,10.5,0.5740000000000001,0.5650000000000001,0.16,0.174,99.95,103.91,86.59,103.91,0.113,177,15,27,1.1,1.9,2022,71.0,78.0,79.0,78.0,75.0,57.0,50.0,64.0,85.0,70.0,70.0,68.0,70.0,62.0,75.0,72.0,52.0,36.0,88.0,64.0,49.0,40.0,68.0,65.0,69.0,80.0,50.0,77.0,50.0,67.0,60.0,40.0,31.0,60.0,67.0,63.0
Bradley Beal,WAS,40,17,23,0.425,36.0,8.7,19.3,0.451,1.6,5.3,0.3,4.2,5.1,0.833,1.0,3.8,4.7,6.6,3.4,0.9,0.4,0.9,2.4,4.0,23.2,-2.6,130,106.3,107.1,107.1,109.6,110.5,110.5,-3.3,-3.5,-3.5,0.309,1.96,21.1,0.026,0.099,0.064,10.8,10.7,0.492,0.539,0.297,0.304,100.13,99.36,82.8,99.36,0.123,2979,348,771,8.7,19.3,2022,87.0,85.0,87.0,82.0,84.0,85.0,95.0,95.0,30.0,84.0,55.0,55.0,54.0,95.0,92.0,45.0,66.0,40.0,47.0,75.0,65.0,40.0,76.0,62.0,87.0,98.0,78.0,82.0,82.0,88.0,76.0,85.0,75.0,40.0,53.0,79.0
Brandon Clarke,MEM,64,44,20,0.6880000000000001,19.5,4.5,7.0,0.644,0.1,0.3,0.227,1.3,2.0,0.654,2.1,3.2,5.3,1.3,0.5,0.6000000000000001,1.1,0.4,1.9,1.7,10.4,2.8,486,112.5,113.2,113.2,104.4,105.7,105.7,8.1,7.5,7.5,0.101,2.53,13.9,0.099,0.148,0.123,5.5,5.4,0.65,0.66,0.171,0.176,105.59,104.61,87.17,104.61,0.141,2703,288,447,4.5,7.0,2022,76.0,92.0,72.0,57.0,65.0,60.0,30.0,65.0,80.0,84.0,63.0,62.0,62.0,44.0,80.0,78.0,75.0,43.0,84.0,78.0,72.0,75.0,82.0,64.0,82.0,90.0,95.0,80.0,59.0,69.0,65.0,62.0,40.0,75.0,69.0,80.5
Brandon Ingram,NOP,55,29,26,0.527,34.0,8.2,17.9,0.461,1.3,4.1,0.327,4.8,5.9,0.8260000000000001,0.6000000000000001,5.2,5.8,5.6,2.7,0.6000000000000001,0.5,0.8,2.2,4.8,22.7,2.2,162,111.0,112.7,112.7,108.5,109.4,109.4,2.5,3.3,3.3,0.268,2.03,19.5,0.019,0.152,0.086,9.6,9.5,0.498,0.554,0.291,0.297,99.23,98.07,81.73,98.07,0.139,3817,453,983,8.2,17.9,2022,86.0,91.0,89.0,81.0,84.0,98.0,98.0,84.0,65.0,80.0,64.0,70.0,70.0,81.0,98.0,61.0,69.0,45.0,52.0,75.0,68.0,40.0,74.0,42.0,77.0,95.0,80.0,85.0,75.0,85.0,70.0,79.0,73.0,35.0,68.0,73.0
Brandon Williams,POR,24,2,22,0.083,26.7,4.4,11.8,0.372,1.3,4.4,0.292,2.8,4.0,0.7010000000000001,0.8,2.3,3.1,3.9,2.4,1.0,0.4,0.9,2.2,3.1,12.9,-11.3,167,99.5,101.2,101.2,120.3,121.6,121.6,-20.8,-20.4,-20.4,0.235,1.62,19.7,0.026,0.089,0.055,12.2,12.2,0.427,0.476,0.246,0.25,102.28,100.92,84.1,100.92,0.069,1346,105,282,4.4,11.8,2022,73.0,77.0,77.0,71.0,82.0,84.0,80.0,82.0,25.0,50.0,27.0,46.0,50.0,75.0,90.0,33.0,62.0,53.0,55.0,57.0,52.0,45.0,79.0,62.0,68.0,89.0,75.0,81.0,75.0,79.0,77.0,79.0,71.0,40.0,49.0,72.0
Braxton Key,DET,11,5,6,0.455,17.9,3.0,6.5,0.458,0.5,1.9,0.286,0.6000000000000001,1.2,0.538,1.2,3.4,4.5,1.0,1.0,0.9,1.0,0.4,2.4,1.2,7.2,2.5,348,111.9,113.2,113.2,105.5,105.2,105.2,6.4,8.0,8.0,0.077,1.0,11.1,0.058,0.187,0.118,11.1,11.0,0.5,0.508,0.184,0.187,102.96,102.5,85.42,102.5,0.084,418,33,72,3.0,6.5,2022,67.0,69.0,69.0,70.0,65.0,40.0,25.0,68.0,75.0,75.0,59.0,58.0,58.0,33.0,74.0,52.0,52.0,76.0,75.0,52.0,54.0,35.0,69.0,70.0,81.0,80.0,79.0,80.0,48.0,49.0,59.0,54.0,37.0,58.0,79.0,63.0
Brook Lopez,MIL,13,10,3,0.769,23.0,4.7,10.1,0.466,1.5,4.1,0.358,1.5,1.8,0.87,1.5,2.6,4.1,0.5,0.9,0.6000000000000001,1.2,0.4,2.6,1.6,12.4,-0.5,138,109.4,110.2,110.2,112.4,111.6,111.6,-3.0,-1.4,-1.4,0.03,0.5,3.8,0.058,0.108,0.083,7.5,7.5,0.538,0.5700000000000001,0.211,0.215,102.62,102.63,85.52,102.63,0.081,639,61,131,4.7,10.1,2022,80.0,94.0,83.0,79.0,85.0,70.0,50.0,70.0,80.0,65.0,80.0,78.0,80.0,50.0,80.0,87.0,45.0,41.0,83.0,88.0,69.0,90.0,25.0,86.0,60.0,92.0,80.0,79.0,35.0,35.0,25.0,78.0,28.0,59.0,54.0,42.5
Bryn Forbes,DEN,75,36,39,0.48,17.1,3.1,7.2,0.429,1.6,3.9,0.414,1.1,1.2,0.908,0.1,1.1,1.2,1.0,0.7000000000000001,0.3,0.1,0.4,1.3,0.8,8.8,0.3,124,108.4,109.3,109.3,110.0,109.8,109.8,-1.6,-0.5,-0.5,0.086,1.34,10.7,0.007,0.063,0.035,8.0,7.9,0.542,0.5740000000000001,0.201,0.209,101.58,101.29,84.41,101.29,0.074,2731,231,539,3.1,7.2,2022,73.0,88.0,80.0,85.0,78.0,92.0,90.0,79.0,35.0,40.0,28.0,52.0,42.0,59.0,78.0,44.0,58.0,36.0,32.0,56.0,50.0,30.0,68.0,37.0,72.0,80.0,76.0,83.0,52.0,70.0,67.0,50.0,35.0,29.0,42.0,68.5
Buddy Hield,IND,81,26,55,0.321,30.8,5.5,13.6,0.406,3.2,8.8,0.366,1.4,1.6,0.874,0.8,3.5,4.4,2.8,1.9,0.9,0.3,0.7000000000000001,2.3,1.1,15.6,-2.0,6,109.9,111.4,111.4,114.4,115.1,115.1,-4.5,-3.6,-3.6,0.135,1.5,15.1,0.025,0.114,0.068,10.1,10.0,0.526,0.548,0.214,0.221,101.47,100.47,83.73,100.47,0.084,5242,446,1098,5.5,13.6,2022,78.0,81.0,83.0,85.0,85.0,90.0,85.0,75.0,25.0,65.0,28.0,45.0,48.0,59.0,94.0,48.0,69.0,42.0,47.0,54.0,60.0,50.0,75.0,41.0,78.0,90.0,60.0,82.0,70.0,79.0,74.0,70.0,53.0,39.0,57.0,76.0
Cade Cunningham,DET,64,20,44,0.313,32.6,6.7,16.1,0.416,1.8,5.7,0.314,2.2,2.6,0.845,0.9,4.6,5.5,5.6,3.7,1.2,0.7000000000000001,1.2,3.1,2.4,17.4,-4.3,102,105.0,106.9,106.9,111.7,113.1,113.1,-6.7,-6.2,-6.2,0.283,1.52,21.0,0.026,0.143,0.083,13.8,13.8,0.471,0.504,0.273,0.276,100.18,98.71,82.26,98.71,0.1,4290,429,1031,6.7,16.1,2022,84.0,83.0,81.0,80.0,83.0,95.0,98.0,83.0,40.0,75.0,60.0,62.0,60.0,78.0,98.0,59.0,75.0,53.0,58.0,75.0,76.0,75.0,83.0,62.0,80.0,88.0,80.0,80.0,80.0,86.0,83.0,84.0,74.0,39.0,66.0,81.5
Caleb Martin,MIA,60,37,23,0.617,22.9,3.5,6.8,0.507,1.1,2.6,0.413,1.2,1.6,0.763,1.2,2.7,3.8,1.1,0.9,1.0,0.5,0.4,1.7,1.5,9.2,2.6,202,112.8,111.8,111.8,105.7,106.2,106.2,7.1,5.7,5.7,0.068,1.23,11.3,0.054,0.114,0.085,9.2,9.2,0.585,0.611,0.158,0.164,98.56,98.8,82.34,98.8,0.094,2823,208,410,3.5,6.8,2022,76.0,56.0,82.0,84.0,73.0,95.0,85.0,86.0,25.0,70.0,55.0,54.0,54.0,70.0,75.0,68.0,75.0,63.0,62.0,74.0,72.0,70.0,55.0,58.0,74.0,85.0,90.0,80.0,62.0,69.0,54.0,69.0,33.0,54.0,58.0,64.5
Cam Reddish,NYK,49,20,29,0.408,20.7,3.4,8.3,0.404,1.3,3.8,0.359,2.1,2.3,0.902,0.5,1.6,2.1,1.0,1.2,1.0,0.3,0.5,1.2,1.6,10.1,-4.4,160,104.1,103.2,103.2,112.7,113.0,113.0,-8.6,-9.8,-9.8,0.078,0.84,8.5,0.023,0.075,0.048,10.1,10.1,0.485,0.543,0.213,0.219,100.33,100.62,83.85,100.62,0.079,2118,165,408,3.4,8.3,2022,74.0,82.0,58.0,79.0,91.0,40.0,75.0,78.0,50.0,80.0,43.0,52.0,47.0,70.0,95.0,55.0,81.0,70.0,53.0,80.0,80.0,75.0,85.0,52.0,84.0,90.0,65.0,80.0,68.0,81.0,79.0,69.0,33.0,38.0,46.0,83.0
Cameron Johnson,PHX,66,50,16,0.758,26.2,4.2,9.2,0.46,2.5,5.9,0.425,1.5,1.7,0.86,0.6000000000000001,3.5,4.1,1.5,0.7000000000000001,0.9,0.2,0.4,1.7,1.6,12.5,3.3,42,110.7,110.8,110.8,104.1,104.6,104.6,6.6,6.2,6.2,0.079,2.11,12.4,0.023,0.123,0.075,5.9,5.9,0.596,0.625,0.167,0.173,102.54,102.22,85.18,102.22,0.105,3680,279,607,4.2,9.2,2022,80.0,88.0,62.0,86.0,87.0,89.0,90.0,79.0,60.0,60.0,69.0,69.0,69.0,64.0,57.0,65.0,69.0,46.0,45.0,64.0,68.0,65.0,70.0,60.0,79.0,85.0,86.0,78.0,59.0,59.0,43.0,66.0,34.0,38.0,61.0,69.5
Cameron Payne,PHX,58,46,12,0.793,22.0,4.1,10.1,0.409,1.2,3.6,0.336,1.3,1.5,0.843,0.4,2.6,3.0,4.9,1.8,0.7000000000000001,0.3,0.6000000000000001,2.1,1.7,10.8,2.6,179,108.6,109.1,109.1,103.0,102.7,102.7,5.6,6.3,6.3,0.318,2.74,27.9,0.018,0.109,0.065,10.2,10.2,0.469,0.5,0.235,0.242,102.92,102.83,85.69,102.83,0.107,2725,240,587,4.1,10.1,2022,76.0,80.0,92.0,77.0,84.0,85.0,90.0,83.0,25.0,25.0,25.0,36.0,31.0,80.0,72.0,31.0,60.0,43.0,51.0,51.0,52.0,40.0,75.0,39.0,72.0,82.0,75.0,84.0,75.0,86.0,75.0,79.0,75.0,35.0,56.0,72.5
Caris LeVert,CLE,58,23,35,0.397,30.7,6.5,14.7,0.444,1.4,4.4,0.32,2.5,3.3,0.756,0.7000000000000001,2.9,3.7,4.3,1.9,0.9,0.4,0.9,2.3,2.9,17.0,-1.1,147,111.4,112.7,112.7,113.3,114.5,114.5,-2.0,-1.8,-1.8,0.219,2.3,19.2,0.024,0.097,0.06,8.3,8.3,0.492,0.525,0.252,0.256,99.04,97.93,81.61,97.93,0.098,3634,379,854,6.5,14.7,2022,78.0,87.0,79.0,75.0,80.0,85.0,70.0,89.0,60.0,75.0,52.0,54.0,49.0,79.0,95.0,45.0,74.0,42.0,51.0,70.0,68.0,60.0,75.0,54.0,80.0,92.0,80.0,78.0,75.0,86.0,72.0,84.0,71.0,38.0,51.0,77.0
Carlik Jones,DEN,5,3,2,0.6000000000000001,4.7,0.2,1.8,0.111,0.0,0.2,0.0,0.4,0.4,1.0,0.2,0.4,0.6000000000000001,1.0,0.6000000000000001,0.2,0.0,0.0,0.0,0.2,0.8,-4.0,514,94.6,88.7,88.7,122.7,121.8,121.8,-28.1,-33.1,-33.1,0.417,1.67,27.8,0.042,0.069,0.057,16.7,16.8,0.111,0.202,0.22,0.24,107.61,111.44,92.87,111.44,0.016,53,1,9,0.2,1.8,2022,67.0,70.0,71.0,74.0,81.0,70.0,45.0,70.0,25.0,30.0,36.0,54.0,32.0,44.0,78.0,37.0,52.0,52.0,40.0,47.0,44.0,35.0,74.0,50.0,70.0,80.0,77.0,81.0,70.0,76.0,73.0,70.0,66.0,39.0,44.0,73.5
Cedi Osman,CLE,66,37,29,0.561,22.1,3.7,8.7,0.432,1.9,5.4,0.357,1.3,2.0,0.664,0.4,1.8,2.2,2.0,1.0,0.8,0.2,0.4,1.9,1.6,10.7,-0.9,83,108.0,107.5,107.5,109.1,109.2,109.2,-1.1,-1.8,-1.8,0.144,2.01,16.3,0.017,0.08,0.049,8.1,8.1,0.544,0.5630000000000001,0.206,0.212,99.32,99.48,82.9,99.48,0.081,3028,247,572,3.7,8.7,2022,75.0,83.0,74.0,79.0,73.0,90.0,75.0,76.0,46.0,61.0,38.0,58.0,51.0,59.0,75.0,65.0,76.0,53.0,40.0,70.0,65.0,65.0,71.0,59.0,70.0,85.0,80.0,75.0,75.0,75.0,69.0,70.0,55.0,34.0,47.0,73.0
Charles Bassey,PHI,23,11,12,0.478,7.3,1.3,2.0,0.638,0.0,0.2,0.0,0.4,0.5,0.75,1.0,1.7,2.7,0.3,0.3,0.2,0.7000000000000001,0.1,1.4,0.6000000000000001,3.0,-1.5,514,99.2,98.6,98.6,109.3,107.4,107.4,-10.1,-8.8,-8.8,0.07,0.88,10.4,0.124,0.233,0.177,11.9,11.9,0.638,0.66,0.152,0.158,98.76,99.94,83.28,99.94,0.128,348,30,47,1.3,2.0,2022,73.0,74.0,69.0,52.0,76.0,50.0,35.0,70.0,75.0,75.0,50.0,50.0,50.0,40.0,70.0,69.0,57.0,43.0,89.0,68.0,50.0,60.0,77.0,69.0,82.0,80.0,80.0,80.0,35.0,42.0,54.0,48.0,32.0,88.0,87.0,70.5
Charlie Brown Jr.,PHI,22,16,6,0.727,8.1,0.5,1.8,0.256,0.0,0.5,0.083,0.4,0.5,0.9,0.6000000000000001,0.8,1.5,0.3,0.2,0.5,0.2,0.2,0.8,0.4,1.4,-1.0,503,101.2,99.7,99.7,104.2,103.4,103.4,-3.0,-3.6,-3.6,0.045,1.2,11.3,0.067,0.088,0.077,9.4,9.2,0.269,0.346,0.105,0.114,101.89,103.05,85.88,103.05,0.03,378,10,39,0.5,1.8,2022,69.0,75.0,76.0,79.0,82.0,45.0,45.0,79.0,40.0,45.0,30.0,45.0,38.0,42.0,70.0,40.0,65.0,51.0,60.0,63.0,40.0,35.0,76.0,55.0,75.0,80.0,45.0,83.0,62.0,77.0,75.0,60.0,29.0,67.0,52.0,74.0
Chimezie Metu,SAC,60,23,37,0.383,21.3,3.4,7.5,0.452,1.0,3.1,0.306,1.2,1.5,0.78,0.6000000000000001,5.0,5.6,1.0,1.0,0.9,0.5,0.5,1.6,1.4,8.9,-2.6,234,105.7,106.1,106.1,111.1,111.8,111.8,-5.4,-5.7,-5.7,0.071,0.98,9.8,0.027,0.227,0.129,10.0,10.0,0.516,0.546,0.184,0.188,101.98,101.5,84.58,101.5,0.104,2704,203,449,3.4,7.5,2022,75.0,88.0,73.0,73.0,77.0,85.0,60.0,78.0,80.0,75.0,58.0,40.0,49.0,55.0,95.0,67.0,51.0,56.0,62.0,68.0,55.0,40.0,52.0,69.0,75.0,80.0,80.0,83.0,48.0,37.0,30.0,58.0,33.0,39.0,87.0,56.0
Chris Boucher,TOR,80,48,32,0.6000000000000001,21.1,3.4,7.2,0.464,0.9,2.9,0.297,1.9,2.4,0.777,2.2,3.9,6.2,0.3,0.5,0.6000000000000001,0.9,0.5,2.2,2.2,9.4,2.4,252,109.8,111.0,111.0,105.3,105.7,105.7,4.5,5.3,5.3,0.022,0.6000000000000001,3.4,0.095,0.183,0.137,5.8,5.8,0.523,0.5700000000000001,0.172,0.176,98.32,97.6,81.33,97.6,0.111,3440,268,577,3.4,7.2,2022,76.0,84.0,59.0,72.0,72.0,65.0,40.0,74.0,85.0,80.0,72.0,64.0,72.0,50.0,85.0,78.0,37.0,42.0,81.0,84.0,50.0,70.0,57.0,80.0,74.0,89.0,95.0,77.0,33.0,41.0,25.0,59.0,27.0,74.0,79.0,48.5
Chris Duarte,IND,55,21,34,0.382,28.0,4.9,11.3,0.432,1.7,4.6,0.369,1.6,2.0,0.804,0.7000000000000001,3.4,4.1,2.1,1.6,1.0,0.2,0.7000000000000001,1.7,2.0,13.1,-1.0,110,105.4,107.6,107.6,109.2,109.7,109.7,-3.7,-2.0,-2.0,0.11,1.27,13.1,0.026,0.117,0.071,10.3,10.3,0.507,0.537,0.207,0.211,100.57,99.3,82.75,99.3,0.089,3193,268,621,4.9,11.3,2022,77.0,79.0,79.0,80.0,74.0,95.0,85.0,79.0,40.0,70.0,44.0,46.0,46.0,69.0,95.0,50.0,69.0,53.0,40.0,68.0,69.0,65.0,65.0,59.0,63.0,92.0,92.0,80.0,69.0,71.0,60.0,78.0,42.0,39.0,60.0,66.5
Chris Paul,PHX,65,53,12,0.8150000000000001,32.9,5.6,11.3,0.493,1.0,3.1,0.317,2.6,3.1,0.837,0.3,4.0,4.4,10.8,2.4,1.9,0.3,0.2,2.1,3.2,14.7,7.1,233,114.7,115.6,115.6,103.9,105.5,105.5,10.8,10.0,10.0,0.434,4.59,41.8,0.011,0.113,0.064,9.1,9.1,0.536,0.581,0.197,0.2,101.23,100.1,83.41,100.1,0.15,4466,363,736,5.6,11.3,2022,90.0,95.0,97.0,74.0,84.0,85.0,75.0,88.0,25.0,27.0,40.0,55.0,70.0,60.0,90.0,61.0,90.0,83.0,45.0,90.0,75.0,85.0,80.0,62.0,75.0,90.0,75.0,77.0,96.0,93.0,80.0,96.0,91.0,30.0,57.0,85.0
Chris Silva,MIA,10,7,3,0.7000000000000001,9.1,0.8,1.5,0.533,0.0,0.0,0.0,1.0,1.2,0.833,1.3,2.3,3.6,0.7000000000000001,0.8,0.0,0.1,0.3,2.0,1.3,2.6,-2.9,514,103.4,101.5,101.5,120.8,117.6,117.6,-17.4,-16.1,-16.1,0.13,0.88,20.0,0.127,0.274,0.194,22.9,22.7,0.533,0.641,0.123,0.132,99.91,102.15,85.12,102.15,0.074,195,8,15,0.8,1.5,2022,73.0,65.0,69.0,72.0,69.0,40.0,30.0,67.0,70.0,65.0,53.0,52.0,60.0,54.0,78.0,62.0,55.0,42.0,87.0,60.0,52.0,35.0,62.0,69.0,75.0,82.0,75.0,83.0,65.0,65.0,54.0,54.0,40.0,88.0,74.0,56.5
Christian Wood,HOU,68,19,49,0.279,30.8,6.5,12.9,0.501,1.9,4.9,0.39,3.0,4.9,0.623,1.6,8.5,10.1,2.3,1.9,0.8,1.0,0.7000000000000001,2.5,4.6,17.9,-6.0,88,104.6,106.6,106.6,114.4,115.7,115.7,-9.8,-9.1,-9.1,0.124,1.23,11.9,0.051,0.265,0.158,9.6,9.7,0.5760000000000001,0.595,0.233,0.235,103.47,101.9,84.91,101.9,0.142,4443,440,878,6.5,12.9,2022,84.0,89.0,54.0,83.0,58.0,95.0,90.0,87.0,90.0,85.0,81.0,79.0,81.0,85.0,95.0,74.0,51.0,40.0,67.0,74.0,62.0,45.0,56.0,74.0,66.0,93.0,94.0,83.0,30.0,60.0,44.0,40.0,46.0,53.0,92.0,57.5
Chuma Okeke,ORL,70,21,49,0.3,25.0,3.1,8.2,0.376,1.7,5.3,0.318,0.8,0.9,0.846,0.7000000000000001,4.3,5.0,1.7,0.8,1.4,0.6000000000000001,0.2,1.4,1.0,8.6,-4.5,114,99.3,100.3,100.3,109.1,109.1,109.1,-9.8,-8.8,-8.8,0.104,2.07,15.1,0.024,0.165,0.092,7.3,7.3,0.478,0.501,0.159,0.162,102.2,101.68,84.73,101.68,0.093,3709,216,575,3.1,8.2,2022,75.0,84.0,69.0,74.0,86.0,85.0,75.0,76.0,45.0,50.0,48.0,52.0,53.0,40.0,70.0,63.0,80.0,83.0,62.0,77.0,85.0,45.0,70.0,60.0,74.0,80.0,80.0,80.0,65.0,69.0,65.0,66.0,40.0,38.0,70.0,75.5
Clint Capela,ATL,74,40,34,0.541,27.6,5.0,8.2,0.613,0.0,0.0,0.0,1.1,2.3,0.473,3.8,8.1,11.9,1.2,0.6000000000000001,0.7000000000000001,1.3,0.5,2.2,1.9,11.1,1.7,514,116.0,116.6,116.6,113.0,113.3,113.3,3.0,3.3,3.3,0.062,2.09,11.3,0.133,0.284,0.208,5.4,5.4,0.613,0.604,0.149,0.152,100.58,100.22,83.52,100.22,0.133,4257,370,604,5.0,8.2,2022,84.0,79.0,60.0,25.0,51.0,93.0,75.0,79.0,95.0,80.0,71.0,48.0,69.0,74.0,70.0,86.0,53.0,41.0,80.0,86.0,74.0,85.0,58.0,85.0,80.0,92.0,97.0,83.0,34.0,48.0,30.0,35.0,32.0,91.0,93.0,58.5
Coby White,CHI,61,32,29,0.525,27.5,4.6,10.6,0.433,2.2,5.8,0.385,1.3,1.5,0.857,0.3,2.7,3.0,2.9,1.1,0.5,0.2,0.4,2.2,1.4,12.7,-0.6000000000000001,60,111.4,112.3,112.3,113.0,113.6,113.6,-1.6,-1.2,-1.2,0.147,2.51,18.9,0.011,0.099,0.055,7.5,7.5,0.539,0.5640000000000001,0.195,0.199,100.15,99.5,82.92,99.5,0.08,3476,279,644,4.6,10.6,2022,76.0,73.0,77.0,82.0,85.0,75.0,75.0,79.0,30.0,65.0,34.0,45.0,49.0,67.0,80.0,49.0,64.0,35.0,40.0,66.0,64.0,45.0,85.0,56.0,81.0,90.0,85.0,80.0,77.0,86.0,84.0,77.0,60.0,30.0,52.0,81.0
Cody Martin,CHA,71,41,30,0.577,26.3,2.9,6.0,0.482,0.9,2.2,0.384,1.1,1.5,0.7010000000000001,1.2,2.9,4.0,2.5,0.9,1.2,0.5,0.4,1.6,1.6,7.7,-0.4,251,112.8,113.1,113.1,112.2,113.0,113.0,0.6000000000000001,0.1,0.1,0.124,2.93,25.2,0.043,0.108,0.075,8.6,8.6,0.554,0.579,0.12,0.123,101.02,100.54,83.78,100.54,0.08,3895,204,423,2.9,6.0,2022,75.0,72.0,60.0,82.0,73.0,95.0,70.0,85.0,25.0,75.0,59.0,59.0,55.0,79.0,75.0,48.0,69.0,70.0,56.0,69.0,69.0,60.0,58.0,58.0,75.0,90.0,90.0,80.0,74.0,73.0,57.0,78.0,46.0,47.0,54.0,65.0
Cole Anthony,ORL,65,18,47,0.277,31.7,5.5,14.0,0.391,2.0,6.0,0.338,3.3,3.9,0.854,0.5,4.9,5.4,5.7,2.6,0.7000000000000001,0.3,0.7000000000000001,2.6,3.4,16.3,-3.6,78,104.1,105.7,105.7,110.2,111.1,111.1,-6.1,-5.4,-5.4,0.281,2.17,23.8,0.015,0.145,0.08,10.9,10.9,0.464,0.519,0.245,0.25,100.98,99.82,83.18,99.82,0.106,4283,357,912,5.5,14.0,2022,78.0,83.0,68.0,77.0,84.0,98.0,95.0,82.0,40.0,89.0,49.0,58.0,44.0,79.0,98.0,45.0,69.0,38.0,45.0,55.0,52.0,45.0,84.0,59.0,77.0,88.0,85.0,98.0,82.0,84.0,84.0,82.0,74.0,33.0,66.0,79.0
Collin Sexton,CLE,11,7,4,0.636,28.8,6.2,13.7,0.45,1.0,4.1,0.244,2.6,3.5,0.744,1.2,2.1,3.3,2.1,2.8,0.9,0.0,1.5,2.3,3.9,16.0,-2.7,211,98.9,99.2,99.2,104.2,105.0,105.0,-5.3,-5.8,-5.8,0.125,0.74,10.4,0.041,0.066,0.054,14.0,14.0,0.487,0.523,0.264,0.272,100.49,99.96,83.3,99.96,0.074,663,68,151,6.2,13.7,2022,78.0,82.0,76.0,76.0,74.0,85.0,90.0,85.0,30.0,75.0,25.0,38.0,28.0,85.0,95.0,45.0,67.0,46.0,25.0,67.0,69.0,50.0,88.0,58.0,84.0,95.0,90.0,81.0,78.0,86.0,87.0,76.0,44.0,47.0,44.0,82.0
Corey Kispert,WAS,77,31,46,0.403,23.4,3.0,6.7,0.455,1.5,4.2,0.35,0.7000000000000001,0.8,0.871,0.7000000000000001,2.0,2.7,1.1,0.6000000000000001,0.5,0.3,0.3,1.2,0.6000000000000001,8.2,0.5,139,113.1,113.0,113.0,112.6,112.9,112.9,0.6000000000000001,0.1,0.1,0.064,1.7,12.6,0.03,0.084,0.058,7.4,7.4,0.5640000000000001,0.586,0.142,0.146,98.61,98.52,82.1,98.52,0.067,3712,234,514,3.0,6.7,2022,75.0,93.0,78.0,78.0,87.0,65.0,80.0,73.0,40.0,60.0,38.0,39.0,39.0,45.0,85.0,54.0,70.0,37.0,50.0,69.0,67.0,65.0,76.0,60.0,69.0,84.0,80.0,80.0,66.0,71.0,66.0,69.0,32.0,41.0,48.0,75.0
Cory Joseph,DET,65,19,46,0.292,24.6,2.7,6.2,0.445,1.0,2.4,0.414,1.5,1.7,0.885,0.4,2.2,2.7,3.6,1.3,0.6000000000000001,0.3,0.3,2.3,1.8,8.0,-3.1,211,104.8,105.3,105.3,110.6,111.7,111.7,-5.8,-6.4,-6.4,0.22,2.79,31.1,0.017,0.092,0.053,11.1,11.0,0.526,0.579,0.141,0.146,99.38,98.63,82.2,98.63,0.081,3290,178,400,2.7,6.2,2022,73.0,82.0,71.0,83.0,84.0,75.0,65.0,72.0,25.0,30.0,27.0,39.0,29.0,55.0,85.0,54.0,75.0,41.0,50.0,68.0,59.0,65.0,72.0,40.0,65.0,88.0,70.0,84.0,80.0,84.0,72.0,80.0,70.0,34.0,50.0,76.0
D.J. Wilson,TOR,4,2,2,0.5,13.5,2.8,3.8,0.733,0.0,0.5,0.0,2.0,2.5,0.8,0.3,3.8,4.0,1.3,0.5,1.3,0.3,0.3,1.5,1.3,7.5,-4.0,514,102.5,100.0,100.0,110.9,116.5,116.5,-8.5,-16.5,-16.5,0.147,2.5,18.5,0.017,0.238,0.13,7.4,7.6,0.733,0.773,0.159,0.161,110.57,109.18,90.98,109.18,0.162,125,11,15,2.8,3.8,2022,71.0,83.0,73.0,75.0,68.0,70.0,60.0,70.0,50.0,66.0,69.0,65.0,55.0,60.0,74.0,60.0,37.0,40.0,72.0,66.0,50.0,40.0,63.0,63.0,62.0,83.0,90.0,75.0,60.0,69.0,56.0,65.0,34.0,48.0,83.0,65.5
Daishen Nix,HOU,24,3,21,0.125,10.9,1.1,2.8,0.403,0.3,1.1,0.269,0.7000000000000001,1.3,0.533,0.3,1.1,1.4,1.7,1.1,0.6000000000000001,0.0,0.3,0.9,0.9,3.2,-1.9,425,103.7,104.4,104.4,112.0,111.0,111.0,-8.4,-6.6,-6.6,0.208,1.54,27.2,0.026,0.103,0.064,17.7,17.8,0.455,0.48,0.167,0.169,104.18,104.29,86.91,104.29,0.059,564,27,67,1.1,2.8,2022,67.0,70.0,60.0,67.0,71.0,40.0,30.0,75.0,40.0,75.0,35.0,51.0,42.0,40.0,80.0,37.0,60.0,83.0,25.0,52.0,58.0,40.0,90.0,63.0,75.0,80.0,85.0,80.0,72.0,75.0,87.0,74.0,70.0,39.0,52.0,81.5
Dakota Mathias,MEM,6,5,1,0.833,2.7,0.3,1.0,0.333,0.3,1.0,0.333,0.0,0.0,0.0,0.0,0.3,0.3,0.2,0.0,0.2,0.0,0.0,0.2,0.0,1.0,-1.8,407,68.2,66.7,66.7,105.8,92.1,92.1,-37.6,-25.4,-25.4,0.125,0.0,14.3,0.0,0.154,0.057,0.0,0.0,0.5,0.5,0.15,0.153,101.0,109.46,91.22,109.46,0.102,36,2,6,0.3,1.0,2022,67.0,71.0,80.0,72.0,83.0,70.0,65.0,78.0,25.0,45.0,33.0,43.0,48.0,44.0,84.0,45.0,60.0,35.0,61.0,62.0,63.0,35.0,67.0,52.0,60.0,84.0,69.0,80.0,70.0,74.0,65.0,70.0,59.0,37.0,37.0,67.5
Dalano Banton,TOR,64,37,27,0.578,10.9,1.3,3.2,0.411,0.2,0.8,0.255,0.4,0.7000000000000001,0.591,0.6000000000000001,1.3,1.9,1.5,0.8,0.4,0.2,0.3,1.1,0.6000000000000001,3.2,0.5,455,106.7,106.6,106.6,105.8,105.1,105.1,0.9,1.5,1.5,0.197,1.87,26.5,0.048,0.124,0.083,14.2,14.2,0.443,0.463,0.159,0.165,99.4,99.8,83.17,99.8,0.07,1452,83,202,1.3,3.2,2022,72.0,63.0,75.0,64.0,75.0,88.0,55.0,79.0,30.0,65.0,30.0,45.0,48.0,65.0,80.0,40.0,60.0,59.0,53.0,60.0,62.0,50.0,76.0,66.0,75.0,80.0,75.0,80.0,74.0,70.0,72.0,76.0,69.0,52.0,61.0,74.0
Damian Jones,SAC,56,19,37,0.339,18.2,3.1,4.8,0.658,0.2,0.5,0.345,1.7,2.3,0.718,1.3,3.1,4.4,1.2,1.1,0.5,0.8,0.3,2.3,2.1,8.1,-3.1,462,105.8,106.7,106.7,114.1,113.5,113.5,-8.3,-6.8,-6.8,0.106,1.17,15.4,0.074,0.164,0.12,13.1,13.1,0.677,0.7010000000000001,0.163,0.166,100.64,100.52,83.77,100.52,0.11,2116,175,266,3.1,4.8,2022,73.0,88.0,83.0,67.0,76.0,50.0,40.0,70.0,85.0,75.0,52.0,40.0,60.0,40.0,84.0,76.0,40.0,40.0,80.0,80.0,40.0,65.0,63.0,80.0,92.0,80.0,80.0,78.0,34.0,35.0,38.0,48.0,40.0,64.0,71.0,48.5
Damian Lillard,POR,29,12,17,0.414,36.4,7.7,19.0,0.402,3.2,9.8,0.324,5.5,6.2,0.878,0.4,3.7,4.1,7.3,2.9,0.6000000000000001,0.4,0.8,1.3,5.2,24.0,-1.0,7,111.5,113.0,113.0,113.5,114.8,114.8,-1.9,-1.8,-1.8,0.321,2.55,23.0,0.012,0.104,0.057,9.0,9.0,0.486,0.55,0.288,0.293,100.64,99.37,82.81,99.37,0.126,2191,222,552,7.7,19.0,2022,89.0,79.0,91.0,85.0,89.0,85.0,90.0,90.0,25.0,85.0,30.0,38.0,42.0,85.0,98.0,25.0,69.0,35.0,50.0,72.0,77.0,55.0,88.0,63.0,89.0,97.0,95.0,98.0,86.0,95.0,87.0,86.0,79.0,31.0,53.0,82.0
Damion Lee,GSW,63,41,22,0.651,19.9,2.7,6.1,0.441,1.0,3.0,0.337,1.0,1.2,0.88,0.4,2.8,3.2,1.0,0.6000000000000001,0.6000000000000001,0.1,0.2,1.5,1.3,7.4,1.5,211,109.6,109.3,109.3,105.9,106.5,106.5,3.7,2.8,2.8,0.072,1.66,12.2,0.022,0.136,0.081,7.3,7.4,0.523,0.561,0.156,0.16,99.96,99.8,83.17,99.8,0.081,2622,169,383,2.7,6.1,2022,73.0,84.0,65.0,77.0,85.0,95.0,80.0,79.0,40.0,65.0,44.0,48.0,51.0,62.0,78.0,57.0,60.0,43.0,37.0,60.0,66.0,35.0,68.0,55.0,75.0,80.0,70.0,79.0,62.0,70.0,66.0,57.0,33.0,36.0,63.0,71.0
Daniel Gafford,WAS,72,30,42,0.417,20.1,4.0,5.7,0.6930000000000001,0.0,0.0,0.0,1.5,2.1,0.6990000000000001,2.2,3.5,5.7,0.9,0.9,0.4,1.4,0.5,2.4,2.2,9.4,-2.9,514,108.7,108.6,108.6,114.5,115.5,115.5,-5.9,-6.9,-6.9,0.071,1.05,11.3,0.107,0.169,0.139,10.8,10.6,0.6930000000000001,0.708,0.16,0.166,99.68,99.27,82.73,99.27,0.122,2985,285,411,4.0,5.7,2022,77.0,89.0,65.0,29.0,71.0,95.0,80.0,82.0,85.0,75.0,69.0,67.0,70.0,75.0,70.0,70.0,57.0,37.0,87.0,76.0,50.0,65.0,75.0,73.0,80.0,80.0,89.0,80.0,37.0,42.0,44.0,52.0,33.0,80.0,73.0,64.5
Daniel Theis,BOS,47,20,27,0.426,20.8,3.2,6.2,0.519,0.7000000000000001,2.3,0.308,1.0,1.5,0.681,1.3,3.6,4.9,0.9,1.0,0.4,0.7000000000000001,0.3,2.4,1.7,8.2,-1.9,304,104.7,104.4,104.4,107.9,108.4,108.4,-3.1,-3.9,-3.9,0.068,0.89,10.0,0.061,0.159,0.113,11.2,11.2,0.5760000000000001,0.595,0.162,0.166,100.42,100.35,83.63,100.35,0.09,2040,151,291,3.2,6.2,2022,75.0,86.0,80.0,73.0,75.0,65.0,30.0,70.0,79.0,78.0,74.0,54.0,73.0,35.0,85.0,84.0,53.0,37.0,68.0,83.0,57.0,80.0,57.0,82.0,75.0,90.0,87.0,65.0,69.0,49.0,42.0,54.0,32.0,57.0,72.0,60.5
Danilo Gallinari,ATL,66,35,31,0.53,25.3,3.9,9.0,0.434,1.7,4.5,0.381,2.1,2.4,0.904,0.5,4.1,4.7,1.5,0.6000000000000001,0.4,0.2,0.2,1.4,2.5,11.7,1.6,111,116.4,116.0,116.0,112.8,112.6,112.6,3.6,3.4,3.4,0.086,2.66,12.5,0.021,0.161,0.092,4.7,4.7,0.528,0.579,0.182,0.186,99.53,99.77,83.14,99.77,0.099,3471,259,597,3.9,9.0,2022,78.0,85.0,78.0,82.0,93.0,70.0,65.0,76.0,45.0,75.0,66.0,72.0,74.0,70.0,76.0,69.0,56.0,35.0,40.0,70.0,62.0,65.0,60.0,66.0,66.0,85.0,80.0,75.0,66.0,76.0,60.0,60.0,36.0,36.0,69.0,64.0
Danny Green,PHI,62,37,25,0.597,21.8,2.0,5.2,0.394,1.7,4.4,0.38,0.2,0.2,0.786,0.5,2.0,2.5,1.0,0.7000000000000001,1.0,0.6000000000000001,0.2,1.7,0.4,5.9,1.3,118,111.3,111.5,111.5,108.4,108.5,108.5,2.9,3.0,3.0,0.065,1.42,14.7,0.025,0.091,0.059,10.3,10.3,0.555,0.561,0.121,0.124,98.94,98.81,82.34,98.81,0.054,2784,126,320,2.0,5.2,2022,73.0,80.0,80.0,82.0,77.0,60.0,35.0,60.0,40.0,45.0,30.0,54.0,35.0,30.0,75.0,66.0,85.0,66.0,65.0,83.0,60.0,80.0,59.0,60.0,69.0,75.0,75.0,82.0,72.0,70.0,59.0,70.0,32.0,38.0,50.0,72.0
Danuel House Jr.,UTA,42,18,24,0.429,17.3,1.9,4.7,0.404,1.0,2.8,0.376,1.0,1.4,0.759,0.4,2.2,2.6,1.0,0.8,0.5,0.4,0.3,1.2,1.1,5.9,1.5,205,108.2,109.4,109.4,105.9,105.5,105.5,2.3,3.8,3.8,0.087,1.33,14.6,0.023,0.118,0.07,10.9,11.0,0.515,0.555,0.146,0.15,101.68,101.25,84.38,101.25,0.073,1535,80,198,1.9,4.7,2022,72.0,50.0,74.0,81.0,76.0,75.0,75.0,78.0,80.0,75.0,47.0,51.0,47.0,58.0,79.0,52.0,60.0,42.0,61.0,59.0,48.0,55.0,63.0,50.0,75.0,85.0,75.0,83.0,69.0,70.0,60.0,69.0,36.0,38.0,60.0,65.0
Darius Bazley,OKC,69,19,50,0.275,27.9,4.0,9.4,0.422,1.2,3.9,0.297,1.7,2.5,0.6880000000000001,1.0,5.3,6.3,1.4,1.3,0.8,1.0,1.1,1.0,1.9,10.8,-6.8,190,101.3,101.8,101.8,112.4,113.1,113.1,-11.1,-11.3,-11.3,0.078,1.08,10.7,0.034,0.176,0.104,9.9,9.9,0.484,0.515,0.18,0.183,101.47,100.92,84.1,100.92,0.093,4038,274,649,4.0,9.4,2022,76.0,83.0,70.0,72.0,69.0,85.0,80.0,79.0,50.0,80.0,59.0,54.0,50.0,69.0,80.0,55.0,56.0,43.0,73.0,60.0,59.0,35.0,73.0,60.0,82.0,80.0,75.0,80.0,50.0,69.0,70.0,47.0,34.0,43.0,75.0,71.0
Darius Garland,CLE,68,37,31,0.544,35.7,8.0,17.3,0.462,2.6,6.7,0.383,3.2,3.5,0.892,0.6000000000000001,2.7,3.3,8.6,3.6,1.3,0.1,0.8,1.7,3.4,21.7,5.5,37,113.0,113.6,113.6,105.9,106.9,106.9,7.1,6.6,6.6,0.378,2.35,27.8,0.017,0.074,0.046,11.8,11.8,0.536,0.5760000000000001,0.272,0.278,98.15,97.42,81.19,97.42,0.134,4954,542,1173,8.0,17.3,2022,87.0,92.0,93.0,84.0,89.0,98.0,98.0,90.0,25.0,65.0,32.0,37.0,42.0,74.0,95.0,31.0,69.0,53.0,32.0,69.0,66.0,50.0,88.0,40.0,84.0,95.0,95.0,80.0,92.0,89.0,88.0,95.0,86.0,34.0,45.0,83.0
David Duke Jr.,BKN,22,10,12,0.455,15.5,1.8,4.9,0.361,0.4,1.7,0.243,0.8,1.0,0.81,1.4,1.7,3.0,0.8,0.4,0.6000000000000001,0.3,0.5,1.6,0.9,4.7,-0.5,392,108.2,110.7,110.7,110.2,110.6,110.6,-2.0,0.1,0.1,0.066,1.89,11.8,0.077,0.105,0.09,6.3,6.3,0.403,0.444,0.15,0.152,101.8,100.48,83.74,100.48,0.053,709,39,108,1.8,4.9,2022,72.0,68.0,73.0,69.0,79.0,90.0,75.0,70.0,40.0,60.0,30.0,40.0,39.0,70.0,70.0,40.0,60.0,59.0,57.0,55.0,37.0,35.0,83.0,55.0,72.0,80.0,45.0,83.0,62.0,73.0,78.0,60.0,32.0,69.0,53.0,76.5
David Nwaba,HOU,46,6,40,0.13,13.2,1.8,3.8,0.483,0.3,1.1,0.306,1.0,1.5,0.716,0.9,2.4,3.3,0.8,0.5,0.6000000000000001,0.4,0.5,1.2,1.2,5.1,-2.5,417,106.5,106.9,106.9,115.5,115.9,115.9,-9.0,-9.0,-9.0,0.085,1.67,13.3,0.061,0.179,0.117,8.0,8.0,0.526,0.5670000000000001,0.15,0.154,103.53,103.15,85.96,103.15,0.099,1309,85,176,1.8,3.8,2022,74.0,62.0,70.0,73.0,64.0,75.0,40.0,79.0,50.0,75.0,40.0,38.0,44.0,54.0,72.0,69.0,79.0,66.0,68.0,82.0,84.0,80.0,70.0,68.0,80.0,85.0,97.0,81.0,60.0,65.0,67.0,44.0,36.0,62.0,76.0,75.5
Davion Mitchell,SAC,75,28,47,0.373,27.7,4.7,11.2,0.418,1.3,4.3,0.316,0.7000000000000001,1.1,0.659,0.4,1.8,2.2,4.2,1.5,0.7000000000000001,0.3,0.5,1.9,1.5,11.5,-3.7,161,104.5,105.3,105.3,110.4,111.3,111.3,-5.9,-6.0,-6.0,0.235,2.75,24.0,0.015,0.062,0.038,8.7,8.7,0.477,0.489,0.202,0.207,101.62,100.85,84.04,100.85,0.074,4356,352,843,4.7,11.2,2022,77.0,87.0,75.0,74.0,67.0,70.0,40.0,74.0,25.0,40.0,30.0,30.0,30.0,44.0,95.0,44.0,84.0,41.0,50.0,85.0,85.0,85.0,82.0,60.0,70.0,90.0,95.0,80.0,82.0,86.0,82.0,83.0,71.0,33.0,42.0,84.5
Davis Bertans,DAL,56,32,24,0.5710000000000001,14.4,1.8,4.9,0.36,1.4,4.1,0.335,0.6000000000000001,0.7000000000000001,0.9,0.2,1.9,2.1,0.6000000000000001,0.3,0.3,0.2,0.1,1.5,0.7000000000000001,5.6,0.5,155,110.4,109.5,109.5,109.0,108.5,108.5,1.4,1.0,1.0,0.054,1.63,9.1,0.014,0.127,0.071,5.6,5.5,0.5,0.531,0.165,0.171,99.12,99.72,83.1,99.72,0.06,1681,99,275,1.8,4.9,2022,73.0,70.0,70.0,76.0,88.0,70.0,60.0,69.0,65.0,65.0,43.0,66.0,52.0,60.0,88.0,64.0,40.0,37.0,52.0,69.0,58.0,50.0,57.0,64.0,52.0,80.0,80.0,68.0,38.0,72.0,47.0,45.0,30.0,33.0,62.0,59.0
Davon Reed,DEN,48,29,19,0.604,13.9,1.7,3.4,0.503,0.8,1.8,0.43,0.2,0.3,0.667,0.3,2.0,2.3,1.1,0.3,0.5,0.2,0.1,1.3,0.3,4.4,-0.5,274,110.1,109.8,109.8,110.0,109.5,109.5,0.1,0.3,0.3,0.115,3.31,22.6,0.021,0.14,0.081,6.8,6.8,0.618,0.624,0.117,0.122,99.9,100.3,83.58,100.3,0.083,1382,81,161,1.7,3.4,2022,72.0,85.0,81.0,85.0,79.0,65.0,60.0,78.0,45.0,65.0,50.0,51.0,57.0,60.0,69.0,60.0,64.0,53.0,51.0,60.0,55.0,40.0,69.0,60.0,75.0,80.0,60.0,86.0,70.0,74.0,66.0,72.0,41.0,36.0,64.0,69.0
DeAndre Jordan,PHI,48,26,22,0.542,13.0,1.9,3.0,0.643,0.0,0.0,0.0,0.5,0.8,0.55,1.7,3.8,5.5,0.4,0.8,0.3,0.7000000000000001,0.1,1.5,0.9,4.3,-3.1,514,101.3,100.7,100.7,111.2,111.5,111.5,-9.9,-10.8,-10.8,0.051,0.5700000000000001,9.5,0.127,0.262,0.196,16.8,16.9,0.643,0.641,0.132,0.135,101.87,102.03,85.02,102.03,0.12,1321,92,143,1.9,3.0,2022,72.0,74.0,25.0,25.0,51.0,25.0,25.0,57.0,75.0,75.0,35.0,37.0,35.0,44.0,90.0,70.0,57.0,36.0,85.0,67.0,55.0,55.0,65.0,85.0,83.0,92.0,80.0,94.0,25.0,30.0,33.0,66.0,29.0,85.0,92.0,57.5
DeMar DeRozan,CHI,76,43,33,0.5660000000000001,36.1,10.2,20.2,0.504,0.7000000000000001,1.9,0.352,6.8,7.8,0.877,0.7000000000000001,4.4,5.2,4.9,2.4,0.9,0.3,1.1,2.3,5.7,27.9,1.0,326,113.4,113.1,113.1,111.7,112.0,112.0,1.7,1.1,1.1,0.228,2.07,16.0,0.021,0.122,0.072,7.8,7.7,0.521,0.59,0.308,0.319,100.01,100.04,83.37,100.04,0.148,5723,774,1535,10.2,20.2,2022,89.0,98.0,90.0,79.0,89.0,98.0,98.0,92.0,55.0,84.0,65.0,78.0,87.0,95.0,95.0,50.0,73.0,40.0,45.0,74.0,82.0,70.0,82.0,73.0,88.0,98.0,90.0,91.0,73.0,83.0,80.0,75.0,71.0,36.0,60.0,79.0
Dean Wade,CLE,51,27,24,0.529,19.2,1.9,4.3,0.456,1.0,2.8,0.359,0.4,0.6000000000000001,0.667,0.6000000000000001,2.3,2.9,1.0,0.3,0.6000000000000001,0.1,0.1,1.7,0.6000000000000001,5.3,0.7000000000000001,211,105.4,105.8,105.8,103.9,103.8,103.8,1.5,2.0,2.0,0.077,3.25,17.6,0.031,0.12,0.075,5.4,5.4,0.5740000000000001,0.584,0.107,0.111,97.94,97.79,81.5,97.79,0.068,1996,99,217,1.9,4.3,2022,73.0,80.0,68.0,79.0,78.0,85.0,65.0,60.0,80.0,75.0,60.0,60.0,64.0,60.0,70.0,50.0,44.0,43.0,40.0,70.0,68.0,45.0,62.0,60.0,83.0,80.0,85.0,79.0,38.0,60.0,43.0,55.0,33.0,42.0,58.0,60.0
Deandre Ayton,PHX,58,46,12,0.793,29.5,7.6,12.0,0.634,0.1,0.3,0.368,1.8,2.4,0.746,2.6,7.7,10.2,1.4,1.6,0.7000000000000001,0.7000000000000001,0.6000000000000001,2.4,2.1,17.2,5.9,474,116.8,117.2,117.2,105.7,107.7,107.7,11.1,9.6,9.6,0.071,0.92,9.0,0.093,0.241,0.172,9.7,9.7,0.639,0.656,0.217,0.22,101.73,100.62,83.85,100.62,0.148,3590,442,697,7.6,12.0,2022,85.0,97.0,89.0,70.0,62.0,85.0,95.0,75.0,90.0,75.0,85.0,75.0,85.0,62.0,82.0,78.0,49.0,38.0,61.0,78.0,69.0,65.0,75.0,85.0,82.0,90.0,76.0,81.0,53.0,61.0,55.0,70.0,34.0,68.0,88.0,63.0
Dejounte Murray,SAS,68,30,38,0.441,34.8,8.4,18.3,0.462,1.4,4.3,0.327,2.9,3.6,0.794,1.2,7.1,8.3,9.2,2.6,2.0,0.3,0.9,2.0,3.3,21.1,0.7000000000000001,148,111.1,112.9,112.9,110.6,111.0,111.0,0.5,1.9,1.9,0.388,3.48,29.2,0.031,0.196,0.112,8.4,8.3,0.5,0.533,0.268,0.272,102.6,101.61,84.68,101.61,0.163,4988,573,1241,8.4,18.3,2022,86.0,85.0,88.0,75.0,70.0,98.0,95.0,93.0,40.0,75.0,40.0,48.0,49.0,78.0,95.0,53.0,86.0,86.0,45.0,85.0,89.0,85.0,83.0,40.0,60.0,90.0,90.0,80.0,86.0,86.0,83.0,86.0,87.0,42.0,80.0,85.0
Delon Wright,ATL,77,42,35,0.545,18.9,1.6,3.5,0.454,0.6000000000000001,1.5,0.379,0.7000000000000001,0.8,0.857,0.6000000000000001,2.2,2.9,2.4,0.6000000000000001,1.2,0.2,0.2,0.7000000000000001,1.0,4.4,0.8,342,112.9,111.6,111.6,109.5,108.8,108.8,3.4,2.8,2.8,0.178,4.18,35.4,0.035,0.116,0.075,8.5,8.5,0.535,0.5760000000000001,0.101,0.105,98.28,99.19,82.66,99.19,0.097,2991,122,269,1.6,3.5,2022,75.0,76.0,65.0,81.0,80.0,96.0,80.0,82.0,25.0,60.0,25.0,46.0,27.0,65.0,85.0,33.0,75.0,89.0,51.0,63.0,80.0,55.0,73.0,58.0,69.0,90.0,90.0,84.0,86.0,86.0,72.0,85.0,64.0,43.0,57.0,74.0
Deni Avdija,WAS,82,35,47,0.427,24.2,3.0,7.1,0.432,1.0,3.2,0.317,1.3,1.7,0.757,0.6000000000000001,4.5,5.2,2.0,1.1,0.7000000000000001,0.5,0.5,2.3,1.4,8.4,-0.8,211,109.7,109.2,109.2,110.0,110.1,110.1,-0.3,-1.0,-1.0,0.117,1.92,18.7,0.027,0.182,0.106,9.7,9.7,0.503,0.536,0.158,0.163,99.7,99.88,83.23,99.88,0.086,4118,250,579,3.0,7.1,2022,76.0,91.0,75.0,74.0,66.0,70.0,60.0,73.0,40.0,75.0,57.0,54.0,59.0,30.0,85.0,62.0,80.0,43.0,58.0,78.0,77.0,80.0,73.0,65.0,79.0,89.0,85.0,85.0,75.0,78.0,69.0,75.0,44.0,40.0,77.0,76.0
Denzel Valentine,UTA,24,14,10,0.583,9.2,1.0,2.8,0.379,0.8,2.0,0.404,0.0,0.0,0.0,0.4,1.4,1.8,0.5,0.5,0.3,0.0,0.0,0.8,0.1,2.9,-1.1,270,104.7,101.9,101.9,108.1,107.0,107.0,-3.4,-5.1,-5.1,0.074,0.92,12.4,0.04,0.15,0.094,13.5,13.5,0.523,0.523,0.15,0.156,99.28,101.08,84.24,101.08,0.061,466,25,66,1.0,2.8,2022,72.0,79.0,75.0,82.0,84.0,92.0,75.0,66.0,40.0,35.0,35.0,52.0,58.0,40.0,69.0,60.0,50.0,49.0,25.0,47.0,72.0,30.0,64.0,58.0,65.0,88.0,75.0,85.0,75.0,75.0,62.0,69.0,34.0,49.0,63.0,63.0
Derrick Favors,OKC,39,15,24,0.385,16.7,2.4,4.7,0.516,0.1,0.4,0.125,0.4,0.6000000000000001,0.64,1.5,3.2,4.7,0.6000000000000001,0.2,0.4,0.3,0.2,1.6,0.7000000000000001,5.3,-3.7,500,97.0,95.5,95.5,106.4,106.5,106.5,-9.4,-11.0,-11.0,0.061,2.78,11.0,0.079,0.178,0.128,3.9,4.0,0.522,0.534,0.131,0.135,99.15,99.83,83.19,99.83,0.096,1360,94,182,2.4,4.7,2022,75.0,87.0,82.0,66.0,74.0,50.0,50.0,78.0,85.0,70.0,77.0,72.0,77.0,50.0,70.0,73.0,58.0,41.0,56.0,68.0,45.0,60.0,65.0,85.0,76.0,80.0,70.0,80.0,40.0,50.0,41.0,69.0,31.0,67.0,76.0,56.0
Derrick Jones Jr.,CHI,51,28,23,0.549,17.6,2.1,3.8,0.538,0.4,1.2,0.328,1.1,1.4,0.8,1.2,2.1,3.3,0.6000000000000001,0.6000000000000001,0.5,0.6000000000000001,0.4,2.1,1.3,5.6,0.8,398,112.8,112.8,112.8,109.8,110.1,110.1,3.1,2.7,2.7,0.043,1.0,10.5,0.068,0.121,0.095,10.5,10.5,0.59,0.633,0.119,0.123,101.75,101.61,84.68,101.61,0.069,1899,105,195,2.1,3.8,2022,74.0,70.0,68.0,76.0,83.0,84.0,60.0,79.0,85.0,94.0,50.0,52.0,52.0,66.0,90.0,60.0,59.0,42.0,72.0,60.0,68.0,30.0,77.0,59.0,93.0,83.0,90.0,78.0,65.0,68.0,61.0,54.0,29.0,62.0,60.0,73.5
Derrick Rose,NYK,26,11,15,0.423,24.5,4.7,10.5,0.445,1.4,3.5,0.402,1.2,1.2,0.968,0.8,2.2,3.0,4.0,1.5,0.8,0.5,0.7000000000000001,0.6000000000000001,1.0,12.0,3.5,144,108.4,109.1,109.1,100.9,103.3,103.3,7.5,5.8,5.8,0.266,2.64,24.0,0.032,0.08,0.057,9.1,9.1,0.513,0.541,0.217,0.223,98.99,97.53,81.28,97.53,0.129,1300,122,274,4.7,10.5,2022,81.0,91.0,70.0,83.0,92.0,90.0,90.0,86.0,25.0,45.0,55.0,55.0,55.0,65.0,85.0,50.0,67.0,49.0,58.0,66.0,64.0,40.0,86.0,50.0,89.0,85.0,95.0,69.0,83.0,86.0,86.0,88.0,73.0,42.0,49.0,80.5
Derrick White,BOS,75,40,35,0.533,29.3,4.5,10.7,0.421,1.5,4.9,0.312,2.7,3.1,0.864,0.5,3.0,3.5,4.9,1.6,0.9,0.8,0.4,2.3,3.6,13.2,2.7,135,110.6,111.3,111.3,105.7,106.4,106.4,4.9,4.9,4.9,0.231,3.08,26.5,0.017,0.094,0.056,8.6,8.6,0.493,0.549,0.196,0.201,101.08,100.43,83.69,100.43,0.101,4589,337,800,4.5,10.7,2022,78.0,89.0,74.0,74.0,84.0,98.0,95.0,74.0,40.0,55.0,35.0,51.0,35.0,83.0,90.0,38.0,82.0,42.0,62.0,76.0,69.0,65.0,90.0,46.0,75.0,85.0,78.0,81.0,88.0,86.0,88.0,82.0,71.0,34.0,51.0,86.0
Desmond Bane,MEM,76,53,23,0.6970000000000001,29.8,6.7,14.5,0.461,3.0,6.9,0.436,1.8,2.0,0.903,0.6000000000000001,3.8,4.4,2.7,1.5,1.2,0.4,0.9,2.6,1.5,18.2,4.8,16,113.5,114.7,114.7,106.2,107.8,107.8,7.3,6.9,6.9,0.136,1.87,14.1,0.018,0.118,0.068,7.5,7.5,0.5650000000000001,0.592,0.226,0.234,102.06,100.73,83.95,100.73,0.116,4770,508,1101,6.7,14.5,2022,83.0,81.0,82.0,88.0,91.0,98.0,98.0,86.0,35.0,75.0,30.0,61.0,49.0,87.0,84.0,34.0,73.0,56.0,51.0,72.0,69.0,70.0,74.0,56.0,78.0,92.0,85.0,78.0,82.0,82.0,70.0,82.0,52.0,35.0,60.0,74.0
Devin Booker,PHX,68,56,12,0.8240000000000001,34.5,9.7,20.9,0.466,2.7,7.0,0.383,4.6,5.3,0.868,0.7000000000000001,4.4,5.0,4.8,2.4,1.1,0.4,0.9,2.6,4.6,26.8,6.9,31,116.6,117.6,117.6,106.5,108.1,108.1,10.1,9.5,9.5,0.212,2.03,16.0,0.02,0.117,0.071,7.9,7.8,0.53,0.5760000000000001,0.313,0.32,102.45,101.21,84.34,101.21,0.137,4943,662,1421,9.7,20.9,2022,91.0,92.0,94.0,87.0,86.0,98.0,98.0,92.0,30.0,75.0,74.0,79.0,82.0,91.0,85.0,38.0,74.0,46.0,50.0,65.0,62.0,65.0,79.0,49.0,74.0,95.0,85.0,81.0,89.0,92.0,76.0,92.0,79.0,35.0,58.0,76.5
Devin Cannady,ORL,5,2,3,0.4,28.9,3.0,8.8,0.341,3.0,7.4,0.405,1.0,1.4,0.714,0.2,1.0,1.2,2.0,1.0,1.0,0.6000000000000001,0.6000000000000001,1.8,0.6000000000000001,10.0,-2.2,16,105.8,107.0,107.0,110.5,109.6,109.6,-4.7,-2.6,-2.6,0.102,2.0,16.1,0.006,0.032,0.019,8.1,8.1,0.511,0.531,0.156,0.159,99.62,99.46,82.89,99.46,0.044,298,15,44,3.0,8.8,2022,67.0,67.0,76.0,81.0,87.0,55.0,45.0,79.0,25.0,50.0,25.0,45.0,25.0,35.0,82.0,25.0,50.0,49.0,37.0,52.0,55.0,30.0,79.0,40.0,81.0,80.0,85.0,78.0,74.0,76.0,79.0,70.0,40.0,28.0,34.0,72.0
Devin Vassell,SAS,71,29,42,0.408,27.3,4.6,10.8,0.427,1.9,5.4,0.361,1.2,1.4,0.838,0.6000000000000001,3.7,4.3,1.9,0.8,1.1,0.6000000000000001,0.4,2.0,1.3,12.3,0.5,87,110.1,111.2,111.2,110.2,110.2,110.2,-0.1,1.0,1.0,0.096,2.34,13.6,0.021,0.128,0.074,5.8,5.8,0.516,0.54,0.184,0.188,103.06,102.5,85.42,102.5,0.087,4131,326,764,4.6,10.8,2022,76.0,85.0,83.0,80.0,70.0,95.0,80.0,66.0,40.0,60.0,37.0,44.0,70.0,40.0,80.0,62.0,82.0,56.0,57.0,81.0,85.0,75.0,72.0,60.0,77.0,89.0,80.0,82.0,69.0,66.0,65.0,70.0,39.0,36.0,62.0,76.0
Devontae Cacok,SAS,15,5,10,0.333,8.1,1.4,2.1,0.677,0.0,0.0,0.0,0.3,0.5,0.5710000000000001,0.5,2.3,2.8,0.4,0.2,0.5,0.5,0.1,1.1,0.5,3.1,-0.1,514,104.3,104.5,104.5,106.3,106.1,106.1,-2.0,-1.6,-1.6,0.073,2.0,14.0,0.058,0.279,0.162,7.0,7.0,0.677,0.675,0.122,0.127,104.5,104.51,87.1,104.51,0.153,265,21,31,1.4,2.1,2022,70.0,64.0,47.0,25.0,50.0,44.0,30.0,70.0,65.0,70.0,54.0,50.0,50.0,40.0,70.0,58.0,52.0,79.0,84.0,57.0,40.0,30.0,65.0,68.0,75.0,75.0,80.0,82.0,48.0,65.0,57.0,49.0,33.0,65.0,83.0,62.0
Dewayne Dedmon,MIA,67,43,24,0.642,15.9,2.4,4.3,0.5660000000000001,0.3,0.7000000000000001,0.404,1.1,1.5,0.75,1.6,4.2,5.8,0.7000000000000001,1.0,0.4,0.6000000000000001,0.3,2.6,1.4,6.3,0.7000000000000001,436,109.7,109.5,109.5,105.3,106.0,106.0,4.4,3.5,3.5,0.069,0.67,10.4,0.1,0.251,0.178,15.5,15.5,0.598,0.632,0.164,0.169,98.52,98.33,81.94,98.33,0.113,2169,164,290,2.4,4.3,2022,75.0,89.0,55.0,79.0,79.0,85.0,60.0,67.0,60.0,60.0,55.0,46.0,59.0,61.0,59.0,79.0,48.0,38.0,81.0,78.0,58.0,75.0,44.0,80.0,66.0,77.0,75.0,80.0,25.0,44.0,31.0,52.0,32.0,77.0,91.0,49.0
Didi Louzada,POR,9,0,9,0.0,14.4,1.3,3.7,0.364,1.0,2.6,0.391,0.2,0.2,1.0,0.6000000000000001,1.3,1.9,0.6000000000000001,0.6000000000000001,0.2,0.2,0.3,1.4,0.2,3.9,-9.0,211,84.6,83.0,83.0,113.5,112.1,112.1,-28.9,-29.1,-29.1,0.07,1.0,11.4,0.034,0.096,0.063,11.4,11.4,0.5,0.517,0.13,0.134,99.35,100.92,84.1,100.92,0.042,271,12,33,1.3,3.7,2022,68.0,69.0,67.0,77.0,73.0,30.0,35.0,72.0,35.0,60.0,51.0,63.0,39.0,49.0,76.0,45.0,75.0,58.0,37.0,72.0,72.0,60.0,70.0,58.0,77.0,82.0,65.0,81.0,68.0,70.0,67.0,68.0,33.0,62.0,62.0,74.0
Dillon Brooks,MEM,32,22,10,0.6880000000000001,27.7,7.1,16.4,0.432,1.4,4.7,0.309,2.8,3.3,0.849,0.9,2.3,3.2,2.8,1.6,1.1,0.3,0.8,3.3,3.4,18.4,6.4,141,115.0,116.9,116.9,103.8,105.9,105.9,11.2,11.0,11.0,0.147,1.76,12.5,0.03,0.08,0.055,7.1,7.0,0.475,0.515,0.283,0.291,103.36,101.53,84.61,101.53,0.091,1872,227,526,7.1,16.4,2022,80.0,74.0,79.0,73.0,90.0,80.0,90.0,79.0,35.0,75.0,55.0,59.0,64.0,78.0,85.0,57.0,85.0,56.0,45.0,85.0,84.0,80.0,75.0,65.0,75.0,88.0,95.0,85.0,59.0,74.0,69.0,58.0,61.0,41.0,47.0,80.5
Domantas Sabonis,SAC,62,21,41,0.339,34.4,7.1,12.5,0.5730000000000001,0.6000000000000001,2.0,0.312,4.0,5.4,0.741,3.2,8.9,12.1,5.2,3.1,1.0,0.4,0.7000000000000001,3.3,5.2,18.9,-0.2,331,108.0,109.5,109.5,110.3,110.1,110.1,-2.4,-0.6000000000000001,-0.6000000000000001,0.239,1.66,22.5,0.092,0.264,0.176,13.6,13.6,0.598,0.637,0.221,0.225,99.76,99.2,82.67,99.2,0.161,4420,443,773,7.1,12.5,2022,86.0,98.0,65.0,74.0,75.0,98.0,95.0,88.0,70.0,75.0,86.0,86.0,86.0,85.0,95.0,70.0,49.0,41.0,51.0,69.0,45.0,60.0,48.0,82.0,54.0,92.0,95.0,86.0,82.0,60.0,43.0,80.0,71.0,71.0,90.0,46.5
Donovan Mitchell,UTA,67,41,26,0.612,33.8,9.2,20.5,0.448,3.5,9.8,0.355,4.0,4.7,0.853,0.8,3.4,4.2,5.3,3.0,1.5,0.2,0.7000000000000001,2.4,4.1,25.9,4.1,4,116.3,117.6,117.6,109.7,111.7,111.7,6.6,5.9,5.9,0.267,1.79,17.4,0.024,0.096,0.061,9.7,9.7,0.533,0.5720000000000001,0.322,0.33,100.19,98.77,82.31,98.77,0.135,4662,617,1376,9.2,20.5,2022,88.0,94.0,89.0,84.0,89.0,90.0,98.0,89.0,50.0,92.0,25.0,44.0,38.0,93.0,98.0,68.0,79.0,66.0,37.0,79.0,79.0,75.0,96.0,60.0,97.0,96.0,90.0,80.0,79.0,88.0,83.0,85.0,73.0,38.0,51.0,88.0
Donte DiVincenzo,SAC,42,21,21,0.5,23.9,2.8,8.0,0.351,1.8,5.2,0.339,1.7,2.0,0.843,1.0,3.1,4.0,2.8,1.7,1.1,0.2,0.3,1.6,1.9,9.0,-1.8,103,108.0,107.5,107.5,112.0,111.2,111.2,-4.0,-3.7,-3.7,0.167,1.64,21.0,0.039,0.125,0.082,12.8,12.8,0.461,0.51,0.187,0.191,102.13,102.79,85.66,102.79,0.08,2155,118,336,2.8,8.0,2022,75.0,58.0,63.0,77.0,74.0,75.0,70.0,75.0,25.0,75.0,28.0,45.0,38.0,44.0,70.0,58.0,82.0,70.0,42.0,84.0,88.0,80.0,89.0,60.0,95.0,90.0,85.0,81.0,77.0,77.0,81.0,74.0,62.0,46.0,61.0,87.0
Dorian Finney-Smith,DAL,80,51,29,0.638,33.0,4.1,8.7,0.471,2.2,5.4,0.395,0.7000000000000001,1.0,0.675,1.5,3.2,4.7,1.9,1.0,1.1,0.5,0.3,2.3,0.9,11.0,3.0,68,113.3,114.8,114.8,108.1,110.4,110.4,5.2,4.4,4.4,0.08,1.88,15.6,0.047,0.095,0.072,8.3,8.3,0.595,0.604,0.138,0.139,96.46,94.83,79.03,94.83,0.076,5227,326,692,4.1,8.7,2022,78.0,74.0,71.0,83.0,62.0,95.0,90.0,77.0,40.0,84.0,47.0,40.0,40.0,48.0,72.0,72.0,79.0,49.0,52.0,74.0,74.0,70.0,67.0,62.0,83.0,80.0,80.0,81.0,65.0,60.0,44.0,61.0,35.0,50.0,51.0,73.0
Doug McDermott,SAS,51,21,30,0.412,24.0,4.2,9.1,0.462,2.1,5.0,0.422,0.8,1.0,0.784,0.4,1.9,2.3,1.3,0.8,0.3,0.1,0.5,1.5,0.9,11.3,-0.7000000000000001,72,111.3,112.3,112.3,114.2,114.1,114.1,-2.9,-1.8,-1.8,0.068,1.49,10.8,0.014,0.076,0.045,7.3,7.2,0.578,0.593,0.178,0.181,102.89,102.53,85.45,102.53,0.068,2617,215,465,4.2,9.1,2022,74.0,86.0,79.0,86.0,81.0,70.0,70.0,79.0,50.0,65.0,60.0,66.0,62.0,60.0,75.0,52.0,58.0,31.0,35.0,63.0,50.0,40.0,59.0,60.0,67.0,81.0,67.0,83.0,65.0,67.0,47.0,65.0,33.0,32.0,46.0,56.5
Draymond Green,GSW,46,34,12,0.739,28.9,2.9,5.6,0.525,0.3,1.2,0.296,1.3,2.0,0.659,1.0,6.3,7.3,7.0,3.0,1.3,1.1,0.3,3.0,2.0,7.5,4.2,406,108.9,110.0,110.0,101.7,102.8,102.8,7.2,7.2,7.2,0.325,2.3,42.2,0.034,0.204,0.122,18.3,18.4,0.556,0.582,0.14,0.141,102.28,101.2,84.34,101.2,0.119,2797,135,257,2.9,5.6,2022,83.0,91.0,60.0,72.0,59.0,50.0,45.0,70.0,55.0,65.0,60.0,59.0,63.0,40.0,85.0,92.0,86.0,66.0,75.0,93.0,84.0,95.0,73.0,85.0,66.0,85.0,90.0,88.0,83.0,78.0,69.0,92.0,77.0,43.0,83.0,78.0
Drew Eubanks,POR,71,19,52,0.268,17.5,3.1,5.2,0.596,0.1,0.3,0.217,1.4,1.8,0.762,1.8,3.5,5.4,1.2,1.1,0.4,0.6000000000000001,0.4,1.7,2.1,7.7,-4.6,492,102.2,103.1,103.1,114.7,115.9,115.9,-12.5,-12.8,-12.8,0.107,1.05,14.3,0.097,0.197,0.146,13.6,13.6,0.602,0.638,0.171,0.174,101.71,100.74,83.95,100.74,0.119,2616,221,371,3.1,5.2,2022,75.0,89.0,73.0,54.0,81.0,80.0,70.0,69.0,75.0,70.0,72.0,70.0,72.0,60.0,75.0,60.0,47.0,40.0,67.0,59.0,50.0,45.0,61.0,68.0,75.0,80.0,85.0,83.0,42.0,37.0,38.0,55.0,40.0,75.0,81.0,60.5
Duane Washington Jr.,IND,48,12,36,0.25,20.2,3.6,8.9,0.405,1.7,4.5,0.377,1.0,1.3,0.754,0.1,1.6,1.7,1.8,1.2,0.5,0.1,0.6000000000000001,1.4,1.4,9.9,-2.6,113,109.6,110.2,110.2,117.6,116.1,116.1,-8.0,-5.9,-5.9,0.128,1.49,14.3,0.004,0.082,0.042,9.6,9.6,0.5,0.521,0.214,0.221,102.96,103.32,86.1,103.32,0.064,2083,173,427,3.6,8.9,2022,72.0,74.0,76.0,81.0,84.0,84.0,75.0,78.0,45.0,40.0,29.0,32.0,44.0,69.0,80.0,47.0,62.0,41.0,32.0,65.0,55.0,40.0,79.0,42.0,72.0,80.0,65.0,80.0,66.0,74.0,76.0,68.0,50.0,27.0,48.0,74.5
Duncan Robinson,MIA,79,52,27,0.658,25.9,3.7,9.2,0.399,2.9,7.9,0.372,0.6000000000000001,0.8,0.836,0.3,2.3,2.6,1.6,0.8,0.5,0.2,0.2,2.5,1.0,10.9,1.3,20,109.3,110.4,110.4,106.6,107.9,107.9,2.6,2.6,2.6,0.095,2.15,13.8,0.012,0.089,0.05,6.4,6.4,0.559,0.5730000000000001,0.174,0.178,97.56,96.48,80.4,96.48,0.067,4106,290,726,3.7,9.2,2022,74.0,81.0,81.0,84.0,71.0,75.0,65.0,75.0,30.0,70.0,40.0,44.0,35.0,64.0,90.0,50.0,52.0,37.0,42.0,50.0,50.0,30.0,59.0,35.0,72.0,85.0,75.0,83.0,66.0,72.0,56.0,70.0,38.0,32.0,49.0,62.0
Dwight Powell,DAL,82,52,30,0.634,21.9,3.3,4.9,0.671,0.2,0.5,0.351,2.0,2.6,0.783,2.1,2.8,4.9,1.2,0.8,0.5,0.5,0.3,2.7,3.0,8.7,0.9,466,112.3,113.2,113.2,109.6,110.6,110.6,2.6,2.5,2.5,0.081,1.52,15.1,0.099,0.134,0.116,10.0,9.8,0.687,0.725,0.136,0.141,95.94,95.12,79.27,95.12,0.102,3556,269,401,3.3,4.9,2022,76.0,85.0,65.0,78.0,70.0,80.0,85.0,70.0,75.0,65.0,77.0,79.0,79.0,83.0,90.0,74.0,45.0,37.0,60.0,68.0,74.0,65.0,71.0,80.0,67.0,90.0,95.0,83.0,55.0,60.0,44.0,64.0,35.0,73.0,62.0,53.0
Dylan Windler,CLE,50,28,22,0.56,9.2,0.7000000000000001,2.0,0.378,0.4,1.4,0.3,0.3,0.4,0.833,0.4,1.4,1.8,0.7000000000000001,0.3,0.3,0.1,0.1,0.9,0.4,2.2,-0.2,390,103.2,101.6,101.6,103.3,101.6,101.6,-0.2,0.0,0.0,0.111,2.13,21.8,0.047,0.146,0.098,10.3,10.3,0.485,0.519,0.115,0.12,95.9,97.47,81.22,97.47,0.069,928,37,98,0.7000000000000001,2.0,2022,71.0,77.0,77.0,77.0,80.0,85.0,75.0,72.0,35.0,50.0,32.0,44.0,44.0,35.0,80.0,42.0,65.0,43.0,40.0,57.0,60.0,45.0,68.0,55.0,75.0,80.0,80.0,80.0,62.0,72.0,67.0,60.0,38.0,51.0,66.0,67.0
Eric Gordon,HOU,57,19,38,0.333,29.3,4.7,9.9,0.475,2.2,5.3,0.412,1.8,2.4,0.778,0.3,1.7,2.0,2.7,1.9,0.5,0.3,0.4,1.1,1.8,13.4,-3.1,64,107.4,108.6,108.6,113.5,113.6,113.6,-6.1,-5.1,-5.1,0.137,1.44,17.5,0.009,0.056,0.033,12.2,12.1,0.585,0.614,0.182,0.187,103.39,102.74,85.62,102.74,0.081,3576,268,564,4.7,9.9,2022,75.0,85.0,72.0,85.0,72.0,70.0,50.0,79.0,30.0,70.0,35.0,63.0,50.0,60.0,94.0,42.0,78.0,35.0,50.0,73.0,68.0,50.0,79.0,60.0,82.0,92.0,85.0,78.0,69.0,79.0,78.0,73.0,55.0,30.0,41.0,78.5
Eric Paschall,UTA,58,36,22,0.621,12.7,2.0,4.1,0.485,0.7000000000000001,1.9,0.37,1.1,1.5,0.767,0.5,1.3,1.8,0.6000000000000001,0.5,0.2,0.1,0.4,0.9,1.0,5.8,-0.5,307,109.2,108.9,108.9,111.2,111.3,111.3,-2.0,-2.3,-2.3,0.074,1.33,10.8,0.042,0.1,0.072,8.1,8.0,0.5700000000000001,0.612,0.174,0.181,99.06,99.13,82.61,99.13,0.085,1524,114,235,2.0,4.1,2022,75.0,94.0,86.0,81.0,75.0,70.0,60.0,80.0,70.0,80.0,65.0,64.0,62.0,65.0,95.0,64.0,65.0,32.0,40.0,65.0,40.0,40.0,71.0,69.0,87.0,85.0,95.0,80.0,57.0,77.0,64.0,62.0,33.0,47.0,52.0,66.5
Eugene Omoruyi,DAL,4,1,3,0.25,4.5,0.5,1.3,0.4,0.3,0.5,0.5,0.5,1.0,0.5,0.5,1.3,1.8,0.5,0.0,0.0,0.0,0.0,0.5,0.5,1.8,0.8,441,105.5,100.0,100.0,99.8,88.1,88.1,5.7,11.9,11.9,0.167,0.0,22.2,0.111,0.278,0.194,0.0,0.0,0.5,0.518,0.156,0.158,101.03,110.46,92.05,110.46,0.138,40,2,5,0.5,1.3,2022,68.0,65.0,68.0,73.0,74.0,50.0,30.0,70.0,40.0,65.0,57.0,57.0,57.0,45.0,69.0,54.0,70.0,72.0,47.0,68.0,40.0,55.0,70.0,52.0,75.0,80.0,65.0,80.0,65.0,70.0,63.0,62.0,50.0,52.0,63.0,71.0
Evan Fournier,NYK,80,36,44,0.45,29.5,5.0,12.1,0.417,3.0,7.7,0.389,1.0,1.4,0.708,0.4,2.2,2.6,2.1,1.3,1.0,0.3,0.4,2.3,1.2,14.1,-1.2,15,108.3,109.7,109.7,111.1,112.5,112.5,-2.7,-2.7,-2.7,0.114,1.63,13.3,0.013,0.073,0.042,8.2,8.1,0.541,0.554,0.201,0.206,99.16,97.94,81.61,97.94,0.074,4828,402,965,5.0,12.1,2022,76.0,85.0,83.0,82.0,79.0,80.0,80.0,84.0,25.0,50.0,30.0,45.0,36.0,66.0,85.0,38.0,69.0,49.0,45.0,70.0,72.0,65.0,71.0,40.0,63.0,95.0,80.0,86.0,75.0,82.0,65.0,82.0,44.0,32.0,45.0,69.5
Evan Mobley,CLE,69,40,29,0.58,33.8,6.1,12.0,0.508,0.3,1.3,0.25,2.4,3.7,0.663,2.1,6.2,8.3,2.5,1.9,0.8,1.7,0.7000000000000001,2.1,3.0,15.0,1.4,407,108.7,108.5,108.5,105.9,106.8,106.8,2.8,1.7,1.7,0.117,1.31,14.0,0.063,0.174,0.12,10.7,10.7,0.522,0.549,0.201,0.206,97.8,97.5,81.25,97.5,0.116,4741,422,830,6.1,12.0,2022,84.0,81.0,73.0,70.0,77.0,95.0,80.0,82.0,85.0,80.0,76.0,62.0,70.0,70.0,85.0,82.0,70.0,40.0,82.0,82.0,75.0,80.0,72.0,68.0,81.0,94.0,90.0,80.0,69.0,60.0,66.0,84.0,43.0,68.0,75.0,70.5
Feron Hunt,NYK,2,2,0,1.0,4.2,0.0,1.0,0.0,0.0,0.0,0.0,0.0,0.0,0.0,0.5,0.0,0.5,0.5,0.5,0.5,0.0,0.0,0.5,0.0,0.0,-0.5,514,75.1,72.2,72.2,74.2,82.4,82.4,0.9,-10.1,-10.1,0.2,1.0,25.0,0.091,0.0,0.042,25.0,25.0,0.0,0.0,0.136,0.148,103.84,100.4,83.67,100.4,-0.083,18,0,2,0.0,1.0,2022,67.0,69.0,66.0,68.0,57.0,70.0,35.0,68.0,65.0,75.0,47.0,44.0,47.0,45.0,75.0,60.0,67.0,52.0,65.0,65.0,67.0,60.0,68.0,52.0,78.0,80.0,75.0,81.0,50.0,70.0,60.0,54.0,26.0,48.0,52.0,68.0
Frank Ntilikina,DAL,58,34,24,0.586,11.8,1.5,3.8,0.399,0.7000000000000001,1.9,0.342,0.4,0.4,0.96,0.2,1.2,1.4,1.2,0.5,0.5,0.1,0.2,1.1,0.6000000000000001,4.1,1.1,327,107.0,106.6,106.6,102.9,102.3,102.3,4.1,4.3,4.3,0.149,2.23,20.7,0.016,0.094,0.055,9.3,9.3,0.484,0.513,0.165,0.171,98.81,99.2,82.67,99.2,0.073,1416,89,223,1.5,3.8,2022,72.0,90.0,87.0,77.0,86.0,50.0,40.0,65.0,30.0,45.0,32.0,48.0,40.0,39.0,85.0,35.0,82.0,59.0,47.0,80.0,70.0,70.0,80.0,47.0,70.0,81.0,80.0,80.0,77.0,86.0,80.0,77.0,58.0,34.0,52.0,82.0
Franz Wagner,ORL,79,21,58,0.266,30.7,5.8,12.3,0.468,1.2,3.4,0.354,2.4,2.8,0.863,1.1,3.4,4.5,2.9,1.5,0.9,0.4,1.1,2.1,2.4,15.2,-3.1,181,104.6,105.9,105.9,109.5,110.8,110.8,-5.0,-4.9,-4.9,0.151,1.94,16.2,0.033,0.106,0.069,8.4,8.4,0.517,0.559,0.208,0.211,101.34,100.13,83.44,100.13,0.102,5070,456,975,5.8,12.3,2022,80.0,89.0,68.0,79.0,79.0,95.0,90.0,77.0,55.0,80.0,57.0,59.0,59.0,60.0,76.0,56.0,73.0,42.0,52.0,74.0,73.0,70.0,70.0,65.0,75.0,85.0,80.0,80.0,70.0,73.0,68.0,69.0,61.0,42.0,54.0,71.5
Fred VanVleet,TOR,65,39,26,0.6000000000000001,37.9,6.8,16.9,0.403,3.7,9.9,0.377,3.0,3.4,0.874,0.7000000000000001,3.8,4.4,6.7,2.6,1.7,0.5,0.8,2.5,3.0,20.3,3.3,2,110.3,112.2,112.2,106.7,108.5,108.5,3.6,3.7,3.7,0.266,2.55,24.3,0.016,0.1,0.057,9.5,9.5,0.513,0.552,0.233,0.239,98.64,96.97,80.81,96.97,0.118,4986,442,1097,6.8,16.9,2022,83.0,68.0,85.0,82.0,86.0,98.0,95.0,86.0,25.0,35.0,30.0,32.0,28.0,82.0,98.0,27.0,83.0,70.0,53.0,79.0,74.0,80.0,83.0,42.0,75.0,95.0,94.0,82.0,89.0,86.0,83.0,92.0,73.0,34.0,53.0,83.0
Furkan Korkmaz,PHI,67,44,23,0.657,21.1,2.7,7.0,0.387,1.1,4.0,0.289,1.0,1.3,0.81,0.3,2.3,2.6,1.9,0.7000000000000001,0.5,0.1,0.3,0.9,1.3,7.6,0.5,191,108.8,108.8,108.8,107.6,108.0,108.0,1.2,0.8,0.8,0.129,2.65,18.6,0.015,0.104,0.061,7.0,7.0,0.469,0.502,0.17,0.174,99.55,99.33,82.77,99.33,0.076,2929,182,470,2.7,7.0,2022,73.0,72.0,70.0,71.0,82.0,85.0,75.0,75.0,40.0,75.0,30.0,60.0,45.0,69.0,88.0,40.0,64.0,40.0,40.0,56.0,62.0,45.0,70.0,50.0,80.0,85.0,81.0,80.0,54.0,73.0,64.0,65.0,50.0,34.0,54.0,69.0
Gabe Vincent,MIA,68,47,21,0.6910000000000001,23.4,3.1,7.5,0.417,1.8,4.8,0.368,0.6000000000000001,0.8,0.8150000000000001,0.3,1.5,1.9,3.1,1.4,0.9,0.2,0.3,2.3,1.3,8.7,1.5,107,109.8,109.1,109.1,105.6,106.0,106.0,4.3,3.1,3.1,0.198,2.14,24.9,0.014,0.064,0.04,11.6,11.6,0.533,0.551,0.174,0.18,97.51,97.65,81.37,97.65,0.07,3232,214,513,3.1,7.5,2022,75.0,89.0,84.0,80.0,87.0,75.0,90.0,76.0,25.0,45.0,26.0,32.0,26.0,59.0,80.0,37.0,60.0,59.0,45.0,60.0,57.0,45.0,73.0,40.0,66.0,85.0,69.0,82.0,74.0,76.0,70.0,74.0,68.0,33.0,43.0,69.0
Garrett Temple,NOP,59,23,36,0.39,18.6,1.9,5.0,0.376,1.0,3.1,0.319,0.5,0.7000000000000001,0.683,0.5,1.9,2.4,1.3,0.7000000000000001,0.7000000000000001,0.4,0.2,1.4,0.9,5.2,-5.5,211,101.3,101.0,101.0,115.2,114.7,114.7,-13.9,-13.7,-13.7,0.102,1.76,17.2,0.024,0.106,0.063,9.8,9.8,0.476,0.494,0.136,0.14,99.0,99.35,82.79,99.35,0.057,2267,111,295,1.9,5.0,2022,70.0,82.0,55.0,74.0,79.0,70.0,40.0,70.0,25.0,30.0,37.0,55.0,46.0,40.0,85.0,46.0,78.0,56.0,60.0,77.0,74.0,70.0,57.0,44.0,69.0,85.0,79.0,82.0,75.0,75.0,57.0,74.0,37.0,39.0,54.0,66.5
Garrison Mathews,HOU,65,19,46,0.292,26.3,2.8,7.1,0.399,2.1,5.9,0.36,2.2,2.8,0.794,0.5,2.4,2.9,1.0,0.6000000000000001,0.9,0.4,0.2,2.6,2.6,10.0,-3.4,69,108.7,110.7,110.7,115.8,116.5,116.5,-7.1,-5.9,-5.9,0.052,1.56,10.2,0.018,0.093,0.054,6.5,6.4,0.55,0.602,0.137,0.143,103.76,102.47,85.39,102.47,0.061,3653,184,461,2.8,7.1,2022,73.0,74.0,78.0,80.0,80.0,82.0,80.0,79.0,45.0,55.0,36.0,47.0,48.0,54.0,95.0,42.0,59.0,46.0,52.0,58.0,52.0,45.0,50.0,44.0,65.0,89.0,88.0,79.0,71.0,76.0,47.0,82.0,30.0,35.0,50.0,55.0
Gary Harris,ORL,61,16,45,0.262,28.4,3.9,9.1,0.434,1.9,5.0,0.384,1.4,1.6,0.874,0.6000000000000001,1.4,2.0,1.8,1.0,1.0,0.1,0.5,1.8,1.2,11.1,-3.4,92,103.0,104.2,104.2,109.3,110.1,110.1,-6.3,-5.9,-5.9,0.094,1.77,14.2,0.02,0.048,0.034,8.0,8.0,0.539,0.5710000000000001,0.16,0.164,101.65,100.66,83.89,100.66,0.066,3631,240,553,3.9,9.1,2022,74.0,91.0,70.0,82.0,81.0,50.0,55.0,79.0,40.0,50.0,28.0,51.0,47.0,60.0,75.0,68.0,84.0,46.0,37.0,80.0,55.0,80.0,70.0,53.0,78.0,85.0,70.0,83.0,75.0,76.0,70.0,70.0,38.0,36.0,38.0,78.0
Gary Payton II,GSW,71,47,24,0.662,17.6,3.0,4.8,0.616,0.6000000000000001,1.7,0.358,0.5,0.8,0.603,1.0,2.5,3.5,0.9,0.6000000000000001,1.4,0.3,0.1,1.8,0.7000000000000001,7.1,2.5,334,111.4,110.6,110.6,100.9,102.3,102.3,10.4,8.3,8.3,0.076,1.6,13.5,0.058,0.132,0.097,8.4,8.4,0.679,0.679,0.14,0.145,100.68,100.35,83.63,100.35,0.114,2591,212,344,3.0,4.8,2022,77.0,89.0,70.0,79.0,66.0,80.0,60.0,79.0,35.0,75.0,30.0,42.0,42.0,75.0,89.0,79.0,83.0,97.0,56.0,76.0,91.0,80.0,81.0,48.0,85.0,85.0,80.0,83.0,75.0,78.0,81.0,72.0,34.0,57.0,63.0,80.5
Gary Trent Jr.,TOR,70,44,26,0.629,35.0,6.4,15.5,0.414,3.0,7.8,0.383,2.5,2.9,0.853,0.4,2.4,2.7,2.0,1.0,1.7,0.3,0.6000000000000001,2.1,2.2,18.3,2.4,19,111.7,113.5,113.5,108.9,110.2,110.2,2.8,3.3,3.3,0.085,1.93,10.2,0.01,0.07,0.038,5.3,5.3,0.511,0.546,0.212,0.218,99.28,97.94,81.61,97.94,0.086,4997,450,1086,6.4,15.5,2022,78.0,85.0,79.0,82.0,91.0,90.0,90.0,82.0,40.0,75.0,44.0,57.0,46.0,69.0,73.0,50.0,61.0,76.0,45.0,60.0,64.0,35.0,85.0,58.0,90.0,80.0,70.0,82.0,70.0,71.0,77.0,71.0,37.0,30.0,44.0,79.5
George Hill,MIL,54,36,18,0.667,23.2,2.2,5.1,0.429,0.8,2.5,0.306,1.1,1.1,0.919,0.7000000000000001,2.2,2.9,2.2,0.8,0.8,0.1,0.3,1.3,1.1,6.2,5.8,284,112.3,112.5,112.5,101.2,100.8,100.8,11.0,11.7,11.7,0.124,2.93,25.9,0.029,0.084,0.058,8.9,8.8,0.504,0.552,0.115,0.117,101.4,101.54,84.62,101.54,0.073,2652,118,275,2.2,5.1,2022,73.0,58.0,78.0,73.0,93.0,70.0,60.0,79.0,25.0,45.0,33.0,61.0,38.0,42.0,90.0,48.0,75.0,46.0,37.0,73.0,70.0,70.0,76.0,52.0,88.0,92.0,74.0,79.0,78.0,86.0,76.0,77.0,47.0,41.0,49.0,77.0
Georges Niang,PHI,76,48,28,0.632,22.8,3.2,7.4,0.437,2.1,5.1,0.403,0.7000000000000001,0.8,0.881,0.3,2.3,2.7,1.3,0.8,0.4,0.2,0.4,2.5,0.8,9.2,0.9,77,109.9,110.9,110.9,109.2,109.0,109.0,0.8,1.9,1.9,0.09,1.73,13.7,0.014,0.097,0.057,7.9,7.9,0.5750000000000001,0.594,0.16,0.165,99.18,98.83,82.36,98.83,0.066,3575,246,563,3.2,7.4,2022,73.0,90.0,73.0,84.0,86.0,70.0,65.0,75.0,25.0,50.0,70.0,71.0,70.0,51.0,74.0,60.0,55.0,36.0,42.0,62.0,60.0,40.0,44.0,60.0,72.0,88.0,80.0,84.0,65.0,67.0,44.0,70.0,36.0,33.0,53.0,50.5
Giannis Antetokounmpo,MIL,67,45,22,0.672,32.9,10.3,18.6,0.553,1.1,3.6,0.293,8.3,11.4,0.722,2.0,9.6,11.6,5.8,3.3,1.1,1.4,0.9,3.2,8.8,29.9,5.9,204,115.5,115.9,115.9,107.8,107.9,107.9,7.7,8.0,8.0,0.304,1.77,17.8,0.06,0.267,0.168,10.0,10.0,0.582,0.633,0.34,0.347,103.36,103.12,85.93,103.12,0.21,4743,689,1245,10.3,18.6,2022,97.0,81.0,80.0,71.0,68.0,98.0,98.0,98.0,85.0,91.0,79.0,74.0,87.0,97.0,95.0,91.0,95.0,46.0,80.0,96.0,88.0,95.0,90.0,94.0,85.0,98.0,95.0,91.0,84.0,87.0,80.0,95.0,76.0,57.0,92.0,91.0
Goga Bitadze,IND,50,17,33,0.34,14.6,2.6,5.0,0.52,0.5,1.6,0.288,1.3,1.9,0.681,1.6,2.0,3.5,1.1,0.9,0.4,0.8,0.5,2.1,1.7,7.0,-0.6000000000000001,381,113.1,114.0,114.0,115.9,116.4,116.4,-2.7,-2.4,-2.4,0.11,1.2,14.0,0.106,0.139,0.122,11.7,11.7,0.5650000000000001,0.595,0.191,0.197,101.33,100.69,83.91,100.69,0.088,1531,131,252,2.6,5.0,2022,75.0,82.0,62.0,71.0,64.0,80.0,70.0,60.0,75.0,65.0,72.0,67.0,74.0,40.0,85.0,64.0,25.0,42.0,85.0,80.0,40.0,55.0,53.0,78.0,63.0,80.0,75.0,80.0,54.0,60.0,52.0,69.0,42.0,79.0,64.0,42.0
Goran Dragic,BKN,21,10,11,0.476,23.7,2.7,7.2,0.377,0.8,3.0,0.254,1.3,1.6,0.8180000000000001,0.6000000000000001,2.5,3.1,4.1,1.6,0.9,0.2,0.4,2.1,1.8,7.5,0.3,281,111.9,112.1,112.1,111.1,111.7,111.7,0.8,0.4,0.4,0.227,2.53,30.1,0.027,0.104,0.066,11.9,11.9,0.43,0.474,0.166,0.17,102.7,102.37,85.31,102.37,0.072,1062,57,151,2.7,7.2,2022,74.0,86.0,77.0,71.0,83.0,70.0,60.0,75.0,25.0,45.0,25.0,60.0,39.0,79.0,85.0,32.0,73.0,56.0,42.0,74.0,70.0,70.0,76.0,44.0,72.0,92.0,85.0,84.0,80.0,86.0,76.0,80.0,71.0,39.0,53.0,74.5
Gordon Hayward,CHA,49,26,23,0.531,31.9,5.8,12.6,0.459,1.8,4.5,0.391,2.6,3.0,0.846,0.8,3.8,4.6,3.6,1.7,1.0,0.4,0.6000000000000001,1.7,2.9,15.9,-0.4,106,109.6,110.7,110.7,110.1,111.0,111.0,-0.5,-0.4,-0.4,0.16,2.19,18.8,0.022,0.114,0.067,8.6,8.6,0.528,0.5700000000000001,0.202,0.205,103.94,102.99,85.83,102.99,0.102,3352,283,617,5.8,12.6,2022,80.0,73.0,92.0,83.0,85.0,75.0,75.0,80.0,40.0,75.0,40.0,65.0,58.0,70.0,91.0,56.0,73.0,42.0,52.0,73.0,58.0,65.0,80.0,63.0,75.0,88.0,86.0,78.0,74.0,77.0,77.0,79.0,62.0,37.0,57.0,76.5
Gorgui Dieng,ATL,44,23,21,0.523,8.4,1.2,2.5,0.473,0.7000000000000001,1.5,0.426,0.4,0.6000000000000001,0.731,0.7000000000000001,2.0,2.8,0.8,0.5,0.3,0.3,0.1,1.2,0.7000000000000001,3.5,-1.4,325,103.3,100.3,100.3,111.1,109.5,109.5,-7.8,-9.2,-9.2,0.155,1.7,19.2,0.083,0.238,0.16,11.3,11.3,0.603,0.624,0.164,0.173,97.98,100.22,83.52,100.22,0.118,779,53,112,1.2,2.5,2022,74.0,85.0,66.0,79.0,87.0,65.0,50.0,59.0,70.0,64.0,76.0,55.0,72.0,70.0,70.0,69.0,43.0,43.0,71.0,80.0,59.0,65.0,43.0,73.0,70.0,91.0,83.0,83.0,31.0,35.0,31.0,62.0,48.0,68.0,87.0,49.0
Grant Williams,BOS,77,49,28,0.636,24.4,2.7,5.6,0.475,1.4,3.4,0.411,1.1,1.2,0.905,0.8,2.7,3.6,1.0,0.8,0.5,0.7000000000000001,0.2,2.4,1.3,7.8,1.9,154,111.9,112.5,112.5,106.7,108.0,108.0,5.2,4.5,4.5,0.058,1.26,12.8,0.035,0.107,0.072,10.2,10.1,0.597,0.635,0.123,0.127,99.24,98.4,82.0,98.4,0.067,3832,205,432,2.7,5.6,2022,77.0,83.0,64.0,85.0,87.0,95.0,65.0,77.0,50.0,60.0,59.0,58.0,66.0,55.0,81.0,68.0,58.0,37.0,67.0,69.0,60.0,65.0,58.0,73.0,66.0,88.0,85.0,80.0,69.0,66.0,54.0,72.0,31.0,43.0,54.0,65.0
Grayson Allen,MIL,66,43,23,0.652,27.3,3.9,8.6,0.448,2.4,5.9,0.409,1.0,1.1,0.865,0.5,2.9,3.4,1.5,0.7000000000000001,0.7000000000000001,0.3,0.4,1.5,1.0,11.1,3.5,48,112.2,112.5,112.5,107.1,107.5,107.5,5.1,5.0,5.0,0.075,2.33,13.6,0.017,0.097,0.058,5.8,5.8,0.588,0.609,0.148,0.153,102.06,101.69,84.74,101.69,0.081,3842,255,569,3.9,8.6,2022,75.0,79.0,70.0,84.0,85.0,95.0,85.0,78.0,25.0,70.0,31.0,43.0,42.0,62.0,78.0,35.0,72.0,40.0,50.0,70.0,74.0,45.0,84.0,44.0,81.0,85.0,80.0,82.0,70.0,73.0,79.0,74.0,34.0,34.0,52.0,76.0
Greg Brown III,POR,48,14,34,0.292,13.3,1.7,4.0,0.426,0.4,1.3,0.311,0.9,1.4,0.677,0.8,2.0,2.8,0.7000000000000001,0.8,0.5,0.5,0.4,1.9,1.1,4.7,-5.0,397,99.7,99.1,99.1,115.6,116.8,116.8,-15.9,-17.6,-17.6,0.087,0.97,12.0,0.057,0.15,0.103,12.4,12.4,0.476,0.515,0.168,0.172,102.19,101.99,84.99,101.99,0.064,1359,81,190,1.7,4.0,2022,72.0,66.0,65.0,68.0,70.0,50.0,30.0,66.0,75.0,80.0,52.0,49.0,52.0,40.0,68.0,62.0,62.0,59.0,76.0,60.0,53.0,45.0,78.0,40.0,98.0,80.0,80.0,83.0,45.0,68.0,65.0,35.0,35.0,56.0,68.0,71.5
Hamidou Diallo,DET,58,14,44,0.241,21.9,4.5,9.1,0.496,0.4,1.6,0.247,1.6,2.4,0.65,1.2,3.6,4.8,1.3,1.0,1.2,0.3,0.4,2.5,2.2,11.0,-3.6,396,101.5,103.1,103.1,109.4,110.7,110.7,-7.9,-7.6,-7.6,0.098,1.26,10.2,0.049,0.162,0.103,8.1,8.1,0.518,0.541,0.213,0.216,102.1,100.69,83.9,100.69,0.107,2657,261,526,4.5,9.1,2022,76.0,91.0,79.0,66.0,74.0,90.0,85.0,87.0,45.0,93.0,31.0,29.0,38.0,69.0,75.0,40.0,65.0,83.0,51.0,60.0,78.0,40.0,85.0,52.0,97.0,85.0,80.0,81.0,75.0,79.0,79.0,79.0,39.0,52.0,72.0,81.0
Harrison Barnes,SAC,77,27,50,0.351,33.6,5.1,10.8,0.469,1.8,4.7,0.394,4.4,5.4,0.8260000000000001,1.1,4.5,5.6,2.4,1.5,0.7000000000000001,0.2,0.6000000000000001,1.2,4.0,16.4,-4.9,98,108.3,110.0,110.0,115.4,116.7,116.7,-7.1,-6.7,-6.7,0.103,1.58,14.2,0.031,0.135,0.082,9.0,8.9,0.554,0.623,0.184,0.188,102.55,101.14,84.28,101.14,0.105,5446,391,834,5.1,10.8,2022,80.0,83.0,82.0,83.0,84.0,80.0,75.0,83.0,55.0,81.0,48.0,65.0,83.0,60.0,88.0,67.0,75.0,37.0,37.0,65.0,65.0,60.0,77.0,70.0,95.0,92.0,75.0,82.0,72.0,78.0,73.0,75.0,41.0,41.0,63.0,73.5
Haywood Highsmith,MIA,19,13,6,0.684,8.6,0.8,2.4,0.348,0.5,1.5,0.321,0.1,0.3,0.4,0.5,0.8,1.4,0.3,0.2,0.1,0.2,0.2,0.7000000000000001,0.2,2.3,-1.9,376,107.0,105.6,105.6,115.5,114.0,114.0,-8.5,-8.5,-8.5,0.052,2.0,10.5,0.056,0.097,0.076,5.3,5.2,0.446,0.446,0.131,0.136,100.24,101.54,84.62,101.54,0.036,342,16,46,0.8,2.4,2022,68.0,70.0,70.0,75.0,73.0,75.0,55.0,68.0,35.0,50.0,42.0,44.0,41.0,44.0,80.0,41.0,60.0,32.0,58.0,55.0,65.0,35.0,70.0,50.0,79.0,80.0,65.0,86.0,55.0,70.0,64.0,55.0,30.0,60.0,52.0,70.0
Herbert Jones,NOP,78,36,42,0.462,29.9,3.5,7.4,0.476,0.7000000000000001,2.2,0.337,1.8,2.1,0.84,1.3,2.5,3.8,2.1,1.3,1.7,0.8,0.7000000000000001,3.1,1.8,9.5,0.9,295,110.9,112.2,112.2,109.6,110.2,110.2,1.3,2.0,2.0,0.097,1.67,18.3,0.041,0.086,0.063,10.9,10.9,0.525,0.5730000000000001,0.136,0.138,99.76,98.84,82.37,98.84,0.068,4796,274,576,3.5,7.4,2022,78.0,69.0,71.0,77.0,77.0,90.0,80.0,79.0,55.0,75.0,62.0,62.0,62.0,55.0,85.0,52.0,84.0,83.0,65.0,75.0,78.0,80.0,74.0,59.0,72.0,82.0,85.0,80.0,69.0,75.0,69.0,75.0,40.0,47.0,48.0,79.0
Immanuel Quickley,NYK,78,35,43,0.449,23.1,3.6,9.3,0.392,1.8,5.1,0.346,2.3,2.6,0.881,0.4,2.8,3.2,3.5,1.3,0.7000000000000001,0.0,0.4,2.1,2.0,11.3,3.4,105,111.4,111.4,111.4,103.3,104.8,104.8,8.1,6.6,6.6,0.244,2.78,23.3,0.017,0.114,0.066,8.4,8.3,0.487,0.543,0.217,0.225,96.93,96.27,80.22,96.27,0.11,3626,284,724,3.6,9.3,2022,77.0,85.0,71.0,78.0,93.0,80.0,85.0,79.0,40.0,55.0,50.0,51.0,45.0,66.0,95.0,37.0,71.0,43.0,30.0,69.0,44.0,55.0,82.0,54.0,79.0,89.0,80.0,79.0,84.0,83.0,76.0,84.0,72.0,34.0,58.0,78.0
Isaac Okoro,CLE,67,34,33,0.507,29.6,3.1,6.4,0.48,0.8,2.3,0.35,1.8,2.3,0.768,1.1,1.9,3.0,1.8,0.9,0.8,0.3,0.5,2.4,1.9,8.8,1.5,262,112.3,112.4,112.4,108.5,109.3,109.3,3.8,3.1,3.1,0.083,2.09,17.8,0.037,0.065,0.052,8.5,8.6,0.544,0.589,0.123,0.125,97.96,97.54,81.29,97.54,0.057,4014,207,431,3.1,6.4,2022,75.0,56.0,60.0,78.0,76.0,95.0,75.0,80.0,45.0,75.0,47.0,49.0,50.0,69.0,95.0,60.0,80.0,42.0,50.0,78.0,77.0,80.0,77.0,67.0,80.0,89.0,80.0,82.0,69.0,72.0,73.0,69.0,36.0,45.0,42.0,80.0
Isaiah Hartenstein,LAC,68,37,31,0.544,17.9,3.4,5.4,0.626,0.2,0.4,0.467,1.3,1.9,0.6890000000000001,1.7,3.2,4.9,2.4,1.2,0.7000000000000001,1.1,0.3,2.5,2.0,8.3,2.5,454,111.5,112.1,112.1,105.4,105.0,105.0,6.1,7.0,7.0,0.193,1.9,24.0,0.097,0.158,0.13,12.6,12.6,0.645,0.664,0.177,0.183,100.81,100.73,83.94,100.73,0.132,2547,229,366,3.4,5.4,2022,74.0,89.0,70.0,71.0,63.0,75.0,75.0,77.0,75.0,65.0,56.0,57.0,59.0,69.0,75.0,60.0,41.0,59.0,86.0,65.0,54.0,40.0,62.0,62.0,70.0,80.0,88.0,77.0,50.0,56.0,42.0,60.0,70.0,72.0,70.0,56.0
Isaiah Jackson,IND,36,9,27,0.25,15.0,3.2,5.7,0.5630000000000001,0.1,0.4,0.313,1.7,2.4,0.682,1.7,2.5,4.1,0.3,1.1,0.7000000000000001,1.4,0.3,2.6,2.0,8.3,-1.1,471,112.2,113.3,113.3,116.9,116.1,116.1,-4.7,-2.8,-2.8,0.027,0.25,3.4,0.109,0.157,0.133,13.6,13.6,0.5750000000000001,0.607,0.214,0.219,103.13,103.0,85.83,103.0,0.093,1158,116,206,3.2,5.7,2022,76.0,87.0,69.0,59.0,70.0,65.0,60.0,79.0,85.0,80.0,59.0,48.0,55.0,56.0,80.0,70.0,54.0,70.0,90.0,66.0,49.0,55.0,73.0,65.0,81.0,82.0,80.0,80.0,40.0,59.0,54.0,44.0,27.0,81.0,72.0,68.5
Isaiah Joe,PHI,55,35,20,0.636,11.1,1.1,3.2,0.35,0.8,2.5,0.333,0.5,0.6000000000000001,0.935,0.1,0.9,1.0,0.6000000000000001,0.3,0.3,0.1,0.1,0.9,0.6000000000000001,3.6,0.4,263,108.6,108.2,108.2,106.7,106.5,106.5,1.8,1.7,1.7,0.08,1.84,14.5,0.01,0.079,0.045,7.9,7.8,0.477,0.519,0.144,0.152,99.08,99.35,82.79,99.35,0.051,1262,62,177,1.1,3.2,2022,69.0,80.0,75.0,76.0,85.0,89.0,50.0,69.0,40.0,60.0,35.0,38.0,30.0,45.0,85.0,42.0,69.0,38.0,35.0,61.0,52.0,55.0,72.0,47.0,79.0,80.0,75.0,87.0,57.0,68.0,63.0,59.0,35.0,30.0,47.0,75.5
Isaiah Livers,DET,19,8,11,0.421,20.2,2.2,4.7,0.456,1.4,3.4,0.422,0.6000000000000001,0.7000000000000001,0.857,0.8,2.2,3.0,1.1,0.8,0.7000000000000001,0.4,0.2,1.9,0.6000000000000001,6.4,-0.5,146,111.9,113.8,113.8,114.1,114.6,114.6,-2.2,-0.8,-0.8,0.077,1.4,15.9,0.037,0.109,0.072,11.4,11.3,0.606,0.629,0.125,0.127,99.32,98.25,81.88,98.25,0.066,783,41,90,2.2,4.7,2022,72.0,69.0,76.0,82.0,87.0,85.0,70.0,76.0,25.0,65.0,26.0,32.0,35.0,44.0,80.0,37.0,65.0,49.0,56.0,60.0,60.0,55.0,73.0,55.0,71.0,85.0,66.0,82.0,68.0,70.0,70.0,65.0,35.0,45.0,56.0,73.5
Isaiah Roby,OKC,45,10,35,0.222,21.1,3.7,7.2,0.514,1.0,2.2,0.444,1.7,2.6,0.672,1.7,3.2,4.8,1.6,1.0,0.8,0.8,0.5,2.4,2.1,10.1,-4.1,232,104.4,104.6,104.6,112.7,113.4,113.4,-8.3,-8.8,-8.8,0.117,1.65,14.5,0.074,0.145,0.109,8.8,8.8,0.582,0.607,0.185,0.188,102.51,102.08,85.07,102.08,0.101,2014,166,323,3.7,7.2,2022,75.0,83.0,74.0,80.0,75.0,95.0,80.0,78.0,75.0,75.0,50.0,51.0,62.0,60.0,85.0,62.0,60.0,53.0,72.0,60.0,60.0,50.0,74.0,60.0,79.0,80.0,85.0,80.0,48.0,55.0,50.0,47.0,45.0,65.0,65.0,67.5
Isaiah Stewart,DET,71,21,50,0.296,25.6,3.5,6.9,0.51,0.2,0.6000000000000001,0.326,1.0,1.5,0.718,3.2,5.5,8.7,1.2,1.2,0.3,1.1,0.5,3.0,1.7,8.3,-5.2,452,101.3,102.6,102.6,110.8,112.1,112.1,-9.5,-9.5,-9.5,0.07,0.96,11.7,0.111,0.217,0.161,12.1,12.1,0.526,0.55,0.144,0.146,99.78,98.58,82.15,98.58,0.096,3723,250,490,3.5,6.9,2022,76.0,86.0,82.0,73.0,69.0,65.0,55.0,76.0,75.0,70.0,75.0,64.0,80.0,70.0,79.0,70.0,54.0,32.0,78.0,72.0,42.0,50.0,63.0,80.0,70.0,89.0,87.0,77.0,44.0,34.0,52.0,50.0,33.0,84.0,85.0,61.0
Isaiah Todd,WAS,12,1,11,0.083,6.2,0.6000000000000001,2.2,0.269,0.3,1.3,0.25,0.2,0.5,0.333,0.3,0.8,1.0,0.3,0.3,0.3,0.2,0.3,0.3,0.3,1.7,-2.0,407,89.8,87.7,87.7,106.7,103.2,103.2,-16.9,-15.6,-15.6,0.095,1.0,10.8,0.034,0.123,0.075,10.8,10.9,0.346,0.349,0.188,0.194,96.93,99.69,83.08,99.69,0.033,154,7,26,0.6000000000000001,2.2,2022,70.0,69.0,70.0,74.0,76.0,60.0,40.0,70.0,70.0,80.0,62.0,62.0,62.0,34.0,80.0,55.0,52.0,35.0,50.0,58.0,54.0,40.0,60.0,70.0,80.0,80.0,75.0,80.0,59.0,69.0,52.0,57.0,39.0,55.0,59.0,62.5
Ish Smith,WAS,65,27,38,0.415,17.3,2.8,6.6,0.43,0.4,1.0,0.373,0.2,0.4,0.625,0.4,1.8,2.2,3.8,1.2,0.7000000000000001,0.4,0.3,1.2,0.7000000000000001,6.3,-2.4,399,107.2,107.1,107.1,112.5,113.8,113.8,-5.2,-6.7,-6.7,0.318,3.13,32.1,0.021,0.1,0.061,10.2,10.2,0.459,0.465,0.195,0.201,101.21,100.71,83.92,100.71,0.092,2364,185,430,2.8,6.6,2022,75.0,75.0,90.0,81.0,55.0,65.0,65.0,79.0,25.0,30.0,25.0,32.0,25.0,62.0,81.0,25.0,74.0,59.0,57.0,64.0,52.0,50.0,87.0,32.0,70.0,80.0,78.0,83.0,86.0,86.0,87.0,85.0,76.0,36.0,52.0,82.0
Ish Wainright,PHX,45,36,9,0.8,8.0,0.9,2.3,0.394,0.4,1.3,0.322,0.2,0.3,0.583,0.6000000000000001,0.6000000000000001,1.2,0.3,0.3,0.4,0.1,0.2,1.1,0.4,2.4,0.9,389,106.5,106.2,106.2,102.1,100.6,100.6,4.4,5.6,5.6,0.057,1.15,11.0,0.066,0.072,0.069,9.6,9.5,0.486,0.494,0.134,0.14,102.45,103.3,86.08,103.3,0.043,770,41,104,0.9,2.3,2022,70.0,68.0,66.0,71.0,75.0,75.0,40.0,69.0,50.0,60.0,49.0,48.0,50.0,44.0,81.0,68.0,69.0,83.0,55.0,69.0,66.0,60.0,81.0,82.0,75.0,88.0,90.0,80.0,52.0,68.0,66.0,54.0,30.0,65.0,44.0,80.5
Ivica Zubac,LAC,76,40,36,0.526,24.4,4.1,6.5,0.626,0.0,0.0,0.0,2.2,3.0,0.727,2.9,5.6,8.5,1.6,1.5,0.5,1.0,0.6000000000000001,2.7,2.7,10.3,-1.7,514,107.5,108.7,108.7,111.2,112.2,112.2,-3.7,-3.5,-3.5,0.097,1.05,14.4,0.115,0.223,0.17,13.7,13.8,0.626,0.66,0.168,0.169,99.12,98.13,81.78,98.13,0.123,3786,310,495,4.1,6.5,2022,77.0,93.0,74.0,26.0,76.0,70.0,55.0,76.0,80.0,75.0,81.0,54.0,84.0,75.0,82.0,77.0,34.0,37.0,74.0,75.0,40.0,45.0,26.0,75.0,75.0,80.0,90.0,80.0,70.0,35.0,26.0,47.0,39.0,84.0,84.0,35.0
Ja Morant,MEM,57,36,21,0.632,33.1,10.2,20.6,0.493,1.5,4.5,0.344,5.5,7.3,0.761,1.4,4.4,5.7,6.7,3.4,1.2,0.4,1.7,1.5,5.8,27.4,3.3,134,113.6,115.3,115.3,109.3,111.2,111.2,4.3,4.1,4.1,0.33,1.96,19.8,0.037,0.124,0.08,10.1,10.1,0.53,0.5750000000000001,0.33,0.336,103.07,101.46,84.55,101.46,0.163,4003,580,1177,10.2,20.6,2022,93.0,96.0,84.0,79.0,84.0,98.0,98.0,96.0,25.0,97.0,52.0,52.0,52.0,97.0,98.0,49.0,79.0,69.0,59.0,79.0,78.0,70.0,94.0,52.0,97.0,97.0,95.0,80.0,95.0,95.0,94.0,96.0,92.0,56.0,61.0,88.5
JaMychal Green,DEN,67,36,31,0.537,16.2,2.4,4.9,0.486,0.5,1.9,0.266,1.2,1.4,0.871,1.2,3.0,4.2,0.9,0.9,0.6000000000000001,0.4,0.5,2.4,1.2,6.4,-1.3,373,106.9,106.8,106.8,110.6,110.3,110.3,-3.7,-3.5,-3.5,0.084,1.04,12.1,0.073,0.187,0.129,11.7,11.8,0.537,0.587,0.168,0.172,99.16,99.32,82.77,99.32,0.093,2241,159,327,2.4,4.9,2022,76.0,73.0,72.0,66.0,78.0,90.0,80.0,69.0,70.0,70.0,63.0,56.0,64.0,69.0,95.0,69.0,51.0,56.0,62.0,69.0,60.0,35.0,59.0,69.0,74.0,85.0,85.0,81.0,55.0,35.0,44.0,61.0,34.0,66.0,76.0,58.5
JaVale McGee,PHX,74,57,17,0.77,15.8,3.9,6.2,0.629,0.0,0.1,0.222,1.4,2.0,0.6990000000000001,2.2,4.5,6.7,0.6000000000000001,1.3,0.3,1.1,0.3,2.4,2.1,9.2,1.6,508,109.2,110.4,110.4,105.5,104.6,104.6,3.7,5.8,5.8,0.055,0.43,6.4,0.134,0.266,0.201,14.9,14.8,0.631,0.651,0.214,0.221,102.13,102.0,85.0,102.0,0.152,2479,288,458,3.9,6.2,2022,77.0,93.0,64.0,55.0,67.0,45.0,60.0,64.0,95.0,85.0,78.0,58.0,64.0,65.0,37.0,79.0,47.0,36.0,88.0,84.0,67.0,65.0,65.0,75.0,69.0,72.0,75.0,80.0,25.0,35.0,26.0,48.0,30.0,91.0,91.0,50.0
Jaden McDaniels,MIN,70,40,30,0.5710000000000001,25.8,3.6,7.9,0.46,1.1,3.6,0.317,0.8,1.0,0.803,1.1,3.1,4.2,1.1,1.1,0.7000000000000001,0.8,0.4,3.2,1.2,9.2,0.0,193,108.0,109.9,109.9,108.4,109.3,109.3,-0.5,0.6000000000000001,0.6000000000000001,0.063,1.05,10.8,0.038,0.115,0.075,10.2,10.1,0.532,0.553,0.149,0.153,103.82,102.49,85.41,102.49,0.061,3840,255,554,3.6,7.9,2022,75.0,83.0,77.0,74.0,61.0,95.0,75.0,74.0,40.0,75.0,52.0,56.0,54.0,52.0,79.0,75.0,75.0,42.0,68.0,76.0,74.0,75.0,79.0,60.0,80.0,85.0,84.0,90.0,44.0,78.0,70.0,40.0,31.0,47.0,58.0,77.0
Jaden Springer,PHI,2,2,0,1.0,2.8,0.5,0.5,1.0,0.0,0.0,0.0,0.0,0.0,0.0,0.5,0.5,1.0,0.0,0.5,0.0,1.0,0.0,0.0,0.0,1.0,-4.0,514,69.9,69.2,69.2,126.5,141.7,141.7,-56.6,-72.4,-72.4,0.0,0.0,0.0,0.143,0.125,0.133,50.0,50.0,1.0,1.0,0.118,0.134,112.13,106.51,88.76,106.51,0.184,13,1,1,0.5,0.5,2022,70.0,74.0,73.0,77.0,81.0,75.0,45.0,74.0,25.0,50.0,28.0,45.0,32.0,55.0,80.0,44.0,69.0,66.0,50.0,68.0,67.0,60.0,82.0,49.0,72.0,85.0,70.0,80.0,75.0,81.0,82.0,75.0,65.0,30.0,37.0,81.0
Jae Crowder,PHX,67,54,13,0.806,28.1,3.2,8.1,0.399,1.9,5.4,0.348,1.1,1.3,0.789,0.4,4.8,5.3,1.9,0.8,1.4,0.4,0.1,2.6,1.2,9.4,5.9,94,116.0,116.1,116.1,104.4,105.9,105.9,11.6,10.2,10.2,0.08,2.25,16.4,0.017,0.16,0.092,7.3,7.2,0.516,0.541,0.146,0.149,101.89,101.06,84.22,101.06,0.077,3966,217,544,3.2,8.1,2022,76.0,92.0,86.0,78.0,80.0,80.0,45.0,77.0,70.0,60.0,63.0,65.0,60.0,47.0,85.0,70.0,78.0,73.0,53.0,80.0,90.0,75.0,68.0,82.0,73.0,93.0,93.0,89.0,65.0,75.0,66.0,83.0,35.0,34.0,70.0,74.0
Jakob Poeltl,SAS,68,30,38,0.441,29.0,6.0,9.8,0.618,0.0,0.0,1.0,1.4,2.8,0.495,3.9,5.5,9.3,2.8,1.6,0.7000000000000001,1.7,0.6000000000000001,3.1,2.8,13.5,1.7,513,113.7,115.2,115.2,111.3,111.8,111.8,2.5,3.4,3.4,0.131,1.73,18.1,0.125,0.184,0.154,10.4,10.4,0.619,0.613,0.182,0.184,101.52,100.62,83.85,100.62,0.119,4119,410,663,6.0,9.8,2022,78.0,97.0,79.0,45.0,48.0,80.0,80.0,63.0,75.0,60.0,77.0,60.0,75.0,64.0,85.0,81.0,45.0,38.0,85.0,79.0,67.0,80.0,51.0,74.0,57.0,80.0,84.0,80.0,69.0,38.0,31.0,62.0,54.0,89.0,76.0,35.5
Jalen Brunson,DAL,79,50,29,0.633,31.9,6.4,12.8,0.502,1.2,3.2,0.373,2.3,2.7,0.84,0.5,3.4,3.9,4.8,1.6,0.8,0.0,0.5,1.9,3.4,16.3,2.9,184,112.3,113.8,113.8,108.1,109.4,109.4,4.2,4.4,4.4,0.237,3.04,23.7,0.017,0.105,0.062,7.8,7.7,0.549,0.583,0.215,0.22,96.9,95.68,79.73,95.68,0.122,5036,506,1008,6.4,12.8,2022,83.0,97.0,88.0,81.0,79.0,98.0,95.0,83.0,40.0,50.0,50.0,56.0,50.0,75.0,95.0,55.0,70.0,41.0,27.0,65.0,55.0,35.0,82.0,42.0,69.0,93.0,90.0,81.0,87.0,88.0,81.0,88.0,84.0,34.0,54.0,80.0
Jalen Green,HOU,67,12,55,0.179,31.9,6.1,14.2,0.426,2.3,6.8,0.343,2.8,3.5,0.797,0.5,2.9,3.4,2.6,2.0,0.7000000000000001,0.3,1.4,1.5,2.9,17.3,-7.7,55,104.0,105.7,105.7,116.2,116.9,116.9,-12.2,-11.3,-11.3,0.132,1.3,12.9,0.015,0.088,0.051,9.9,9.9,0.508,0.547,0.234,0.237,103.67,102.5,85.42,102.5,0.085,4563,406,954,6.1,14.2,2022,82.0,74.0,81.0,77.0,81.0,95.0,95.0,87.0,40.0,91.0,56.0,56.0,56.0,79.0,95.0,45.0,73.0,37.0,45.0,70.0,68.0,60.0,88.0,55.0,92.0,88.0,85.0,80.0,75.0,86.0,84.0,78.0,50.0,33.0,50.0,82.5
Jalen Johnson,ATL,22,14,8,0.636,5.5,1.0,1.9,0.537,0.1,0.6000000000000001,0.231,0.2,0.3,0.714,0.1,1.1,1.2,0.1,0.4,0.1,0.1,0.1,0.4,0.2,2.4,-0.9,472,101.2,95.8,95.8,106.0,105.8,105.8,-4.9,-10.0,-10.0,0.045,0.33,5.4,0.016,0.175,0.099,16.1,16.0,0.5730000000000001,0.59,0.183,0.196,101.37,104.26,86.88,104.26,0.096,265,22,41,1.0,1.9,2022,73.0,66.0,74.0,69.0,63.0,70.0,55.0,81.0,70.0,65.0,66.0,74.0,69.0,53.0,80.0,66.0,66.0,40.0,55.0,60.0,57.0,40.0,76.0,68.0,82.0,85.0,80.0,80.0,68.0,58.0,74.0,69.0,28.0,34.0,80.0,74.5
Jalen McDaniels,CHA,55,34,21,0.618,16.3,2.2,4.6,0.484,0.7000000000000001,2.0,0.38,1.0,1.3,0.736,0.7000000000000001,2.4,3.1,1.1,0.7000000000000001,0.5,0.4,0.1,1.7,1.2,6.2,0.8,288,111.5,111.7,111.7,107.2,109.1,109.1,4.4,2.6,2.6,0.089,1.61,15.2,0.039,0.138,0.089,9.4,9.5,0.5650000000000001,0.595,0.152,0.155,101.94,100.96,84.13,100.96,0.082,1882,123,254,2.2,4.6,2022,73.0,70.0,70.0,79.0,64.0,85.0,70.0,80.0,60.0,65.0,62.0,68.0,59.0,52.0,68.0,59.0,55.0,42.0,62.0,55.0,50.0,35.0,73.0,60.0,73.0,80.0,80.0,80.0,55.0,62.0,69.0,59.0,36.0,46.0,66.0,66.5
Jalen Smith,IND,51,29,22,0.5690000000000001,18.1,3.5,6.9,0.503,0.8,2.4,0.328,1.5,2.0,0.765,2.0,4.0,6.0,0.5,0.8,0.3,0.8,0.2,1.9,2.2,9.2,0.6000000000000001,271,110.5,112.0,112.0,109.8,109.3,109.3,0.7000000000000001,2.7,2.7,0.038,0.5700000000000001,5.2,0.101,0.216,0.157,9.1,9.1,0.56,0.595,0.193,0.197,101.16,100.73,83.94,100.73,0.119,1930,176,350,3.5,6.9,2022,76.0,94.0,79.0,76.0,72.0,68.0,55.0,60.0,85.0,80.0,68.0,66.0,67.0,47.0,80.0,70.0,48.0,35.0,78.0,73.0,44.0,55.0,69.0,65.0,86.0,82.0,75.0,80.0,29.0,38.0,49.0,40.0,28.0,80.0,85.0,65.0
Jalen Suggs,ORL,48,16,32,0.333,27.2,4.1,11.4,0.361,0.9,4.1,0.214,2.6,3.4,0.773,0.5,3.0,3.6,4.4,3.0,1.2,0.4,1.0,3.0,3.4,11.8,-4.3,247,99.9,100.6,100.6,107.1,107.8,107.8,-7.3,-7.1,-7.1,0.249,1.46,21.5,0.019,0.102,0.061,14.7,14.7,0.4,0.455,0.244,0.25,103.15,102.44,85.36,102.44,0.064,2785,198,548,4.1,11.4,2022,75.0,68.0,70.0,71.0,76.0,70.0,65.0,75.0,40.0,80.0,39.0,38.0,74.0,65.0,84.0,35.0,76.0,66.0,52.0,75.0,75.0,75.0,88.0,59.0,90.0,88.0,85.0,80.0,80.0,86.0,88.0,81.0,72.0,35.0,54.0,85.5
James Bouknight,CHA,31,15,16,0.484,9.8,1.6,4.5,0.348,0.5,1.6,0.347,0.9,1.0,0.871,0.7000000000000001,1.0,1.7,0.8,0.5,0.2,0.0,0.5,0.9,0.7000000000000001,4.6,-1.6,346,108.5,108.0,108.0,114.2,114.2,114.2,-5.7,-6.2,-6.2,0.132,1.73,13.3,0.064,0.09,0.077,7.7,7.7,0.408,0.459,0.226,0.232,103.47,103.73,86.44,103.73,0.06,654,49,141,1.6,4.5,2022,72.0,53.0,72.0,78.0,81.0,60.0,65.0,75.0,35.0,85.0,30.0,37.0,38.0,60.0,82.0,44.0,69.0,38.0,32.0,68.0,69.0,40.0,87.0,54.0,90.0,87.0,75.0,80.0,69.0,80.0,84.0,68.0,44.0,62.0,51.0,83.5
James Harden,PHI,65,40,25,0.615,37.2,6.3,15.3,0.41,2.3,6.9,0.33,7.2,8.2,0.877,0.8,6.8,7.7,10.3,4.4,1.3,0.6000000000000001,1.4,2.4,5.8,22.0,2.7,57,113.7,114.9,114.9,109.7,111.4,111.4,4.1,3.5,3.5,0.401,2.35,30.9,0.024,0.176,0.103,13.1,13.0,0.485,0.583,0.266,0.273,100.79,99.49,82.91,99.49,0.153,5015,407,992,6.3,15.3,2022,89.0,79.0,81.0,85.0,89.0,75.0,98.0,92.0,35.0,84.0,60.0,74.0,69.0,94.0,98.0,62.0,70.0,49.0,52.0,63.0,82.0,65.0,87.0,71.0,87.0,98.0,97.0,95.0,82.0,97.0,86.0,94.0,87.0,37.0,75.0,81.0
Jared Butler,UTA,42,31,11,0.738,8.6,1.5,3.6,0.404,0.7000000000000001,2.1,0.318,0.3,0.4,0.6880000000000001,0.1,1.0,1.1,1.5,0.8,0.4,0.2,0.1,1.1,0.3,3.8,-0.3,316,113.3,112.5,112.5,114.1,112.6,112.6,-0.8,-0.1,-0.1,0.258,1.91,24.8,0.014,0.102,0.061,13.0,13.0,0.497,0.509,0.221,0.23,100.7,101.73,84.78,101.73,0.073,758,61,151,1.5,3.6,2022,74.0,86.0,65.0,74.0,78.0,95.0,70.0,74.0,25.0,65.0,28.0,41.0,37.0,60.0,95.0,30.0,60.0,70.0,60.0,55.0,47.0,50.0,80.0,50.0,78.0,83.0,80.0,80.0,69.0,82.0,80.0,68.0,73.0,33.0,54.0,77.0
Jaren Jackson Jr.,MEM,78,53,25,0.679,27.3,5.5,13.3,0.415,1.6,5.1,0.319,3.6,4.4,0.8230000000000001,1.5,4.3,5.8,1.1,1.7,0.9,2.3,1.3,3.5,3.6,16.3,4.6,120,112.6,113.9,113.9,105.7,106.0,106.0,6.9,7.9,7.9,0.058,0.66,6.1,0.05,0.145,0.097,9.3,9.3,0.477,0.535,0.248,0.254,102.74,101.97,84.98,101.97,0.096,4518,430,1036,5.5,13.3,2022,83.0,77.0,89.0,74.0,83.0,85.0,90.0,82.0,85.0,80.0,79.0,79.0,79.0,52.0,80.0,85.0,71.0,46.0,95.0,88.0,71.0,85.0,63.0,72.0,75.0,90.0,80.0,94.0,45.0,60.0,33.0,50.0,31.0,53.0,67.0,70.5
Jarred Vanderbilt,MIN,74,41,33,0.554,25.4,2.9,4.9,0.587,0.0,0.2,0.143,1.2,1.8,0.656,2.9,5.5,8.4,1.3,1.0,1.3,0.6000000000000001,0.6000000000000001,2.4,1.8,6.9,2.2,508,113.4,115.5,115.5,109.3,110.5,110.5,4.2,5.0,5.0,0.066,1.29,16.0,0.107,0.212,0.158,12.5,12.5,0.59,0.612,0.108,0.109,102.49,101.0,84.17,101.0,0.103,3941,212,361,2.9,4.9,2022,78.0,57.0,59.0,59.0,77.0,70.0,60.0,75.0,75.0,75.0,40.0,32.0,50.0,50.0,85.0,80.0,80.0,76.0,63.0,82.0,88.0,80.0,75.0,70.0,80.0,75.0,95.0,78.0,60.0,65.0,65.0,38.0,32.0,80.0,84.0,76.5
Jarrett Allen,CLE,56,35,21,0.625,32.3,6.6,9.7,0.677,0.0,0.2,0.1,2.9,4.2,0.708,3.4,7.3,10.8,1.6,1.7,0.8,1.3,0.6000000000000001,1.7,4.2,16.1,2.4,510,109.5,110.0,110.0,105.3,106.7,106.7,4.3,3.3,3.3,0.079,0.98,11.1,0.109,0.213,0.163,11.3,11.3,0.678,0.6980000000000001,0.177,0.181,98.18,97.3,81.08,97.3,0.16,3674,369,545,6.6,9.7,2022,85.0,91.0,76.0,66.0,72.0,95.0,95.0,79.0,85.0,80.0,82.0,63.0,82.0,86.0,95.0,82.0,41.0,40.0,76.0,83.0,67.0,80.0,75.0,84.0,79.0,92.0,80.0,82.0,25.0,35.0,35.0,48.0,35.0,80.0,85.0,62.5
Javonte Green,CHI,65,38,27,0.585,23.4,2.7,5.0,0.542,0.6000000000000001,1.6,0.356,1.2,1.5,0.833,1.4,2.8,4.2,0.9,0.5,1.0,0.5,0.3,2.0,1.3,7.2,0.3,345,113.4,113.6,113.6,111.0,112.0,112.0,2.4,1.6,1.6,0.051,2.0,13.1,0.062,0.12,0.092,6.5,6.6,0.597,0.637,0.113,0.115,101.03,100.5,83.75,100.5,0.077,3167,176,325,2.7,5.0,2022,76.0,73.0,70.0,79.0,75.0,95.0,75.0,79.0,25.0,85.0,52.0,52.0,52.0,60.0,95.0,62.0,68.0,66.0,57.0,65.0,80.0,65.0,72.0,46.0,85.0,80.0,75.0,82.0,60.0,72.0,69.0,68.0,30.0,58.0,60.0,71.5
Jaxson Hayes,NOP,70,29,41,0.414,20.0,3.5,5.7,0.616,0.3,0.8,0.351,2.1,2.7,0.766,1.6,2.9,4.5,0.6000000000000001,0.8,0.5,0.8,0.3,2.2,2.2,9.3,0.3,428,110.1,109.7,109.7,108.7,109.2,109.2,1.4,0.5,0.5,0.047,0.8,7.5,0.08,0.146,0.113,9.4,9.3,0.641,0.68,0.159,0.164,100.03,99.98,83.32,99.98,0.11,2914,245,398,3.5,5.7,2022,76.0,89.0,68.0,74.0,76.0,75.0,70.0,71.0,85.0,80.0,68.0,54.0,65.0,52.0,90.0,78.0,48.0,40.0,77.0,79.0,45.0,65.0,58.0,72.0,75.0,80.0,95.0,80.0,29.0,38.0,41.0,40.0,29.0,67.0,66.0,62.0
Jay Huff,LAL,4,0,4,0.0,5.1,0.0,0.8,0.0,0.0,0.5,0.0,0.0,0.0,0.0,0.3,0.8,1.0,0.3,0.3,0.3,0.3,0.0,0.3,0.3,0.0,3.8,514,88.7,88.6,88.6,57.8,52.2,52.2,30.9,36.5,36.5,0.071,1.0,20.0,0.04,0.111,0.077,20.0,20.0,0.0,0.0,0.083,0.083,101.31,106.67,88.89,106.67,0.02,44,0,3,0.0,0.8,2022,67.0,77.0,72.0,77.0,77.0,50.0,40.0,64.0,65.0,60.0,62.0,62.0,62.0,38.0,80.0,62.0,32.0,32.0,69.0,62.0,54.0,50.0,48.0,62.0,62.0,80.0,85.0,77.0,50.0,43.0,33.0,60.0,38.0,64.0,68.0,40.5
Jay Scrubb,LAC,18,8,10,0.444,6.7,1.0,2.6,0.391,0.3,1.2,0.286,0.4,0.6000000000000001,0.7000000000000001,0.1,0.8,0.9,0.4,0.4,0.2,0.2,0.0,0.5,0.4,2.7,0.9,407,106.9,105.5,105.5,100.8,98.6,98.6,6.1,6.9,6.9,0.095,1.14,12.3,0.016,0.1,0.06,10.8,10.7,0.457,0.486,0.188,0.194,107.39,109.34,91.12,109.34,0.065,275,18,46,1.0,2.6,2022,67.0,60.0,68.0,70.0,75.0,50.0,50.0,71.0,45.0,80.0,40.0,44.0,51.0,37.0,78.0,44.0,60.0,46.0,45.0,57.0,64.0,40.0,74.0,55.0,82.0,80.0,70.0,79.0,57.0,70.0,69.0,52.0,39.0,34.0,54.0,74.0
Jaylen Brown,BOS,66,43,23,0.652,33.6,8.7,18.4,0.473,2.5,7.0,0.358,3.7,4.8,0.758,0.8,5.3,6.1,3.5,2.7,1.1,0.3,1.5,2.5,4.3,23.6,6.9,42,113.1,113.5,113.5,102.4,103.8,103.8,10.8,9.8,9.8,0.173,1.3,13.1,0.024,0.145,0.088,10.1,10.1,0.541,0.5740000000000001,0.298,0.304,99.42,98.57,82.15,98.57,0.135,4563,576,1217,8.7,18.4,2022,87.0,88.0,88.0,83.0,78.0,90.0,90.0,90.0,40.0,89.0,52.0,59.0,80.0,85.0,95.0,70.0,87.0,56.0,42.0,86.0,83.0,85.0,77.0,69.0,84.0,95.0,95.0,82.0,78.0,83.0,76.0,82.0,66.0,37.0,67.0,83.0
Jaylen Nowell,MIN,62,37,25,0.597,15.7,3.2,6.7,0.475,1.0,2.6,0.394,1.2,1.5,0.783,0.4,1.6,2.0,2.1,0.6000000000000001,0.4,0.2,0.3,1.2,1.1,8.5,1.1,209,114.5,114.5,114.5,111.4,111.7,111.7,3.1,2.8,2.8,0.197,3.61,21.1,0.022,0.1,0.061,5.8,5.8,0.551,0.581,0.205,0.211,103.63,103.5,86.25,103.5,0.108,2107,196,413,3.2,6.7,2022,75.0,89.0,78.0,83.0,84.0,89.0,85.0,84.0,25.0,65.0,27.0,40.0,38.0,69.0,78.0,29.0,60.0,41.0,50.0,55.0,58.0,40.0,81.0,39.0,79.0,85.0,80.0,80.0,64.0,75.0,77.0,68.0,70.0,36.0,53.0,73.5
Jayson Tatum,BOS,76,49,27,0.645,35.9,9.3,20.6,0.453,3.0,8.6,0.353,5.3,6.2,0.853,1.1,6.9,8.0,4.4,2.9,1.0,0.6000000000000001,1.1,2.3,4.5,26.9,8.8,14,115.2,115.5,115.5,102.5,103.4,103.4,12.7,12.1,12.1,0.204,1.54,14.5,0.032,0.18,0.109,9.4,9.3,0.526,0.578,0.313,0.322,98.68,98.12,81.77,98.12,0.159,5578,708,1564,9.3,20.6,2022,93.0,93.0,89.0,86.0,85.0,98.0,98.0,93.0,50.0,88.0,67.0,73.0,70.0,92.0,95.0,77.0,89.0,62.0,56.0,89.0,90.0,85.0,82.0,68.0,83.0,95.0,90.0,80.0,78.0,86.0,79.0,82.0,70.0,42.0,76.0,84.5
Jeff Green,DEN,75,44,31,0.587,24.7,3.7,7.1,0.524,0.7000000000000001,2.2,0.315,2.2,2.6,0.833,0.5,2.5,3.1,1.3,0.9,0.4,0.4,0.3,2.0,2.2,10.3,0.8,303,112.3,113.3,113.3,111.6,111.5,111.5,0.7000000000000001,1.8,1.8,0.071,1.35,12.3,0.024,0.1,0.063,9.1,9.1,0.5740000000000001,0.627,0.16,0.164,99.97,99.56,82.97,99.56,0.075,3831,277,529,3.7,7.1,2022,76.0,94.0,54.0,74.0,83.0,55.0,70.0,79.0,65.0,80.0,70.0,68.0,72.0,68.0,85.0,69.0,70.0,33.0,52.0,68.0,54.0,60.0,63.0,70.0,84.0,89.0,78.0,82.0,69.0,74.0,50.0,70.0,33.0,37.0,52.0,66.0
Jerami Grant,DET,47,11,36,0.234,31.9,6.3,14.9,0.426,1.9,5.4,0.358,4.6,5.5,0.838,0.6000000000000001,3.5,4.1,2.4,1.8,0.9,1.0,0.6000000000000001,2.3,3.9,19.2,-4.7,86,102.0,102.9,102.9,109.2,110.7,110.7,-7.1,-7.8,-7.8,0.13,1.31,11.1,0.017,0.108,0.06,8.5,8.4,0.491,0.556,0.253,0.259,99.38,98.31,81.93,98.31,0.112,3082,298,699,6.3,14.9,2022,82.0,79.0,76.0,79.0,85.0,75.0,75.0,89.0,80.0,85.0,62.0,59.0,69.0,93.0,95.0,70.0,69.0,42.0,68.0,77.0,72.0,75.0,73.0,69.0,78.0,95.0,94.0,82.0,69.0,76.0,69.0,70.0,47.0,34.0,56.0,74.5
Jeremiah Robinson-Earl,OKC,49,15,34,0.306,22.2,2.7,6.6,0.414,1.2,3.4,0.352,0.8,1.1,0.741,1.5,4.1,5.6,1.0,0.8,0.6000000000000001,0.3,0.5,1.5,1.0,7.5,-4.9,186,100.1,101.1,101.1,110.8,110.9,110.9,-10.7,-9.8,-9.8,0.069,1.26,11.2,0.061,0.172,0.115,8.9,8.9,0.503,0.526,0.152,0.154,100.08,99.57,82.97,99.57,0.084,2247,134,324,2.7,6.6,2022,73.0,80.0,66.0,79.0,67.0,78.0,65.0,79.0,75.0,75.0,64.0,65.0,66.0,50.0,70.0,66.0,40.0,41.0,52.0,66.0,52.0,45.0,62.0,60.0,69.0,80.0,85.0,80.0,65.0,69.0,55.0,66.0,32.0,60.0,73.0,60.0
Jericho Sims,NYK,41,19,22,0.463,13.5,1.0,1.3,0.722,0.0,0.0,0.0,0.3,0.7000000000000001,0.414,1.5,2.6,4.1,0.5,0.5,0.3,0.5,0.0,1.6,0.8,2.2,1.9,514,110.9,109.3,109.3,103.1,102.9,102.9,7.9,6.5,6.5,0.054,1.05,19.3,0.108,0.187,0.148,18.3,18.6,0.722,0.674,0.068,0.07,98.22,99.02,82.52,99.02,0.074,1146,39,54,1.0,1.3,2022,71.0,68.0,69.0,26.0,52.0,50.0,30.0,64.0,80.0,80.0,60.0,60.0,60.0,40.0,80.0,66.0,40.0,37.0,78.0,66.0,55.0,40.0,80.0,65.0,83.0,85.0,80.0,80.0,30.0,35.0,34.0,32.0,30.0,78.0,79.0,61.0
Jevon Carter,MIL,66,39,27,0.591,13.7,1.5,3.8,0.387,1.0,2.6,0.388,0.2,0.3,0.833,0.2,1.5,1.7,1.5,0.5,0.4,0.2,0.1,1.0,0.3,4.2,-0.8,211,109.0,107.3,107.3,110.3,110.3,110.3,-1.3,-3.0,-3.0,0.148,2.82,24.6,0.014,0.097,0.056,8.7,8.7,0.518,0.531,0.135,0.141,101.08,101.81,84.85,101.81,0.067,1922,98,253,1.5,3.8,2022,72.0,64.0,81.0,82.0,81.0,77.0,65.0,75.0,25.0,35.0,32.0,34.0,30.0,40.0,80.0,34.0,79.0,41.0,53.0,72.0,75.0,70.0,76.0,60.0,71.0,85.0,76.0,81.0,75.0,79.0,76.0,70.0,54.0,33.0,52.0,80.5
Jock Landale,SAS,54,24,30,0.444,10.9,1.9,3.8,0.495,0.5,1.6,0.326,0.6000000000000001,0.8,0.8290000000000001,1.2,1.4,2.6,0.8,0.6000000000000001,0.2,0.3,0.2,1.0,0.9,4.9,-0.3,350,107.5,107.9,107.9,110.1,109.0,109.0,-2.6,-1.1,-1.1,0.115,1.45,15.2,0.094,0.118,0.106,10.4,10.4,0.5660000000000001,0.597,0.172,0.178,102.98,103.34,86.12,103.34,0.097,1266,101,204,1.9,3.8,2022,70.0,74.0,64.0,75.0,78.0,68.0,55.0,60.0,65.0,60.0,60.0,60.0,60.0,40.0,80.0,65.0,48.0,35.0,60.0,62.0,60.0,45.0,54.0,64.0,75.0,80.0,75.0,80.0,58.0,52.0,45.0,64.0,41.0,75.0,60.0,51.0
Joe Harris,BKN,14,10,4,0.714,30.2,4.0,8.9,0.452,2.9,6.3,0.466,0.4,0.4,0.833,0.4,3.6,4.0,1.0,1.1,0.5,0.1,0.4,2.2,0.7000000000000001,11.3,1.1,24,106.3,106.6,106.6,104.5,105.6,105.6,1.8,1.1,1.1,0.047,0.88,8.9,0.012,0.109,0.064,10.2,10.2,0.617,0.624,0.146,0.148,102.96,102.31,85.26,102.31,0.068,904,56,124,4.0,8.9,2022,76.0,74.0,80.0,87.0,77.0,90.0,70.0,66.0,25.0,45.0,30.0,48.0,32.0,55.0,88.0,34.0,66.0,35.0,35.0,58.0,63.0,55.0,69.0,40.0,67.0,90.0,85.0,83.0,72.0,73.0,67.0,74.0,29.0,31.0,57.0,69.0
Joe Ingles,POR,45,28,17,0.622,24.9,2.6,6.3,0.404,1.7,5.0,0.347,0.4,0.5,0.773,0.3,2.6,2.9,3.5,1.0,0.5,0.1,0.2,1.8,0.6000000000000001,7.2,4.1,109,111.0,111.9,111.9,104.0,103.7,103.7,7.0,8.2,8.2,0.195,3.43,31.7,0.01,0.099,0.056,9.2,9.2,0.54,0.551,0.129,0.132,99.37,99.09,82.57,99.09,0.077,2315,115,285,2.6,6.3,2022,76.0,94.0,75.0,78.0,84.0,75.0,45.0,80.0,40.0,45.0,50.0,55.0,48.0,33.0,70.0,58.0,80.0,37.0,35.0,78.0,78.0,75.0,66.0,64.0,60.0,92.0,70.0,80.0,75.0,70.0,60.0,75.0,68.0,31.0,52.0,75.0
Joe Wieskamp,SAS,29,11,18,0.379,7.1,0.7000000000000001,1.9,0.357,0.5,1.5,0.326,0.2,0.4,0.538,0.1,0.3,0.5,0.3,0.1,0.1,0.1,0.1,0.5,0.2,2.1,0.0,374,105.8,106.5,106.5,108.0,105.1,105.1,-2.2,1.5,1.5,0.065,4.5,12.3,0.017,0.045,0.031,2.7,2.8,0.482,0.494,0.129,0.133,100.06,101.08,84.23,101.08,0.039,429,20,56,0.7000000000000001,1.9,2022,70.0,65.0,72.0,75.0,68.0,65.0,50.0,72.0,30.0,75.0,35.0,34.0,30.0,54.0,90.0,35.0,60.0,36.0,51.0,50.0,44.0,40.0,84.0,30.0,85.0,80.0,84.0,80.0,64.0,71.0,75.0,63.0,30.0,35.0,37.0,75.0
Joel Embiid,PHI,68,45,23,0.662,33.8,9.8,19.6,0.499,1.4,3.7,0.371,9.6,11.8,0.8140000000000001,2.1,9.6,11.7,4.2,3.1,1.1,1.5,1.2,2.7,8.5,30.6,5.4,158,114.6,115.6,115.6,106.9,107.8,107.8,7.7,7.9,7.9,0.236,1.33,13.0,0.068,0.273,0.176,9.8,9.8,0.534,0.616,0.375,0.38,97.81,96.96,80.8,96.96,0.212,4640,666,1334,9.8,19.6,2022,96.0,83.0,86.0,81.0,82.0,98.0,98.0,87.0,90.0,80.0,94.0,94.0,96.0,97.0,98.0,96.0,64.0,49.0,78.0,96.0,64.0,95.0,69.0,95.0,68.0,94.0,90.0,76.0,55.0,57.0,62.0,58.0,71.0,70.0,93.0,65.5
John Collins,ATL,54,26,28,0.481,30.8,6.3,11.9,0.526,1.2,3.3,0.364,2.5,3.1,0.793,1.7,6.1,7.8,1.8,1.1,0.6000000000000001,1.0,0.7000000000000001,3.0,3.6,16.2,0.7000000000000001,185,112.7,113.5,113.5,111.5,112.7,112.7,1.2,0.8,0.8,0.088,1.63,11.2,0.056,0.19,0.124,6.8,6.8,0.5760000000000001,0.61,0.202,0.205,99.59,98.71,82.26,98.71,0.119,3423,339,644,6.3,11.9,2022,83.0,89.0,80.0,80.0,78.0,80.0,95.0,82.0,95.0,93.0,77.0,75.0,83.0,72.0,85.0,74.0,49.0,37.0,70.0,74.0,38.0,60.0,71.0,75.0,85.0,92.0,96.0,84.0,37.0,60.0,50.0,66.0,37.0,56.0,80.0,61.0
John Konchar,MEM,72,48,24,0.667,17.9,1.9,3.6,0.515,0.7000000000000001,1.8,0.413,0.4,0.7000000000000001,0.551,1.2,3.4,4.6,1.5,0.4,0.6000000000000001,0.3,0.1,1.3,0.6000000000000001,4.8,1.3,297,109.3,109.7,109.7,105.7,107.0,107.0,3.6,2.7,2.7,0.109,3.76,25.8,0.059,0.182,0.117,6.9,6.9,0.615,0.615,0.097,0.099,102.51,101.72,84.77,101.72,0.102,2745,135,262,1.9,3.6,2022,75.0,87.0,76.0,85.0,77.0,95.0,85.0,75.0,30.0,45.0,28.0,34.0,42.0,55.0,85.0,44.0,62.0,49.0,55.0,50.0,60.0,45.0,62.0,40.0,70.0,90.0,90.0,84.0,74.0,75.0,60.0,76.0,41.0,59.0,76.0,66.0
Jonathan Kuminga,GSW,70,44,26,0.629,16.9,3.4,6.6,0.513,0.7000000000000001,2.1,0.336,1.9,2.7,0.684,0.8,2.6,3.3,0.9,1.1,0.4,0.3,0.5,2.1,2.0,9.3,0.5,300,109.6,109.5,109.5,106.1,107.5,107.5,3.4,1.9,1.9,0.087,0.86,9.3,0.047,0.139,0.096,10.8,10.9,0.5670000000000001,0.6000000000000001,0.227,0.232,100.4,99.79,83.16,99.79,0.098,2457,236,460,3.4,6.6,2022,78.0,88.0,70.0,76.0,69.0,75.0,75.0,86.0,65.0,85.0,49.0,50.0,50.0,82.0,85.0,73.0,73.0,41.0,57.0,70.0,69.0,50.0,84.0,73.0,90.0,88.0,80.0,80.0,69.0,77.0,75.0,60.0,36.0,50.0,66.0,81.5
Jordan Clarkson,UTA,79,47,32,0.595,27.1,5.9,14.1,0.419,2.4,7.6,0.318,1.8,2.2,0.8280000000000001,0.8,2.6,3.5,2.5,1.6,0.8,0.2,0.5,1.9,2.1,16.0,4.8,49,114.1,115.7,115.7,105.8,107.0,107.0,8.3,8.7,8.7,0.144,1.5,12.9,0.03,0.091,0.061,8.6,8.5,0.504,0.532,0.258,0.265,99.53,98.29,81.91,98.29,0.097,4384,466,1113,5.9,14.1,2022,77.0,94.0,79.0,74.0,81.0,70.0,85.0,90.0,25.0,75.0,30.0,37.0,38.0,89.0,82.0,43.0,65.0,43.0,42.0,58.0,49.0,40.0,79.0,54.0,85.0,80.0,70.0,83.0,79.0,86.0,79.0,77.0,57.0,42.0,50.0,77.5
Jordan McLaughlin,MIN,62,36,26,0.581,14.5,1.4,3.2,0.44,0.4,1.4,0.318,0.5,0.6000000000000001,0.75,0.4,1.2,1.5,2.9,0.6000000000000001,0.9,0.2,0.2,0.9,0.8,3.8,0.6000000000000001,384,111.7,111.4,111.4,108.6,109.0,109.0,3.0,2.4,2.4,0.258,4.74,41.4,0.023,0.075,0.049,8.7,8.7,0.508,0.535,0.115,0.119,105.48,105.44,87.87,105.44,0.088,1976,88,200,1.4,3.2,2022,75.0,80.0,74.0,74.0,75.0,95.0,85.0,84.0,25.0,65.0,25.0,25.0,25.0,69.0,70.0,25.0,73.0,89.0,51.0,52.0,74.0,60.0,72.0,52.0,74.0,80.0,70.0,83.0,83.0,84.0,70.0,80.0,73.0,37.0,47.0,73.0
Jordan Poole,GSW,76,49,27,0.645,30.0,6.2,13.9,0.448,2.8,7.6,0.364,3.2,3.5,0.925,0.4,3.0,3.4,4.0,2.5,0.8,0.3,0.8,2.7,3.0,18.5,4.3,27,111.5,112.1,112.1,104.5,105.5,105.5,7.0,6.6,6.6,0.207,1.63,18.4,0.015,0.094,0.056,11.3,11.2,0.548,0.598,0.252,0.259,100.82,100.05,83.38,100.05,0.111,4765,474,1058,6.2,13.9,2022,83.0,96.0,86.0,80.0,89.0,97.0,98.0,92.0,45.0,60.0,29.0,47.0,44.0,84.0,80.0,47.0,65.0,41.0,50.0,65.0,55.0,30.0,75.0,61.0,73.0,80.0,65.0,80.0,79.0,86.0,72.0,82.0,70.0,33.0,51.0,74.5
Jordan Schakel,WAS,4,1,3,0.25,7.6,0.3,2.8,0.091,0.3,1.5,0.167,0.5,0.5,1.0,0.5,1.5,2.0,0.0,0.3,0.3,0.0,0.5,0.0,0.8,1.3,0.5,441,97.9,101.6,101.6,94.9,93.8,93.8,2.9,7.9,7.9,0.0,0.0,0.0,0.063,0.188,0.125,7.7,7.8,0.136,0.21,0.191,0.188,100.36,99.12,82.6,99.12,0.021,61,1,11,0.3,2.8,2022,67.0,68.0,75.0,79.0,79.0,70.0,45.0,72.0,25.0,65.0,28.0,54.0,34.0,50.0,70.0,53.0,60.0,32.0,27.0,58.0,57.0,40.0,55.0,33.0,69.0,83.0,73.0,80.0,59.0,64.0,54.0,57.0,43.0,27.0,54.0,60.0
Jose Alvarado,NOP,54,25,29,0.463,15.4,2.4,5.4,0.446,0.6000000000000001,2.0,0.291,0.7000000000000001,1.0,0.679,0.5,1.4,1.9,2.8,0.7000000000000001,1.3,0.1,0.4,1.4,1.0,6.1,2.6,338,112.3,112.1,112.1,104.8,104.8,104.8,7.6,7.3,7.3,0.261,3.8,29.9,0.029,0.094,0.06,7.9,7.9,0.5,0.52,0.174,0.181,100.57,100.67,83.89,100.67,0.107,1756,131,294,2.4,5.4,2022,76.0,87.0,72.0,73.0,82.0,75.0,75.0,79.0,25.0,30.0,35.0,30.0,30.0,54.0,85.0,31.0,82.0,98.0,45.0,85.0,85.0,75.0,76.0,42.0,78.0,80.0,79.0,80.0,75.0,73.0,75.0,68.0,73.0,41.0,50.0,79.0
Josh Christopher,HOU,74,18,56,0.243,18.0,3.0,6.8,0.448,0.8,2.6,0.296,1.1,1.5,0.735,0.7000000000000001,1.8,2.5,2.0,1.5,0.9,0.2,0.5,1.3,1.4,7.9,-3.7,285,105.7,106.9,106.9,116.1,116.1,116.1,-10.4,-9.2,-9.2,0.17,1.32,18.4,0.037,0.103,0.069,14.0,14.0,0.504,0.534,0.205,0.209,103.19,102.59,85.49,102.59,0.083,2846,224,500,3.0,6.8,2022,75.0,93.0,76.0,72.0,78.0,75.0,75.0,80.0,40.0,85.0,25.0,62.0,44.0,65.0,83.0,49.0,67.0,70.0,47.0,60.0,65.0,50.0,84.0,55.0,81.0,88.0,72.0,80.0,68.0,75.0,78.0,62.0,65.0,46.0,52.0,81.0
Josh Giddey,OKC,54,17,37,0.315,31.5,5.2,12.4,0.419,1.0,3.9,0.263,1.0,1.5,0.709,1.8,6.0,7.8,6.4,3.2,0.9,0.4,0.9,1.6,1.7,12.5,-5.5,207,100.5,101.1,101.1,109.0,109.4,109.4,-8.5,-8.3,-8.3,0.325,2.02,28.2,0.052,0.175,0.113,14.0,14.0,0.461,0.478,0.218,0.223,100.45,99.95,83.29,99.95,0.114,3538,281,670,5.2,12.4,2022,82.0,87.0,79.0,70.0,70.0,98.0,90.0,87.0,45.0,65.0,55.0,58.0,55.0,82.0,95.0,50.0,69.0,53.0,51.0,69.0,66.0,60.0,76.0,60.0,74.0,88.0,85.0,80.0,92.0,86.0,76.0,92.0,90.0,53.0,75.0,74.5
Josh Green,DAL,67,44,23,0.657,15.5,1.9,3.8,0.508,0.4,1.2,0.359,0.5,0.7000000000000001,0.6890000000000001,0.8,1.6,2.4,1.2,0.7000000000000001,0.7000000000000001,0.2,0.3,1.7,0.8,4.8,1.0,391,108.7,107.5,107.5,104.9,103.8,103.8,3.7,3.7,3.7,0.11,1.8,19.8,0.049,0.105,0.077,11.1,11.0,0.5630000000000001,0.578,0.13,0.135,99.41,100.49,83.74,100.49,0.072,2170,130,256,1.9,3.8,2022,73.0,80.0,74.0,79.0,77.0,90.0,75.0,80.0,30.0,80.0,35.0,34.0,30.0,69.0,95.0,35.0,75.0,66.0,51.0,79.0,63.0,60.0,86.0,60.0,80.0,89.0,90.0,83.0,70.0,70.0,72.0,70.0,42.0,52.0,54.0,83.5
Josh Hart,POR,54,20,34,0.37,33.2,5.3,10.5,0.504,1.4,3.9,0.343,3.0,3.9,0.758,1.1,6.0,7.2,4.1,2.1,1.1,0.2,0.7000000000000001,2.8,3.2,14.9,-3.7,159,107.1,108.4,108.4,112.4,113.2,113.2,-5.3,-4.9,-4.9,0.19,1.96,22.5,0.033,0.183,0.107,11.4,11.4,0.5690000000000001,0.61,0.184,0.187,100.34,99.35,82.79,99.35,0.117,3699,287,569,5.3,10.5,2022,80.0,89.0,74.0,77.0,85.0,85.0,85.0,86.0,25.0,70.0,39.0,58.0,42.0,84.0,95.0,46.0,72.0,49.0,42.0,70.0,70.0,65.0,81.0,44.0,69.0,90.0,95.0,82.0,73.0,78.0,79.0,75.0,68.0,43.0,78.0,80.0
Josh Jackson,SAC,51,12,39,0.235,16.3,2.4,5.9,0.4,0.6000000000000001,2.5,0.254,1.1,1.5,0.714,0.4,2.4,2.8,1.1,0.9,0.5,0.4,0.4,1.7,1.5,6.4,-3.1,328,102.7,103.6,103.6,111.7,112.2,112.2,-9.0,-8.6,-8.6,0.105,1.15,12.5,0.025,0.149,0.085,10.9,10.8,0.455,0.491,0.196,0.201,100.98,100.34,83.62,100.34,0.066,1732,120,300,2.4,5.9,2022,72.0,78.0,77.0,64.0,70.0,65.0,65.0,84.0,55.0,75.0,50.0,54.0,59.0,59.0,85.0,62.0,74.0,43.0,63.0,68.0,75.0,55.0,81.0,53.0,86.0,80.0,75.0,80.0,55.0,69.0,68.0,44.0,40.0,37.0,66.0,76.5
Josh Okogie,MIN,49,23,26,0.469,10.5,0.9,2.1,0.404,0.3,1.0,0.298,0.7000000000000001,1.0,0.686,0.6000000000000001,0.8,1.4,0.5,0.5,0.5,0.2,0.2,1.1,1.1,2.7,0.8,428,105.8,104.1,104.1,101.8,101.6,101.6,4.0,2.5,2.5,0.066,1.09,14.5,0.049,0.077,0.062,13.3,13.2,0.471,0.526,0.115,0.12,103.94,104.93,87.44,104.93,0.048,1133,42,104,0.9,2.1,2022,71.0,71.0,69.0,72.0,60.0,80.0,45.0,70.0,30.0,75.0,30.0,32.0,28.0,40.0,70.0,50.0,81.0,73.0,62.0,81.0,84.0,75.0,90.0,46.0,92.0,80.0,75.0,82.0,69.0,76.0,81.0,62.0,32.0,54.0,46.0,86.5
Josh Richardson,SAS,65,38,27,0.585,24.6,3.6,8.2,0.438,1.6,3.8,0.415,1.5,1.7,0.889,0.6000000000000001,2.2,2.8,1.8,1.0,0.9,0.4,0.4,1.8,1.4,10.2,2.1,131,111.6,112.3,112.3,107.5,107.8,107.8,4.1,4.5,4.5,0.105,1.74,15.2,0.026,0.087,0.057,8.7,8.7,0.534,0.5730000000000001,0.171,0.176,99.35,98.91,82.43,98.91,0.083,3292,234,534,3.6,8.2,2022,76.0,82.0,82.0,85.0,82.0,75.0,65.0,75.0,50.0,78.0,30.0,48.0,32.0,35.0,80.0,69.0,84.0,49.0,56.0,80.0,80.0,80.0,80.0,57.0,72.0,95.0,80.0,83.0,69.0,78.0,79.0,68.0,40.0,38.0,48.0,82.5
Joshua Primo,SAS,50,22,28,0.44,19.3,2.0,5.4,0.374,0.8,2.7,0.307,0.9,1.2,0.746,0.6000000000000001,1.6,2.3,1.6,1.1,0.4,0.5,0.2,1.6,1.3,5.8,-1.6,256,106.5,107.9,107.9,111.0,111.2,111.2,-4.5,-3.3,-3.3,0.111,1.42,18.7,0.031,0.079,0.055,13.1,13.1,0.452,0.487,0.152,0.155,102.82,102.04,85.03,102.04,0.044,2045,101,270,2.0,5.4,2022,72.0,73.0,77.0,73.0,75.0,85.0,85.0,69.0,40.0,60.0,34.0,34.0,34.0,39.0,95.0,44.0,70.0,37.0,60.0,70.0,55.0,60.0,76.0,27.0,71.0,85.0,85.0,80.0,64.0,70.0,73.0,64.0,41.0,42.0,47.0,76.5
Jrue Holiday,MIL,67,47,20,0.7010000000000001,32.9,7.1,14.2,0.501,2.0,4.8,0.411,2.0,2.7,0.761,1.0,3.5,4.5,6.8,2.7,1.6,0.4,0.6000000000000001,2.0,2.3,18.3,6.4,82,117.3,118.2,118.2,108.8,109.7,109.7,8.5,8.5,8.5,0.297,2.5,27.3,0.031,0.1,0.066,10.9,10.9,0.5700000000000001,0.593,0.231,0.235,101.95,101.18,84.31,101.18,0.126,4666,478,954,7.1,14.2,2022,86.0,91.0,88.0,85.0,71.0,98.0,85.0,82.0,25.0,65.0,30.0,72.0,40.0,55.0,98.0,44.0,95.0,73.0,52.0,89.0,93.0,95.0,79.0,49.0,68.0,90.0,92.0,80.0,75.0,86.0,79.0,76.0,76.0,41.0,52.0,87.5
Juan Toscano-Anderson,GSW,73,51,22,0.6990000000000001,13.6,1.6,3.2,0.489,0.4,1.2,0.322,0.5,1.0,0.5710000000000001,0.4,2.0,2.4,1.7,0.9,0.7000000000000001,0.2,0.3,1.6,0.8,4.1,0.6000000000000001,400,111.1,109.8,109.8,106.1,106.9,106.9,5.0,2.9,2.9,0.18,1.87,27.6,0.03,0.143,0.089,14.8,14.8,0.549,0.561,0.144,0.151,98.81,99.03,82.52,99.03,0.08,2045,115,235,1.6,3.2,2022,72.0,87.0,65.0,75.0,65.0,95.0,70.0,68.0,40.0,88.0,30.0,44.0,58.0,50.0,69.0,67.0,67.0,73.0,56.0,68.0,60.0,60.0,68.0,62.0,70.0,85.0,95.0,83.0,69.0,68.0,64.0,62.0,66.0,41.0,65.0,69.0
Juancho Hernangomez,UTA,40,20,20,0.5,11.1,1.1,2.7,0.415,0.6000000000000001,1.7,0.348,0.5,0.9,0.559,0.7000000000000001,1.8,2.5,0.5,0.4,0.4,0.3,0.2,0.6000000000000001,0.5,3.3,-0.1,336,113.5,113.7,113.7,112.5,113.3,113.3,1.1,0.5,0.5,0.064,1.25,12.7,0.063,0.155,0.11,10.2,10.2,0.528,0.542,0.133,0.137,97.53,97.07,80.89,97.07,0.075,895,44,106,1.1,2.7,2022,72.0,69.0,68.0,78.0,64.0,75.0,55.0,72.0,60.0,70.0,70.0,68.0,70.0,42.0,72.0,64.0,64.0,46.0,60.0,62.0,47.0,55.0,62.0,60.0,70.0,80.0,80.0,83.0,55.0,64.0,47.0,62.0,31.0,60.0,68.0,64.0
Julius Randle,NYK,72,32,40,0.444,35.3,7.1,17.3,0.411,1.7,5.4,0.308,4.2,5.6,0.756,1.7,8.2,9.9,5.1,3.4,0.7000000000000001,0.5,0.9,2.8,4.6,20.1,-2.3,117,106.7,108.0,108.0,110.0,111.6,111.6,-3.3,-3.6,-3.6,0.251,1.51,18.2,0.045,0.225,0.132,12.0,12.0,0.459,0.509,0.279,0.284,98.98,97.68,81.4,97.68,0.128,5187,512,1246,7.1,17.3,2022,82.0,75.0,71.0,73.0,76.0,70.0,80.0,87.0,85.0,80.0,79.0,60.0,86.0,82.0,85.0,77.0,73.0,37.0,55.0,73.0,52.0,75.0,73.0,87.0,69.0,95.0,90.0,84.0,74.0,77.0,68.0,84.0,72.0,51.0,86.0,76.0
Justin Champagnie,TOR,36,21,15,0.583,7.8,0.9,1.9,0.463,0.3,0.8,0.357,0.3,0.3,1.0,1.0,1.0,2.0,0.3,0.2,0.2,0.1,0.1,0.9,0.3,2.3,1.4,437,115.7,115.4,115.4,109.5,108.0,108.0,6.2,7.4,7.4,0.051,1.38,12.2,0.111,0.126,0.118,8.9,8.9,0.537,0.5710000000000001,0.111,0.116,98.48,99.31,82.75,99.31,0.07,585,31,67,0.9,1.9,2022,70.0,70.0,67.0,75.0,71.0,75.0,50.0,74.0,65.0,75.0,48.0,44.0,40.0,45.0,75.0,49.0,52.0,42.0,53.0,55.0,52.0,40.0,73.0,40.0,78.0,80.0,92.0,80.0,62.0,65.0,66.0,62.0,30.0,78.0,62.0,70.5
Justin Holiday,SAC,74,25,49,0.338,27.8,3.5,8.9,0.394,2.4,6.5,0.367,0.7000000000000001,0.8,0.806,0.4,2.2,2.6,1.7,0.9,0.8,0.4,0.2,2.1,1.1,10.1,-2.8,51,107.8,108.8,108.8,113.3,113.9,113.9,-5.5,-5.1,-5.1,0.086,1.83,14.4,0.014,0.08,0.046,7.9,7.9,0.528,0.543,0.156,0.159,101.02,100.27,83.56,100.27,0.057,4302,261,662,3.5,8.9,2022,72.0,74.0,79.0,80.0,82.0,80.0,75.0,73.0,60.0,73.0,40.0,42.0,43.0,50.0,63.0,60.0,75.0,41.0,53.0,74.0,78.0,65.0,53.0,45.0,82.0,85.0,80.0,78.0,65.0,72.0,50.0,69.0,36.0,32.0,47.0,73.0
Justise Winslow,POR,48,24,24,0.5,16.1,2.3,5.4,0.428,0.3,1.4,0.227,0.8,1.4,0.591,1.0,3.2,4.2,1.8,1.0,0.7000000000000001,0.5,0.5,1.4,1.1,5.7,0.6000000000000001,421,108.9,108.1,108.1,105.8,105.9,105.9,3.1,2.1,2.1,0.155,1.71,20.0,0.06,0.177,0.12,11.7,11.7,0.457,0.479,0.178,0.183,102.84,103.14,85.95,103.14,0.093,1661,110,257,2.3,5.4,2022,75.0,77.0,52.0,57.0,59.0,75.0,60.0,74.0,40.0,70.0,42.0,44.0,48.0,62.0,87.0,63.0,79.0,66.0,68.0,77.0,78.0,70.0,75.0,65.0,74.0,90.0,80.0,82.0,75.0,74.0,73.0,64.0,62.0,60.0,78.0,77.5
Kai Jones,CHA,21,14,7,0.667,3.0,0.4,0.7000000000000001,0.643,0.0,0.1,0.5,0.1,0.4,0.375,0.1,0.4,0.5,0.2,0.3,0.0,0.1,0.0,0.4,0.3,1.0,-0.7000000000000001,502,99.1,93.4,93.4,105.9,104.4,104.4,-6.8,-11.1,-11.1,0.103,0.67,14.3,0.045,0.114,0.081,21.4,21.8,0.679,0.628,0.15,0.16,100.07,103.76,86.46,103.76,0.065,136,9,14,0.4,0.7000000000000001,2022,72.0,68.0,69.0,69.0,69.0,60.0,60.0,64.0,80.0,80.0,41.0,40.0,40.0,42.0,37.0,78.0,47.0,42.0,77.0,84.0,67.0,65.0,66.0,65.0,69.0,84.0,75.0,80.0,38.0,35.0,57.0,48.0,30.0,75.0,70.0,65.5
Karl-Anthony Towns,MIN,74,44,30,0.595,33.5,8.7,16.4,0.529,2.0,4.9,0.41,5.2,6.3,0.8220000000000001,2.6,7.2,9.8,3.6,3.1,1.0,1.1,1.2,3.6,5.8,24.6,3.7,79,114.3,116.9,116.9,110.5,111.6,111.6,3.8,5.3,5.3,0.177,1.19,14.2,0.074,0.21,0.141,11.9,11.8,0.591,0.64,0.272,0.277,103.16,101.48,84.57,101.48,0.159,5232,642,1214,8.7,16.4,2022,89.0,98.0,74.0,86.0,82.0,80.0,98.0,85.0,90.0,75.0,86.0,84.0,86.0,85.0,98.0,69.0,50.0,42.0,72.0,79.0,60.0,55.0,76.0,87.0,70.0,98.0,95.0,82.0,60.0,65.0,66.0,79.0,66.0,65.0,84.0,68.5
Keita Bates-Diop,SAS,59,23,36,0.39,16.2,2.3,4.5,0.517,0.3,0.9,0.309,0.8,1.0,0.754,1.1,2.9,3.9,0.7000000000000001,0.8,0.5,0.2,0.4,1.0,0.8,5.7,0.1,427,107.4,107.0,107.0,106.8,106.2,106.2,0.6000000000000001,0.8,0.8,0.059,0.91,10.9,0.061,0.163,0.112,12.0,12.0,0.549,0.578,0.144,0.149,101.77,102.27,85.22,102.27,0.092,2032,136,263,2.3,4.5,2022,74.0,83.0,72.0,73.0,69.0,75.0,65.0,74.0,55.0,65.0,54.0,63.0,60.0,50.0,70.0,63.0,63.0,42.0,51.0,60.0,60.0,35.0,77.0,60.0,72.0,80.0,70.0,76.0,58.0,66.0,66.0,56.0,31.0,58.0,72.0,75.5
Keldon Johnson,SAS,75,33,42,0.44,31.9,6.3,13.5,0.466,2.1,5.3,0.398,2.4,3.1,0.756,1.1,5.0,6.1,2.1,1.2,0.8,0.2,0.8,2.0,2.5,17.0,1.0,70,111.4,113.2,113.2,110.3,111.1,111.1,1.1,2.1,2.1,0.091,1.72,11.6,0.031,0.148,0.089,6.8,6.7,0.545,0.5740000000000001,0.21,0.213,102.65,101.51,84.59,101.51,0.102,5043,471,1011,6.3,13.5,2022,82.0,87.0,78.0,83.0,65.0,98.0,95.0,85.0,65.0,65.0,52.0,54.0,60.0,72.0,95.0,63.0,69.0,40.0,37.0,64.0,51.0,65.0,76.0,70.0,71.0,90.0,95.0,80.0,74.0,79.0,73.0,74.0,38.0,42.0,67.0,76.5
Keljin Blevins,POR,31,4,27,0.129,11.3,1.1,3.6,0.306,0.7000000000000001,2.3,0.292,0.2,0.4,0.545,0.5,0.9,1.5,0.6000000000000001,0.5,0.4,0.0,0.2,0.9,0.2,3.1,-6.7,315,97.0,97.1,97.1,125.4,124.9,124.9,-28.4,-27.7,-27.7,0.083,1.12,12.5,0.042,0.09,0.064,11.2,11.2,0.401,0.41,0.161,0.166,100.69,100.85,84.04,100.85,0.025,732,34,111,1.1,3.6,2022,69.0,65.0,69.0,71.0,74.0,75.0,60.0,68.0,45.0,65.0,40.0,45.0,49.0,55.0,69.0,60.0,69.0,38.0,35.0,70.0,68.0,50.0,72.0,68.0,79.0,85.0,65.0,80.0,66.0,71.0,69.0,65.0,40.0,55.0,46.0,72.0
Kelly Olynyk,DET,40,13,27,0.325,19.1,3.2,7.2,0.448,1.0,3.0,0.336,1.7,2.2,0.775,1.4,3.1,4.4,2.8,1.5,0.8,0.5,0.3,2.5,2.7,9.1,-1.8,211,107.8,108.4,108.4,113.2,113.3,113.3,-5.4,-4.9,-4.9,0.214,1.91,22.6,0.067,0.17,0.116,11.8,11.7,0.517,0.561,0.207,0.214,102.03,101.76,84.8,101.76,0.105,1623,128,286,3.2,7.2,2022,76.0,79.0,71.0,77.0,60.0,98.0,90.0,75.0,70.0,60.0,79.0,79.0,79.0,79.0,78.0,70.0,50.0,59.0,62.0,66.0,45.0,65.0,31.0,70.0,55.0,89.0,88.0,82.0,60.0,42.0,25.0,66.0,71.0,61.0,71.0,34.0
Kelly Oubre Jr.,CHA,76,39,37,0.513,26.3,5.4,12.3,0.44,2.5,7.3,0.345,1.7,2.5,0.667,1.0,2.9,4.0,1.1,0.9,1.0,0.4,0.6000000000000001,2.5,2.1,15.0,-0.3,44,111.1,112.3,112.3,111.6,112.4,112.4,-0.4,-0.2,-0.2,0.063,1.25,7.2,0.036,0.106,0.071,5.8,5.7,0.542,0.56,0.223,0.228,102.78,101.87,84.89,101.87,0.086,4235,410,932,5.4,12.3,2022,79.0,83.0,76.0,78.0,63.0,94.0,90.0,86.0,40.0,84.0,35.0,42.0,33.0,74.0,88.0,49.0,74.0,53.0,55.0,70.0,75.0,55.0,72.0,58.0,95.0,90.0,75.0,84.0,70.0,78.0,69.0,80.0,32.0,46.0,55.0,79.0
Kenrich Williams,OKC,49,17,32,0.347,21.9,3.0,6.5,0.461,0.8,2.5,0.339,0.6000000000000001,1.1,0.545,1.5,3.0,4.5,2.2,0.9,0.9,0.2,0.4,1.7,1.5,7.4,0.5,258,102.2,102.0,102.0,100.4,100.3,100.3,1.8,1.7,1.7,0.159,2.35,21.7,0.062,0.123,0.092,9.3,9.3,0.525,0.532,0.153,0.157,99.13,99.24,82.7,99.24,0.101,2211,146,317,3.0,6.5,2022,75.0,93.0,79.0,77.0,53.0,75.0,75.0,70.0,40.0,65.0,40.0,52.0,54.0,55.0,90.0,62.0,63.0,59.0,47.0,60.0,60.0,45.0,66.0,63.0,72.0,80.0,90.0,80.0,69.0,69.0,63.0,69.0,60.0,60.0,61.0,70.5
Kent Bazemore,LAL,39,16,23,0.41,14.0,1.2,3.6,0.324,0.7000000000000001,2.1,0.363,0.3,0.4,0.765,0.3,1.4,1.8,0.9,0.5,0.6000000000000001,0.2,0.0,1.8,0.6000000000000001,3.4,-3.0,289,99.8,99.8,99.8,108.7,108.7,108.7,-8.9,-8.9,-8.9,0.085,1.62,16.8,0.022,0.097,0.059,10.4,10.4,0.428,0.451,0.128,0.13,103.8,103.78,86.48,103.78,0.032,1171,45,139,1.2,3.6,2022,71.0,69.0,52.0,80.0,68.0,75.0,50.0,77.0,35.0,75.0,30.0,47.0,70.0,50.0,84.0,45.0,77.0,66.0,55.0,77.0,68.0,75.0,80.0,46.0,82.0,88.0,89.0,82.0,75.0,73.0,77.0,70.0,35.0,37.0,52.0,79.5
Kentavious Caldwell-Pope,WAS,77,34,43,0.442,30.2,4.7,10.8,0.435,2.1,5.3,0.39,1.8,2.0,0.89,0.5,2.9,3.4,1.9,1.3,1.1,0.3,0.3,1.8,2.0,13.2,-3.0,76,108.6,109.1,109.1,112.9,113.8,113.8,-4.3,-4.7,-4.7,0.09,1.49,12.8,0.018,0.093,0.056,8.6,8.5,0.531,0.5680000000000001,0.185,0.189,99.92,99.28,82.73,99.28,0.08,4816,361,829,4.7,10.8,2022,76.0,77.0,89.0,83.0,90.0,80.0,75.0,76.0,35.0,73.0,35.0,58.0,35.0,40.0,80.0,45.0,84.0,53.0,47.0,82.0,82.0,80.0,85.0,60.0,69.0,92.0,85.0,84.0,75.0,75.0,80.0,82.0,37.0,35.0,50.0,83.0
Keon Johnson,POR,37,8,29,0.216,18.8,2.6,7.4,0.353,0.9,2.7,0.34,1.1,1.4,0.804,0.6000000000000001,1.5,2.2,2.1,1.2,0.8,0.3,0.6000000000000001,1.9,1.2,7.2,-7.8,239,100.1,100.8,100.8,118.1,119.8,119.8,-18.0,-19.0,-19.0,0.174,1.65,18.2,0.031,0.083,0.056,11.0,11.0,0.415,0.453,0.207,0.211,100.97,99.9,83.25,99.9,0.052,1444,96,272,2.6,7.4,2022,71.0,66.0,68.0,77.0,71.0,60.0,35.0,70.0,35.0,85.0,35.0,35.0,35.0,45.0,80.0,45.0,70.0,59.0,56.0,69.0,68.0,65.0,97.0,40.0,99.0,88.0,85.0,80.0,75.0,75.0,84.0,82.0,63.0,43.0,47.0,90.0
Kessler Edwards,BKN,48,22,26,0.458,20.6,2.3,5.6,0.412,1.0,2.8,0.353,0.3,0.4,0.842,0.9,2.7,3.6,0.6000000000000001,0.9,0.6000000000000001,0.5,0.4,1.8,0.5,5.9,-1.3,211,111.2,112.2,112.2,114.3,115.5,115.5,-3.2,-3.3,-3.3,0.04,0.74,8.9,0.043,0.124,0.084,12.1,12.1,0.502,0.516,0.132,0.136,101.69,100.72,83.93,100.72,0.051,2075,110,267,2.3,5.6,2022,71.0,64.0,72.0,79.0,80.0,70.0,75.0,68.0,60.0,65.0,50.0,50.0,50.0,45.0,80.0,59.0,63.0,42.0,62.0,67.0,66.0,45.0,72.0,77.0,70.0,80.0,75.0,80.0,50.0,64.0,59.0,64.0,29.0,50.0,60.0,71.0
Kevin Durant,BKN,55,36,19,0.655,37.2,10.5,20.3,0.518,2.1,5.5,0.383,6.8,7.4,0.91,0.5,6.9,7.4,6.4,3.5,0.9,0.9,0.7000000000000001,2.1,5.9,29.9,4.9,73,114.6,116.2,116.2,107.6,109.7,109.7,6.9,6.5,6.5,0.274,1.84,19.1,0.015,0.166,0.097,10.4,10.4,0.5700000000000001,0.634,0.31,0.314,102.88,101.17,84.31,101.17,0.18,4311,578,1115,10.5,20.3,2022,96.0,98.0,98.0,88.0,88.0,98.0,98.0,95.0,60.0,85.0,74.0,86.0,86.0,92.0,98.0,68.0,85.0,38.0,62.0,85.0,75.0,85.0,80.0,63.0,77.0,94.0,85.0,88.0,78.0,92.0,80.0,88.0,74.0,45.0,75.0,82.5
Kevin Huerter,ATL,74,40,34,0.541,29.6,4.7,10.3,0.454,2.2,5.6,0.389,0.6000000000000001,0.7000000000000001,0.808,0.4,3.0,3.4,2.7,1.2,0.7000000000000001,0.4,0.3,2.5,0.8,12.1,2.3,65,115.5,116.4,116.4,111.9,112.5,112.5,3.7,3.8,3.8,0.125,2.23,18.9,0.014,0.098,0.056,8.5,8.5,0.559,0.5700000000000001,0.169,0.172,100.98,100.31,83.59,100.31,0.072,4570,345,760,4.7,10.3,2022,76.0,94.0,87.0,82.0,79.0,80.0,85.0,73.0,30.0,65.0,25.0,58.0,35.0,45.0,80.0,44.0,64.0,40.0,51.0,63.0,64.0,35.0,84.0,50.0,75.0,85.0,75.0,83.0,74.0,76.0,72.0,76.0,51.0,33.0,52.0,75.0
Kevin Knox II,ATL,30,18,12,0.6000000000000001,7.4,1.0,2.8,0.365,0.5,1.8,0.278,0.5,0.7000000000000001,0.727,0.5,1.0,1.5,0.3,0.2,0.1,0.1,0.1,0.6000000000000001,0.5,3.1,-2.3,357,100.6,98.5,98.5,115.4,113.7,113.7,-14.7,-15.1,-15.1,0.077,1.43,8.8,0.055,0.127,0.09,6.2,6.3,0.453,0.491,0.187,0.195,101.07,102.91,85.76,102.91,0.067,478,31,85,1.0,2.8,2022,71.0,55.0,55.0,69.0,65.0,50.0,40.0,67.0,65.0,75.0,59.0,52.0,68.0,49.0,78.0,57.0,69.0,36.0,45.0,68.0,69.0,40.0,75.0,70.0,80.0,90.0,73.0,82.0,59.0,75.0,72.0,60.0,32.0,58.0,63.0,73.5
Kevin Love,CLE,74,38,36,0.514,22.5,4.4,10.3,0.43,2.5,6.4,0.392,2.2,2.7,0.838,1.2,6.1,7.2,2.2,1.3,0.4,0.2,0.2,1.4,2.3,13.6,1.3,40,108.4,108.9,108.9,107.7,107.4,107.4,0.7000000000000001,1.5,1.5,0.153,1.63,14.5,0.051,0.258,0.155,8.9,8.9,0.553,0.594,0.239,0.245,100.09,99.97,83.31,99.97,0.152,3487,327,761,4.4,10.3,2022,80.0,81.0,78.0,83.0,94.0,75.0,85.0,72.0,75.0,50.0,77.0,85.0,85.0,79.0,95.0,69.0,50.0,35.0,50.0,75.0,57.0,50.0,66.0,77.0,70.0,88.0,96.0,77.0,65.0,52.0,33.0,77.0,60.0,54.0,91.0,46.0
Kevin Porter Jr.,HOU,61,16,45,0.262,31.3,5.5,13.2,0.415,2.5,6.8,0.375,2.0,3.2,0.642,0.7000000000000001,3.7,4.4,6.2,3.1,1.1,0.4,0.7000000000000001,2.6,2.9,15.6,-4.6,39,106.1,108.3,108.3,113.4,114.9,114.9,-7.3,-6.7,-6.7,0.302,1.96,25.8,0.022,0.111,0.067,13.2,13.1,0.511,0.531,0.239,0.242,103.71,101.99,85.0,101.99,0.096,4048,335,808,5.5,13.2,2022,77.0,64.0,72.0,81.0,63.0,75.0,85.0,79.0,40.0,80.0,25.0,62.0,44.0,79.0,83.0,44.0,69.0,49.0,50.0,64.0,60.0,40.0,85.0,52.0,75.0,88.0,72.0,80.0,82.0,82.0,83.0,82.0,75.0,37.0,58.0,80.0
Kevon Looney,GSW,82,53,29,0.646,21.1,2.5,4.4,0.5710000000000001,0.0,0.0,0.0,0.9,1.5,0.6000000000000001,2.5,4.7,7.3,2.0,0.8,0.6000000000000001,0.6000000000000001,0.4,2.6,1.3,6.0,2.0,514,112.5,113.2,113.2,105.7,107.2,107.2,6.7,6.0,6.0,0.127,2.46,25.2,0.12,0.21,0.166,10.2,10.3,0.5710000000000001,0.586,0.12,0.121,100.67,99.65,83.04,99.65,0.102,3574,208,364,2.5,4.4,2022,75.0,93.0,49.0,69.0,56.0,88.0,70.0,78.0,75.0,70.0,55.0,52.0,62.0,52.0,66.0,69.0,46.0,42.0,68.0,74.0,64.0,60.0,58.0,74.0,63.0,85.0,96.0,84.0,55.0,61.0,48.0,66.0,50.0,87.0,84.0,65.5
Khem Birch,TOR,55,34,21,0.618,18.0,1.8,3.6,0.485,0.0,0.3,0.0,1.0,1.3,0.746,2.2,2.1,4.3,1.0,0.5,0.5,0.5,0.2,1.9,1.1,4.5,0.4,514,111.7,112.3,112.3,111.2,112.4,112.4,0.5,-0.1,-0.1,0.074,1.93,17.7,0.112,0.128,0.12,9.2,9.2,0.485,0.534,0.108,0.111,98.21,97.39,81.16,97.39,0.068,2021,97,200,1.8,3.6,2022,75.0,89.0,68.0,55.0,73.0,75.0,60.0,69.0,85.0,70.0,61.0,60.0,60.0,64.0,85.0,77.0,48.0,43.0,66.0,79.0,60.0,65.0,71.0,73.0,78.0,82.0,90.0,83.0,25.0,32.0,34.0,40.0,34.0,83.0,60.0,62.0
Khris Middleton,MIL,66,44,22,0.667,32.4,6.8,15.5,0.443,2.5,6.6,0.373,3.9,4.4,0.89,0.6000000000000001,4.8,5.4,5.4,2.9,1.2,0.3,0.7000000000000001,2.4,3.2,20.1,4.6,46,114.4,115.0,115.0,108.9,109.6,109.6,5.6,5.4,5.4,0.246,1.88,21.3,0.019,0.136,0.079,11.3,11.2,0.522,0.577,0.255,0.262,103.49,102.88,85.73,102.88,0.122,4613,452,1021,6.8,15.5,2022,86.0,86.0,85.0,81.0,88.0,98.0,80.0,84.0,40.0,65.0,67.0,80.0,83.0,65.0,85.0,72.0,85.0,49.0,45.0,83.0,80.0,85.0,71.0,73.0,66.0,92.0,80.0,90.0,78.0,77.0,71.0,78.0,72.0,35.0,64.0,78.5
Killian Hayes,DET,66,21,45,0.318,25.0,2.7,7.0,0.383,0.7000000000000001,2.5,0.263,0.9,1.1,0.77,0.5,2.6,3.2,4.2,1.7,1.2,0.5,0.5,2.8,1.2,6.9,-5.6,316,101.5,102.6,102.6,112.0,112.9,112.9,-10.5,-10.3,-10.3,0.243,2.5,31.5,0.02,0.108,0.061,12.6,12.6,0.431,0.461,0.154,0.157,101.24,100.32,83.6,100.32,0.066,3437,176,459,2.7,7.0,2022,71.0,73.0,70.0,66.0,91.0,65.0,40.0,74.0,25.0,60.0,35.0,55.0,60.0,45.0,85.0,49.0,69.0,70.0,58.0,69.0,70.0,55.0,75.0,56.0,70.0,89.0,85.0,83.0,82.0,83.0,74.0,84.0,72.0,36.0,55.0,74.0
Killian Tillie,MEM,36,27,9,0.75,12.8,1.2,3.5,0.339,0.8,2.4,0.314,0.1,0.2,0.625,0.6000000000000001,1.1,1.7,0.6000000000000001,0.4,0.6000000000000001,0.4,0.3,1.6,0.3,3.3,0.8,286,107.5,109.2,109.2,105.6,105.8,105.8,1.9,3.4,3.4,0.061,1.69,13.3,0.04,0.085,0.061,7.8,7.9,0.445,0.452,0.128,0.129,100.59,99.68,83.07,99.68,0.034,955,43,127,1.2,3.5,2022,69.0,62.0,72.0,74.0,78.0,70.0,70.0,57.0,75.0,60.0,69.0,68.0,69.0,50.0,80.0,49.0,32.0,73.0,68.0,50.0,54.0,30.0,50.0,60.0,71.0,80.0,75.0,80.0,50.0,60.0,33.0,60.0,31.0,48.0,47.0,42.0
Kira Lewis Jr.,NOP,24,6,18,0.25,14.2,2.5,6.1,0.404,0.5,2.4,0.224,0.4,0.5,0.833,0.4,1.3,1.6,2.0,1.1,0.5,0.0,0.3,0.7000000000000001,0.6000000000000001,5.9,-4.5,349,94.8,94.9,94.9,109.9,109.0,109.0,-15.1,-14.1,-14.1,0.239,1.88,21.7,0.023,0.083,0.052,11.5,11.5,0.449,0.466,0.209,0.215,102.36,102.71,85.6,102.71,0.079,728,59,146,2.5,6.1,2022,72.0,78.0,60.0,68.0,80.0,65.0,50.0,73.0,25.0,45.0,25.0,45.0,32.0,50.0,86.0,34.0,67.0,46.0,32.0,68.0,65.0,40.0,92.0,49.0,70.0,85.0,80.0,84.0,75.0,86.0,82.0,75.0,70.0,39.0,50.0,84.0
Kyle Anderson,MEM,69,46,23,0.667,21.5,3.0,6.8,0.446,0.5,1.6,0.33,1.0,1.5,0.638,1.0,4.3,5.3,2.7,1.0,1.1,0.7000000000000001,0.4,1.6,1.2,7.6,0.9,356,109.8,110.3,110.3,106.8,108.3,108.3,3.0,2.0,2.0,0.162,2.58,23.9,0.041,0.196,0.115,9.3,9.2,0.484,0.506,0.156,0.161,104.63,103.71,86.42,103.71,0.105,3203,209,469,3.0,6.8,2022,76.0,89.0,50.0,76.0,66.0,95.0,80.0,79.0,55.0,45.0,45.0,48.0,41.0,69.0,70.0,60.0,79.0,76.0,67.0,78.0,75.0,75.0,66.0,62.0,66.0,85.0,64.0,83.0,78.0,81.0,65.0,79.0,63.0,48.0,80.0,73.5
Kyle Kuzma,WAS,66,29,37,0.439,33.4,6.4,14.2,0.452,1.9,5.7,0.341,2.4,3.3,0.712,1.1,7.4,8.5,3.5,2.6,0.6000000000000001,0.9,0.5,1.9,2.8,17.1,-4.3,83,108.1,108.2,108.2,113.0,114.3,114.3,-4.9,-6.1,-6.1,0.164,1.38,16.2,0.032,0.213,0.126,11.8,11.8,0.52,0.547,0.238,0.243,99.51,98.94,82.45,98.94,0.118,4541,423,936,6.4,14.2,2022,81.0,94.0,70.0,77.0,74.0,95.0,95.0,85.0,75.0,75.0,52.0,55.0,55.0,79.0,90.0,61.0,63.0,36.0,62.0,65.0,44.0,55.0,72.0,74.0,75.0,85.0,95.0,83.0,66.0,77.0,67.0,78.0,63.0,42.0,85.0,72.5
Kyle Lowry,MIA,63,41,22,0.651,33.9,4.4,10.0,0.44,2.3,6.1,0.377,2.3,2.8,0.851,0.5,4.0,4.5,7.5,2.7,1.1,0.3,0.3,2.8,3.6,13.4,4.0,56,111.8,112.5,112.5,105.9,106.6,106.6,5.9,5.9,5.9,0.321,2.82,35.2,0.016,0.116,0.067,12.5,12.5,0.555,0.6000000000000001,0.178,0.181,98.89,98.25,81.88,98.25,0.112,4364,276,627,4.4,10.0,2022,82.0,88.0,81.0,81.0,88.0,98.0,60.0,80.0,25.0,25.0,38.0,44.0,40.0,50.0,95.0,68.0,86.0,46.0,45.0,86.0,84.0,85.0,84.0,67.0,72.0,96.0,97.0,79.0,80.0,86.0,84.0,80.0,77.0,34.0,58.0,85.0
Kyrie Irving,BKN,29,14,15,0.483,37.6,10.0,21.2,0.469,3.4,8.2,0.418,4.1,4.4,0.915,0.6000000000000001,3.8,4.4,5.8,2.5,1.4,0.6000000000000001,0.9,2.8,3.8,27.4,4.2,5,117.0,118.9,118.9,112.3,113.8,113.8,4.7,5.2,5.2,0.235,2.29,18.5,0.015,0.096,0.057,8.1,8.0,0.55,0.592,0.283,0.291,102.24,100.75,83.96,100.75,0.135,2292,289,616,10.0,21.2,2022,89.0,97.0,94.0,85.0,93.0,90.0,98.0,95.0,25.0,30.0,35.0,70.0,64.0,80.0,96.0,32.0,73.0,53.0,53.0,75.0,86.0,60.0,85.0,37.0,81.0,97.0,87.0,80.0,88.0,99.0,85.0,89.0,72.0,33.0,52.0,80.5
LaMelo Ball,CHA,75,39,36,0.52,32.3,7.2,16.7,0.429,2.9,7.5,0.389,2.8,3.2,0.872,1.4,5.2,6.7,7.6,3.3,1.6,0.4,0.7000000000000001,3.2,3.2,20.1,1.3,23,112.9,114.0,114.0,111.8,112.5,112.5,1.1,1.5,1.5,0.341,2.33,26.4,0.042,0.157,0.098,11.3,11.3,0.517,0.554,0.271,0.277,103.71,102.88,85.74,102.88,0.132,5200,538,1254,7.2,16.7,2022,87.0,83.0,76.0,82.0,86.0,98.0,98.0,89.0,45.0,75.0,52.0,58.0,52.0,82.0,98.0,45.0,79.0,73.0,51.0,79.0,89.0,75.0,84.0,50.0,79.0,93.0,89.0,82.0,92.0,88.0,84.0,92.0,92.0,48.0,68.0,83.5
Lamar Stevens,CLE,63,35,28,0.556,16.1,2.5,5.1,0.489,0.3,1.0,0.277,0.8,1.2,0.707,0.7000000000000001,1.9,2.6,0.7000000000000001,0.7000000000000001,0.5,0.3,0.4,1.7,0.9,6.1,-0.6000000000000001,428,109.4,108.4,108.4,109.6,109.7,109.7,-0.2,-1.3,-1.3,0.066,1.07,10.1,0.048,0.112,0.081,9.4,9.4,0.517,0.544,0.169,0.176,97.59,98.0,81.67,98.0,0.068,2066,156,319,2.5,5.1,2022,75.0,68.0,86.0,71.0,72.0,74.0,65.0,68.0,65.0,80.0,61.0,58.0,64.0,45.0,86.0,60.0,69.0,43.0,56.0,66.0,65.0,55.0,79.0,60.0,91.0,80.0,90.0,80.0,62.0,67.0,69.0,55.0,32.0,51.0,56.0,75.0
Landry Shamet,PHX,69,53,16,0.768,20.8,2.8,7.0,0.394,1.8,4.8,0.368,1.0,1.2,0.84,0.2,1.6,1.8,1.6,0.6000000000000001,0.4,0.1,0.4,1.3,1.0,8.3,2.0,101,107.3,107.8,107.8,102.9,102.9,102.9,4.4,4.9,4.9,0.104,2.63,16.3,0.01,0.072,0.041,6.2,6.1,0.521,0.55,0.16,0.167,102.15,101.89,84.9,101.89,0.069,3045,191,485,2.8,7.0,2022,73.0,77.0,74.0,80.0,86.0,94.0,85.0,79.0,35.0,50.0,30.0,38.0,26.0,62.0,76.0,25.0,60.0,36.0,40.0,57.0,50.0,35.0,85.0,41.0,80.0,85.0,81.0,81.0,79.0,78.0,82.0,77.0,39.0,31.0,45.0,80.5
Larry Nance Jr.,NOP,46,19,27,0.413,22.6,2.8,5.4,0.522,0.5,1.5,0.329,0.9,1.2,0.7020000000000001,1.6,3.8,5.4,1.8,0.8,0.9,0.4,0.2,1.8,1.4,7.0,-1.3,357,110.5,110.7,110.7,111.6,112.6,112.6,-1.1,-1.9,-1.9,0.115,2.19,20.7,0.069,0.173,0.12,9.5,9.5,0.5690000000000001,0.59,0.128,0.131,98.71,98.16,81.8,98.16,0.098,2118,129,247,2.8,5.4,2022,76.0,87.0,79.0,76.0,61.0,95.0,70.0,72.0,85.0,85.0,58.0,54.0,69.0,60.0,78.0,68.0,48.0,59.0,58.0,75.0,89.0,55.0,65.0,69.0,86.0,88.0,85.0,83.0,69.0,64.0,49.0,70.0,43.0,62.0,74.0,60.5
Lauri Markkanen,CLE,61,32,29,0.525,30.8,5.1,11.5,0.445,2.2,6.2,0.358,2.3,2.6,0.868,1.0,4.7,5.7,1.3,0.9,0.7000000000000001,0.5,0.8,2.1,2.4,14.8,2.8,60,113.6,113.9,113.9,109.1,109.9,109.9,4.5,3.9,3.9,0.062,1.5,8.9,0.033,0.147,0.092,5.9,5.9,0.542,0.582,0.192,0.195,98.22,97.7,81.41,97.7,0.097,3831,313,703,5.1,11.5,2022,78.0,82.0,84.0,79.0,86.0,75.0,80.0,68.0,70.0,70.0,73.0,74.0,74.0,82.0,85.0,66.0,49.0,40.0,53.0,66.0,54.0,45.0,63.0,61.0,62.0,85.0,58.0,80.0,55.0,65.0,42.0,70.0,32.0,42.0,67.0,57.5
LeBron James,LAL,56,25,31,0.446,37.2,11.4,21.8,0.524,2.9,8.0,0.359,4.5,6.0,0.756,1.1,7.1,8.2,6.2,3.5,1.3,1.1,0.8,2.2,5.5,30.3,-2.1,25,110.1,110.9,110.9,112.0,113.5,113.5,-1.9,-2.5,-2.5,0.297,1.78,18.4,0.031,0.185,0.109,10.4,10.2,0.59,0.619,0.317,0.327,102.02,100.92,84.1,100.92,0.18,4380,640,1221,11.4,21.8,2022,96.0,91.0,81.0,79.0,77.0,98.0,98.0,97.0,75.0,90.0,79.0,90.0,87.0,95.0,98.0,82.0,89.0,69.0,70.0,90.0,97.0,70.0,87.0,89.0,89.0,99.0,90.0,97.0,90.0,87.0,85.0,94.0,84.0,67.0,77.0,87.5
Leandro Bolmaro,MIN,35,19,16,0.543,6.9,0.5,1.5,0.315,0.1,0.5,0.278,0.3,0.4,0.846,0.5,0.8,1.2,0.6000000000000001,0.4,0.2,0.0,0.0,0.7000000000000001,0.5,1.4,0.1,470,105.7,102.6,102.6,104.6,102.5,102.5,1.1,0.2,0.2,0.118,1.62,22.3,0.062,0.107,0.084,13.8,13.9,0.361,0.419,0.122,0.127,102.98,105.58,87.99,105.58,0.038,531,17,54,0.5,1.5,2022,71.0,70.0,70.0,74.0,83.0,55.0,60.0,76.0,30.0,60.0,55.0,60.0,44.0,52.0,80.0,52.0,71.0,40.0,25.0,62.0,74.0,60.0,68.0,38.0,54.0,85.0,70.0,80.0,74.0,76.0,67.0,79.0,42.0,59.0,56.0,70.5
Lindell Wigginton,MIL,19,11,8,0.579,10.5,1.4,3.2,0.426,0.5,1.4,0.346,1.0,1.8,0.543,0.2,1.2,1.3,1.2,0.6000000000000001,0.3,0.1,0.3,0.9,1.6,4.2,-2.5,376,110.3,107.3,107.3,119.4,119.2,119.2,-9.2,-11.8,-11.8,0.167,1.92,20.7,0.015,0.106,0.062,10.8,10.8,0.5,0.524,0.183,0.192,103.33,104.86,87.38,104.86,0.06,437,26,61,1.4,3.2,2022,69.0,67.0,68.0,78.0,69.0,70.0,65.0,79.0,30.0,60.0,25.0,40.0,25.0,50.0,75.0,27.0,68.0,40.0,37.0,68.0,67.0,50.0,75.0,44.0,72.0,84.0,71.0,84.0,69.0,75.0,74.0,70.0,61.0,33.0,53.0,73.5
Lindy Waters III,OKC,25,6,19,0.24,18.6,2.8,7.0,0.406,2.1,5.8,0.363,0.2,0.2,0.8,0.2,2.7,2.9,1.0,0.4,0.8,0.3,0.1,1.2,0.4,8.0,-1.6,70,108.5,108.5,108.5,114.1,113.2,113.2,-5.6,-4.7,-4.7,0.078,2.18,11.3,0.012,0.14,0.075,5.2,5.2,0.557,0.562,0.166,0.171,102.41,102.81,85.67,102.81,0.082,1000,71,175,2.8,7.0,2022,71.0,74.0,77.0,79.0,85.0,50.0,80.0,70.0,25.0,65.0,28.0,54.0,34.0,40.0,70.0,53.0,67.0,59.0,56.0,62.0,62.0,40.0,60.0,33.0,67.0,83.0,70.0,80.0,59.0,64.0,50.0,57.0,35.0,31.0,63.0,64.5
Lonnie Walker IV,SAS,70,27,43,0.386,23.0,4.4,10.9,0.407,1.6,5.0,0.314,1.7,2.1,0.784,0.3,2.3,2.6,2.2,1.0,0.6000000000000001,0.3,0.4,1.4,1.3,12.1,-1.1,129,108.5,108.5,108.5,110.9,111.5,111.5,-2.4,-3.0,-3.0,0.137,2.14,14.4,0.01,0.095,0.053,6.7,6.7,0.48,0.512,0.232,0.239,102.58,102.29,85.24,102.29,0.083,3447,311,764,4.4,10.9,2022,75.0,87.0,73.0,74.0,83.0,75.0,70.0,82.0,40.0,75.0,48.0,53.0,48.0,67.0,75.0,55.0,74.0,40.0,50.0,62.0,65.0,35.0,91.0,64.0,83.0,85.0,65.0,82.0,70.0,78.0,77.0,67.0,51.0,31.0,51.0,84.5
Lonzo Ball,CHI,35,22,13,0.629,34.6,4.6,10.9,0.423,3.1,7.4,0.423,0.6000000000000001,0.8,0.75,1.0,4.4,5.4,5.1,2.3,1.8,0.9,0.5,2.4,1.1,13.0,2.3,8,109.2,110.1,110.1,106.0,107.0,107.0,3.2,3.1,3.1,0.203,2.17,27.2,0.029,0.125,0.077,12.5,12.5,0.5670000000000001,0.5750000000000001,0.17,0.172,100.97,100.11,83.43,100.11,0.097,2530,162,383,4.6,10.9,2022,82.0,55.0,65.0,84.0,79.0,92.0,85.0,79.0,30.0,75.0,35.0,44.0,40.0,59.0,84.0,60.0,86.0,80.0,62.0,85.0,90.0,85.0,85.0,52.0,80.0,93.0,70.0,80.0,88.0,86.0,85.0,89.0,70.0,41.0,62.0,85.5
Luguentz Dort,OKC,51,17,34,0.333,32.7,5.7,14.2,0.404,2.5,7.7,0.332,3.2,3.7,0.843,0.7000000000000001,3.4,4.2,1.7,1.7,0.9,0.4,0.9,2.9,3.5,17.2,-5.8,38,101.1,101.9,101.9,109.1,110.1,110.1,-8.0,-8.1,-8.1,0.087,1.0,8.9,0.02,0.097,0.058,8.9,8.9,0.493,0.541,0.228,0.232,101.59,100.75,83.96,100.75,0.077,3490,293,726,5.7,14.2,2022,77.0,83.0,63.0,76.0,84.0,90.0,75.0,86.0,50.0,85.0,40.0,38.0,44.0,60.0,72.0,52.0,83.0,41.0,50.0,82.0,82.0,80.0,79.0,70.0,87.0,92.0,94.0,80.0,62.0,72.0,76.0,62.0,36.0,36.0,52.0,82.0
Luka Garza,DET,32,3,29,0.094,12.2,2.1,4.6,0.449,0.5,1.5,0.327,1.2,1.9,0.623,1.8,1.3,3.1,0.6000000000000001,0.6000000000000001,0.3,0.2,0.5,1.7,1.8,5.8,-2.0,357,102.7,104.6,104.6,110.9,110.9,110.9,-8.3,-6.3,-6.3,0.086,1.11,9.6,0.13,0.116,0.124,8.6,8.5,0.503,0.535,0.195,0.201,103.13,102.18,85.15,102.18,0.075,823,66,147,2.1,4.6,2022,71.0,82.0,70.0,75.0,70.0,85.0,85.0,69.0,60.0,45.0,69.0,69.0,69.0,59.0,73.0,54.0,30.0,38.0,53.0,52.0,56.0,30.0,40.0,66.0,48.0,80.0,58.0,80.0,55.0,35.0,34.0,55.0,35.0,84.0,56.0,36.0
Luke Kennard,LAC,70,35,35,0.5,27.4,4.1,9.1,0.449,2.7,6.0,0.449,1.0,1.1,0.896,0.3,3.0,3.3,2.1,0.9,0.6000000000000001,0.1,0.2,1.4,0.7000000000000001,11.9,2.6,29,108.8,110.0,110.0,105.4,106.6,106.6,3.4,3.4,3.4,0.111,2.43,16.9,0.01,0.1,0.057,6.9,6.8,0.598,0.619,0.16,0.167,99.66,98.54,82.12,98.54,0.095,3963,287,639,4.1,9.1,2022,76.0,89.0,74.0,88.0,90.0,95.0,85.0,75.0,30.0,60.0,28.0,50.0,35.0,69.0,95.0,35.0,51.0,38.0,32.0,50.0,50.0,45.0,69.0,40.0,60.0,92.0,85.0,80.0,76.0,78.0,66.0,79.0,42.0,30.0,52.0,66.5
Luke Kornet,BOS,15,11,4,0.733,6.9,0.9,1.8,0.481,0.0,0.3,0.0,0.3,0.4,0.667,0.9,1.1,1.9,0.6000000000000001,0.0,0.2,0.2,0.1,0.6000000000000001,0.3,2.0,1.5,514,118.5,117.2,117.2,110.1,106.8,106.8,8.3,10.4,10.4,0.108,0.0,23.7,0.118,0.142,0.13,0.0,0.0,0.481,0.506,0.112,0.119,100.77,102.89,85.74,102.89,0.084,221,13,27,0.9,1.8,2022,70.0,73.0,56.0,70.0,83.0,30.0,70.0,60.0,75.0,60.0,69.0,68.0,69.0,68.0,85.0,74.0,32.0,42.0,66.0,76.0,54.0,70.0,38.0,66.0,62.0,85.0,85.0,77.0,50.0,43.0,33.0,60.0,47.0,75.0,66.0,35.5
Mac McClung,LAL,2,2,0,1.0,12.2,1.5,3.0,0.5,0.5,1.5,0.333,0.5,0.5,1.0,0.0,1.5,1.5,0.5,1.5,0.5,0.5,0.5,2.5,1.0,4.0,3.5,357,122.7,124.5,124.5,106.9,105.4,105.4,15.8,19.2,19.2,0.059,0.33,10.0,0.0,0.107,0.067,30.0,28.7,0.583,0.621,0.164,0.172,107.29,107.29,89.41,107.29,0.024,53,3,6,1.5,3.0,2022,67.0,72.0,64.0,75.0,64.0,70.0,40.0,74.0,35.0,75.0,44.0,45.0,43.0,39.0,75.0,40.0,67.0,52.0,42.0,50.0,58.0,40.0,79.0,48.0,82.0,84.0,80.0,82.0,69.0,69.0,78.0,68.0,55.0,29.0,67.0,74.5
Malachi Flynn,TOR,44,25,19,0.5680000000000001,12.2,1.6,4.2,0.393,0.7000000000000001,2.0,0.333,0.3,0.5,0.625,0.2,1.2,1.4,1.6,0.3,0.5,0.1,0.2,1.0,0.7000000000000001,4.3,-0.6000000000000001,312,107.8,109.2,109.2,111.0,111.8,111.8,-3.2,-2.6,-2.6,0.185,5.38,25.4,0.016,0.097,0.053,4.7,4.7,0.475,0.488,0.157,0.161,100.98,99.97,83.31,99.97,0.074,1120,72,183,1.6,4.2,2022,74.0,89.0,79.0,76.0,83.0,84.0,80.0,84.0,25.0,25.0,25.0,37.0,25.0,69.0,73.0,27.0,69.0,56.0,42.0,69.0,68.0,55.0,73.0,44.0,65.0,83.0,70.0,82.0,74.0,76.0,73.0,73.0,67.0,34.0,53.0,74.5
Malcolm Brogdon,IND,36,14,22,0.389,33.5,6.8,15.1,0.448,1.6,5.2,0.312,4.0,4.6,0.856,0.9,4.2,5.1,5.9,2.1,0.8,0.4,1.1,2.0,3.7,19.1,0.0,127,108.5,110.8,110.8,111.1,111.1,111.1,-2.6,-0.4,-0.4,0.271,2.75,23.6,0.026,0.121,0.074,8.6,8.5,0.501,0.557,0.241,0.247,99.53,98.49,82.07,98.49,0.129,2479,243,543,6.8,15.1,2022,82.0,89.0,79.0,79.0,87.0,90.0,85.0,87.0,40.0,70.0,44.0,45.0,40.0,92.0,92.0,65.0,77.0,40.0,50.0,77.0,74.0,65.0,77.0,56.0,72.0,93.0,95.0,84.0,89.0,86.0,77.0,92.0,73.0,40.0,62.0,78.5
Malik Beasley,MIN,79,46,33,0.582,25.0,4.2,10.8,0.391,3.0,8.1,0.377,0.6000000000000001,0.8,0.8170000000000001,0.3,2.5,2.9,1.5,0.5,0.5,0.2,0.4,1.1,0.5,12.1,1.0,13,110.5,112.1,112.1,109.4,110.1,110.1,1.1,2.0,2.0,0.085,2.7,11.3,0.012,0.1,0.054,4.2,4.2,0.532,0.544,0.189,0.193,104.34,103.24,86.03,103.24,0.081,4250,332,850,4.2,10.8,2022,75.0,70.0,71.0,81.0,73.0,95.0,75.0,75.0,45.0,78.0,63.0,65.0,41.0,72.0,76.0,48.0,66.0,37.0,40.0,60.0,54.0,45.0,75.0,55.0,79.0,93.0,85.0,84.0,69.0,79.0,68.0,70.0,36.0,32.0,52.0,75.0
Malik Monk,LAL,76,32,44,0.421,28.1,5.1,10.9,0.473,2.3,5.8,0.391,1.2,1.5,0.795,0.5,2.9,3.4,2.9,1.6,0.8,0.4,0.4,1.8,1.4,13.8,0.7000000000000001,58,112.2,113.2,113.2,112.1,112.9,112.9,0.1,0.3,0.3,0.144,1.79,17.9,0.017,0.099,0.058,10.0,10.0,0.578,0.597,0.195,0.2,102.47,101.65,84.71,101.65,0.093,4546,391,826,5.1,10.9,2022,76.0,87.0,71.0,83.0,76.0,95.0,90.0,82.0,40.0,80.0,25.0,62.0,45.0,50.0,88.0,45.0,68.0,42.0,51.0,69.0,68.0,45.0,80.0,48.0,88.0,88.0,72.0,80.0,75.0,75.0,76.0,68.0,60.0,34.0,52.0,77.0
Marcus Garrett,MIA,12,11,1,0.917,10.7,0.4,1.8,0.238,0.1,0.3,0.25,0.2,0.4,0.4,0.8,1.2,1.9,0.6000000000000001,0.2,0.4,0.3,0.3,1.3,0.4,1.1,1.4,481,118.7,114.1,114.1,109.1,108.3,108.3,9.6,5.8,5.8,0.069,3.5,21.9,0.072,0.108,0.09,6.3,6.2,0.262,0.28,0.086,0.092,93.19,95.45,79.55,95.45,0.016,256,5,21,0.4,1.8,2022,68.0,66.0,70.0,72.0,77.0,60.0,35.0,75.0,25.0,65.0,32.0,34.0,30.0,40.0,80.0,34.0,75.0,59.0,65.0,70.0,69.0,60.0,78.0,60.0,75.0,85.0,76.0,80.0,75.0,79.0,78.0,70.0,33.0,64.0,55.0,79.0
Marcus Morris Sr.,LAC,54,26,28,0.481,29.0,5.6,12.8,0.434,1.9,5.1,0.367,2.4,2.7,0.872,0.5,3.9,4.4,2.1,1.3,0.5,0.3,0.4,2.1,2.1,15.4,-2.6,96,108.1,109.2,109.2,112.7,114.0,114.0,-4.6,-4.8,-4.8,0.114,1.64,12.1,0.016,0.129,0.074,7.4,7.4,0.507,0.549,0.228,0.234,98.84,97.78,81.48,97.78,0.095,3191,300,691,5.6,12.8,2022,77.0,91.0,88.0,80.0,81.0,70.0,60.0,70.0,55.0,70.0,68.0,67.0,81.0,64.0,84.0,64.0,68.0,36.0,50.0,70.0,61.0,60.0,73.0,75.0,69.0,94.0,80.0,86.0,60.0,60.0,49.0,44.0,43.0,34.0,61.0,61.0
Marcus Smart,BOS,71,47,24,0.662,32.3,4.2,10.1,0.418,1.7,5.1,0.331,2.0,2.5,0.793,0.6000000000000001,3.2,3.8,5.9,2.2,1.7,0.3,0.4,2.3,3.3,12.1,6.2,115,114.0,114.5,114.5,103.4,105.2,105.2,10.5,9.3,9.3,0.245,2.62,30.4,0.018,0.093,0.057,11.6,11.6,0.501,0.54,0.179,0.182,100.09,99.02,82.51,99.02,0.095,4737,300,718,4.2,10.1,2022,82.0,86.0,71.0,76.0,76.0,45.0,50.0,74.0,25.0,50.0,25.0,58.0,78.0,27.0,70.0,74.0,93.0,80.0,42.0,90.0,92.0,95.0,75.0,73.0,83.0,89.0,90.0,83.0,62.0,74.0,74.0,55.0,72.0,35.0,51.0,87.0
Markelle Fultz,ORL,18,6,12,0.333,20.0,4.6,9.7,0.474,0.2,0.9,0.235,1.4,1.7,0.806,0.2,2.5,2.7,5.5,2.2,1.1,0.3,0.7000000000000001,1.2,2.0,10.8,-2.1,450,103.6,103.7,103.7,109.0,109.1,109.1,-5.3,-5.3,-5.3,0.448,2.48,30.5,0.01,0.116,0.063,12.3,12.2,0.486,0.517,0.265,0.274,103.11,103.01,85.84,103.01,0.134,774,83,175,4.6,9.7,2022,77.0,82.0,79.0,69.0,72.0,75.0,75.0,90.0,30.0,75.0,42.0,48.0,69.0,79.0,81.0,50.0,75.0,83.0,52.0,72.0,69.0,40.0,86.0,56.0,85.0,92.0,75.0,80.0,86.0,86.0,85.0,83.0,89.0,31.0,58.0,81.5
Markieff Morris,MIA,17,10,7,0.588,17.5,3.2,6.7,0.474,0.8,2.3,0.333,0.5,0.5,0.889,1.0,1.6,2.6,1.4,1.2,0.4,0.1,0.1,1.9,0.8,7.6,1.1,280,112.6,112.4,112.4,108.5,107.9,107.9,4.0,4.5,4.5,0.116,1.15,14.3,0.059,0.089,0.075,12.4,12.4,0.531,0.547,0.197,0.203,98.91,99.27,82.72,99.27,0.066,613,54,114,3.2,6.7,2022,72.0,93.0,72.0,76.0,74.0,50.0,40.0,67.0,65.0,67.0,68.0,77.0,75.0,40.0,70.0,75.0,42.0,37.0,35.0,75.0,50.0,55.0,57.0,84.0,63.0,91.0,77.0,92.0,44.0,42.0,34.0,78.0,45.0,57.0,51.0,47.0
Marquese Chriss,DAL,34,24,10,0.706,10.2,1.8,3.9,0.463,0.2,0.7000000000000001,0.32,0.6000000000000001,1.0,0.667,1.0,2.1,3.0,0.5,0.5,0.4,0.4,0.6000000000000001,1.9,1.0,4.5,-0.3,448,106.0,105.4,105.4,109.1,107.5,107.5,-3.1,-2.1,-2.1,0.079,1.0,9.3,0.096,0.197,0.147,9.3,9.3,0.493,0.518,0.205,0.212,98.87,99.91,83.26,99.91,0.082,722,62,134,1.8,3.9,2022,73.0,71.0,74.0,75.0,77.0,25.0,25.0,68.0,90.0,85.0,79.0,54.0,72.0,65.0,84.0,57.0,58.0,56.0,71.0,78.0,68.0,40.0,71.0,66.0,86.0,80.0,80.0,78.0,29.0,50.0,57.0,64.0,34.0,73.0,82.0,65.0
Marvin Bagley III,DET,48,17,31,0.354,23.9,4.7,9.3,0.504,0.5,2.0,0.237,1.4,2.1,0.663,2.2,4.9,7.0,0.8,0.8,0.5,0.4,0.6000000000000001,1.9,2.2,11.3,-2.8,375,107.7,109.3,109.3,114.1,114.9,114.9,-6.4,-5.6,-5.6,0.049,0.92,6.4,0.084,0.2,0.14,6.9,6.9,0.53,0.551,0.191,0.197,99.89,98.78,82.32,98.78,0.108,2359,225,446,4.7,9.3,2022,76.0,87.0,70.0,60.0,65.0,50.0,50.0,70.0,80.0,80.0,80.0,78.0,79.0,55.0,80.0,70.0,49.0,36.0,53.0,70.0,65.0,55.0,73.0,80.0,86.0,85.0,80.0,87.0,47.0,62.0,64.0,60.0,30.0,69.0,82.0,65.5
Mason Plumlee,CHA,73,40,33,0.548,24.6,2.8,4.4,0.641,0.0,0.0,0.0,0.9,2.3,0.392,2.4,5.3,7.7,3.1,1.4,0.8,0.7000000000000001,0.4,3.1,2.3,6.5,0.1,514,109.9,110.5,110.5,108.9,109.6,109.6,1.0,0.9,0.9,0.165,2.26,31.3,0.091,0.205,0.148,13.8,13.9,0.641,0.603,0.117,0.118,101.89,101.31,84.43,101.31,0.093,3771,205,320,2.8,4.4,2022,75.0,85.0,60.0,58.0,35.0,80.0,70.0,79.0,80.0,80.0,75.0,70.0,70.0,79.0,81.0,74.0,46.0,46.0,67.0,77.0,68.0,75.0,57.0,73.0,75.0,78.0,92.0,83.0,75.0,37.0,50.0,72.0,63.0,71.0,83.0,44.5
Matisse Thybulle,PHI,66,43,23,0.652,25.5,2.3,4.5,0.5,0.7000000000000001,2.2,0.313,0.5,0.7000000000000001,0.791,0.6000000000000001,1.7,2.3,1.1,0.6000000000000001,1.7,1.1,0.1,2.4,0.7000000000000001,5.7,1.3,312,111.0,110.9,110.9,105.9,107.2,107.2,5.1,3.8,3.8,0.063,1.92,17.4,0.026,0.064,0.045,9.0,9.0,0.5750000000000001,0.594,0.095,0.097,97.84,97.32,81.1,97.32,0.057,3398,150,300,2.3,4.5,2022,77.0,74.0,48.0,74.0,60.0,60.0,40.0,74.0,35.0,70.0,30.0,30.0,30.0,25.0,70.0,60.0,90.0,97.0,77.0,88.0,97.0,90.0,76.0,59.0,70.0,85.0,90.0,80.0,55.0,65.0,69.0,35.0,31.0,38.0,42.0,84.0
Maurice Harkless,SAC,47,15,32,0.319,18.4,1.8,3.9,0.459,0.7000000000000001,2.1,0.307,0.4,0.6000000000000001,0.714,0.3,2.1,2.4,0.5,0.7000000000000001,0.6000000000000001,0.5,0.2,1.6,0.6000000000000001,4.6,-1.9,324,106.3,106.7,106.7,111.0,110.8,110.8,-4.7,-4.2,-4.2,0.035,0.74,9.3,0.014,0.114,0.065,12.6,12.5,0.544,0.561,0.112,0.115,101.18,101.09,84.24,101.09,0.048,1812,83,181,1.8,3.9,2022,71.0,81.0,62.0,73.0,71.0,70.0,60.0,78.0,55.0,82.0,40.0,42.0,40.0,50.0,85.0,60.0,76.0,46.0,63.0,78.0,64.0,70.0,72.0,60.0,82.0,85.0,79.0,85.0,65.0,63.0,61.0,48.0,28.0,32.0,57.0,76.0
Max Strus,MIA,68,46,22,0.676,23.3,3.7,8.3,0.441,2.7,6.5,0.41,0.6000000000000001,0.8,0.792,0.4,2.6,3.0,1.4,0.8,0.4,0.2,0.2,1.7,1.0,10.6,2.5,33,113.1,113.7,113.7,107.5,108.1,108.1,5.7,5.6,5.6,0.086,1.61,12.6,0.016,0.112,0.065,7.8,7.7,0.602,0.614,0.177,0.182,97.61,97.07,80.89,97.07,0.086,3205,249,564,3.7,8.3,2022,76.0,77.0,76.0,85.0,76.0,95.0,85.0,68.0,35.0,65.0,42.0,54.0,48.0,54.0,70.0,45.0,57.0,36.0,51.0,50.0,50.0,35.0,76.0,40.0,74.0,88.0,75.0,85.0,67.0,69.0,74.0,69.0,37.0,33.0,56.0,70.5
Maxi Kleber,DAL,59,36,23,0.61,24.6,2.4,6.0,0.398,1.4,4.3,0.325,0.8,1.1,0.708,1.2,4.7,5.9,1.2,0.8,0.5,1.0,0.2,2.3,1.5,7.0,2.0,149,109.0,109.2,109.2,104.6,105.3,105.3,4.4,3.9,3.9,0.067,1.45,13.6,0.047,0.182,0.116,9.4,9.4,0.516,0.537,0.131,0.135,96.85,96.44,80.37,96.44,0.081,2916,141,354,2.4,6.0,2022,75.0,52.0,70.0,75.0,74.0,60.0,35.0,73.0,75.0,75.0,67.0,67.0,64.0,40.0,80.0,74.0,72.0,37.0,75.0,75.0,68.0,70.0,45.0,79.0,56.0,85.0,85.0,80.0,70.0,64.0,45.0,68.0,32.0,52.0,80.0,55.0
McKinley Wright IV,MIN,5,3,2,0.6000000000000001,3.8,0.4,0.6000000000000001,0.667,0.2,0.4,0.5,0.0,0.0,0.0,0.0,0.0,0.0,0.6000000000000001,0.2,0.0,0.0,0.0,0.2,0.0,1.0,-1.4,456,111.1,102.4,102.4,132.6,128.2,128.2,-21.5,-25.8,-25.8,0.231,3.0,42.9,0.0,0.0,0.0,14.3,14.3,0.833,0.833,0.082,0.089,97.24,103.04,85.87,103.04,0.06,42,2,3,0.4,0.6000000000000001,2022,68.0,69.0,69.0,71.0,84.0,50.0,45.0,74.0,25.0,50.0,25.0,32.0,25.0,45.0,77.0,25.0,71.0,63.0,45.0,70.0,69.0,50.0,84.0,32.0,83.0,80.0,78.0,80.0,70.0,75.0,84.0,66.0,69.0,40.0,41.0,81.5
Michael Porter Jr.,DEN,9,5,4,0.556,29.4,4.1,11.4,0.359,1.1,5.3,0.208,0.6000000000000001,1.0,0.556,1.0,5.6,6.6,1.9,1.3,1.1,0.2,0.4,1.8,1.1,9.9,6.4,198,103.8,104.5,104.5,94.5,94.7,94.7,9.2,9.8,9.8,0.085,1.42,12.6,0.035,0.172,0.108,8.9,8.8,0.408,0.416,0.192,0.197,100.79,100.33,83.61,100.33,0.074,556,37,103,4.1,11.4,2022,80.0,80.0,84.0,78.0,70.0,75.0,80.0,84.0,60.0,80.0,50.0,62.0,68.0,55.0,80.0,60.0,64.0,56.0,42.0,60.0,68.0,40.0,80.0,68.0,88.0,88.0,80.0,66.0,65.0,78.0,77.0,62.0,37.0,44.0,77.0,77.0
Mikal Bridges,PHX,82,64,18,0.78,34.8,5.6,10.5,0.534,1.4,3.8,0.369,1.6,1.9,0.834,0.9,3.3,4.2,2.3,0.8,1.2,0.4,0.4,1.8,1.9,14.2,7.0,150,116.0,116.7,116.7,105.1,106.9,106.9,10.9,9.8,9.8,0.084,2.72,15.7,0.027,0.089,0.06,5.8,5.8,0.601,0.627,0.149,0.152,101.74,100.59,83.82,100.59,0.091,5976,458,858,5.6,10.5,2022,83.0,97.0,70.0,80.0,88.0,98.0,95.0,75.0,40.0,75.0,35.0,42.0,54.0,55.0,80.0,69.0,82.0,46.0,51.0,82.0,86.0,85.0,80.0,62.0,85.0,92.0,95.0,84.0,78.0,79.0,72.0,88.0,36.0,39.0,50.0,83.0
Mike Conley,UTA,72,44,28,0.611,28.6,4.8,11.0,0.435,2.3,5.8,0.408,1.8,2.3,0.796,0.7000000000000001,2.4,3.0,5.3,1.7,1.3,0.3,0.4,2.0,2.2,13.7,4.8,54,113.5,112.5,112.5,105.7,104.9,104.9,7.7,7.7,7.7,0.281,3.13,28.1,0.023,0.079,0.051,9.0,9.0,0.542,0.5720000000000001,0.202,0.209,98.83,99.63,83.03,99.63,0.113,4281,344,791,4.8,11.0,2022,82.0,91.0,71.0,84.0,83.0,80.0,80.0,76.0,25.0,30.0,25.0,40.0,29.0,75.0,84.0,31.0,83.0,70.0,47.0,83.0,80.0,80.0,83.0,40.0,92.0,85.0,80.0,82.0,90.0,89.0,83.0,90.0,73.0,37.0,47.0,83.0
Mike Muscala,OKC,43,15,28,0.349,13.8,2.6,5.8,0.456,1.6,3.8,0.429,1.1,1.3,0.842,0.5,2.5,3.0,0.5,0.3,0.4,0.6000000000000001,0.2,1.3,1.1,8.0,0.5,123,105.8,106.7,106.7,105.3,104.9,104.9,0.5,1.8,1.8,0.06,1.57,7.2,0.032,0.166,0.099,4.6,4.5,0.597,0.63,0.198,0.206,102.4,102.15,85.13,102.15,0.131,1261,113,248,2.6,5.8,2022,75.0,88.0,76.0,86.0,80.0,85.0,80.0,64.0,75.0,60.0,68.0,64.0,66.0,59.0,64.0,68.0,53.0,43.0,80.0,67.0,54.0,45.0,43.0,76.0,58.0,79.0,80.0,79.0,60.0,42.0,40.0,60.0,32.0,42.0,73.0,45.5
Miles McBride,NYK,40,19,21,0.475,9.3,0.8,2.7,0.296,0.4,1.7,0.25,0.2,0.3,0.667,0.1,1.0,1.1,1.0,0.1,0.4,0.0,0.1,1.1,0.3,2.2,2.5,388,115.3,113.1,113.1,100.5,100.1,100.1,14.8,13.0,13.0,0.159,8.2,25.8,0.011,0.097,0.056,3.1,3.1,0.375,0.393,0.137,0.144,96.21,97.3,81.08,97.3,0.041,756,32,108,0.8,2.7,2022,71.0,70.0,76.0,70.0,80.0,60.0,50.0,79.0,25.0,65.0,25.0,58.0,48.0,50.0,80.0,40.0,70.0,56.0,32.0,69.0,64.0,55.0,86.0,44.0,80.0,85.0,85.0,80.0,70.0,74.0,80.0,60.0,62.0,30.0,52.0,81.0
Mitchell Robinson,NYK,72,32,40,0.444,25.7,3.6,4.8,0.761,0.0,0.0,0.0,1.2,2.5,0.486,4.1,4.5,8.6,0.5,0.8,0.8,1.8,0.4,2.7,2.0,8.5,-1.1,514,107.9,109.1,109.1,109.8,111.2,111.2,-2.0,-2.1,-2.1,0.032,0.63,7.3,0.145,0.171,0.158,11.5,11.5,0.761,0.722,0.11,0.113,98.24,97.08,80.9,97.08,0.114,3739,261,343,3.6,4.8,2022,81.0,72.0,68.0,32.0,64.0,98.0,80.0,79.0,90.0,80.0,65.0,52.0,50.0,58.0,80.0,83.0,49.0,46.0,92.0,87.0,65.0,80.0,48.0,70.0,83.0,85.0,95.0,80.0,70.0,40.0,25.0,54.0,28.0,93.0,73.0,45.0
Monte Morris,DEN,75,44,31,0.587,29.9,5.0,10.3,0.484,1.7,4.2,0.395,1.0,1.1,0.869,0.4,2.7,3.0,4.4,1.0,0.7000000000000001,0.2,0.5,1.2,1.1,12.6,3.8,119,114.6,116.3,116.3,109.9,110.4,110.4,4.7,6.0,6.0,0.201,4.27,27.3,0.013,0.087,0.052,6.4,6.4,0.5640000000000001,0.583,0.173,0.175,99.54,98.55,82.13,98.55,0.098,4601,374,773,5.0,10.3,2022,79.0,93.0,93.0,83.0,79.0,85.0,80.0,79.0,25.0,50.0,28.0,45.0,32.0,70.0,80.0,44.0,62.0,40.0,40.0,52.0,55.0,35.0,83.0,41.0,72.0,85.0,80.0,81.0,94.0,86.0,83.0,94.0,70.0,32.0,48.0,76.5
Montrezl Harrell,CHA,71,36,35,0.507,23.1,5.0,7.8,0.645,0.1,0.2,0.235,3.0,4.2,0.716,2.1,4.0,6.1,2.0,1.0,0.4,0.6000000000000001,0.5,1.9,3.5,13.1,1.2,497,111.1,111.6,111.6,108.3,108.5,108.5,2.8,3.0,3.0,0.139,2.01,16.2,0.092,0.163,0.129,8.0,8.0,0.649,0.68,0.198,0.203,99.53,99.24,82.7,99.24,0.15,3383,358,555,5.0,7.8,2022,76.0,97.0,79.0,50.0,72.0,30.0,30.0,89.0,85.0,80.0,75.0,70.0,77.0,79.0,90.0,71.0,47.0,36.0,62.0,64.0,54.0,50.0,62.0,94.0,75.0,85.0,90.0,83.0,35.0,35.0,32.0,55.0,54.0,70.0,70.0,54.5
Moritz Wagner,ORL,63,16,47,0.254,15.2,3.1,6.3,0.497,1.0,3.2,0.328,1.7,2.0,0.806,0.7000000000000001,3.0,3.7,1.4,0.9,0.3,0.2,0.3,2.0,2.1,9.0,-2.4,205,104.3,105.3,105.3,112.7,112.6,112.6,-8.3,-7.2,-7.2,0.151,1.55,14.6,0.041,0.19,0.115,9.4,9.4,0.581,0.623,0.224,0.231,102.58,102.12,85.1,102.12,0.124,2041,197,396,3.1,6.3,2022,75.0,89.0,78.0,76.0,80.0,80.0,80.0,60.0,75.0,65.0,67.0,67.0,68.0,50.0,76.0,58.0,40.0,37.0,51.0,58.0,54.0,35.0,73.0,78.0,75.0,85.0,85.0,81.0,54.0,42.0,53.0,55.0,61.0,47.0,78.0,57.0
Moses Brown,CLE,40,19,21,0.475,8.6,1.6,2.7,0.593,0.0,0.0,0.0,1.1,1.8,0.597,1.0,2.4,3.4,0.0,0.5,0.2,0.4,0.2,1.3,1.2,4.3,-1.2,514,104.1,102.4,102.4,109.2,108.5,108.5,-5.0,-6.2,-6.2,0.005,0.05,0.6000000000000001,0.11,0.257,0.186,12.3,12.4,0.593,0.612,0.199,0.203,99.89,101.07,84.22,101.07,0.117,723,64,108,1.6,2.7,2022,73.0,68.0,46.0,26.0,69.0,80.0,50.0,76.0,75.0,60.0,52.0,42.0,64.0,55.0,75.0,72.0,52.0,37.0,81.0,72.0,58.0,45.0,42.0,74.0,75.0,75.0,60.0,80.0,44.0,44.0,35.0,58.0,25.0,83.0,85.0,47.0
Moses Moody,GSW,52,35,17,0.673,11.7,1.5,3.5,0.437,0.8,2.1,0.364,0.5,0.7000000000000001,0.778,0.3,1.2,1.5,0.4,0.3,0.1,0.2,0.1,0.8,0.6000000000000001,4.4,-0.8,277,106.0,104.8,104.8,108.3,108.9,108.9,-2.3,-4.0,-4.0,0.056,1.77,9.8,0.028,0.098,0.064,5.6,5.5,0.546,0.5730000000000001,0.148,0.154,100.72,101.0,84.17,101.0,0.069,1282,80,183,1.5,3.5,2022,73.0,86.0,77.0,80.0,82.0,60.0,75.0,80.0,40.0,70.0,44.0,48.0,49.0,70.0,80.0,68.0,71.0,32.0,56.0,69.0,60.0,65.0,73.0,68.0,70.0,88.0,80.0,80.0,65.0,74.0,70.0,64.0,30.0,41.0,52.0,75.0
Myles Turner,IND,42,15,27,0.357,29.4,4.8,9.4,0.509,1.5,4.4,0.333,1.9,2.5,0.752,1.5,5.5,7.1,1.0,1.3,0.7000000000000001,2.8,0.4,2.8,2.3,12.9,-0.3,140,108.0,109.7,109.7,109.1,109.9,109.9,-1.1,-0.3,-0.3,0.053,0.81,8.2,0.052,0.188,0.12,10.1,10.1,0.587,0.615,0.173,0.177,98.87,97.75,81.46,97.75,0.111,2511,200,393,4.8,9.4,2022,82.0,96.0,83.0,76.0,73.0,50.0,80.0,79.0,80.0,65.0,76.0,80.0,80.0,60.0,95.0,87.0,70.0,38.0,95.0,90.0,70.0,85.0,56.0,74.0,69.0,95.0,80.0,83.0,31.0,35.0,32.0,68.0,30.0,53.0,79.0,49.0
Naji Marshall,NOP,55,23,32,0.418,13.4,2.0,4.9,0.405,0.4,1.9,0.2,1.3,1.7,0.796,0.7000000000000001,1.9,2.6,1.1,0.8,0.6000000000000001,0.1,0.3,1.3,1.3,5.7,-0.9,401,106.8,105.7,105.7,109.0,108.0,108.0,-2.2,-2.2,-2.2,0.126,1.35,14.7,0.047,0.142,0.092,10.9,11.0,0.444,0.505,0.197,0.203,101.04,102.03,85.02,102.03,0.082,1557,109,269,2.0,4.9,2022,73.0,88.0,72.0,50.0,86.0,60.0,75.0,82.0,45.0,65.0,60.0,60.0,63.0,64.0,80.0,52.0,60.0,66.0,50.0,62.0,64.0,40.0,62.0,60.0,75.0,85.0,70.0,80.0,67.0,70.0,62.0,71.0,46.0,52.0,66.0,63.5
Nassir Little,POR,42,19,23,0.452,25.9,3.5,7.5,0.46,1.2,3.7,0.331,1.6,2.2,0.734,1.4,4.2,5.6,1.3,1.0,0.6000000000000001,0.9,0.3,2.0,2.0,9.8,-0.5,182,109.0,110.2,110.2,109.8,111.1,111.1,-0.7000000000000001,-0.9,-0.9,0.074,1.35,12.0,0.052,0.158,0.105,8.9,8.9,0.541,0.5750000000000001,0.155,0.158,99.59,98.46,82.05,98.46,0.091,2231,145,315,3.5,7.5,2022,76.0,76.0,79.0,76.0,76.0,85.0,70.0,82.0,35.0,82.0,54.0,52.0,59.0,50.0,80.0,68.0,70.0,38.0,72.0,70.0,65.0,55.0,77.0,70.0,81.0,85.0,85.0,80.0,52.0,65.0,68.0,49.0,34.0,53.0,72.0,78.0
Nathan Knight,MIN,37,22,15,0.595,7.2,1.2,2.4,0.511,0.1,0.4,0.308,1.2,1.6,0.733,0.9,1.4,2.3,0.6000000000000001,0.5,0.2,0.2,0.3,1.1,1.2,3.7,0.6000000000000001,478,108.1,105.5,105.5,102.2,101.9,101.9,5.9,3.6,3.6,0.126,1.22,14.1,0.114,0.174,0.145,11.5,11.7,0.534,0.603,0.203,0.209,102.67,104.06,86.71,104.06,0.121,580,45,88,1.2,2.4,2022,71.0,70.0,70.0,60.0,84.0,69.0,50.0,67.0,70.0,65.0,60.0,60.0,60.0,58.0,60.0,65.0,37.0,40.0,68.0,65.0,50.0,60.0,67.0,75.0,55.0,80.0,85.0,80.0,55.0,47.0,32.0,62.0,44.0,82.0,80.0,54.0
Naz Reid,MIN,77,42,35,0.545,15.8,3.0,6.2,0.489,0.7000000000000001,2.2,0.343,1.5,1.9,0.765,1.3,2.6,3.9,0.9,1.1,0.5,0.9,0.4,2.2,1.7,8.3,-1.2,290,105.1,105.5,105.5,108.3,107.9,107.9,-3.2,-2.4,-2.4,0.091,0.87,10.3,0.074,0.161,0.115,11.8,11.8,0.549,0.588,0.209,0.215,103.86,103.86,86.55,103.86,0.103,2616,233,476,3.0,6.2,2022,77.0,79.0,70.0,77.0,71.0,75.0,80.0,81.0,80.0,75.0,69.0,58.0,69.0,74.0,94.0,77.0,54.0,46.0,87.0,77.0,59.0,55.0,50.0,80.0,70.0,88.0,92.0,80.0,59.0,58.0,49.0,65.0,36.0,67.0,70.0,51.5
Neemias Queta,SAC,15,4,11,0.267,8.0,1.1,2.5,0.447,0.0,0.0,0.0,0.7000000000000001,1.1,0.647,0.9,1.1,2.1,0.4,0.4,0.1,0.5,0.2,1.2,0.8,3.0,-0.5,514,105.6,104.3,104.3,109.9,108.4,108.4,-4.3,-4.1,-4.1,0.076,1.0,10.3,0.104,0.144,0.123,10.3,10.4,0.447,0.495,0.176,0.184,99.62,100.94,84.11,100.94,0.062,253,17,38,1.1,2.5,2022,70.0,75.0,62.0,50.0,71.0,60.0,45.0,61.0,70.0,65.0,62.0,60.0,62.0,40.0,85.0,70.0,45.0,30.0,87.0,70.0,48.0,55.0,59.0,76.0,65.0,80.0,80.0,80.0,52.0,38.0,30.0,62.0,33.0,83.0,65.0,53.5
Nerlens Noel,NYK,25,10,15,0.4,22.5,1.3,2.4,0.533,0.0,0.1,0.0,0.8,1.2,0.7000000000000001,1.9,3.7,5.6,0.9,0.8,1.2,1.2,0.2,2.7,1.8,3.4,-2.7,514,105.7,104.1,104.1,109.2,109.8,109.8,-3.5,-5.7,-5.7,0.06,1.15,19.8,0.084,0.161,0.123,17.2,17.2,0.533,0.581,0.072,0.075,98.47,98.91,82.42,98.91,0.069,1157,32,60,1.3,2.4,2022,76.0,89.0,64.0,30.0,71.0,40.0,25.0,68.0,90.0,75.0,65.0,60.0,60.0,47.0,79.0,84.0,45.0,83.0,86.0,85.0,89.0,85.0,66.0,65.0,74.0,84.0,94.0,76.0,32.0,46.0,27.0,60.0,31.0,67.0,70.0,62.5
Nick Richards,CHA,50,25,25,0.5,7.3,1.2,1.8,0.667,0.0,0.0,0.0,0.6000000000000001,0.9,0.6980000000000001,0.7000000000000001,1.0,1.7,0.3,0.5,0.2,0.4,0.2,1.0,0.7000000000000001,3.0,-2.2,514,103.5,102.4,102.4,115.9,115.4,115.4,-12.4,-13.0,-13.0,0.054,0.54,9.0,0.086,0.137,0.111,16.6,16.4,0.667,0.6890000000000001,0.147,0.154,102.27,103.02,85.85,103.02,0.086,785,60,90,1.2,1.8,2022,73.0,81.0,69.0,25.0,73.0,80.0,70.0,62.0,80.0,80.0,44.0,47.0,40.0,40.0,80.0,73.0,47.0,40.0,86.0,75.0,40.0,50.0,72.0,65.0,75.0,81.0,85.0,84.0,37.0,35.0,49.0,36.0,29.0,69.0,64.0,61.0
Nickeil Alexander-Walker,UTA,65,29,36,0.446,22.6,3.9,10.5,0.372,1.6,5.2,0.311,1.2,1.7,0.743,0.6000000000000001,2.3,2.9,2.4,1.4,0.7000000000000001,0.4,0.7000000000000001,1.6,1.5,10.6,-1.7,126,106.3,107.6,107.6,110.8,110.7,110.7,-4.5,-3.1,-3.1,0.166,1.68,16.0,0.024,0.103,0.062,9.5,9.5,0.449,0.475,0.237,0.241,99.59,99.02,82.52,99.02,0.072,3015,253,680,3.9,10.5,2022,72.0,74.0,55.0,73.0,77.0,90.0,85.0,85.0,40.0,60.0,54.0,58.0,64.0,60.0,88.0,52.0,75.0,43.0,55.0,70.0,74.0,55.0,72.0,60.0,70.0,90.0,75.0,80.0,75.0,81.0,72.0,76.0,62.0,38.0,53.0,75.5
Nicolas Batum,LAC,59,31,28,0.525,24.8,3.0,6.6,0.463,1.8,4.6,0.4,0.4,0.6000000000000001,0.658,0.5,3.8,4.3,1.7,0.7000000000000001,1.0,0.7000000000000001,0.1,1.4,0.7000000000000001,8.3,-2.2,99,104.7,105.4,105.4,109.2,109.8,109.8,-4.4,-4.4,-4.4,0.099,2.5,18.5,0.019,0.146,0.082,7.4,7.4,0.602,0.608,0.13,0.133,100.36,99.74,83.11,99.74,0.096,3041,179,387,3.0,6.6,2022,76.0,88.0,77.0,84.0,79.0,60.0,65.0,74.0,55.0,60.0,40.0,63.0,62.0,35.0,80.0,66.0,73.0,56.0,63.0,68.0,50.0,60.0,68.0,65.0,82.0,88.0,80.0,83.0,70.0,71.0,68.0,73.0,39.0,36.0,65.0,69.5
Norman Powell,LAC,45,15,30,0.333,32.4,6.2,13.4,0.461,2.4,5.6,0.419,4.2,5.2,0.811,0.4,2.8,3.2,2.1,1.5,0.9,0.5,0.7000000000000001,2.4,4.1,19.0,-4.9,53,110.1,110.6,110.6,116.8,118.7,118.7,-6.7,-8.1,-8.1,0.106,1.39,11.0,0.013,0.089,0.05,7.9,7.9,0.549,0.603,0.231,0.235,100.31,99.29,82.74,99.29,0.094,3027,279,605,6.2,13.4,2022,80.0,82.0,87.0,84.0,82.0,95.0,90.0,84.0,25.0,80.0,30.0,32.0,28.0,78.0,88.0,50.0,79.0,42.0,53.0,77.0,74.0,75.0,79.0,46.0,80.0,92.0,90.0,82.0,74.0,79.0,77.0,75.0,42.0,32.0,49.0,80.5
OG Anunoby,TOR,48,31,17,0.646,36.0,6.4,14.5,0.443,2.4,6.6,0.363,1.9,2.5,0.754,1.5,4.0,5.5,2.6,1.7,1.5,0.5,1.0,2.7,2.3,17.1,2.8,50,110.6,112.0,112.0,107.1,108.1,108.1,3.5,3.9,3.9,0.108,1.56,13.1,0.04,0.116,0.076,8.4,8.4,0.526,0.549,0.204,0.208,98.19,97.07,80.89,97.07,0.092,3494,309,697,6.4,14.5,2022,81.0,69.0,74.0,80.0,83.0,85.0,80.0,79.0,60.0,85.0,38.0,37.0,36.0,70.0,80.0,76.0,87.0,63.0,53.0,85.0,84.0,85.0,81.0,68.0,85.0,85.0,85.0,81.0,58.0,72.0,71.0,52.0,42.0,47.0,56.0,85.0
Obi Toppin,NYK,72,32,40,0.444,17.1,3.5,6.6,0.531,0.7000000000000001,2.3,0.308,1.3,1.7,0.758,1.0,2.8,3.7,1.1,0.8,0.3,0.5,0.4,1.4,1.4,9.0,2.3,297,111.0,110.9,110.9,103.6,104.0,104.0,7.4,6.9,6.9,0.105,1.38,11.6,0.056,0.155,0.107,8.5,8.5,0.586,0.614,0.205,0.211,97.59,97.48,81.24,97.48,0.129,2494,251,473,3.5,6.6,2022,76.0,79.0,78.0,73.0,73.0,75.0,60.0,79.0,85.0,90.0,67.0,67.0,69.0,45.0,90.0,66.0,48.0,37.0,66.0,62.0,47.0,40.0,70.0,74.0,90.0,88.0,70.0,88.0,55.0,60.0,56.0,59.0,42.0,54.0,69.0,58.0
Olivier Sarr,OKC,22,6,16,0.273,19.1,2.6,4.6,0.5740000000000001,0.6000000000000001,1.3,0.448,1.1,1.3,0.8280000000000001,1.5,2.7,4.2,0.9,1.0,0.3,0.7000000000000001,0.5,2.4,1.3,7.0,-1.3,339,107.1,106.0,106.0,109.0,108.0,108.0,-1.9,-2.0,-2.0,0.066,0.86,12.3,0.078,0.133,0.106,14.3,14.2,0.639,0.672,0.136,0.141,99.61,100.59,83.83,100.59,0.079,877,58,101,2.6,4.6,2022,67.0,68.0,74.0,69.0,79.0,55.0,35.0,60.0,75.0,75.0,64.0,62.0,64.0,40.0,70.0,58.0,40.0,37.0,65.0,59.0,48.0,35.0,65.0,63.0,74.0,85.0,80.0,80.0,50.0,52.0,49.0,55.0,32.0,63.0,58.0,55.0
Omer Yurtseven,MIA,56,39,17,0.6960000000000001,12.6,2.3,4.4,0.526,0.0,0.2,0.091,0.7000000000000001,1.1,0.623,1.5,3.7,5.3,0.9,0.7000000000000001,0.3,0.4,0.3,1.5,0.9,5.3,1.1,510,113.6,113.3,113.3,107.4,108.0,108.0,6.2,5.3,5.3,0.105,1.2,13.5,0.12,0.293,0.207,11.3,11.3,0.528,0.546,0.19,0.195,98.38,98.22,81.85,98.22,0.127,1439,130,247,2.3,4.4,2022,75.0,88.0,69.0,70.0,68.0,70.0,75.0,65.0,70.0,65.0,66.0,64.0,65.0,47.0,82.0,62.0,49.0,40.0,70.0,62.0,58.0,40.0,53.0,70.0,70.0,85.0,80.0,83.0,50.0,60.0,37.0,52.0,42.0,89.0,90.0,50.5
Onyeka Okongwu,ATL,48,26,22,0.542,20.7,3.3,4.7,0.6900000000000001,0.0,0.0,0.0,1.7,2.3,0.727,2.4,3.5,5.9,1.1,0.9,0.6000000000000001,1.3,0.4,3.1,1.9,8.2,2.3,514,114.3,114.6,114.6,108.7,109.1,109.1,5.6,5.5,5.5,0.078,1.2,14.4,0.117,0.163,0.141,11.9,11.8,0.6900000000000001,0.714,0.137,0.141,99.23,98.92,82.43,98.92,0.109,2043,156,226,3.3,4.7,2022,76.0,89.0,60.0,60.0,72.0,55.0,60.0,79.0,85.0,75.0,54.0,55.0,57.0,52.0,80.0,79.0,64.0,43.0,86.0,83.0,65.0,65.0,74.0,70.0,75.0,88.0,85.0,83.0,51.0,54.0,60.0,50.0,34.0,84.0,71.0,71.5
Oshae Brissett,IND,67,19,48,0.284,23.3,3.1,7.6,0.411,1.2,3.5,0.35,1.7,2.4,0.6950000000000001,1.6,3.7,5.3,1.1,0.8,0.7000000000000001,0.4,0.4,1.7,1.8,9.1,-3.3,176,110.2,110.8,110.8,116.8,116.8,116.8,-6.6,-6.0,-6.0,0.064,1.33,10.2,0.065,0.165,0.113,7.7,7.7,0.493,0.53,0.166,0.171,101.47,101.21,84.35,101.21,0.079,3288,208,506,3.1,7.6,2022,75.0,60.0,67.0,78.0,76.0,95.0,80.0,75.0,70.0,75.0,64.0,62.0,59.0,54.0,81.0,57.0,40.0,42.0,56.0,57.0,50.0,35.0,63.0,75.0,79.0,85.0,80.0,83.0,47.0,59.0,52.0,54.0,32.0,62.0,70.0,59.5
Otto Porter Jr.,GSW,63,41,22,0.651,22.2,3.1,6.6,0.464,1.3,3.4,0.37,0.8,1.0,0.803,1.4,4.4,5.7,1.5,0.6000000000000001,1.1,0.5,0.1,1.3,1.1,8.2,3.7,173,110.3,110.2,110.2,102.5,103.3,103.3,7.8,6.8,6.8,0.097,2.54,16.4,0.06,0.189,0.125,6.4,6.4,0.56,0.581,0.145,0.149,100.43,100.09,83.41,100.09,0.12,2925,193,416,3.1,6.6,2022,76.0,88.0,85.0,81.0,83.0,75.0,70.0,75.0,45.0,70.0,65.0,67.0,58.0,57.0,84.0,63.0,73.0,73.0,60.0,66.0,64.0,45.0,68.0,60.0,73.0,93.0,70.0,79.0,70.0,77.0,66.0,70.0,38.0,59.0,78.0,71.5
P.J. Tucker,MIA,71,45,26,0.634,27.9,2.9,6.0,0.484,1.1,2.7,0.415,0.6000000000000001,0.9,0.738,1.4,4.0,5.5,2.1,0.9,0.8,0.2,0.3,2.3,1.3,7.6,3.2,196,111.5,113.2,113.2,105.9,107.1,107.1,5.6,6.2,6.2,0.107,2.26,22.2,0.052,0.146,0.099,9.8,9.9,0.577,0.593,0.116,0.117,97.62,96.38,80.31,96.38,0.083,3970,207,428,2.9,6.0,2022,77.0,96.0,74.0,85.0,75.0,85.0,55.0,55.0,50.0,60.0,49.0,48.0,50.0,36.0,81.0,77.0,80.0,43.0,45.0,74.0,75.0,80.0,63.0,82.0,66.0,88.0,90.0,91.0,70.0,65.0,44.0,69.0,41.0,53.0,66.0,71.5
P.J. Washington,CHA,65,33,32,0.508,27.2,3.8,8.2,0.47,1.7,4.6,0.365,0.9,1.2,0.716,1.3,3.9,5.2,2.3,1.3,0.9,0.9,0.4,2.3,1.1,10.3,2.2,112,114.3,115.0,115.0,111.2,111.5,111.5,3.1,3.5,3.5,0.112,1.79,18.4,0.044,0.142,0.092,10.3,10.3,0.5730000000000001,0.588,0.154,0.156,101.92,101.48,84.57,101.48,0.085,3742,250,532,3.8,8.2,2022,78.0,86.0,66.0,80.0,71.0,98.0,80.0,74.0,65.0,80.0,62.0,65.0,69.0,60.0,80.0,62.0,52.0,43.0,72.0,64.0,62.0,40.0,75.0,68.0,69.0,85.0,80.0,79.0,55.0,70.0,63.0,60.0,42.0,48.0,65.0,71.0
Pascal Siakam,TOR,68,40,28,0.588,37.9,8.8,17.8,0.494,1.1,3.2,0.344,4.2,5.6,0.749,1.9,6.6,8.5,5.3,2.7,1.3,0.6000000000000001,0.9,3.3,5.0,22.8,3.8,199,112.1,114.3,114.3,108.2,109.6,109.6,3.9,4.8,4.8,0.224,1.99,18.8,0.046,0.182,0.111,9.5,9.5,0.525,0.5650000000000001,0.257,0.261,97.91,96.31,80.26,96.31,0.139,5177,596,1207,8.8,17.8,2022,86.0,95.0,76.0,78.0,74.0,98.0,98.0,82.0,85.0,80.0,79.0,79.0,79.0,79.0,84.0,86.0,79.0,46.0,56.0,86.0,82.0,80.0,76.0,70.0,79.0,95.0,85.0,82.0,72.0,79.0,69.0,70.0,71.0,50.0,76.0,78.0
Pat Connaughton,MIL,65,41,24,0.631,26.0,3.5,7.6,0.458,2.2,5.7,0.395,0.7000000000000001,0.8,0.833,0.7000000000000001,3.5,4.2,1.3,0.5,0.9,0.2,0.2,1.3,0.9,9.9,-0.4,59,111.1,111.3,111.3,111.8,112.1,112.1,-0.7000000000000001,-0.7000000000000001,-0.7000000000000001,0.067,2.34,12.9,0.025,0.13,0.077,5.5,5.5,0.605,0.62,0.137,0.14,101.95,101.72,84.76,101.72,0.089,3583,227,496,3.5,7.6,2022,78.0,92.0,69.0,83.0,77.0,98.0,85.0,92.0,30.0,86.0,35.0,34.0,30.0,76.0,90.0,35.0,69.0,49.0,47.0,50.0,54.0,50.0,77.0,45.0,95.0,80.0,90.0,83.0,69.0,78.0,65.0,78.0,32.0,39.0,61.0,76.0
Patrick Beverley,MIN,58,33,25,0.5690000000000001,25.4,3.1,7.5,0.406,1.4,4.2,0.343,1.7,2.3,0.722,1.1,3.1,4.1,4.6,1.3,1.2,0.9,0.4,3.0,2.5,9.2,1.9,142,111.4,113.6,113.6,108.9,109.8,109.8,2.4,3.7,3.7,0.249,3.67,32.1,0.038,0.119,0.077,8.7,8.7,0.501,0.539,0.158,0.16,102.46,101.06,84.22,101.06,0.094,3105,177,436,3.1,7.5,2022,78.0,85.0,44.0,77.0,73.0,70.0,50.0,78.0,25.0,45.0,30.0,35.0,30.0,38.0,85.0,70.0,90.0,66.0,73.0,86.0,63.0,95.0,76.0,60.0,91.0,90.0,76.0,78.0,75.0,78.0,75.0,77.0,72.0,47.0,58.0,82.5
Patrick Williams,CHI,17,9,8,0.529,24.8,3.2,6.0,0.529,0.9,1.7,0.517,1.8,2.4,0.732,1.0,3.1,4.1,0.9,0.9,0.5,0.5,0.4,1.6,1.8,9.0,-3.3,246,106.7,107.8,107.8,113.2,113.3,113.3,-6.5,-5.5,-5.5,0.051,0.94,10.0,0.04,0.132,0.084,10.7,10.6,0.603,0.637,0.139,0.142,100.05,99.51,82.92,99.51,0.078,872,54,102,3.2,6.0,2022,75.0,79.0,85.0,81.0,73.0,70.0,45.0,68.0,60.0,65.0,44.0,42.0,40.0,40.0,80.0,70.0,76.0,37.0,57.0,80.0,65.0,65.0,70.0,64.0,77.0,88.0,75.0,81.0,60.0,70.0,64.0,62.0,29.0,47.0,60.0,72.0
Patty Mills,BKN,81,44,37,0.543,29.0,4.0,9.8,0.408,2.8,7.0,0.4,0.6000000000000001,0.7000000000000001,0.8140000000000001,0.2,1.7,1.9,2.3,0.9,0.6000000000000001,0.2,0.3,1.4,1.3,11.4,1.4,26,111.1,112.3,112.3,109.6,110.7,110.7,1.5,1.5,1.5,0.106,2.51,17.1,0.008,0.055,0.032,6.8,6.8,0.551,0.5630000000000001,0.16,0.163,101.57,100.56,83.8,100.56,0.066,4933,324,794,4.0,9.8,2022,72.0,54.0,74.0,84.0,90.0,90.0,80.0,79.0,25.0,25.0,25.0,37.0,25.0,50.0,73.0,27.0,65.0,38.0,40.0,61.0,61.0,40.0,83.0,51.0,66.0,82.0,70.0,82.0,79.0,86.0,83.0,84.0,41.0,29.0,40.0,77.5
Paul George,LAC,31,18,13,0.581,34.8,8.6,20.5,0.421,2.9,8.3,0.354,4.1,4.8,0.858,0.4,6.5,6.9,5.7,4.1,2.2,0.4,0.9,2.4,5.1,24.3,3.0,21,106.9,108.2,108.2,102.1,103.9,103.9,4.8,4.2,4.2,0.286,1.4,17.6,0.011,0.171,0.094,12.6,12.6,0.493,0.538,0.329,0.336,101.44,99.95,83.29,99.95,0.148,2242,268,636,8.6,20.5,2022,88.0,80.0,85.0,83.0,88.0,75.0,95.0,89.0,55.0,85.0,40.0,70.0,75.0,55.0,80.0,79.0,92.0,90.0,50.0,88.0,80.0,85.0,79.0,70.0,88.0,95.0,75.0,93.0,78.0,87.0,79.0,75.0,74.0,31.0,73.0,85.0
Paul Reed,PHI,38,21,17,0.553,8.0,1.4,2.5,0.5630000000000001,0.1,0.2,0.25,0.2,0.4,0.429,1.2,1.3,2.4,0.4,0.3,0.9,0.4,0.2,1.5,0.3,3.1,-1.1,499,109.3,107.7,107.7,114.7,113.9,113.9,-5.4,-6.2,-6.2,0.081,1.6,12.5,0.137,0.164,0.15,7.8,7.8,0.5730000000000001,0.5680000000000001,0.151,0.158,98.03,99.08,82.57,99.08,0.105,624,54,96,1.4,2.5,2022,73.0,70.0,70.0,66.0,74.0,75.0,60.0,64.0,80.0,70.0,60.0,62.0,62.0,57.0,70.0,69.0,43.0,79.0,81.0,66.0,58.0,40.0,49.0,62.0,65.0,80.0,70.0,80.0,48.0,52.0,41.0,44.0,35.0,86.0,68.0,49.5
Payton Pritchard,BOS,71,46,25,0.648,14.1,2.3,5.3,0.429,1.4,3.5,0.412,0.3,0.3,1.0,0.5,1.4,1.9,2.0,0.6000000000000001,0.4,0.1,0.2,0.9,0.4,6.2,0.9,145,109.3,109.4,109.4,106.6,107.2,107.2,2.8,2.2,2.2,0.222,3.39,24.7,0.031,0.093,0.063,7.3,7.3,0.5640000000000001,0.578,0.18,0.185,98.57,98.23,81.86,98.23,0.107,2057,160,373,2.3,5.3,2022,76.0,84.0,84.0,85.0,91.0,98.0,80.0,77.0,25.0,35.0,40.0,46.0,35.0,40.0,75.0,36.0,60.0,40.0,37.0,60.0,45.0,35.0,75.0,41.0,66.0,84.0,78.0,81.0,79.0,79.0,75.0,82.0,70.0,42.0,52.0,74.5
Precious Achiuwa,TOR,73,46,27,0.63,23.6,3.6,8.3,0.439,0.8,2.1,0.359,1.1,1.8,0.595,2.0,4.5,6.5,1.1,1.2,0.5,0.6000000000000001,0.7000000000000001,2.1,1.5,9.1,1.0,279,106.8,108.7,108.7,106.7,106.7,106.7,0.1,1.9,1.9,0.072,0.98,9.9,0.075,0.188,0.128,10.2,10.2,0.486,0.503,0.18,0.185,97.77,96.88,80.74,96.88,0.089,3483,265,603,3.6,8.3,2022,76.0,70.0,64.0,79.0,57.0,80.0,75.0,78.0,85.0,80.0,57.0,44.0,42.0,63.0,75.0,75.0,56.0,38.0,62.0,73.0,89.0,55.0,75.0,78.0,79.0,84.0,88.0,76.0,36.0,49.0,66.0,50.0,33.0,66.0,80.0,70.0
Quentin Grimes,NYK,46,21,25,0.457,17.1,2.1,5.1,0.404,1.6,4.1,0.381,0.3,0.4,0.684,0.5,1.5,2.0,1.0,0.6000000000000001,0.7000000000000001,0.2,0.0,1.6,0.5,6.0,-1.2,132,102.4,102.0,102.0,103.0,105.0,105.0,-0.6000000000000001,-3.0,-3.0,0.095,1.57,14.0,0.028,0.085,0.056,8.9,8.9,0.557,0.5650000000000001,0.149,0.155,97.51,96.7,80.59,96.7,0.07,1581,95,235,2.1,5.1,2022,72.0,73.0,79.0,82.0,79.0,55.0,50.0,74.0,25.0,70.0,39.0,58.0,42.0,55.0,80.0,46.0,70.0,59.0,53.0,69.0,68.0,65.0,86.0,63.0,75.0,85.0,80.0,80.0,70.0,74.0,79.0,65.0,36.0,41.0,49.0,80.5
Quinndary Weatherspoon,GSW,11,8,3,0.727,6.7,1.1,1.9,0.5710000000000001,0.1,0.5,0.2,0.5,0.5,1.0,0.2,1.1,1.3,0.5,0.3,0.1,0.1,0.0,1.4,0.5,2.7,-0.9,479,115.7,110.8,110.8,125.1,119.4,119.4,-9.5,-8.6,-8.6,0.102,1.67,16.7,0.029,0.182,0.104,10.0,9.6,0.595,0.647,0.15,0.168,97.79,102.33,85.28,102.33,0.065,158,12,21,1.1,1.9,2022,68.0,57.0,74.0,75.0,78.0,58.0,50.0,70.0,35.0,75.0,35.0,44.0,36.0,55.0,72.0,48.0,62.0,75.0,53.0,60.0,59.0,35.0,83.0,50.0,83.0,80.0,85.0,80.0,68.0,74.0,80.0,64.0,37.0,37.0,42.0,78.5
R.J. Hampton,ORL,64,15,49,0.234,21.9,2.7,7.1,0.383,1.0,2.9,0.35,1.2,1.8,0.641,0.4,2.7,3.0,2.5,1.4,0.7000000000000001,0.2,0.6000000000000001,1.6,1.6,7.6,-6.5,211,98.7,99.1,99.1,113.6,113.5,113.5,-14.9,-14.5,-14.5,0.179,1.82,21.0,0.015,0.12,0.065,11.6,11.5,0.453,0.481,0.18,0.185,101.7,101.51,84.59,101.51,0.065,2972,175,457,2.7,7.1,2022,72.0,72.0,81.0,78.0,59.0,75.0,80.0,83.0,40.0,75.0,54.0,57.0,50.0,40.0,98.0,49.0,71.0,42.0,45.0,60.0,63.0,50.0,90.0,54.0,83.0,89.0,70.0,83.0,75.0,83.0,88.0,77.0,64.0,33.0,57.0,83.5
Raul Neto,WAS,70,29,41,0.414,19.6,2.9,6.3,0.463,0.5,1.7,0.292,1.2,1.5,0.769,0.2,1.7,1.9,3.1,1.1,0.8,0.0,0.3,1.5,1.9,7.5,-1.2,357,110.6,109.6,109.6,112.6,112.9,112.9,-2.0,-3.3,-3.3,0.228,2.75,27.7,0.01,0.089,0.05,10.1,10.1,0.502,0.538,0.18,0.186,98.98,99.32,82.77,99.32,0.085,2842,204,441,2.9,6.3,2022,75.0,88.0,88.0,71.0,74.0,80.0,75.0,78.0,25.0,25.0,43.0,40.0,35.0,64.0,81.0,40.0,73.0,59.0,30.0,66.0,80.0,70.0,71.0,51.0,68.0,82.0,85.0,79.0,79.0,79.0,70.0,79.0,71.0,30.0,48.0,75.0
Reggie Jackson,LAC,75,38,37,0.507,31.2,6.4,16.3,0.392,2.2,6.8,0.326,1.8,2.2,0.847,0.5,3.1,3.6,4.8,2.3,0.7000000000000001,0.2,0.5,2.1,2.5,16.8,-0.9,62,107.4,108.2,108.2,108.4,109.4,109.4,-1.0,-1.3,-1.3,0.245,2.08,19.7,0.016,0.092,0.055,9.5,9.5,0.46,0.488,0.273,0.279,99.56,98.77,82.31,98.77,0.088,4804,479,1222,6.4,16.3,2022,77.0,83.0,70.0,75.0,81.0,75.0,70.0,79.0,25.0,65.0,25.0,48.0,28.0,80.0,88.0,49.0,74.0,40.0,37.0,70.0,74.0,70.0,84.0,48.0,85.0,95.0,85.0,84.0,82.0,86.0,84.0,75.0,72.0,34.0,50.0,79.0
Richaun Holmes,SAC,45,16,29,0.356,23.9,4.4,6.7,0.66,0.0,0.1,0.4,1.6,2.0,0.778,2.1,5.0,7.0,1.1,1.2,0.4,0.9,0.4,2.8,1.9,10.4,-3.0,504,106.1,107.2,107.2,112.5,113.0,113.0,-6.4,-5.8,-5.8,0.068,0.86,10.9,0.082,0.198,0.14,12.8,12.6,0.663,0.6890000000000001,0.153,0.158,102.42,101.69,84.74,101.69,0.116,2274,198,300,4.4,6.7,2022,75.0,93.0,80.0,69.0,77.0,40.0,50.0,78.0,85.0,75.0,70.0,57.0,70.0,50.0,80.0,75.0,40.0,35.0,72.0,68.0,55.0,50.0,57.0,79.0,81.0,80.0,95.0,82.0,42.0,58.0,38.0,54.0,33.0,68.0,82.0,55.5
Ricky Rubio,IND,34,20,14,0.588,28.5,4.4,12.1,0.363,1.7,5.1,0.339,2.6,3.0,0.854,0.4,3.7,4.1,6.6,2.6,1.4,0.2,0.8,2.2,2.9,13.1,5.4,108,107.8,108.6,108.6,99.7,99.5,99.5,8.0,9.1,9.1,0.348,2.5,29.3,0.015,0.122,0.069,11.7,11.7,0.434,0.488,0.234,0.24,101.12,100.86,84.05,100.86,0.111,2038,149,411,4.4,12.1,2022,78.0,75.0,60.0,77.0,84.0,95.0,85.0,79.0,25.0,25.0,25.0,40.0,26.0,72.0,92.0,32.0,78.0,76.0,40.0,76.0,70.0,60.0,75.0,27.0,60.0,88.0,73.0,80.0,84.0,86.0,75.0,88.0,79.0,33.0,61.0,77.0
Robert Covington,LAC,71,34,37,0.479,27.3,2.9,7.0,0.42,1.8,4.8,0.378,0.8,1.0,0.841,0.8,4.7,5.5,1.3,1.1,1.5,1.3,0.4,2.7,1.0,8.5,0.5,100,110.0,110.9,110.9,108.8,110.2,110.2,1.2,0.6000000000000001,0.6000000000000001,0.066,1.23,13.2,0.03,0.167,0.098,10.8,10.8,0.548,0.5720000000000001,0.134,0.136,100.76,99.73,83.1,99.73,0.08,4035,209,498,2.9,7.0,2022,76.0,72.0,69.0,81.0,83.0,45.0,30.0,65.0,55.0,65.0,59.0,58.0,59.0,30.0,70.0,79.0,83.0,80.0,82.0,85.0,83.0,80.0,68.0,62.0,70.0,85.0,75.0,82.0,60.0,65.0,65.0,60.0,33.0,41.0,72.0,76.0
Robert Williams III,BOS,61,40,21,0.656,29.6,4.4,6.0,0.736,0.0,0.0,0.0,1.1,1.5,0.722,3.9,5.7,9.6,2.0,1.0,0.9,2.2,0.2,2.2,1.2,10.0,6.1,514,112.7,113.4,113.4,101.8,103.4,103.4,10.9,10.0,10.0,0.095,1.92,20.5,0.131,0.178,0.155,10.7,10.6,0.736,0.745,0.112,0.114,98.55,97.5,81.25,97.5,0.14,3666,271,368,4.4,6.0,2022,85.0,95.0,69.0,25.0,67.0,90.0,85.0,82.0,90.0,75.0,60.0,50.0,65.0,54.0,75.0,89.0,40.0,43.0,92.0,88.0,88.0,90.0,71.0,83.0,75.0,80.0,90.0,81.0,57.0,48.0,38.0,62.0,39.0,90.0,77.0,63.0
Robin Lopez,ORL,36,9,27,0.25,17.0,3.1,5.5,0.553,0.1,0.2,0.333,0.9,1.5,0.593,1.9,1.6,3.5,1.5,1.2,0.1,0.5,0.1,1.9,1.6,7.1,-1.8,498,102.3,103.3,103.3,110.6,109.7,109.7,-8.3,-6.4,-6.4,0.142,1.23,16.8,0.098,0.089,0.094,13.7,13.7,0.558,0.5700000000000001,0.182,0.186,99.86,99.78,83.15,99.78,0.076,1280,110,199,3.1,5.5,2022,75.0,97.0,73.0,76.0,60.0,45.0,40.0,78.0,75.0,60.0,96.0,55.0,95.0,50.0,88.0,70.0,55.0,27.0,67.0,80.0,64.0,70.0,25.0,75.0,57.0,85.0,95.0,82.0,30.0,35.0,25.0,69.0,57.0,78.0,50.0,25.0
Rodney McGruder,DET,51,13,38,0.255,14.8,1.9,4.4,0.436,1.1,2.9,0.397,0.4,0.5,0.731,0.6000000000000001,1.6,2.2,0.9,0.5,0.4,0.1,0.3,1.1,0.5,5.4,-1.1,194,104.0,105.0,105.0,108.2,108.7,108.7,-4.2,-3.7,-3.7,0.094,2.0,15.5,0.037,0.104,0.069,7.8,7.8,0.5640000000000001,0.577,0.142,0.146,102.34,101.56,84.64,101.56,0.077,1597,98,225,1.9,4.4,2022,71.0,85.0,73.0,83.0,72.0,88.0,65.0,60.0,35.0,50.0,30.0,42.0,41.0,45.0,80.0,50.0,79.0,42.0,45.0,79.0,74.0,70.0,71.0,45.0,70.0,75.0,70.0,81.0,68.0,74.0,67.0,69.0,38.0,46.0,55.0,74.0
Romeo Langford,SAS,48,24,24,0.5,16.1,1.7,4.0,0.435,0.6000000000000001,1.8,0.341,0.5,0.9,0.548,0.6000000000000001,1.6,2.3,0.4,0.3,0.5,0.3,0.3,1.0,0.8,4.5,0.1,335,104.6,104.0,104.0,102.3,103.1,103.1,2.3,1.0,1.0,0.04,1.31,8.5,0.035,0.092,0.063,6.5,6.5,0.51,0.52,0.123,0.127,99.15,99.06,82.55,99.06,0.061,1586,83,191,1.7,4.0,2022,70.0,82.0,72.0,77.0,72.0,45.0,55.0,73.0,35.0,65.0,35.0,58.0,37.0,44.0,80.0,42.0,65.0,42.0,58.0,69.0,50.0,35.0,81.0,42.0,81.0,92.0,75.0,80.0,70.0,79.0,78.0,69.0,28.0,46.0,51.0,78.5
Rudy Gay,UTA,55,34,21,0.618,18.9,2.9,6.9,0.414,1.3,3.7,0.345,1.1,1.4,0.785,1.0,3.4,4.4,1.0,0.9,0.5,0.3,0.3,1.7,1.1,8.1,3.3,171,113.7,113.6,113.6,105.0,104.9,104.9,8.7,8.7,8.7,0.078,1.19,10.9,0.05,0.166,0.109,9.1,9.1,0.507,0.539,0.185,0.191,99.87,100.0,83.33,100.0,0.09,2161,157,379,2.9,6.9,2022,75.0,72.0,74.0,78.0,79.0,75.0,75.0,70.0,55.0,70.0,68.0,75.0,80.0,60.0,76.0,68.0,61.0,40.0,56.0,66.0,51.0,35.0,73.0,65.0,81.0,94.0,79.0,76.0,70.0,78.0,71.0,56.0,34.0,55.0,73.0,76.5
Rudy Gobert,UTA,66,42,24,0.636,32.1,5.5,7.7,0.713,0.0,0.1,0.0,4.6,6.7,0.6900000000000001,3.7,11.0,14.7,1.1,1.8,0.7000000000000001,2.1,0.7000000000000001,2.7,5.8,15.6,6.3,514,114.1,114.1,114.1,104.5,104.5,104.5,9.6,9.6,9.6,0.052,0.61,8.0,0.114,0.312,0.217,13.2,13.3,0.713,0.732,0.166,0.169,99.21,99.23,82.69,99.23,0.177,4381,362,508,5.5,7.7,2022,88.0,92.0,60.0,25.0,68.0,95.0,75.0,75.0,95.0,75.0,70.0,58.0,70.0,80.0,85.0,97.0,64.0,37.0,87.0,97.0,74.0,95.0,48.0,87.0,57.0,90.0,95.0,81.0,68.0,35.0,25.0,58.0,30.0,84.0,98.0,45.0
Rui Hachimura,WAS,42,16,26,0.381,22.5,4.5,9.1,0.491,1.3,2.9,0.447,1.1,1.6,0.6970000000000001,0.6000000000000001,3.2,3.8,1.1,0.8,0.5,0.2,0.4,1.3,1.4,11.3,-3.0,166,109.3,108.7,108.7,114.9,115.8,115.8,-5.6,-7.1,-7.1,0.08,1.45,9.8,0.027,0.143,0.086,6.7,6.7,0.5630000000000001,0.579,0.205,0.212,98.78,98.62,82.18,98.62,0.099,1943,187,381,4.5,9.1,2022,76.0,82.0,72.0,82.0,77.0,78.0,75.0,73.0,80.0,80.0,74.0,70.0,72.0,60.0,85.0,60.0,54.0,40.0,45.0,59.0,50.0,35.0,72.0,79.0,80.0,90.0,85.0,80.0,51.0,72.0,67.0,54.0,34.0,40.0,65.0,70.5
Russell Westbrook,LAL,78,31,47,0.397,34.3,7.0,15.8,0.444,1.0,3.4,0.298,3.4,5.1,0.667,1.4,6.0,7.4,7.1,3.8,1.0,0.3,1.1,3.0,3.9,18.5,-2.7,210,107.2,107.5,107.5,111.3,111.5,111.5,-4.1,-4.0,-4.0,0.311,1.86,24.4,0.039,0.165,0.103,13.1,13.1,0.476,0.512,0.264,0.271,102.77,102.57,85.47,102.57,0.113,5730,548,1233,7.0,15.8,2022,78.0,79.0,74.0,72.0,65.0,25.0,40.0,74.0,30.0,80.0,45.0,66.0,66.0,50.0,85.0,42.0,74.0,41.0,42.0,70.0,55.0,70.0,96.0,75.0,92.0,92.0,85.0,92.0,75.0,86.0,95.0,75.0,76.0,47.0,72.0,88.5
Saben Lee,DET,37,8,29,0.216,16.3,1.9,4.8,0.39,0.4,1.6,0.233,1.5,1.9,0.789,0.5,1.9,2.4,2.9,1.0,1.0,0.3,0.6000000000000001,1.2,1.8,5.6,-2.2,402,102.1,105.1,105.1,111.3,110.8,110.8,-9.2,-5.7,-5.7,0.274,2.97,30.3,0.026,0.113,0.067,10.2,10.2,0.429,0.499,0.169,0.171,101.48,100.22,83.51,100.22,0.1,1257,69,177,1.9,4.8,2022,74.0,62.0,74.0,59.0,68.0,95.0,85.0,84.0,25.0,85.0,25.0,31.0,30.0,79.0,77.0,44.0,60.0,87.0,57.0,55.0,54.0,30.0,74.0,52.0,69.0,80.0,76.0,79.0,80.0,83.0,73.0,80.0,73.0,40.0,58.0,70.5
Saddiq Bey,DET,82,23,59,0.28,33.0,5.5,13.9,0.396,2.6,7.4,0.346,2.6,3.1,0.8270000000000001,1.3,4.1,5.4,2.8,1.2,0.9,0.2,0.6000000000000001,1.6,2.2,16.1,-6.1,36,103.0,104.7,104.7,112.5,114.0,114.0,-9.5,-9.3,-9.3,0.138,2.43,14.8,0.035,0.125,0.078,6.1,6.1,0.489,0.529,0.209,0.212,100.76,99.32,82.77,99.32,0.1,5605,450,1136,5.5,13.9,2022,80.0,79.0,77.0,78.0,74.0,97.0,95.0,77.0,45.0,60.0,43.0,42.0,52.0,79.0,84.0,64.0,75.0,41.0,37.0,77.0,72.0,70.0,63.0,69.0,70.0,87.0,90.0,81.0,64.0,76.0,57.0,75.0,53.0,45.0,61.0,71.0
Sam Hauser,BOS,26,20,6,0.769,6.1,0.9,1.9,0.46,0.7000000000000001,1.7,0.432,0.0,0.0,0.0,0.2,0.9,1.1,0.4,0.1,0.0,0.1,0.0,0.3,0.0,2.5,0.0,295,107.3,105.7,105.7,107.3,106.0,106.0,0.0,-0.3,-0.3,0.095,5.0,16.1,0.03,0.133,0.084,3.2,3.2,0.65,0.65,0.136,0.142,100.07,101.42,84.52,101.42,0.104,334,23,50,0.9,1.9,2022,71.0,70.0,77.0,82.0,89.0,65.0,50.0,60.0,40.0,60.0,44.0,45.0,45.0,35.0,85.0,48.0,55.0,28.0,51.0,52.0,44.0,45.0,61.0,66.0,62.0,85.0,85.0,80.0,50.0,43.0,55.0,60.0,37.0,42.0,66.0,61.5
Sam Merrill,MEM,6,2,4,0.333,9.6,1.3,4.0,0.333,1.2,3.8,0.304,0.3,0.7000000000000001,0.5,0.2,1.0,1.2,0.7000000000000001,0.3,0.0,0.0,0.0,0.5,0.8,4.2,-1.5,188,98.3,101.6,101.6,112.3,112.7,112.7,-14.0,-11.1,-11.1,0.108,2.0,12.9,0.012,0.107,0.05,6.5,6.3,0.479,0.485,0.178,0.186,101.49,99.6,83.0,99.6,0.054,122,8,24,1.3,4.0,2022,71.0,60.0,76.0,78.0,89.0,92.0,75.0,64.0,30.0,45.0,30.0,44.0,48.0,55.0,80.0,42.0,60.0,46.0,35.0,52.0,62.0,45.0,62.0,44.0,60.0,80.0,60.0,79.0,74.0,76.0,60.0,79.0,43.0,38.0,51.0,63.0
Sandro Mamukelashvili,MIL,41,22,19,0.537,9.9,1.4,2.8,0.496,0.5,1.3,0.423,0.4,0.5,0.8180000000000001,0.9,1.1,2.0,0.5,0.4,0.2,0.2,0.2,0.7000000000000001,0.5,3.8,-3.5,351,100.8,99.6,99.6,117.5,117.3,117.3,-16.7,-17.6,-17.6,0.084,1.47,13.7,0.079,0.116,0.097,9.3,9.3,0.591,0.618,0.142,0.148,99.88,100.54,83.78,100.54,0.09,855,57,115,1.4,2.8,2022,71.0,65.0,69.0,82.0,71.0,60.0,45.0,69.0,65.0,65.0,62.0,60.0,63.0,54.0,85.0,65.0,50.0,38.0,61.0,68.0,52.0,45.0,59.0,73.0,69.0,85.0,85.0,80.0,62.0,59.0,49.0,69.0,34.0,68.0,55.0,54.0
Santi Aldama,MEM,32,20,12,0.625,11.2,1.7,4.1,0.402,0.2,1.5,0.125,0.6000000000000001,1.0,0.625,1.0,1.7,2.7,0.7000000000000001,0.5,0.2,0.3,0.2,1.1,0.8,4.1,0.5,459,106.1,105.9,105.9,103.5,104.6,104.6,2.6,1.3,1.3,0.08,1.31,11.6,0.077,0.15,0.11,8.8,8.7,0.424,0.452,0.174,0.181,102.08,101.67,84.72,101.67,0.066,765,53,132,1.7,4.1,2022,70.0,73.0,74.0,60.0,69.0,60.0,65.0,66.0,70.0,60.0,69.0,69.0,69.0,45.0,64.0,65.0,54.0,35.0,65.0,63.0,59.0,45.0,44.0,70.0,59.0,80.0,80.0,79.0,60.0,42.0,40.0,50.0,34.0,68.0,66.0,49.0
Scottie Barnes,TOR,74,43,31,0.581,35.4,6.2,12.6,0.492,0.8,2.6,0.301,2.1,2.9,0.735,2.6,4.9,7.5,3.5,1.8,1.1,0.7000000000000001,0.5,2.6,2.9,15.3,0.9,272,109.1,110.2,110.2,107.6,108.4,108.4,1.5,1.8,1.8,0.15,1.88,18.1,0.068,0.141,0.102,9.6,9.6,0.524,0.552,0.187,0.192,97.9,97.03,80.86,97.03,0.109,5277,459,932,6.2,12.6,2022,84.0,93.0,78.0,72.0,73.0,95.0,95.0,84.0,80.0,80.0,58.0,57.0,57.0,65.0,85.0,75.0,75.0,43.0,61.0,75.0,76.0,75.0,82.0,74.0,92.0,88.0,85.0,80.0,77.0,79.0,77.0,78.0,58.0,63.0,65.0,79.5
Serge Ibaka,MIL,54,30,24,0.556,16.3,2.7,5.5,0.5,0.7000000000000001,1.8,0.374,0.6000000000000001,0.8,0.727,1.1,3.5,4.6,0.9,0.8,0.2,0.6000000000000001,0.2,1.9,0.7000000000000001,6.8,-1.0,309,107.1,106.0,106.0,108.9,108.9,108.9,-1.8,-3.0,-3.0,0.084,1.14,12.1,0.07,0.197,0.135,10.6,10.6,0.5630000000000001,0.579,0.172,0.179,100.95,101.49,84.57,101.49,0.096,1856,148,296,2.7,5.5,2022,75.0,93.0,72.0,81.0,82.0,50.0,40.0,66.0,75.0,75.0,80.0,73.0,76.0,35.0,80.0,80.0,56.0,32.0,72.0,80.0,71.0,75.0,49.0,79.0,83.0,88.0,70.0,94.0,29.0,35.0,33.0,72.0,36.0,63.0,81.0,54.5
Seth Curry,BKN,64,38,26,0.594,33.3,5.6,11.5,0.487,2.5,5.8,0.422,1.3,1.5,0.872,0.3,2.8,3.1,3.6,1.7,0.8,0.2,0.2,2.3,1.6,15.0,3.0,45,111.6,113.7,113.7,108.5,109.2,109.2,3.2,4.5,4.5,0.162,2.11,20.8,0.01,0.082,0.047,9.9,9.7,0.594,0.615,0.182,0.187,98.17,96.94,80.79,96.94,0.092,4311,360,739,5.6,11.5,2022,78.0,93.0,97.0,86.0,88.0,85.0,85.0,85.0,25.0,36.0,27.0,35.0,30.0,60.0,69.0,25.0,57.0,40.0,40.0,54.0,55.0,35.0,78.0,41.0,68.0,89.0,80.0,80.0,75.0,78.0,77.0,75.0,63.0,30.0,47.0,73.0
Shai Gilgeous-Alexander,OKC,56,16,40,0.286,34.7,8.5,18.8,0.453,1.6,5.3,0.3,5.9,7.2,0.81,0.7000000000000001,4.3,5.0,5.9,2.8,1.3,0.8,1.1,2.5,5.5,24.5,-4.7,128,105.2,106.6,106.6,111.6,113.0,113.0,-6.4,-6.4,-6.4,0.293,2.15,19.4,0.017,0.114,0.065,9.0,9.0,0.496,0.557,0.298,0.304,102.71,101.41,84.51,101.41,0.134,4102,477,1052,8.5,18.8,2022,87.0,94.0,87.0,75.0,83.0,98.0,98.0,94.0,40.0,75.0,66.0,73.0,72.0,94.0,98.0,61.0,78.0,53.0,62.0,75.0,76.0,75.0,86.0,60.0,85.0,94.0,90.0,80.0,90.0,90.0,85.0,90.0,84.0,54.0,59.0,84.0
Shake Milton,PHI,55,34,21,0.618,21.4,3.1,7.3,0.429,0.8,2.4,0.323,1.1,1.3,0.836,0.5,2.0,2.6,2.5,0.8,0.5,0.3,0.4,1.8,1.4,8.2,-0.5,273,107.7,108.6,108.6,109.0,109.6,109.6,-1.3,-1.0,-1.0,0.178,3.16,22.6,0.025,0.094,0.059,7.2,7.1,0.483,0.517,0.174,0.179,98.93,98.24,81.87,98.24,0.079,2412,173,403,3.1,7.3,2022,74.0,84.0,69.0,75.0,88.0,98.0,75.0,84.0,30.0,60.0,46.0,44.0,40.0,63.0,89.0,30.0,65.0,40.0,52.0,58.0,50.0,40.0,77.0,38.0,77.0,80.0,80.0,83.0,79.0,82.0,77.0,80.0,66.0,39.0,51.0,76.5
Spencer Dinwiddie,DAL,67,38,29,0.5670000000000001,29.6,4.6,11.0,0.416,1.7,4.9,0.339,2.9,3.8,0.774,0.7000000000000001,3.5,4.2,5.2,1.6,0.7000000000000001,0.2,0.6000000000000001,2.2,3.1,13.7,-0.7000000000000001,116,108.2,108.4,108.4,108.9,109.4,109.4,-0.7000000000000001,-1.0,-1.0,0.27,3.33,26.8,0.022,0.111,0.068,8.0,8.0,0.493,0.543,0.208,0.214,98.6,98.28,81.9,98.28,0.107,4052,306,735,4.6,11.0,2022,80.0,82.0,72.0,77.0,84.0,95.0,85.0,84.0,35.0,45.0,40.0,48.0,42.0,80.0,98.0,42.0,74.0,38.0,40.0,68.0,59.0,70.0,82.0,45.0,75.0,95.0,56.0,77.0,88.0,88.0,82.0,90.0,72.0,37.0,58.0,79.5
Stanley Johnson,LAL,48,16,32,0.333,22.8,2.4,5.2,0.466,0.7000000000000001,2.2,0.314,1.1,1.5,0.716,0.7000000000000001,2.5,3.2,1.7,0.7000000000000001,0.9,0.3,0.4,2.3,1.3,6.7,-1.0,308,113.7,114.0,114.0,114.4,115.2,115.2,-0.8,-1.1,-1.1,0.094,2.29,20.1,0.032,0.109,0.071,8.8,8.8,0.532,0.5640000000000001,0.125,0.127,101.31,100.83,84.03,100.83,0.06,2289,117,251,2.4,5.2,2022,72.0,84.0,79.0,74.0,83.0,75.0,65.0,67.0,35.0,70.0,38.0,40.0,34.0,45.0,80.0,55.0,78.0,56.0,51.0,72.0,78.0,50.0,67.0,60.0,61.0,80.0,85.0,84.0,65.0,70.0,67.0,45.0,39.0,41.0,54.0,76.5
Stephen Curry,GSW,64,45,19,0.7030000000000001,34.5,8.4,19.1,0.437,4.5,11.7,0.38,4.3,4.7,0.923,0.5,4.7,5.2,6.3,3.2,1.3,0.4,0.6000000000000001,2.0,3.5,25.5,8.0,1,112.8,114.1,114.1,102.2,103.4,103.4,10.6,10.7,10.7,0.286,1.96,20.8,0.015,0.126,0.073,10.6,10.5,0.554,0.601,0.293,0.302,101.99,100.83,84.02,100.83,0.155,4649,535,1224,8.4,19.1,2022,96.0,95.0,92.0,99.0,93.0,98.0,99.0,96.0,25.0,36.0,35.0,52.0,35.0,94.0,98.0,30.0,75.0,56.0,50.0,78.0,85.0,65.0,84.0,48.0,73.0,98.0,98.0,86.0,93.0,97.0,84.0,97.0,75.0,33.0,62.0,80.5
Sterling Brown,DAL,49,31,18,0.633,12.8,1.2,3.2,0.381,0.6000000000000001,1.9,0.304,0.3,0.3,0.933,0.5,2.5,3.0,0.7000000000000001,0.5,0.3,0.1,0.3,1.1,0.2,3.3,0.7000000000000001,342,105.6,105.4,105.4,104.1,103.1,103.1,1.6,2.3,2.3,0.078,1.48,15.5,0.039,0.188,0.113,10.5,10.5,0.471,0.495,0.124,0.128,99.64,100.21,83.51,100.21,0.073,1313,59,155,1.2,3.2,2022,70.0,67.0,67.0,73.0,81.0,85.0,50.0,71.0,40.0,75.0,50.0,51.0,45.0,54.0,85.0,37.0,69.0,38.0,50.0,58.0,64.0,45.0,70.0,54.0,65.0,81.0,65.0,79.0,75.0,76.0,58.0,75.0,34.0,47.0,80.0,72.5
Steven Adams,MEM,76,51,25,0.671,26.3,2.8,5.1,0.547,0.0,0.0,0.0,1.4,2.6,0.543,4.6,5.4,10.0,3.4,1.5,0.9,0.8,0.6000000000000001,2.0,2.6,6.9,4.6,514,115.1,117.8,117.8,108.3,109.5,109.5,6.8,8.3,8.3,0.155,2.23,30.5,0.159,0.198,0.178,13.7,13.6,0.547,0.56,0.118,0.12,101.33,99.57,82.98,99.57,0.108,4150,210,384,2.8,5.1,2022,82.0,77.0,65.0,26.0,57.0,60.0,50.0,74.0,80.0,75.0,79.0,62.0,82.0,54.0,79.0,82.0,55.0,46.0,67.0,85.0,78.0,80.0,48.0,81.0,68.0,88.0,90.0,82.0,69.0,35.0,33.0,68.0,62.0,94.0,81.0,50.0
T.J. McConnell,IND,27,9,18,0.333,24.2,3.7,7.7,0.481,0.4,1.2,0.303,0.7000000000000001,0.9,0.8260000000000001,0.7000000000000001,2.6,3.3,4.9,1.1,1.1,0.4,0.4,2.0,1.4,8.5,-2.7,404,107.2,106.8,106.8,111.6,112.3,112.3,-4.4,-5.5,-5.5,0.287,4.52,34.8,0.029,0.11,0.069,7.7,7.7,0.505,0.525,0.157,0.165,101.61,101.43,84.53,101.43,0.104,1379,100,208,3.7,7.7,2022,75.0,94.0,79.0,72.0,66.0,80.0,70.0,77.0,25.0,25.0,44.0,58.0,38.0,40.0,79.0,49.0,82.0,66.0,52.0,70.0,87.0,80.0,76.0,44.0,65.0,85.0,92.0,83.0,88.0,79.0,73.0,86.0,74.0,41.0,55.0,80.0
Taj Gibson,NYK,52,24,28,0.462,18.2,1.7,3.2,0.518,0.3,0.7000000000000001,0.395,0.8,1.0,0.808,1.7,2.7,4.4,0.6000000000000001,0.5,0.4,0.8,0.2,2.6,0.9,4.4,0.8,426,108.3,107.4,107.4,103.3,104.2,104.2,5.0,3.3,3.3,0.05,1.19,12.9,0.088,0.139,0.114,10.8,10.9,0.5630000000000001,0.606,0.099,0.102,96.78,96.74,80.62,96.74,0.069,1897,86,166,1.7,3.2,2022,74.0,84.0,79.0,77.0,69.0,75.0,55.0,65.0,75.0,65.0,81.0,80.0,79.0,52.0,77.0,69.0,58.0,40.0,81.0,78.0,62.0,60.0,49.0,83.0,58.0,75.0,85.0,83.0,33.0,35.0,32.0,54.0,29.0,69.0,66.0,51.5
Talen Horton-Tucker,LAL,60,23,37,0.383,25.2,3.7,9.0,0.416,0.8,3.0,0.269,1.7,2.1,0.8,0.6000000000000001,2.6,3.2,2.7,1.4,1.0,0.5,0.5,2.5,1.6,10.0,-1.5,264,107.2,107.9,107.9,109.5,110.1,110.1,-2.4,-2.2,-2.2,0.153,1.94,19.1,0.024,0.1,0.061,9.8,9.8,0.462,0.503,0.189,0.193,101.88,101.27,84.39,101.27,0.07,3179,224,538,3.7,9.0,2022,74.0,80.0,77.0,67.0,83.0,95.0,75.0,76.0,30.0,65.0,42.0,51.0,42.0,72.0,80.0,44.0,74.0,56.0,56.0,70.0,70.0,50.0,63.0,65.0,67.0,85.0,85.0,80.0,74.0,76.0,60.0,74.0,59.0,37.0,52.0,70.5
Taurean Prince,MIN,69,40,29,0.58,17.1,2.6,5.7,0.454,1.2,3.3,0.376,0.9,1.2,0.756,0.4,2.1,2.5,1.0,0.8,0.7000000000000001,0.3,0.2,1.7,1.2,7.3,-0.1,175,111.0,111.6,111.6,110.4,110.9,110.9,0.6000000000000001,0.7000000000000001,0.7000000000000001,0.08,1.28,12.5,0.021,0.12,0.07,9.8,9.7,0.5640000000000001,0.589,0.166,0.171,105.09,104.57,87.15,104.57,0.076,2553,177,390,2.6,5.7,2022,76.0,90.0,74.0,81.0,76.0,80.0,70.0,70.0,75.0,70.0,52.0,45.0,51.0,55.0,85.0,64.0,74.0,56.0,58.0,68.0,81.0,60.0,80.0,60.0,84.0,84.0,85.0,81.0,68.0,70.0,69.0,55.0,35.0,36.0,60.0,77.0
Terance Mann,LAC,81,41,40,0.506,28.6,4.1,8.5,0.484,0.9,2.6,0.365,1.6,2.0,0.78,1.3,4.0,5.2,2.6,1.0,0.7000000000000001,0.3,0.5,2.2,2.0,10.8,0.8,236,107.9,108.6,108.6,106.2,107.1,107.1,1.8,1.5,1.5,0.131,2.49,19.8,0.044,0.127,0.086,8.0,8.0,0.539,0.5720000000000001,0.157,0.161,99.56,98.84,82.36,98.84,0.095,4768,334,690,4.1,8.5,2022,75.0,88.0,71.0,80.0,80.0,95.0,85.0,70.0,45.0,75.0,47.0,50.0,50.0,69.0,75.0,54.0,66.0,40.0,45.0,62.0,59.0,50.0,71.0,50.0,79.0,85.0,90.0,80.0,79.0,77.0,70.0,83.0,50.0,49.0,62.0,71.5
Terence Davis,SAC,30,11,19,0.367,17.9,3.8,8.9,0.423,1.6,5.0,0.329,1.2,1.5,0.8180000000000001,0.4,2.8,3.1,1.3,1.1,0.8,0.4,0.5,2.3,1.1,10.4,2.0,121,112.5,113.4,113.4,107.6,109.0,109.0,4.9,4.4,4.4,0.107,1.21,11.2,0.019,0.138,0.08,9.2,9.2,0.515,0.543,0.244,0.251,103.97,102.84,85.7,102.84,0.091,1153,113,267,3.8,8.9,2022,76.0,79.0,74.0,76.0,81.0,95.0,85.0,79.0,40.0,75.0,32.0,49.0,38.0,82.0,95.0,54.0,74.0,66.0,57.0,70.0,74.0,60.0,73.0,44.0,76.0,90.0,89.0,80.0,77.0,79.0,68.0,79.0,44.0,36.0,68.0,75.0
Terrence Ross,ORL,63,14,49,0.222,23.0,3.5,8.8,0.397,1.2,4.2,0.292,1.8,2.1,0.862,0.3,2.2,2.6,1.8,1.2,0.4,0.2,0.4,1.1,1.5,10.0,-5.5,180,100.0,101.9,101.9,113.2,113.8,113.8,-13.3,-11.9,-11.9,0.127,1.55,14.6,0.013,0.094,0.052,9.5,9.3,0.467,0.515,0.196,0.203,102.36,101.14,84.29,101.14,0.075,3059,220,554,3.5,8.8,2022,75.0,89.0,79.0,71.0,86.0,70.0,70.0,74.0,50.0,80.0,58.0,70.0,45.0,40.0,74.0,51.0,68.0,36.0,45.0,66.0,68.0,60.0,74.0,48.0,85.0,86.0,65.0,82.0,69.0,78.0,70.0,72.0,47.0,32.0,50.0,72.0
Terry Taylor,IND,33,7,26,0.212,21.6,4.1,6.7,0.614,0.4,1.2,0.316,1.1,1.5,0.706,2.9,2.3,5.2,1.2,0.7000000000000001,0.4,0.2,0.4,1.8,1.2,9.6,-3.5,405,112.3,112.2,112.2,120.4,119.1,119.1,-8.2,-6.9,-6.9,0.081,1.78,13.4,0.129,0.117,0.123,7.5,7.5,0.641,0.656,0.151,0.156,101.49,102.08,85.07,102.08,0.097,1514,135,220,4.1,6.7,2022,74.0,89.0,70.0,74.0,77.0,85.0,75.0,70.0,40.0,45.0,54.0,52.0,58.0,40.0,69.0,54.0,66.0,37.0,50.0,65.0,40.0,45.0,77.0,69.0,80.0,85.0,65.0,83.0,60.0,66.0,70.0,62.0,36.0,90.0,55.0,75.5
Thaddeus Young,TOR,52,27,25,0.519,16.3,2.7,5.2,0.518,0.3,0.9,0.354,0.4,0.9,0.469,1.5,2.5,4.0,2.0,1.0,1.0,0.3,0.4,1.6,1.0,6.2,0.4,416,106.3,106.1,106.1,106.4,106.3,106.3,-0.2,-0.2,-0.2,0.177,2.0,23.2,0.088,0.152,0.119,11.6,11.6,0.55,0.548,0.169,0.175,99.37,99.55,82.96,99.55,0.109,1764,141,272,2.7,5.2,2022,74.0,92.0,60.0,77.0,45.0,25.0,25.0,78.0,70.0,70.0,70.0,65.0,65.0,30.0,80.0,82.0,70.0,87.0,60.0,82.0,70.0,80.0,72.0,80.0,83.0,78.0,85.0,85.0,69.0,65.0,50.0,82.0,66.0,69.0,67.0,70.5
Thanasis Antetokounmpo,MIL,48,26,22,0.542,9.9,1.5,2.7,0.547,0.0,0.3,0.143,0.6000000000000001,1.0,0.63,0.8,1.3,2.1,0.5,0.5,0.3,0.3,0.3,1.4,0.8,3.6,-2.4,506,106.1,104.3,104.3,115.1,114.4,114.4,-9.1,-10.1,-10.1,0.071,0.85,11.1,0.083,0.129,0.106,13.1,13.2,0.555,0.577,0.155,0.159,101.03,102.22,85.18,102.22,0.067,1002,70,128,1.5,2.7,2022,72.0,71.0,66.0,66.0,66.0,85.0,65.0,80.0,40.0,85.0,53.0,50.0,60.0,69.0,64.0,42.0,59.0,46.0,63.0,54.0,50.0,40.0,77.0,42.0,82.0,80.0,90.0,87.0,54.0,69.0,69.0,75.0,32.0,67.0,59.0,67.5
Theo Maledon,OKC,51,14,37,0.275,17.8,2.3,6.2,0.375,0.9,2.9,0.293,1.5,2.0,0.79,0.4,2.2,2.6,2.2,1.3,0.6000000000000001,0.2,0.5,1.3,1.8,7.1,-3.9,250,102.1,101.8,101.8,113.3,112.3,112.3,-11.2,-10.5,-10.5,0.188,1.71,20.7,0.02,0.118,0.068,12.1,12.1,0.445,0.5,0.201,0.206,99.94,100.47,83.72,100.47,0.075,1901,119,317,2.3,6.2,2022,72.0,87.0,75.0,71.0,77.0,94.0,65.0,79.0,35.0,50.0,37.0,49.0,40.0,64.0,80.0,37.0,56.0,49.0,51.0,40.0,54.0,30.0,77.0,39.0,72.0,84.0,75.0,80.0,84.0,83.0,77.0,84.0,67.0,36.0,57.0,71.0
Theo Pinson,DAL,19,14,5,0.737,7.8,0.7000000000000001,2.1,0.359,0.5,1.6,0.333,0.5,0.5,1.0,0.1,1.0,1.1,0.9,0.3,0.3,0.1,0.0,0.6000000000000001,0.4,2.5,-2.2,355,95.8,95.2,95.2,106.2,107.6,107.6,-10.5,-12.4,-12.4,0.181,3.4,26.2,0.012,0.124,0.067,7.7,7.6,0.487,0.553,0.138,0.145,102.13,101.77,84.81,101.77,0.087,313,14,39,0.7000000000000001,2.1,2022,68.0,70.0,64.0,70.0,86.0,50.0,25.0,75.0,45.0,75.0,35.0,38.0,38.0,55.0,75.0,60.0,71.0,49.0,51.0,69.0,68.0,60.0,73.0,40.0,80.0,80.0,75.0,81.0,50.0,70.0,67.0,45.0,62.0,32.0,62.0,76.0
Thomas Bryant,WAS,27,8,19,0.296,16.3,2.9,5.5,0.52,0.4,1.6,0.286,1.3,1.5,0.875,1.0,3.0,4.0,0.9,0.7000000000000001,0.2,0.8,0.3,1.6,1.4,7.4,-2.8,382,104.0,103.7,103.7,113.0,112.8,112.8,-8.9,-9.1,-9.1,0.083,1.21,11.1,0.06,0.187,0.124,9.1,9.2,0.561,0.607,0.188,0.192,97.78,98.05,81.71,98.05,0.106,900,77,148,2.9,5.5,2022,76.0,92.0,74.0,70.0,67.0,98.0,95.0,72.0,75.0,65.0,79.0,72.0,82.0,68.0,78.0,63.0,40.0,33.0,80.0,79.0,50.0,50.0,62.0,80.0,52.0,88.0,95.0,82.0,40.0,53.0,53.0,42.0,34.0,58.0,77.0,57.0
Tim Hardaway Jr.,DAL,42,24,18,0.5710000000000001,29.6,5.0,12.6,0.394,2.4,7.2,0.336,1.9,2.5,0.757,0.3,3.4,3.7,2.2,0.8,0.9,0.1,0.4,1.8,2.1,14.2,0.9,47,108.3,108.9,108.9,106.9,107.7,107.7,1.4,1.3,1.3,0.115,2.71,13.2,0.01,0.114,0.061,4.9,4.8,0.491,0.52,0.214,0.22,97.59,96.96,80.8,96.96,0.089,2517,209,530,5.0,12.6,2022,77.0,72.0,83.0,77.0,73.0,85.0,80.0,74.0,35.0,78.0,36.0,53.0,38.0,82.0,71.0,45.0,70.0,43.0,35.0,63.0,58.0,40.0,68.0,55.0,78.0,85.0,83.0,83.0,75.0,78.0,68.0,84.0,43.0,31.0,57.0,73.5
Tobias Harris,PHI,73,45,28,0.616,34.8,6.8,14.0,0.482,1.4,3.8,0.367,2.3,2.8,0.842,1.1,5.7,6.8,3.5,1.6,0.6000000000000001,0.6000000000000001,1.0,2.2,2.2,17.2,2.3,153,111.9,113.2,113.2,108.7,110.0,110.0,3.2,3.2,3.2,0.158,2.17,17.1,0.032,0.164,0.099,7.9,7.8,0.532,0.5660000000000001,0.214,0.219,97.89,96.79,80.66,96.79,0.115,5131,493,1022,6.8,14.0,2022,82.0,89.0,85.0,80.0,84.0,80.0,90.0,80.0,65.0,75.0,70.0,70.0,83.0,73.0,95.0,59.0,58.0,36.0,55.0,66.0,64.0,60.0,75.0,73.0,79.0,95.0,73.0,82.0,77.0,79.0,56.0,84.0,62.0,41.0,70.0,63.0
Tony Bradley,CHI,55,28,27,0.509,10.0,1.3,2.2,0.585,0.0,0.0,0.0,0.3,0.5,0.655,1.2,2.2,3.4,0.5,0.6000000000000001,0.2,0.6000000000000001,0.3,1.1,0.6000000000000001,3.0,1.3,514,111.6,110.2,110.2,104.7,105.0,105.0,6.9,5.2,5.2,0.065,0.79,13.7,0.123,0.196,0.161,17.3,17.3,0.585,0.6000000000000001,0.128,0.133,101.27,101.8,84.84,101.8,0.096,1169,72,123,1.3,2.2,2022,74.0,88.0,66.0,26.0,67.0,50.0,50.0,74.0,75.0,60.0,72.0,62.0,79.0,65.0,85.0,72.0,35.0,36.0,85.0,70.0,58.0,55.0,51.0,82.0,51.0,80.0,90.0,80.0,44.0,44.0,33.0,58.0,32.0,86.0,85.0,48.0
Torrey Craig,PHX,78,36,42,0.462,20.5,2.6,5.7,0.454,1.0,3.0,0.329,0.5,0.7000000000000001,0.75,1.1,2.9,4.0,1.2,0.9,0.6000000000000001,0.5,0.2,1.9,0.7000000000000001,6.6,-2.4,230,106.3,106.8,106.8,111.4,111.8,111.8,-5.0,-5.0,-5.0,0.082,1.36,14.7,0.05,0.137,0.093,10.8,10.8,0.541,0.556,0.139,0.143,100.76,100.36,83.63,100.36,0.073,3329,200,441,2.6,5.7,2022,74.0,89.0,60.0,76.0,77.0,70.0,60.0,79.0,35.0,60.0,50.0,62.0,55.0,65.0,70.0,74.0,79.0,42.0,60.0,79.0,75.0,75.0,63.0,49.0,73.0,80.0,35.0,80.0,52.0,69.0,58.0,50.0,34.0,54.0,64.0,70.5
Trae Young,ATL,76,40,36,0.526,34.9,9.4,20.3,0.46,3.1,8.0,0.382,6.6,7.3,0.904,0.7000000000000001,3.1,3.7,9.7,4.0,0.9,0.1,1.2,1.7,5.9,28.4,2.1,11,116.5,117.2,117.2,113.6,114.9,114.9,2.9,2.3,2.3,0.442,2.43,26.1,0.019,0.087,0.053,10.7,10.7,0.536,0.603,0.333,0.34,101.06,100.2,83.5,100.2,0.161,5550,711,1544,9.4,20.3,2022,90.0,91.0,97.0,86.0,89.0,90.0,98.0,90.0,25.0,30.0,28.0,60.0,34.0,96.0,80.0,31.0,55.0,41.0,30.0,58.0,70.0,30.0,84.0,50.0,78.0,95.0,75.0,86.0,80.0,93.0,84.0,94.0,93.0,35.0,48.0,77.0
Tre Jones,SAS,69,32,37,0.464,16.6,2.4,4.9,0.49,0.1,0.7000000000000001,0.196,1.0,1.3,0.78,0.4,1.8,2.2,3.4,0.7000000000000001,0.6000000000000001,0.1,0.4,1.1,1.5,6.0,-0.2,469,109.1,108.8,108.8,111.0,109.3,109.3,-1.9,-0.5,-0.5,0.28,5.07,35.7,0.024,0.103,0.064,7.1,7.0,0.504,0.545,0.151,0.158,101.65,102.57,85.48,102.57,0.105,2452,166,339,2.4,4.9,2022,74.0,94.0,84.0,60.0,81.0,75.0,65.0,70.0,25.0,35.0,32.0,34.0,30.0,40.0,80.0,34.0,75.0,53.0,37.0,70.0,76.0,65.0,74.0,60.0,71.0,85.0,75.0,81.0,79.0,79.0,74.0,79.0,73.0,37.0,53.0,76.5
Tre Mann,OKC,60,17,43,0.283,22.8,3.9,9.8,0.393,1.6,4.5,0.36,1.1,1.4,0.793,0.4,2.4,2.9,1.5,1.2,0.8,0.2,0.6000000000000001,1.7,1.2,10.4,-4.6,121,101.6,101.7,101.7,112.1,112.0,112.0,-10.5,-10.3,-10.3,0.108,1.28,11.6,0.017,0.101,0.058,9.0,9.0,0.476,0.501,0.213,0.218,100.55,100.48,83.74,100.48,0.069,2869,231,588,3.9,9.8,2022,75.0,82.0,74.0,80.0,76.0,92.0,90.0,83.0,25.0,60.0,35.0,55.0,60.0,59.0,85.0,49.0,66.0,49.0,45.0,60.0,59.0,40.0,74.0,53.0,68.0,88.0,75.0,80.0,80.0,83.0,73.0,78.0,41.0,34.0,52.0,71.5
Trendon Watford,POR,48,16,32,0.333,18.1,3.0,5.6,0.532,0.2,0.8,0.237,1.5,2.0,0.755,1.2,3.0,4.1,1.7,0.9,0.5,0.6000000000000001,0.4,2.4,1.6,7.6,-7.3,459,100.9,100.5,100.5,118.0,118.4,118.4,-17.1,-17.9,-17.9,0.152,1.84,18.7,0.06,0.163,0.109,10.2,10.2,0.549,0.59,0.169,0.173,102.63,102.67,85.56,102.67,0.097,1852,142,267,3.0,5.6,2022,74.0,88.0,68.0,60.0,65.0,75.0,80.0,79.0,75.0,80.0,69.0,69.0,69.0,69.0,70.0,66.0,52.0,42.0,72.0,52.0,50.0,40.0,63.0,79.0,80.0,85.0,80.0,80.0,59.0,50.0,57.0,62.0,58.0,60.0,72.0,57.5
Trent Forrest,UTA,60,36,24,0.6000000000000001,12.8,1.3,2.6,0.49,0.1,0.5,0.185,0.6000000000000001,0.8,0.792,0.4,1.3,1.7,1.8,0.8,0.5,0.1,0.2,0.7000000000000001,0.7000000000000001,3.3,1.3,481,113.5,113.0,113.0,108.8,108.5,108.5,4.7,4.5,4.5,0.188,2.21,32.1,0.031,0.093,0.064,14.5,14.5,0.506,0.554,0.124,0.129,97.84,98.16,81.8,98.16,0.079,1569,76,155,1.3,2.6,2022,71.0,89.0,72.0,62.0,85.0,70.0,60.0,79.0,40.0,60.0,59.0,62.0,62.0,72.0,95.0,58.0,60.0,56.0,42.0,60.0,55.0,40.0,82.0,59.0,75.0,80.0,80.0,80.0,70.0,76.0,78.0,68.0,67.0,41.0,51.0,76.0
Trevelin Queen,HOU,10,1,9,0.1,7.4,1.5,3.3,0.455,0.9,2.4,0.375,0.4,0.4,1.0,0.7000000000000001,0.9,1.6,0.4,0.7000000000000001,0.5,0.1,0.0,0.6000000000000001,0.5,4.3,0.8,243,112.4,112.9,112.9,110.3,107.3,107.3,2.0,5.6,5.6,0.074,0.5700000000000001,8.9,0.091,0.134,0.111,15.6,15.3,0.591,0.619,0.219,0.227,104.23,105.43,87.86,105.43,0.108,163,15,33,1.5,3.3,2022,67.0,67.0,68.0,74.0,73.0,70.0,40.0,70.0,40.0,75.0,30.0,45.0,45.0,66.0,80.0,40.0,60.0,46.0,51.0,55.0,47.0,40.0,70.0,49.0,75.0,80.0,65.0,83.0,65.0,70.0,66.0,62.0,44.0,54.0,64.0,70.0
Trey Burke,DAL,42,24,18,0.5710000000000001,10.5,2.0,5.1,0.391,0.6000000000000001,2.0,0.317,0.5,0.5,0.87,0.1,0.7000000000000001,0.8,1.4,0.6000000000000001,0.3,0.0,0.1,0.9,0.7000000000000001,5.1,-0.2,332,104.3,103.6,103.6,105.7,104.2,104.2,-1.4,-0.5,-0.5,0.219,2.19,18.4,0.009,0.064,0.037,8.4,8.4,0.451,0.475,0.25,0.259,98.1,99.17,82.64,99.17,0.069,909,84,215,2.0,5.1,2022,71.0,88.0,73.0,74.0,88.0,81.0,85.0,74.0,25.0,30.0,28.0,45.0,35.0,55.0,85.0,48.0,63.0,42.0,25.0,54.0,60.0,35.0,80.0,41.0,70.0,85.0,85.0,80.0,80.0,86.0,80.0,84.0,70.0,30.0,43.0,74.0
Trey Lyles,SAC,75,19,56,0.253,20.5,3.5,7.5,0.466,0.9,2.8,0.321,2.6,3.2,0.802,1.2,3.9,5.1,1.2,1.0,0.4,0.4,0.5,1.6,2.6,10.5,-3.0,244,105.4,106.4,106.4,113.4,113.6,113.6,-8.0,-7.2,-7.2,0.09,1.21,10.7,0.056,0.189,0.121,8.9,8.8,0.526,0.588,0.205,0.21,101.43,100.8,84.0,100.8,0.115,3228,262,562,3.5,7.5,2022,75.0,91.0,73.0,75.0,80.0,85.0,75.0,77.0,70.0,65.0,66.0,74.0,69.0,66.0,80.0,68.0,36.0,36.0,58.0,64.0,62.0,40.0,54.0,69.0,65.0,81.0,80.0,84.0,55.0,58.0,41.0,60.0,37.0,55.0,79.0,53.5
Troy Brown Jr.,CHI,66,37,29,0.561,16.0,1.6,3.9,0.419,0.7000000000000001,2.0,0.353,0.3,0.4,0.769,0.6000000000000001,2.5,3.1,1.0,0.4,0.5,0.1,0.4,0.9,0.4,4.3,-0.7000000000000001,301,110.1,109.3,109.3,111.4,111.7,111.7,-1.3,-2.3,-2.3,0.082,2.54,18.3,0.038,0.154,0.098,7.2,7.2,0.51,0.525,0.118,0.122,100.86,101.1,84.25,101.1,0.073,2225,108,258,1.6,3.9,2022,72.0,77.0,69.0,79.0,71.0,75.0,60.0,70.0,30.0,70.0,54.0,59.0,54.0,65.0,80.0,48.0,72.0,49.0,35.0,72.0,71.0,55.0,70.0,58.0,69.0,85.0,80.0,81.0,75.0,77.0,61.0,75.0,35.0,46.0,68.0,74.5
Ty Jerome,OKC,48,15,33,0.313,16.7,2.6,6.8,0.378,1.1,3.9,0.29,0.8,1.0,0.809,0.4,1.2,1.6,2.3,0.8,0.6000000000000001,0.1,0.4,1.5,1.1,7.1,-0.1,197,98.9,98.9,98.9,101.1,100.4,100.4,-2.2,-1.5,-1.5,0.229,2.95,22.1,0.021,0.072,0.045,7.5,7.5,0.46,0.488,0.205,0.21,98.63,98.98,82.49,98.98,0.081,1661,124,328,2.6,6.8,2022,72.0,93.0,87.0,71.0,83.0,80.0,65.0,79.0,40.0,45.0,38.0,37.0,40.0,65.0,80.0,40.0,66.0,53.0,40.0,65.0,68.0,50.0,69.0,56.0,62.0,85.0,85.0,80.0,84.0,86.0,68.0,84.0,70.0,36.0,44.0,71.0
Tyler Hall,NYK,1,1,0,1.0,1.9,0.0,0.0,0.0,0.0,0.0,0.0,0.0,0.0,0.0,0.0,0.0,0.0,0.0,0.0,0.0,0.0,0.0,0.0,0.0,0.0,-5.0,514,50.0,40.0,40.0,140.0,140.0,140.0,-90.0,-100.0,-100.0,0.0,0.0,0.0,0.0,0.0,0.0,0.0,0.0,0.0,0.0,0.0,0.0,111.72,124.14,103.45,124.14,0.0,5,0,0,0.0,0.0,2022,66.0,67.0,73.0,79.0,83.0,60.0,50.0,68.0,40.0,60.0,41.0,42.0,45.0,41.0,70.0,45.0,59.0,33.0,62.0,50.0,55.0,40.0,68.0,49.0,69.0,80.0,72.0,80.0,61.0,64.0,65.0,59.0,51.0,28.0,53.0,68.5
Tyler Herro,MIA,66,44,22,0.667,32.6,7.6,17.0,0.447,2.7,6.7,0.399,2.9,3.3,0.868,0.5,4.5,5.0,4.0,2.6,0.7000000000000001,0.1,1.1,1.4,2.7,20.7,3.6,34,111.9,113.4,113.4,106.4,108.1,108.1,5.5,5.3,5.3,0.205,1.51,15.9,0.015,0.133,0.076,10.6,10.5,0.525,0.561,0.278,0.285,99.36,97.92,81.6,97.92,0.129,4391,501,1122,7.6,17.0,2022,84.0,84.0,83.0,83.0,88.0,98.0,98.0,89.0,30.0,60.0,37.0,55.0,48.0,84.0,95.0,46.0,69.0,37.0,35.0,65.0,60.0,50.0,79.0,59.0,72.0,85.0,75.0,80.0,79.0,83.0,74.0,84.0,70.0,33.0,64.0,74.0
Tyrese Haliburton,IND,77,26,51,0.338,35.0,5.6,11.8,0.473,2.1,5.1,0.414,2.1,2.5,0.842,0.8,3.2,4.0,8.2,2.6,1.7,0.6000000000000001,0.5,1.6,2.2,15.3,-4.2,73,108.6,110.0,110.0,115.2,115.9,115.9,-6.6,-6.0,-6.0,0.335,3.16,34.6,0.022,0.093,0.056,11.0,10.9,0.562,0.595,0.184,0.188,101.66,100.67,83.89,100.67,0.122,5655,430,909,5.6,11.8,2022,84.0,88.0,92.0,84.0,76.0,98.0,95.0,84.0,40.0,65.0,42.0,49.0,40.0,66.0,95.0,60.0,74.0,73.0,56.0,74.0,73.0,65.0,81.0,59.0,70.0,88.0,85.0,80.0,87.0,86.0,81.0,87.0,79.0,37.0,50.0,77.5
Tyrese Maxey,PHI,75,45,30,0.6000000000000001,35.3,6.4,13.3,0.485,1.8,4.1,0.427,2.8,3.3,0.866,0.3,2.9,3.2,4.3,1.2,0.7000000000000001,0.4,0.7000000000000001,2.1,2.4,17.5,2.6,104,112.2,113.3,113.3,109.0,109.7,109.7,3.3,3.6,3.6,0.191,3.65,21.4,0.01,0.08,0.046,5.9,5.8,0.552,0.594,0.199,0.204,97.9,97.1,80.92,97.1,0.105,5362,483,995,6.4,13.3,2022,85.0,87.0,81.0,85.0,87.0,98.0,98.0,89.0,25.0,55.0,45.0,60.0,47.0,88.0,95.0,52.0,79.0,47.0,51.0,69.0,68.0,65.0,89.0,44.0,80.0,95.0,95.0,77.0,84.0,86.0,87.0,86.0,74.0,30.0,47.0,86.0
Tyus Jones,MEM,73,51,22,0.6990000000000001,21.2,3.4,7.6,0.451,1.1,2.8,0.39,0.7000000000000001,0.9,0.8180000000000001,0.2,2.2,2.4,4.4,0.6000000000000001,0.9,0.0,0.2,0.4,1.0,8.7,3.5,200,111.5,113.0,113.0,103.8,105.5,105.5,7.7,7.6,7.6,0.285,7.04,34.2,0.01,0.097,0.052,4.9,4.8,0.524,0.544,0.164,0.168,102.45,100.93,84.11,100.93,0.126,3262,249,552,3.4,7.6,2022,77.0,89.0,83.0,83.0,88.0,97.0,95.0,82.0,25.0,30.0,28.0,40.0,35.0,74.0,78.0,30.0,67.0,59.0,27.0,60.0,80.0,50.0,71.0,34.0,57.0,92.0,87.0,84.0,84.0,82.0,69.0,82.0,74.0,30.0,52.0,70.5
Udoka Azubuike,UTA,17,11,6,0.647,11.5,2.2,2.9,0.755,0.0,0.0,0.0,0.4,0.6000000000000001,0.545,1.1,3.1,4.2,0.0,0.7000000000000001,0.1,0.6000000000000001,0.1,1.5,0.6000000000000001,4.7,0.2,514,109.0,107.8,107.8,106.2,105.8,105.8,2.8,2.0,2.0,0.0,0.0,0.0,0.093,0.233,0.169,18.5,18.2,0.755,0.743,0.143,0.148,100.29,100.99,84.16,100.99,0.118,408,37,49,2.2,2.9,2022,72.0,64.0,34.0,25.0,44.0,40.0,25.0,70.0,85.0,75.0,44.0,45.0,48.0,40.0,35.0,76.0,44.0,28.0,85.0,74.0,54.0,55.0,72.0,80.0,93.0,79.0,75.0,83.0,25.0,35.0,44.0,34.0,25.0,72.0,89.0,60.5
Udonis Haslem,MIA,13,10,3,0.769,6.4,1.1,2.4,0.452,0.1,0.3,0.25,0.2,0.2,1.0,0.3,1.6,1.9,0.3,0.4,0.1,0.1,0.2,1.2,0.5,2.5,-1.2,487,94.8,92.7,92.7,104.6,102.3,102.3,-9.8,-9.5,-9.5,0.077,0.8,9.8,0.043,0.239,0.139,12.2,12.1,0.468,0.495,0.183,0.192,100.38,102.67,85.56,102.67,0.085,179,14,31,1.1,2.4,2022,70.0,82.0,66.0,47.0,75.0,64.0,35.0,52.0,55.0,61.0,62.0,68.0,60.0,56.0,64.0,74.0,55.0,64.0,40.0,70.0,66.0,60.0,54.0,73.0,60.0,78.0,90.0,76.0,29.0,35.0,31.0,64.0,29.0,57.0,80.0,40.5
Usman Garuba,HOU,24,2,22,0.083,10.0,0.8,1.8,0.432,0.2,0.8,0.25,0.2,0.3,0.714,0.9,2.6,3.5,0.7000000000000001,0.3,0.4,0.5,0.3,1.2,0.3,2.0,1.4,453,118.1,118.6,118.6,112.1,111.5,111.5,6.0,7.0,7.0,0.084,2.83,24.3,0.083,0.263,0.17,8.6,8.6,0.489,0.51,0.091,0.093,103.98,104.06,86.72,104.06,0.087,517,19,44,0.8,1.8,2022,73.0,58.0,59.0,65.0,60.0,65.0,40.0,79.0,60.0,70.0,48.0,44.0,48.0,60.0,92.0,70.0,70.0,59.0,80.0,72.0,69.0,70.0,68.0,70.0,69.0,85.0,90.0,80.0,60.0,66.0,60.0,67.0,38.0,68.0,84.0,71.5
Vernon Carey Jr.,WAS,7,3,4,0.429,6.3,1.0,1.9,0.538,0.0,0.0,0.0,0.9,1.9,0.462,1.1,0.6000000000000001,1.7,0.0,0.4,0.3,0.1,0.0,0.6000000000000001,1.1,2.9,-6.3,514,92.2,84.7,84.7,135.9,132.3,132.3,-43.6,-47.6,-47.6,0.0,0.0,0.0,0.145,0.093,0.122,14.3,13.8,0.538,0.534,0.179,0.201,99.74,105.46,87.89,105.46,0.055,98,7,13,1.0,1.9,2022,73.0,84.0,73.0,63.0,74.0,92.0,65.0,57.0,80.0,70.0,69.0,62.0,67.0,78.0,68.0,66.0,36.0,30.0,81.0,62.0,52.0,45.0,49.0,83.0,72.0,82.0,80.0,85.0,39.0,44.0,37.0,52.0,27.0,52.0,76.0,46.5
Victor Oladipo,MIA,8,4,4,0.5,21.6,4.4,9.1,0.479,1.9,4.5,0.417,1.8,2.4,0.737,0.4,2.5,2.9,3.5,2.0,0.6000000000000001,0.1,0.4,1.6,2.1,12.4,-0.6000000000000001,95,102.4,103.3,103.3,100.4,104.7,104.7,2.0,-1.4,-1.4,0.277,1.75,22.4,0.017,0.11,0.065,12.8,12.8,0.582,0.608,0.247,0.253,102.16,99.54,82.95,99.54,0.13,359,35,73,4.4,9.1,2022,78.0,77.0,72.0,81.0,75.0,75.0,65.0,75.0,35.0,85.0,41.0,53.0,40.0,50.0,84.0,58.0,84.0,42.0,40.0,82.0,78.0,80.0,81.0,66.0,88.0,85.0,85.0,83.0,75.0,82.0,80.0,80.0,73.0,35.0,57.0,82.5
Wendell Carter Jr.,ORL,62,16,46,0.258,29.9,5.8,11.0,0.525,1.1,3.5,0.327,2.3,3.3,0.6910000000000001,2.2,8.2,10.5,2.8,1.9,0.6000000000000001,0.7000000000000001,0.6000000000000001,2.7,3.0,15.0,-2.2,195,104.1,105.1,105.1,107.5,108.8,108.8,-3.5,-3.7,-3.7,0.15,1.46,16.1,0.074,0.26,0.168,11.0,11.0,0.5760000000000001,0.601,0.206,0.209,101.49,100.39,83.66,100.39,0.144,3876,359,684,5.8,11.0,2022,83.0,87.0,96.0,75.0,71.0,95.0,75.0,78.0,80.0,75.0,82.0,82.0,81.0,79.0,85.0,78.0,47.0,36.0,61.0,80.0,70.0,70.0,68.0,82.0,68.0,85.0,90.0,81.0,56.0,50.0,47.0,70.0,61.0,64.0,91.0,52.5
Wenyen Gabriel,LAL,26,8,18,0.308,13.8,2.1,4.2,0.491,0.3,1.1,0.286,1.0,1.6,0.595,1.5,2.2,3.7,0.5,0.6000000000000001,0.2,0.4,0.6000000000000001,2.6,1.3,5.4,1.7,422,117.7,118.1,118.1,113.9,111.4,111.4,3.7,6.7,6.7,0.053,0.88,8.9,0.105,0.151,0.128,10.1,10.1,0.527,0.549,0.165,0.17,100.72,101.67,84.73,101.67,0.056,757,54,110,2.1,4.2,2022,71.0,63.0,62.0,70.0,63.0,50.0,45.0,70.0,75.0,75.0,52.0,38.0,46.0,44.0,70.0,69.0,59.0,33.0,67.0,70.0,54.0,55.0,66.0,69.0,75.0,80.0,85.0,81.0,55.0,60.0,58.0,59.0,31.0,79.0,68.0,63.0
Wesley Matthews,MIL,49,33,16,0.673,20.5,1.8,4.5,0.395,1.1,3.2,0.338,0.4,0.6000000000000001,0.786,0.6000000000000001,1.3,1.9,0.7000000000000001,0.4,0.5,0.2,0.2,1.8,1.1,5.1,2.8,201,115.4,114.4,114.4,107.1,107.7,107.7,8.3,6.7,6.7,0.047,2.0,12.6,0.029,0.056,0.043,6.3,6.3,0.516,0.536,0.104,0.108,102.58,102.71,85.59,102.71,0.035,2142,87,220,1.8,4.5,2022,72.0,77.0,68.0,77.0,86.0,70.0,30.0,78.0,45.0,50.0,63.0,65.0,65.0,45.0,85.0,38.0,78.0,38.0,45.0,75.0,79.0,70.0,70.0,55.0,70.0,85.0,80.0,84.0,72.0,75.0,68.0,77.0,29.0,41.0,41.0,77.0
Will Barton,DEN,71,41,30,0.577,32.1,5.5,12.6,0.438,2.2,6.1,0.365,1.4,1.8,0.803,0.6000000000000001,4.2,4.8,3.9,1.8,0.8,0.4,0.7000000000000001,1.6,1.8,14.7,1.4,63,111.0,112.5,112.5,110.2,110.4,110.4,0.8,2.0,2.0,0.171,2.17,20.4,0.02,0.128,0.075,9.4,9.4,0.525,0.548,0.205,0.208,100.1,99.34,82.79,99.34,0.095,4713,392,896,5.5,12.6,2022,77.0,83.0,72.0,80.0,73.0,95.0,90.0,85.0,40.0,83.0,32.0,59.0,45.0,74.0,82.0,33.0,80.0,40.0,51.0,80.0,65.0,75.0,75.0,54.0,74.0,82.0,85.0,80.0,75.0,79.0,73.0,77.0,66.0,36.0,61.0,78.0
Willie Cauley-Stein,PHI,20,12,8,0.6000000000000001,9.1,0.8,1.8,0.457,0.1,0.1,0.5,0.1,0.1,0.5,0.7000000000000001,1.4,2.0,0.5,0.4,0.3,0.2,0.3,1.0,0.2,1.7,1.2,501,105.7,105.4,105.4,100.4,98.2,98.2,5.3,7.2,7.2,0.074,1.43,18.9,0.064,0.144,0.102,13.2,13.2,0.471,0.474,0.099,0.101,100.9,102.14,85.11,102.14,0.056,387,16,35,0.8,1.8,2022,73.0,69.0,37.0,49.0,63.0,85.0,70.0,75.0,85.0,70.0,79.0,55.0,65.0,73.0,84.0,76.0,51.0,40.0,72.0,78.0,62.0,65.0,70.0,77.0,75.0,85.0,88.0,84.0,68.0,35.0,32.0,75.0,33.0,58.0,70.0,64.5
Willy Hernangomez,NOP,50,22,28,0.44,16.8,3.4,6.5,0.52,0.1,0.2,0.333,2.2,2.8,0.773,2.9,3.9,6.8,1.3,1.0,0.4,0.4,0.5,1.9,2.1,9.1,-0.9,484,111.7,112.5,112.5,114.3,114.2,114.2,-2.6,-1.6,-1.6,0.113,1.24,12.5,0.153,0.24,0.194,10.1,10.1,0.526,0.582,0.211,0.215,102.14,101.84,84.87,101.84,0.131,1773,170,327,3.4,6.5,2022,74.0,79.0,74.0,60.0,71.0,60.0,65.0,54.0,75.0,65.0,70.0,64.0,72.0,62.0,48.0,70.0,41.0,40.0,62.0,66.0,61.0,50.0,44.0,74.0,49.0,80.0,90.0,80.0,30.0,35.0,31.0,40.0,44.0,92.0,87.0,47.0
Xavier Moon,LAC,10,7,3,0.7000000000000001,13.7,2.5,5.1,0.49,0.5,1.4,0.357,0.3,0.5,0.6000000000000001,0.2,1.2,1.4,2.4,0.6000000000000001,0.7000000000000001,0.3,0.3,0.9,0.5,5.8,0.2,357,110.7,112.9,112.9,108.6,111.5,111.5,2.1,1.4,1.4,0.245,4.0,28.9,0.014,0.072,0.045,7.2,7.2,0.539,0.545,0.177,0.182,105.53,103.08,85.9,103.08,0.1,294,25,51,2.5,5.1,2022,67.0,70.0,70.0,78.0,89.0,55.0,50.0,74.0,25.0,40.0,27.0,34.0,32.0,47.0,69.0,30.0,50.0,76.0,40.0,44.0,37.0,30.0,73.0,44.0,70.0,85.0,75.0,80.0,66.0,73.0,70.0,65.0,73.0,30.0,47.0,68.5
Xavier Sneed,UTA,9,7,2,0.778,4.3,0.2,1.1,0.2,0.1,0.9,0.125,0.0,0.0,0.0,0.2,0.4,0.7000000000000001,0.1,0.0,0.0,0.0,0.0,0.2,0.0,0.6000000000000001,-0.7000000000000001,475,93.4,93.8,93.8,101.2,97.6,97.6,-7.8,-3.8,-3.8,0.036,0.0,9.1,0.041,0.111,0.071,0.0,0.0,0.25,0.25,0.109,0.112,99.38,101.04,84.2,101.04,0.006,80,2,10,0.2,1.1,2022,68.0,67.0,66.0,73.0,76.0,60.0,35.0,72.0,60.0,70.0,44.0,55.0,52.0,60.0,68.0,52.0,68.0,66.0,35.0,62.0,53.0,50.0,81.0,40.0,98.0,80.0,59.0,83.0,62.0,68.0,65.0,49.0,44.0,36.0,52.0,66.5
Xavier Tillman,MEM,53,35,18,0.66,13.2,1.8,4.1,0.454,0.2,0.9,0.204,0.9,1.3,0.648,1.2,1.8,3.0,1.2,0.6000000000000001,0.9,0.3,0.3,1.2,1.0,4.8,-0.5,458,104.8,105.0,105.0,104.7,106.4,106.4,0.1,-1.4,-1.4,0.127,1.82,18.1,0.084,0.138,0.109,9.9,9.9,0.477,0.51,0.164,0.169,101.68,100.82,84.02,100.82,0.094,1469,98,216,1.8,4.1,2022,75.0,89.0,63.0,57.0,60.0,80.0,80.0,76.0,75.0,65.0,67.0,66.0,66.0,46.0,95.0,78.0,66.0,89.0,58.0,80.0,84.0,75.0,46.0,72.0,69.0,82.0,94.0,80.0,62.0,61.0,37.0,68.0,43.0,68.0,62.0,55.5
Yuta Watanabe,TOR,38,21,17,0.553,11.7,1.5,3.6,0.406,0.7000000000000001,2.1,0.342,0.6000000000000001,1.1,0.6000000000000001,0.5,1.9,2.4,0.6000000000000001,0.5,0.3,0.4,0.2,1.0,0.9,4.3,-1.4,302,105.7,105.7,105.7,110.2,109.6,109.6,-4.5,-3.9,-3.9,0.067,1.11,10.7,0.035,0.158,0.093,9.7,9.7,0.504,0.524,0.161,0.165,101.94,102.15,85.13,102.15,0.075,940,56,138,1.5,3.6,2022,72.0,78.0,60.0,77.0,82.0,75.0,60.0,60.0,40.0,60.0,40.0,43.0,45.0,55.0,85.0,58.0,63.0,40.0,74.0,66.0,65.0,60.0,67.0,60.0,74.0,80.0,85.0,80.0,60.0,69.0,65.0,63.0,32.0,46.0,73.0,69.0
Zach Collins,SAS,28,14,14,0.5,17.9,2.7,5.5,0.49,0.5,1.5,0.341,1.9,2.3,0.8,1.6,3.8,5.5,2.2,1.6,0.5,0.8,0.6000000000000001,2.4,2.0,7.8,1.4,357,109.3,110.9,110.9,109.8,107.8,107.8,-0.5,3.1,3.1,0.17,1.36,21.2,0.085,0.197,0.141,15.6,15.5,0.535,0.594,0.184,0.19,103.96,104.12,86.77,104.12,0.107,1091,76,155,2.7,5.5,2022,74.0,74.0,50.0,77.0,75.0,65.0,40.0,70.0,70.0,65.0,72.0,70.0,70.0,50.0,75.0,68.0,45.0,40.0,77.0,70.0,65.0,50.0,66.0,60.0,79.0,78.0,80.0,80.0,30.0,40.0,38.0,30.0,61.0,68.0,82.0,61.0
Zach LaVine,CHI,67,37,30,0.552,34.7,8.4,17.7,0.476,2.8,7.1,0.389,4.8,5.6,0.853,0.3,4.3,4.6,4.5,2.6,0.6000000000000001,0.3,0.9,1.8,4.0,24.4,-0.4,28,111.7,112.5,112.5,111.8,113.4,113.4,-0.2,-0.9,-0.9,0.207,1.77,16.7,0.01,0.121,0.067,9.4,9.4,0.554,0.605,0.284,0.291,100.4,99.36,82.8,99.36,0.129,4827,565,1186,8.4,17.7,2022,88.0,94.0,82.0,84.0,85.0,98.0,98.0,95.0,60.0,95.0,59.0,59.0,59.0,96.0,98.0,62.0,69.0,62.0,59.0,68.0,69.0,65.0,84.0,49.0,97.0,98.0,85.0,83.0,79.0,88.0,81.0,88.0,74.0,49.0,60.0,79.5
Zeke Nnaji,DEN,41,24,17,0.585,17.0,2.3,4.5,0.516,0.9,2.0,0.463,1.0,1.6,0.631,1.4,2.2,3.6,0.4,0.6000000000000001,0.4,0.3,0.5,1.9,1.3,6.6,-1.1,242,107.3,107.2,107.2,111.4,110.4,110.4,-4.0,-3.2,-3.2,0.037,0.74,6.6,0.077,0.141,0.107,9.0,9.0,0.616,0.629,0.146,0.15,98.76,99.25,82.71,99.25,0.078,1443,96,186,2.3,4.5,2022,76.0,67.0,76.0,85.0,70.0,78.0,75.0,77.0,80.0,70.0,69.0,67.0,67.0,69.0,77.0,69.0,54.0,38.0,56.0,57.0,42.0,45.0,77.0,70.0,82.0,80.0,89.0,83.0,33.0,37.0,52.0,42.0,28.0,68.0,61.0,67.0
Ziaire Williams,MEM,62,41,21,0.661,21.7,3.1,6.8,0.45,1.2,3.9,0.314,0.7000000000000001,0.9,0.782,0.4,1.7,2.1,1.0,0.7000000000000001,0.6000000000000001,0.2,0.3,1.8,0.8,8.1,2.0,178,111.2,112.9,112.9,107.5,108.8,108.8,3.6,4.2,4.2,0.062,1.59,11.8,0.017,0.071,0.044,7.4,7.4,0.54,0.559,0.144,0.147,104.65,103.22,86.02,103.22,0.055,2896,191,424,3.1,6.8,2022,74.0,86.0,83.0,74.0,71.0,70.0,45.0,82.0,65.0,80.0,48.0,44.0,58.0,55.0,75.0,60.0,73.0,40.0,45.0,70.0,71.0,65.0,87.0,40.0,82.0,90.0,88.0,80.0,50.0,79.0,82.0,54.0,32.0,35.0,45.0,82.0
A.J. Lawson,DAL,15,5,10,0.333,7.2,1.5,2.9,0.5,0.7000000000000001,1.7,0.4,0.1,0.5,0.25,0.4,1.0,1.4,0.1,0.2,0.1,0.0,0.2,0.7000000000000001,0.4,3.7,-3.1,302,99.3,96.3,96.3,116.9,116.4,116.4,-17.7,-20.1,-20.1,0.032,0.67,3.8,0.046,0.152,0.091,5.8,5.7,0.614,0.589,0.189,0.202,104.09,105.96,88.3,105.96,0.076,240,22,44,1.5,2.9,2023,67.0,70.0,68.0,75.0,55.0,60.0,50.0,68.0,45.0,75.0,52.0,52.0,55.0,42.0,75.0,48.0,60.0,55.0,39.0,60.0,65.0,50.0,74.0,34.0,80.0,85.0,80.0,80.0,62.0,69.0,69.0,64.0,37.0,37.0,38.0,70.5
AJ Griffin,ATL,72,34,38,0.472,19.5,3.4,7.4,0.465,1.4,3.6,0.39,0.6000000000000001,0.7000000000000001,0.894,0.5,1.6,2.1,1.0,0.6000000000000001,0.6000000000000001,0.2,0.3,1.2,0.6000000000000001,8.9,0.9,148,113.9,113.6,113.6,111.6,112.0,112.0,2.3,1.5,1.5,0.07,1.74,10.9,0.026,0.08,0.053,6.3,6.3,0.56,0.577,0.174,0.18,102.72,102.67,85.56,102.67,0.077,3005,248,533,3.4,7.4,2023,76.0,93.0,86.0,82.0,90.0,70.0,60.0,80.0,60.0,85.0,51.0,52.0,52.0,40.0,80.0,69.0,70.0,46.0,40.0,69.0,60.0,50.0,84.0,64.0,87.0,90.0,85.0,80.0,69.0,71.0,79.0,69.0,32.0,38.0,48.0,80.5
Aaron Gordon,DEN,68,45,23,0.662,30.2,6.3,11.2,0.5640000000000001,0.9,2.5,0.347,2.8,4.6,0.608,2.4,4.1,6.6,3.0,1.4,0.8,0.8,1.0,1.9,3.6,16.3,7.6,244,121.7,123.0,123.0,110.0,110.9,110.9,11.6,12.1,12.1,0.129,2.07,16.9,0.086,0.136,0.112,8.2,8.2,0.603,0.617,0.206,0.208,101.11,100.16,83.47,100.16,0.112,4288,429,761,6.3,11.2,2023,84.0,82.0,66.0,80.0,62.0,98.0,98.0,84.0,95.0,95.0,58.0,60.0,74.0,85.0,95.0,74.0,76.0,40.0,62.0,75.0,68.0,75.0,71.0,72.0,92.0,95.0,90.0,84.0,65.0,62.0,66.0,60.0,54.0,68.0,65.0,71.5
Aaron Holiday,ATL,63,32,31,0.508,13.4,1.5,3.5,0.418,0.6000000000000001,1.4,0.409,0.4,0.5,0.844,0.4,0.8,1.2,1.4,0.6000000000000001,0.6000000000000001,0.2,0.3,1.3,0.8,3.9,0.3,325,111.5,110.8,110.8,110.0,110.0,110.0,1.5,0.9,0.9,0.135,2.47,24.9,0.028,0.059,0.043,10.1,10.0,0.5,0.528,0.129,0.134,102.9,103.27,86.06,103.27,0.054,1819,92,220,1.5,3.5,2023,73.0,69.0,79.0,85.0,79.0,85.0,75.0,70.0,25.0,60.0,25.0,45.0,32.0,47.0,80.0,34.0,68.0,53.0,51.0,67.0,69.0,45.0,76.0,49.0,56.0,85.0,85.0,84.0,82.0,86.0,76.0,82.0,43.0,40.0,41.0,76.0
Aaron Nesmith,IND,73,30,43,0.411,24.9,3.5,8.1,0.427,1.6,4.3,0.366,1.6,1.9,0.838,0.8,2.9,3.8,1.3,1.0,0.8,0.5,0.6000000000000001,3.2,1.9,10.1,-2.9,124,112.2,113.8,113.8,118.0,118.5,118.5,-5.8,-4.7,-4.7,0.073,1.31,11.9,0.033,0.119,0.076,9.1,9.1,0.525,0.5660000000000001,0.168,0.17,103.38,102.4,85.33,102.4,0.059,3863,252,590,3.5,8.1,2023,76.0,70.0,70.0,79.0,85.0,95.0,85.0,70.0,35.0,55.0,53.0,57.0,57.0,64.0,85.0,55.0,67.0,43.0,56.0,72.0,52.0,45.0,68.0,52.0,74.0,87.0,80.0,81.0,69.0,70.0,64.0,65.0,33.0,43.0,58.0,68.0
Aaron Wiggins,OKC,70,37,33,0.529,18.5,2.7,5.2,0.512,0.7000000000000001,1.7,0.393,0.8,1.0,0.8310000000000001,1.0,2.0,3.0,1.1,0.8,0.6000000000000001,0.2,0.5,1.6,0.9,6.8,0.1,297,112.8,112.7,112.7,111.0,111.2,111.2,1.7,1.5,1.5,0.084,1.43,15.1,0.05,0.109,0.079,10.6,10.6,0.579,0.607,0.143,0.147,102.43,102.4,85.34,102.4,0.077,2754,186,363,2.7,5.2,2023,74.0,78.0,70.0,81.0,82.0,70.0,85.0,80.0,35.0,45.0,38.0,40.0,39.0,60.0,76.0,35.0,59.0,42.0,50.0,47.0,40.0,45.0,84.0,45.0,72.0,80.0,65.0,80.0,64.0,70.0,75.0,68.0,37.0,53.0,55.0,78.5
Admiral Schofield,ORL,37,14,23,0.378,12.2,1.5,3.3,0.451,0.6000000000000001,2.0,0.324,0.6000000000000001,0.6000000000000001,0.913,0.6000000000000001,1.1,1.7,0.8,0.4,0.2,0.1,0.2,1.6,0.8,4.2,-2.1,306,104.2,104.7,104.7,112.8,113.0,113.0,-8.6,-8.3,-8.3,0.103,1.94,17.3,0.047,0.092,0.068,8.9,8.9,0.549,0.587,0.139,0.143,100.43,100.15,83.45,100.15,0.055,941,55,122,1.5,3.3,2023,70.0,70.0,72.0,76.0,70.0,55.0,45.0,70.0,45.0,65.0,62.0,62.0,59.0,47.0,80.0,59.0,66.0,36.0,47.0,60.0,57.0,45.0,59.0,65.0,78.0,85.0,80.0,80.0,59.0,73.0,59.0,62.0,38.0,57.0,51.0,66.5
Al Horford,BOS,63,44,19,0.6980000000000001,30.5,3.6,7.6,0.476,2.3,5.2,0.446,0.2,0.3,0.714,1.2,5.0,6.2,3.0,0.6000000000000001,0.5,1.0,0.1,1.9,0.5,9.8,4.9,48,117.8,118.9,118.9,109.7,111.1,111.1,8.1,7.8,7.8,0.128,5.11,26.5,0.039,0.159,0.101,5.2,5.2,0.627,0.631,0.119,0.12,100.85,99.72,83.1,99.72,0.095,3991,228,479,3.6,7.6,2023,82.0,97.0,86.0,87.0,86.0,70.0,65.0,65.0,70.0,65.0,76.0,84.0,83.0,40.0,84.0,82.0,68.0,35.0,66.0,85.0,78.0,85.0,53.0,91.0,69.0,95.0,85.0,78.0,79.0,50.0,33.0,84.0,50.0,46.0,69.0,57.5
Alec Burks,DET,51,12,39,0.235,22.0,3.9,9.0,0.436,1.9,4.7,0.414,3.0,3.7,0.8140000000000001,0.4,2.7,3.1,2.2,1.1,0.7000000000000001,0.2,0.3,1.9,2.7,12.8,-0.1,85,113.5,112.9,112.9,114.0,113.9,113.9,-0.5,-1.0,-1.0,0.15,1.97,16.1,0.017,0.124,0.069,8.2,8.1,0.544,0.602,0.218,0.227,102.94,103.25,86.04,103.25,0.109,2422,200,459,3.9,9.0,2023,77.0,85.0,81.0,87.0,79.0,75.0,85.0,78.0,40.0,69.0,40.0,58.0,78.0,70.0,77.0,45.0,72.0,46.0,35.0,74.0,70.0,55.0,78.0,48.0,69.0,89.0,72.0,85.0,72.0,79.0,76.0,73.0,60.0,34.0,60.0,75.0
Aleksej Pokusevski,OKC,34,16,18,0.471,20.6,3.2,7.3,0.434,1.1,3.1,0.365,0.6000000000000001,1.0,0.629,1.3,3.4,4.7,1.9,1.3,0.6000000000000001,1.3,0.2,1.7,0.9,8.1,-5.8,202,105.4,105.6,105.6,118.1,118.3,118.3,-12.7,-12.7,-12.7,0.13,1.49,17.2,0.058,0.16,0.106,11.5,11.6,0.51,0.522,0.179,0.181,104.02,103.79,86.49,103.79,0.085,1515,108,249,3.2,7.3,2023,77.0,74.0,71.0,83.0,79.0,85.0,70.0,81.0,70.0,70.0,54.0,54.0,62.0,55.0,75.0,67.0,67.0,42.0,86.0,77.0,57.0,50.0,60.0,49.0,60.0,84.0,90.0,79.0,59.0,62.0,52.0,54.0,47.0,58.0,69.0,57.0
Alex Caruso,CHI,67,33,34,0.493,23.5,1.9,4.3,0.455,0.8,2.3,0.364,0.9,1.1,0.808,0.6000000000000001,2.3,2.9,2.9,1.1,1.5,0.7000000000000001,0.2,2.4,1.6,5.6,3.0,260,112.4,112.6,112.6,105.8,106.5,106.5,6.6,6.1,6.1,0.155,2.51,32.8,0.028,0.099,0.065,13.1,13.1,0.551,0.588,0.109,0.111,100.2,99.79,83.15,99.79,0.071,3275,130,286,1.9,4.3,2023,78.0,70.0,67.0,80.0,81.0,65.0,50.0,70.0,35.0,75.0,30.0,43.0,29.0,45.0,68.0,31.0,89.0,96.0,66.0,88.0,89.0,90.0,82.0,31.0,72.0,85.0,85.0,81.0,78.0,78.0,82.0,80.0,62.0,39.0,52.0,84.5
Alex Len,SAC,26,15,11,0.577,6.2,0.6000000000000001,1.2,0.533,0.0,0.1,0.0,0.4,0.6000000000000001,0.6880000000000001,0.9,1.4,2.3,0.5,0.6000000000000001,0.2,0.4,0.0,1.1,0.4,1.7,0.7000000000000001,492,110.5,106.6,106.6,102.2,100.0,100.0,8.4,6.6,6.6,0.099,0.75,18.2,0.143,0.194,0.169,24.2,24.6,0.533,0.58,0.132,0.135,105.46,108.5,90.42,108.5,0.075,362,16,30,0.6000000000000001,1.2,2023,74.0,88.0,61.0,70.0,66.0,95.0,65.0,74.0,80.0,65.0,74.0,48.0,76.0,59.0,64.0,74.0,44.0,37.0,74.0,78.0,62.0,50.0,43.0,75.0,60.0,80.0,92.0,78.0,31.0,32.0,25.0,45.0,41.0,67.0,74.0,47.0
Alperen Sengun,HOU,75,18,57,0.24,28.9,5.9,10.7,0.553,0.3,0.8,0.333,2.7,3.8,0.715,3.2,5.8,9.0,3.9,2.6,0.9,0.9,0.8,3.4,4.4,14.8,-3.8,414,110.3,112.5,112.5,119.3,120.3,120.3,-9.0,-7.8,-7.8,0.199,1.51,20.7,0.107,0.204,0.154,13.7,13.7,0.5650000000000001,0.599,0.211,0.214,101.35,99.97,83.31,99.97,0.125,4551,442,799,5.9,10.7,2023,83.0,96.0,69.0,73.0,73.0,75.0,85.0,79.0,70.0,80.0,87.0,87.0,87.0,74.0,95.0,69.0,63.0,43.0,72.0,69.0,85.0,65.0,52.0,76.0,69.0,88.0,90.0,80.0,74.0,62.0,48.0,75.0,70.0,86.0,80.0,58.0
Amir Coffey,LAC,50,26,24,0.52,12.5,1.1,2.9,0.386,0.2,0.8,0.275,1.0,1.3,0.778,0.3,0.7000000000000001,1.1,1.1,0.4,0.1,0.1,0.3,1.0,0.9,3.4,-2.3,424,104.4,104.2,104.2,113.4,113.1,113.1,-9.1,-8.9,-8.9,0.119,2.52,21.4,0.026,0.055,0.04,8.5,8.5,0.424,0.498,0.128,0.132,100.95,101.22,84.35,101.22,0.042,1320,56,145,1.1,2.9,2023,72.0,78.0,69.0,70.0,80.0,70.0,50.0,84.0,25.0,40.0,38.0,53.0,54.0,69.0,81.0,47.0,64.0,32.0,37.0,68.0,64.0,50.0,75.0,52.0,75.0,80.0,70.0,79.0,72.0,75.0,75.0,74.0,44.0,40.0,41.0,72.0
Andre Drummond,CHI,67,32,35,0.478,12.7,2.5,4.1,0.606,0.0,0.0,0.0,1.0,1.9,0.536,2.1,4.6,6.6,0.5,1.1,0.7000000000000001,0.4,0.4,1.7,1.6,6.0,0.4,492,109.5,108.7,108.7,106.4,106.0,106.0,3.1,2.6,2.6,0.057,0.44,7.6,0.16,0.353,0.256,17.2,17.2,0.606,0.606,0.196,0.203,101.16,101.72,84.77,101.72,0.156,1789,166,274,2.5,4.1,2023,78.0,82.0,47.0,47.0,54.0,40.0,30.0,73.0,95.0,85.0,70.0,45.0,75.0,40.0,80.0,77.0,52.0,76.0,66.0,74.0,70.0,70.0,60.0,95.0,79.0,89.0,85.0,81.0,52.0,45.0,49.0,70.0,32.0,96.0,97.0,55.0
Andre Iguodala,GSW,8,3,5,0.375,14.1,0.9,1.9,0.467,0.1,1.1,0.111,0.3,0.4,0.667,0.4,1.8,2.1,2.4,1.1,0.5,0.4,0.0,1.4,1.1,2.1,4.4,449,119.1,116.7,116.7,105.5,104.7,104.7,13.5,12.0,12.0,0.183,2.11,43.2,0.027,0.113,0.072,20.5,20.3,0.5,0.521,0.089,0.094,107.25,108.74,90.62,108.74,0.052,257,7,15,0.9,1.9,2023,75.0,70.0,65.0,69.0,67.0,45.0,25.0,70.0,55.0,70.0,47.0,44.0,50.0,30.0,80.0,75.0,84.0,66.0,74.0,83.0,74.0,80.0,77.0,73.0,75.0,83.0,80.0,82.0,75.0,78.0,75.0,80.0,70.0,44.0,60.0,80.0
Andrew Nembhard,IND,75,32,43,0.427,27.6,3.8,8.6,0.441,1.2,3.5,0.35,0.7000000000000001,0.8,0.79,0.5,2.2,2.7,4.5,1.7,0.9,0.2,0.3,2.4,1.6,9.5,-3.5,176,110.6,112.3,112.3,117.7,118.2,118.2,-7.0,-5.9,-5.9,0.222,2.71,30.0,0.016,0.078,0.047,11.1,11.1,0.512,0.528,0.159,0.162,103.8,102.78,85.65,102.78,0.068,4439,284,644,3.8,8.6,2023,77.0,81.0,84.0,78.0,80.0,85.0,85.0,80.0,39.0,60.0,44.0,52.0,47.0,54.0,75.0,42.0,73.0,46.0,40.0,68.0,65.0,70.0,76.0,46.0,71.0,85.0,69.0,80.0,80.0,79.0,74.0,80.0,70.0,34.0,47.0,75.5
Andrew Wiggins,GSW,37,19,18,0.514,32.2,6.8,14.3,0.473,2.4,6.1,0.396,1.2,1.9,0.611,1.6,3.4,5.0,2.3,1.3,1.2,0.8,0.6000000000000001,2.9,2.2,17.1,3.2,45,115.5,116.2,116.2,110.0,110.9,110.9,5.4,5.2,5.2,0.1,1.77,12.3,0.05,0.101,0.076,6.9,6.9,0.557,0.5640000000000001,0.212,0.216,104.48,103.74,86.45,103.74,0.088,2565,250,529,6.8,14.3,2023,82.0,92.0,84.0,84.0,63.0,85.0,80.0,77.0,40.0,92.0,65.0,74.0,77.0,65.0,85.0,55.0,82.0,53.0,61.0,80.0,79.0,75.0,82.0,57.0,97.0,98.0,90.0,83.0,72.0,82.0,80.0,75.0,41.0,53.0,53.0,82.5
Anfernee Simons,POR,62,27,35,0.435,35.0,7.5,16.9,0.447,3.4,9.1,0.377,2.6,2.9,0.894,0.3,2.3,2.6,4.1,2.1,0.7000000000000001,0.2,0.7000000000000001,2.3,2.1,21.1,-1.2,8,113.4,114.1,114.1,114.9,115.7,115.7,-1.5,-1.6,-1.6,0.186,1.98,16.9,0.008,0.067,0.038,8.6,8.5,0.548,0.581,0.247,0.254,99.87,99.22,82.68,99.22,0.097,4485,467,1045,7.5,16.9,2023,83.0,92.0,86.0,84.0,89.0,80.0,98.0,92.0,40.0,89.0,49.0,49.0,49.0,87.0,95.0,49.0,59.0,36.0,40.0,50.0,55.0,40.0,86.0,41.0,90.0,92.0,90.0,80.0,87.0,88.0,79.0,89.0,67.0,30.0,43.0,82.5
Anthony Davis,LAL,56,31,25,0.554,34.0,9.7,17.2,0.5630000000000001,0.3,1.3,0.257,6.2,7.9,0.784,3.5,9.1,12.5,2.6,2.2,1.1,2.0,1.0,2.6,5.9,25.9,3.7,391,112.9,114.3,114.3,108.3,109.5,109.5,4.6,4.8,4.8,0.128,1.21,10.4,0.102,0.248,0.177,8.6,8.5,0.5730000000000001,0.627,0.277,0.282,103.57,102.39,85.32,102.39,0.186,4067,542,962,9.7,17.2,2023,93.0,97.0,79.0,70.0,80.0,80.0,98.0,85.0,90.0,88.0,83.0,86.0,86.0,90.0,95.0,94.0,80.0,42.0,86.0,97.0,82.0,95.0,79.0,92.0,86.0,97.0,98.0,78.0,60.0,75.0,67.0,72.0,48.0,80.0,89.0,78.0
Anthony Edwards,MIN,79,40,39,0.506,36.0,8.9,19.5,0.459,2.7,7.3,0.369,4.0,5.3,0.756,0.6000000000000001,5.2,5.8,4.4,3.3,1.6,0.7000000000000001,0.7000000000000001,2.4,3.5,24.6,1.2,28,111.7,113.8,113.8,110.5,111.9,111.9,1.2,1.9,1.9,0.192,1.35,15.1,0.017,0.139,0.079,11.2,11.1,0.528,0.5640000000000001,0.292,0.298,103.42,101.77,84.81,101.77,0.125,6016,707,1541,8.9,19.5,2023,88.0,80.0,85.0,81.0,77.0,90.0,98.0,94.0,50.0,90.0,60.0,62.0,62.0,84.0,98.0,50.0,74.0,63.0,57.0,74.0,70.0,70.0,89.0,52.0,86.0,89.0,90.0,83.0,74.0,86.0,83.0,79.0,68.0,33.0,66.0,83.5
Anthony Gill,WAS,59,21,38,0.356,10.6,1.2,2.2,0.538,0.1,0.5,0.138,0.8,1.1,0.731,0.6000000000000001,1.1,1.7,0.6000000000000001,0.3,0.1,0.2,0.2,1.2,1.0,3.3,-0.2,467,111.0,109.5,109.5,112.1,110.4,110.4,-1.0,-0.8,-0.8,0.074,2.27,16.2,0.058,0.1,0.079,7.1,7.1,0.553,0.604,0.116,0.122,100.09,101.56,84.63,101.56,0.063,1321,71,132,1.2,2.2,2023,72.0,88.0,72.0,73.0,81.0,70.0,65.0,70.0,75.0,75.0,62.0,60.0,60.0,40.0,74.0,66.0,60.0,32.0,56.0,50.0,58.0,50.0,69.0,60.0,79.0,80.0,88.0,80.0,38.0,54.0,53.0,55.0,32.0,56.0,47.0,58.5
Anthony Lamb,GSW,62,36,26,0.581,19.3,2.4,5.1,0.471,1.2,3.2,0.367,0.7000000000000001,1.0,0.767,0.9,2.6,3.5,1.5,0.9,0.5,0.3,0.2,2.2,1.1,6.7,0.5,188,112.2,112.5,112.5,110.7,110.8,110.8,1.5,1.7,1.7,0.111,1.78,19.6,0.047,0.129,0.089,11.0,11.0,0.588,0.61,0.136,0.14,102.75,102.55,85.45,102.55,0.073,2548,148,314,2.4,5.1,2023,73.0,84.0,69.0,81.0,76.0,85.0,65.0,78.0,40.0,65.0,35.0,51.0,49.0,30.0,82.0,52.0,57.0,40.0,53.0,59.0,50.0,35.0,62.0,65.0,70.0,85.0,80.0,81.0,66.0,69.0,61.0,69.0,42.0,49.0,61.0,64.5
Austin Reaves,LAL,64,35,29,0.547,28.8,4.0,7.7,0.529,1.3,3.4,0.398,3.6,4.1,0.864,0.5,2.5,3.0,3.4,1.5,0.5,0.3,0.3,1.7,3.7,13.0,3.3,158,114.6,115.4,115.4,109.7,110.5,110.5,4.9,4.9,4.9,0.155,2.17,23.7,0.018,0.079,0.051,10.9,10.8,0.616,0.687,0.154,0.16,104.16,103.38,86.15,103.38,0.1,3978,259,490,4.0,7.7,2023,82.0,94.0,95.0,83.0,85.0,90.0,90.0,82.0,25.0,70.0,31.0,32.0,32.0,95.0,85.0,35.0,73.0,36.0,51.0,73.0,70.0,65.0,83.0,44.0,81.0,85.0,80.0,80.0,70.0,73.0,78.0,74.0,53.0,35.0,47.0,78.0
Austin Rivers,MIN,52,25,27,0.481,19.5,1.8,4.0,0.435,0.8,2.4,0.35,0.6000000000000001,0.8,0.769,0.1,1.5,1.6,1.4,0.4,0.5,0.1,0.3,1.5,0.9,4.9,-2.7,257,109.7,109.8,109.8,114.7,114.8,114.8,-5.0,-4.9,-4.9,0.095,3.26,23.1,0.005,0.078,0.042,7.1,7.1,0.538,0.5640000000000001,0.104,0.107,102.58,102.46,85.39,102.46,0.05,2154,91,209,1.8,4.0,2023,74.0,89.0,65.0,80.0,71.0,70.0,60.0,80.0,25.0,65.0,31.0,43.0,42.0,60.0,70.0,35.0,79.0,42.0,32.0,78.0,60.0,75.0,77.0,44.0,82.0,93.0,80.0,82.0,75.0,86.0,77.0,77.0,38.0,27.0,46.0,78.0
Ayo Dosunmu,CHI,80,40,40,0.5,26.2,3.5,7.1,0.493,0.7000000000000001,2.4,0.312,0.8,1.0,0.805,0.6000000000000001,2.2,2.8,2.6,1.2,0.8,0.3,0.6000000000000001,2.3,0.8,8.6,-1.0,287,109.2,108.8,108.8,109.5,110.1,110.1,-0.3,-1.3,-1.3,0.135,2.08,22.6,0.022,0.081,0.052,10.9,10.9,0.545,0.5670000000000001,0.145,0.149,100.87,100.78,83.98,100.78,0.065,4395,281,570,3.5,7.1,2023,74.0,86.0,78.0,74.0,81.0,80.0,80.0,79.0,25.0,75.0,35.0,50.0,42.0,59.0,87.0,38.0,69.0,41.0,52.0,68.0,69.0,65.0,76.0,52.0,75.0,85.0,75.0,80.0,72.0,79.0,73.0,79.0,51.0,38.0,48.0,77.0
Bam Adebayo,MIA,75,40,35,0.533,34.6,8.0,14.9,0.54,0.0,0.2,0.083,4.3,5.4,0.806,2.5,6.7,9.2,3.2,2.5,1.2,0.8,0.7000000000000001,2.8,4.8,20.4,1.6,491,111.8,113.0,113.0,110.0,111.2,111.2,1.8,1.8,1.8,0.154,1.28,13.9,0.073,0.206,0.139,10.9,10.9,0.541,0.592,0.251,0.254,98.08,97.04,80.87,97.04,0.142,5262,602,1114,8.0,14.9,2023,87.0,94.0,88.0,69.0,80.0,60.0,60.0,81.0,85.0,80.0,80.0,80.0,81.0,70.0,90.0,93.0,83.0,49.0,65.0,92.0,80.0,90.0,74.0,85.0,83.0,92.0,90.0,90.0,72.0,69.0,66.0,74.0,63.0,63.0,84.0,73.5
Ben Simmons,BKN,42,24,18,0.5710000000000001,26.3,3.2,5.6,0.5660000000000001,0.0,0.0,0.0,0.6000000000000001,1.4,0.439,1.0,5.3,6.3,6.1,2.3,1.3,0.6000000000000001,0.2,3.3,1.7,6.9,1.0,492,114.9,114.7,114.7,110.6,112.5,112.5,4.3,2.1,2.1,0.295,2.64,41.9,0.04,0.186,0.12,15.9,15.8,0.5660000000000001,0.559,0.142,0.145,100.83,100.08,83.4,100.08,0.101,2300,133,235,3.2,5.6,2023,76.0,91.0,46.0,50.0,55.0,30.0,30.0,80.0,83.0,86.0,76.0,73.0,78.0,50.0,75.0,79.0,84.0,73.0,58.0,84.0,75.0,85.0,92.0,80.0,85.0,97.0,80.0,83.0,79.0,86.0,84.0,80.0,75.0,47.0,81.0,87.5
Bennedict Mathurin,IND,78,33,45,0.423,28.5,5.3,12.2,0.434,1.3,4.0,0.323,4.8,5.8,0.8280000000000001,1.1,3.0,4.1,1.5,1.9,0.6000000000000001,0.2,1.1,2.1,3.9,16.7,-2.3,167,109.4,111.5,111.5,115.5,115.8,115.8,-6.1,-4.3,-4.3,0.078,0.76,8.2,0.037,0.103,0.069,10.8,10.7,0.487,0.5660000000000001,0.235,0.242,104.41,103.25,86.04,103.25,0.087,4792,413,951,5.3,12.2,2023,79.0,77.0,80.0,75.0,80.0,90.0,90.0,84.0,35.0,80.0,55.0,58.0,55.0,84.0,90.0,42.0,69.0,37.0,32.0,65.0,62.0,50.0,84.0,54.0,82.0,92.0,85.0,80.0,75.0,79.0,81.0,82.0,34.0,46.0,54.0,81.0
Bismack Biyombo,PHX,61,33,28,0.541,14.3,2.0,3.4,0.578,0.0,0.0,0.0,0.4,1.1,0.357,1.5,2.8,4.3,0.9,0.8,0.3,1.4,0.2,1.9,1.3,4.3,0.8,492,111.3,112.7,112.7,107.9,109.7,109.7,3.4,3.1,3.1,0.089,1.1,16.4,0.093,0.184,0.138,14.9,14.8,0.578,0.555,0.136,0.139,100.75,99.31,82.76,99.31,0.086,1805,119,206,2.0,3.4,2023,75.0,82.0,62.0,25.0,45.0,70.0,60.0,60.0,80.0,68.0,48.0,45.0,54.0,69.0,75.0,82.0,50.0,38.0,96.0,85.0,54.0,70.0,48.0,80.0,63.0,79.0,95.0,83.0,25.0,35.0,25.0,74.0,36.0,75.0,84.0,51.5
Blake Griffin,BOS,41,27,14,0.659,13.9,1.5,3.2,0.485,0.6000000000000001,1.6,0.348,0.5,0.8,0.656,1.1,2.6,3.8,1.5,0.5,0.3,0.2,0.1,1.8,1.2,4.1,2.6,330,115.3,116.5,116.5,106.7,106.6,106.6,8.6,9.9,9.9,0.142,2.77,27.0,0.079,0.195,0.135,9.7,9.7,0.5730000000000001,0.59,0.125,0.127,100.32,99.86,83.22,99.86,0.086,1178,63,130,1.5,3.2,2023,75.0,90.0,45.0,78.0,63.0,50.0,40.0,73.0,75.0,75.0,70.0,70.0,70.0,40.0,85.0,73.0,59.0,40.0,51.0,70.0,40.0,55.0,68.0,85.0,85.0,95.0,75.0,88.0,75.0,77.0,66.0,74.0,46.0,66.0,75.0,68.0
Blake Wesley,SAS,37,9,28,0.243,18.1,1.9,5.8,0.321,0.5,1.4,0.385,0.7000000000000001,1.2,0.591,0.3,1.9,2.2,2.6,1.8,0.7000000000000001,0.1,0.7000000000000001,1.8,0.9,5.0,-5.4,337,102.2,103.3,103.3,118.1,116.7,116.7,-16.0,-13.4,-13.4,0.201,1.51,24.6,0.016,0.101,0.057,16.3,16.4,0.367,0.393,0.18,0.184,104.7,104.74,87.29,104.74,0.031,1459,69,215,1.9,5.8,2023,73.0,72.0,70.0,83.0,66.0,70.0,60.0,74.0,40.0,86.0,54.0,57.0,50.0,59.0,80.0,49.0,71.0,43.0,45.0,60.0,63.0,50.0,78.0,40.0,84.0,92.0,75.0,80.0,69.0,83.0,77.0,68.0,63.0,36.0,53.0,76.0
Boban Marjanovic,HOU,31,7,24,0.226,5.5,1.3,1.9,0.683,0.0,0.0,0.0,0.6000000000000001,0.9,0.741,0.6000000000000001,1.3,1.9,0.3,0.5,0.2,0.1,0.1,0.3,0.9,3.3,2.1,492,115.8,114.6,114.6,98.6,96.1,96.1,17.3,18.5,18.5,0.079,0.64,9.7,0.121,0.226,0.175,15.1,14.8,0.683,0.71,0.206,0.218,98.37,100.17,83.48,100.17,0.17,357,41,60,1.3,1.9,2023,73.0,83.0,70.0,63.0,77.0,75.0,55.0,50.0,95.0,60.0,69.0,60.0,76.0,70.0,40.0,73.0,30.0,25.0,61.0,65.0,73.0,65.0,25.0,71.0,40.0,70.0,45.0,65.0,60.0,35.0,25.0,35.0,29.0,59.0,88.0,30.0
Bobby Portis,MIL,70,47,23,0.671,26.0,5.7,11.5,0.496,1.4,3.7,0.37,1.4,1.8,0.768,2.2,7.4,9.6,1.5,1.2,0.4,0.2,0.5,1.6,1.4,14.1,0.2,156,111.9,111.8,111.8,112.1,112.0,112.0,-0.2,-0.1,-0.1,0.087,1.3,10.0,0.08,0.263,0.172,7.8,7.8,0.555,0.5750000000000001,0.211,0.217,102.27,102.34,85.28,102.34,0.138,3887,398,803,5.7,11.5,2023,82.0,98.0,90.0,77.0,82.0,92.0,80.0,74.0,75.0,70.0,80.0,80.0,82.0,74.0,85.0,78.0,40.0,35.0,42.0,75.0,65.0,65.0,65.0,80.0,64.0,85.0,90.0,84.0,55.0,52.0,59.0,52.0,38.0,68.0,89.0,57.0
Bojan Bogdanovic,DET,59,15,44,0.254,32.1,7.3,14.9,0.488,2.5,6.0,0.411,4.5,5.1,0.884,0.6000000000000001,3.2,3.8,2.6,2.3,0.6000000000000001,0.1,1.3,1.9,3.6,21.6,-5.6,41,109.6,111.3,111.3,118.1,119.5,119.5,-8.6,-8.2,-8.2,0.133,1.13,11.8,0.018,0.099,0.058,10.5,10.4,0.5700000000000001,0.627,0.251,0.257,102.59,101.18,84.32,101.18,0.116,3988,430,882,7.3,14.9,2023,82.0,96.0,87.0,85.0,89.0,85.0,95.0,79.0,40.0,70.0,49.0,60.0,64.0,84.0,70.0,54.0,78.0,36.0,32.0,75.0,62.0,70.0,67.0,60.0,72.0,93.0,75.0,84.0,77.0,74.0,66.0,82.0,52.0,35.0,52.0,69.5
Bol Bol,ORL,70,26,44,0.371,21.5,3.7,6.8,0.546,0.4,1.6,0.265,1.2,1.5,0.759,1.0,4.8,5.8,1.0,1.6,0.4,1.2,0.3,1.3,1.2,9.1,-2.1,361,106.4,107.6,107.6,110.6,112.0,112.0,-4.2,-4.4,-4.4,0.069,0.62,9.8,0.046,0.22,0.134,15.9,15.9,0.577,0.603,0.177,0.181,102.21,100.95,84.12,100.95,0.114,3163,261,478,3.7,6.8,2023,78.0,98.0,74.0,71.0,76.0,95.0,75.0,69.0,85.0,70.0,70.0,68.0,70.0,62.0,75.0,72.0,52.0,36.0,86.0,64.0,49.0,40.0,68.0,65.0,69.0,80.0,50.0,77.0,50.0,70.0,60.0,40.0,32.0,51.0,87.0,63.0
Bones Hyland,LAC,56,36,20,0.643,19.4,4.1,10.2,0.399,2.1,5.6,0.371,1.5,1.8,0.843,0.4,2.1,2.4,3.1,1.5,0.7000000000000001,0.3,0.6000000000000001,1.7,1.7,11.8,-2.3,63,111.8,112.7,112.7,117.7,118.0,118.0,-6.0,-5.3,-5.3,0.245,2.1,19.9,0.019,0.111,0.064,9.5,9.4,0.502,0.535,0.271,0.28,99.76,99.23,82.69,99.23,0.1,2240,228,571,4.1,10.2,2023,77.0,65.0,71.0,82.0,82.0,85.0,80.0,84.0,25.0,60.0,30.0,32.0,32.0,85.0,85.0,30.0,66.0,49.0,53.0,64.0,63.0,55.0,87.0,32.0,68.0,88.0,85.0,80.0,74.0,79.0,84.0,75.0,70.0,32.0,51.0,79.5
Bradley Beal,WAS,50,24,26,0.48,33.5,8.9,17.6,0.506,1.6,4.4,0.365,3.8,4.6,0.842,0.8,3.1,3.9,5.4,2.9,0.9,0.7000000000000001,0.7000000000000001,2.1,3.4,23.2,0.8,120,114.8,116.6,116.6,114.9,115.9,115.9,-0.1,0.7000000000000001,0.7000000000000001,0.26,1.87,19.6,0.026,0.091,0.06,10.5,10.4,0.551,0.593,0.288,0.296,99.18,97.94,81.62,97.94,0.129,3421,444,878,8.9,17.6,2023,86.0,91.0,94.0,81.0,84.0,85.0,90.0,95.0,30.0,84.0,55.0,55.0,54.0,95.0,92.0,45.0,66.0,41.0,56.0,75.0,65.0,40.0,76.0,62.0,87.0,98.0,78.0,82.0,82.0,88.0,76.0,85.0,73.0,38.0,49.0,79.0
Brandon Clarke,MEM,56,32,24,0.5710000000000001,19.5,4.1,6.2,0.656,0.0,0.1,0.167,1.8,2.5,0.719,1.6,3.9,5.5,1.3,1.0,0.6000000000000001,0.7000000000000001,0.3,2.3,2.2,10.0,-0.3,485,108.5,109.0,109.0,107.1,108.3,108.3,1.4,0.7000000000000001,0.7000000000000001,0.1,1.31,13.5,0.079,0.177,0.129,10.3,10.2,0.658,0.681,0.174,0.179,104.86,104.0,86.67,104.0,0.134,2348,229,349,4.1,6.2,2023,78.0,95.0,80.0,57.0,72.0,60.0,30.0,65.0,80.0,84.0,63.0,62.0,62.0,64.0,80.0,78.0,75.0,42.0,70.0,78.0,72.0,75.0,82.0,64.0,82.0,90.0,95.0,80.0,59.0,69.0,65.0,62.0,37.0,66.0,78.0,80.5
Brandon Ingram,NOP,45,23,22,0.511,34.2,9.0,18.6,0.484,1.4,3.6,0.39,5.3,6.0,0.882,0.5,5.0,5.5,5.8,3.3,0.7000000000000001,0.4,0.8,2.6,4.9,24.7,2.1,141,114.2,115.5,115.5,110.9,112.5,112.5,3.3,3.0,3.0,0.277,1.77,19.3,0.015,0.145,0.081,10.9,10.8,0.522,0.582,0.306,0.312,100.16,98.87,82.39,98.87,0.144,3169,404,835,9.0,18.6,2023,85.0,90.0,89.0,84.0,86.0,98.0,98.0,90.0,65.0,80.0,64.0,70.0,70.0,89.0,98.0,61.0,69.0,37.0,51.0,75.0,68.0,40.0,74.0,42.0,77.0,95.0,80.0,85.0,75.0,85.0,70.0,79.0,72.0,32.0,64.0,73.0
Braxton Key,DET,3,0,3,0.0,3.0,0.3,0.3,1.0,0.0,0.0,0.0,0.7000000000000001,0.7000000000000001,1.0,0.0,0.3,0.3,0.0,0.0,0.0,0.0,0.0,0.0,0.7000000000000001,1.3,-1.0,492,102.5,100.0,100.0,106.3,104.5,104.5,-3.8,-4.5,-4.5,0.0,0.0,0.0,0.0,0.067,0.042,0.0,0.0,1.0,1.064,0.091,0.087,108.55,110.77,92.31,110.77,0.189,20,1,1,0.3,0.3,2023,67.0,69.0,69.0,70.0,65.0,40.0,25.0,68.0,75.0,75.0,59.0,58.0,58.0,33.0,74.0,52.0,52.0,76.0,75.0,52.0,54.0,35.0,69.0,70.0,81.0,80.0,79.0,80.0,48.0,49.0,59.0,54.0,37.0,58.0,79.0,63.0
Brook Lopez,MIL,78,57,21,0.731,30.4,6.1,11.5,0.531,1.7,4.7,0.374,1.9,2.4,0.784,2.0,4.7,6.7,1.3,1.4,0.5,2.5,0.3,2.6,2.1,15.9,5.1,103,113.6,113.7,113.7,106.3,106.6,106.6,7.3,7.1,7.1,0.06,0.93,8.4,0.064,0.135,0.101,9.1,9.0,0.606,0.63,0.187,0.192,102.98,102.83,85.69,102.83,0.111,5100,477,899,6.1,11.5,2023,84.0,97.0,84.0,83.0,77.0,98.0,95.0,70.0,80.0,65.0,84.0,84.0,84.0,70.0,95.0,92.0,45.0,35.0,90.0,93.0,69.0,90.0,25.0,89.0,60.0,92.0,90.0,79.0,35.0,35.0,25.0,78.0,32.0,59.0,64.0,42.5
Bruno Fernando,ATL,39,13,26,0.333,10.4,1.5,2.9,0.527,0.0,0.1,0.0,0.9,1.3,0.7000000000000001,1.4,2.1,3.5,0.8,0.6000000000000001,0.2,0.9,0.4,1.9,1.1,3.9,-1.9,492,104.6,105.1,105.1,112.8,114.0,114.0,-8.2,-8.9,-8.9,0.117,1.24,16.2,0.123,0.19,0.157,13.1,13.2,0.527,0.5710000000000001,0.159,0.163,100.74,100.0,83.33,100.0,0.096,844,59,112,1.5,2.9,2023,75.0,68.0,65.0,42.0,55.0,25.0,25.0,75.0,80.0,78.0,64.0,63.0,65.0,50.0,75.0,64.0,44.0,35.0,88.0,65.0,62.0,40.0,74.0,85.0,75.0,85.0,85.0,80.0,52.0,50.0,50.0,65.0,44.0,90.0,81.0,67.0
Bryce McGowens,CHA,46,16,30,0.348,17.1,1.7,4.4,0.396,0.6000000000000001,1.7,0.325,1.3,1.7,0.75,0.4,1.6,2.0,1.2,0.9,0.3,0.1,0.4,1.0,1.5,5.3,-3.3,327,103.3,102.6,102.6,112.1,112.3,112.3,-8.8,-9.7,-9.7,0.098,1.26,16.2,0.025,0.088,0.057,12.9,12.9,0.46,0.519,0.147,0.152,102.8,103.04,85.87,103.04,0.053,1696,80,202,1.7,4.4,2023,72.0,71.0,74.0,73.0,79.0,95.0,50.0,74.0,40.0,80.0,42.0,42.0,42.0,55.0,78.0,37.0,66.0,35.0,45.0,65.0,60.0,65.0,74.0,48.0,81.0,85.0,75.0,80.0,52.0,74.0,72.0,50.0,33.0,38.0,48.0,74.5
Buddy Boeheim,DET,10,2,8,0.2,9.0,0.5,2.7,0.185,0.4,2.5,0.16,0.2,0.2,1.0,0.2,0.4,0.6000000000000001,0.4,0.0,0.2,0.0,0.0,0.6000000000000001,0.1,1.6,0.3,374,106.6,105.9,105.9,104.6,103.2,103.2,2.0,2.7,2.7,0.059,0.0,12.5,0.022,0.043,0.032,0.0,0.0,0.259,0.287,0.131,0.135,98.55,99.57,82.98,99.57,-0.003,186,5,27,0.5,2.7,2023,68.0,68.0,77.0,79.0,84.0,70.0,50.0,70.0,45.0,60.0,44.0,47.0,48.0,40.0,80.0,42.0,59.0,43.0,45.0,52.0,55.0,45.0,57.0,44.0,70.0,80.0,80.0,80.0,62.0,68.0,57.0,62.0,31.0,45.0,47.0,58.0
Buddy Hield,IND,80,35,45,0.438,31.0,5.9,13.0,0.458,3.6,8.5,0.425,1.3,1.6,0.8220000000000001,0.8,4.2,5.0,2.8,1.7,1.2,0.3,0.5,2.0,0.9,16.8,-1.1,7,112.3,114.4,114.4,115.5,116.3,116.3,-3.2,-1.9,-1.9,0.131,1.62,15.6,0.027,0.132,0.079,9.7,9.5,0.596,0.614,0.205,0.211,103.35,102.05,85.04,102.05,0.104,5284,475,1038,5.9,13.0,2023,80.0,74.0,81.0,91.0,82.0,80.0,85.0,75.0,25.0,65.0,28.0,45.0,48.0,59.0,94.0,48.0,69.0,53.0,45.0,54.0,60.0,50.0,75.0,41.0,78.0,90.0,60.0,82.0,70.0,79.0,74.0,70.0,48.0,40.0,62.0,76.0
Cade Cunningham,DET,12,3,9,0.25,33.3,7.8,18.7,0.415,1.4,5.1,0.279,3.0,3.6,0.837,1.0,5.2,6.2,6.0,3.3,0.8,0.6000000000000001,1.9,2.8,3.1,19.9,-5.0,142,108.6,111.2,111.2,116.1,117.3,117.3,-7.5,-6.1,-6.1,0.306,1.85,20.3,0.027,0.148,0.086,11.0,11.0,0.453,0.492,0.287,0.292,104.07,102.37,85.31,102.37,0.109,850,93,224,7.8,18.7,2023,84.0,83.0,89.0,78.0,84.0,95.0,98.0,83.0,40.0,75.0,60.0,62.0,60.0,83.0,98.0,59.0,75.0,40.0,55.0,75.0,76.0,75.0,83.0,62.0,80.0,94.0,90.0,80.0,83.0,86.0,83.0,86.0,75.0,41.0,69.0,81.5
Caleb Houstan,ORL,51,20,31,0.392,15.9,1.3,3.6,0.363,0.9,2.7,0.338,0.3,0.4,0.833,0.7000000000000001,1.3,1.9,0.6000000000000001,0.4,0.2,0.1,0.1,1.2,0.3,3.8,-1.6,238,107.4,107.6,107.6,112.4,112.9,112.9,-4.9,-5.3,-5.3,0.051,1.67,12.6,0.041,0.083,0.062,7.6,7.6,0.489,0.508,0.107,0.11,100.99,100.65,83.87,100.65,0.038,1706,66,182,1.3,3.6,2023,71.0,64.0,76.0,80.0,78.0,55.0,50.0,70.0,25.0,25.0,32.0,32.0,32.0,44.0,80.0,47.0,64.0,32.0,37.0,60.0,55.0,45.0,78.0,40.0,72.0,86.0,70.0,80.0,62.0,70.0,72.0,65.0,29.0,50.0,51.0,74.0
Caleb Martin,MIA,71,38,33,0.535,29.3,3.6,7.7,0.464,1.2,3.3,0.356,1.3,1.6,0.805,1.2,3.6,4.8,1.6,1.1,1.0,0.4,0.4,2.0,1.7,9.6,-0.1,185,110.4,110.7,110.7,109.6,110.7,110.7,0.9,0.0,0.0,0.082,1.48,14.7,0.044,0.13,0.086,9.9,10.0,0.54,0.5710000000000001,0.143,0.146,98.48,97.87,81.56,97.87,0.078,4232,254,548,3.6,7.7,2023,79.0,83.0,90.0,82.0,80.0,80.0,80.0,84.0,25.0,70.0,55.0,54.0,54.0,69.0,75.0,68.0,75.0,49.0,56.0,74.0,72.0,70.0,55.0,58.0,74.0,85.0,90.0,80.0,62.0,69.0,54.0,69.0,35.0,48.0,62.0,64.5
Cam Reddish,POR,40,14,26,0.35,24.7,3.5,7.8,0.446,1.1,3.6,0.313,1.6,1.9,0.853,0.5,1.8,2.2,1.4,1.2,1.0,0.4,0.5,1.8,1.4,9.7,-4.8,199,107.7,108.9,108.9,116.3,117.8,117.8,-8.6,-9.0,-9.0,0.085,1.21,12.7,0.017,0.07,0.043,10.5,10.5,0.518,0.561,0.166,0.17,102.54,101.35,84.46,101.35,0.064,2087,139,312,3.5,7.8,2023,75.0,95.0,58.0,81.0,84.0,70.0,85.0,78.0,50.0,80.0,43.0,52.0,47.0,70.0,95.0,55.0,81.0,59.0,52.0,80.0,80.0,75.0,85.0,52.0,84.0,90.0,65.0,80.0,68.0,81.0,79.0,69.0,36.0,35.0,45.0,83.0
Cameron Johnson,BKN,42,25,17,0.595,28.6,5.3,11.3,0.47,2.5,6.1,0.404,2.4,2.9,0.842,0.8,3.6,4.4,1.9,0.9,1.2,0.3,0.6000000000000001,2.0,2.2,15.5,3.7,42,114.5,115.3,115.3,106.9,108.7,108.7,7.6,6.6,6.6,0.099,2.11,12.2,0.029,0.12,0.076,5.8,5.8,0.579,0.617,0.202,0.207,100.21,99.02,82.51,99.02,0.113,2471,223,474,5.3,11.3,2023,81.0,88.0,80.0,85.0,81.0,89.0,90.0,79.0,60.0,60.0,69.0,69.0,69.0,64.0,57.0,65.0,69.0,59.0,51.0,64.0,68.0,65.0,70.0,60.0,79.0,85.0,86.0,78.0,59.0,59.0,43.0,66.0,36.0,38.0,62.0,69.5
Cameron Payne,PHX,48,27,21,0.5630000000000001,20.2,3.9,9.4,0.415,1.4,3.9,0.368,1.0,1.3,0.766,0.3,2.0,2.2,4.5,1.7,0.7000000000000001,0.2,0.4,1.8,1.3,10.3,1.6,142,113.5,115.4,115.4,111.8,111.4,111.4,1.7,4.1,4.1,0.308,2.64,27.6,0.012,0.1,0.054,10.4,10.4,0.49,0.512,0.239,0.243,101.58,100.9,84.08,100.9,0.097,2033,188,453,3.9,9.4,2023,76.0,78.0,89.0,80.0,75.0,80.0,90.0,83.0,25.0,25.0,25.0,36.0,31.0,75.0,72.0,31.0,60.0,53.0,40.0,51.0,52.0,40.0,75.0,39.0,72.0,82.0,75.0,84.0,75.0,86.0,75.0,79.0,77.0,33.0,51.0,72.5
Caris LeVert,CLE,74,45,29,0.608,30.2,4.3,10.0,0.431,1.7,4.4,0.392,1.8,2.4,0.722,0.7000000000000001,3.1,3.8,3.9,1.6,1.0,0.3,0.4,2.3,2.2,12.1,2.6,108,112.4,113.0,113.0,107.7,108.5,108.5,4.6,4.5,4.5,0.182,2.47,23.5,0.024,0.105,0.065,9.5,9.5,0.517,0.546,0.183,0.187,98.18,97.56,81.3,97.56,0.089,4543,320,742,4.3,10.0,2023,77.0,74.0,66.0,81.0,72.0,80.0,80.0,84.0,60.0,75.0,52.0,54.0,49.0,79.0,95.0,45.0,74.0,46.0,47.0,70.0,68.0,60.0,75.0,54.0,80.0,92.0,80.0,78.0,75.0,86.0,72.0,84.0,67.0,40.0,56.0,77.0
Carlik Jones,CHI,7,4,3,0.5710000000000001,8.0,0.9,2.1,0.4,0.4,0.9,0.5,0.7000000000000001,1.1,0.625,0.1,0.6000000000000001,0.7000000000000001,0.9,0.3,0.3,0.0,0.3,0.3,0.7000000000000001,2.9,3.7,361,118.4,114.0,114.0,95.3,93.3,93.3,23.1,20.7,20.7,0.133,3.0,22.2,0.016,0.069,0.042,7.4,7.5,0.5,0.54,0.153,0.157,100.34,103.34,86.12,103.34,0.073,121,6,15,0.9,2.1,2023,67.0,70.0,71.0,74.0,81.0,70.0,45.0,70.0,25.0,30.0,36.0,54.0,32.0,44.0,78.0,37.0,52.0,52.0,40.0,47.0,44.0,35.0,74.0,50.0,70.0,80.0,77.0,81.0,70.0,76.0,73.0,70.0,66.0,39.0,44.0,73.5
Cedi Osman,CLE,77,48,29,0.623,20.1,3.1,6.9,0.451,1.5,4.1,0.372,1.0,1.4,0.6940000000000001,0.3,2.0,2.3,1.5,0.7000000000000001,0.5,0.1,0.3,1.6,1.5,8.7,3.0,132,115.0,115.4,115.4,107.5,108.0,108.0,7.5,7.5,7.5,0.107,2.21,15.5,0.017,0.1,0.059,7.0,7.0,0.56,0.579,0.178,0.182,97.92,97.56,81.3,97.56,0.082,3144,239,530,3.1,6.9,2023,75.0,82.0,74.0,80.0,69.0,70.0,70.0,86.0,46.0,61.0,38.0,58.0,51.0,52.0,75.0,65.0,76.0,40.0,37.0,70.0,65.0,65.0,71.0,59.0,70.0,85.0,80.0,75.0,75.0,75.0,69.0,70.0,41.0,34.0,52.0,73.0
Chance Comanche,POR,1,0,1,0.0,20.8,3.0,5.0,0.6000000000000001,0.0,0.0,0.0,1.0,4.0,0.25,2.0,1.0,3.0,0.0,0.0,0.0,1.0,0.0,0.0,4.0,7.0,-29.0,492,98.4,95.6,95.6,167.1,163.6,163.6,-68.8,-68.1,-68.1,0.0,0.0,0.0,0.08,0.067,0.075,0.0,0.0,0.6000000000000001,0.518,0.14,0.145,100.23,102.77,85.65,102.77,0.039,45,3,5,3.0,5.0,2023,68.0,68.0,69.0,67.0,80.0,45.0,40.0,68.0,75.0,75.0,59.0,59.0,59.0,44.0,80.0,64.0,40.0,40.0,64.0,60.0,55.0,45.0,61.0,65.0,69.0,80.0,65.0,84.0,52.0,39.0,48.0,44.0,36.0,70.0,70.0,52.5
Charles Bassey,SAS,35,9,26,0.257,14.5,2.5,3.9,0.644,0.1,0.2,0.375,0.6000000000000001,1.1,0.595,2.1,3.4,5.5,1.4,1.2,0.5,0.9,0.1,2.1,0.8,5.7,-0.9,464,108.6,109.1,109.1,111.8,111.5,111.5,-3.2,-2.4,-2.4,0.131,1.17,20.0,0.14,0.232,0.185,17.1,17.1,0.656,0.658,0.152,0.156,103.37,103.25,86.05,103.25,0.121,1090,87,135,2.5,3.9,2023,75.0,78.0,69.0,62.0,76.0,50.0,35.0,70.0,75.0,75.0,50.0,50.0,50.0,40.0,70.0,69.0,57.0,40.0,88.0,68.0,50.0,60.0,77.0,69.0,82.0,80.0,95.0,80.0,35.0,42.0,54.0,48.0,43.0,87.0,90.0,70.5
Chimezie Metu,SAC,66,41,25,0.621,10.4,2.0,3.3,0.589,0.1,0.6000000000000001,0.237,0.8,1.1,0.74,0.7000000000000001,2.3,3.0,0.6000000000000001,0.5,0.3,0.3,0.2,1.2,0.9,4.9,1.3,447,115.6,113.9,113.9,108.0,107.3,107.3,7.6,6.7,6.7,0.08,1.25,12.4,0.068,0.206,0.139,9.9,9.9,0.61,0.639,0.168,0.175,104.92,106.03,88.36,106.03,0.117,1516,129,219,2.0,3.3,2023,76.0,88.0,73.0,63.0,75.0,70.0,55.0,78.0,80.0,75.0,58.0,40.0,49.0,65.0,95.0,67.0,51.0,43.0,68.0,68.0,55.0,45.0,52.0,69.0,75.0,80.0,90.0,83.0,48.0,37.0,30.0,58.0,37.0,65.0,85.0,56.0
Chris Boucher,TOR,76,39,37,0.513,20.0,3.4,7.0,0.493,0.8,2.5,0.328,1.7,2.2,0.762,2.1,3.5,5.5,0.4,0.5,0.6000000000000001,0.8,0.5,1.9,1.8,9.4,-0.2,263,109.3,110.4,110.4,110.8,111.6,111.6,-1.5,-1.3,-1.3,0.029,0.71,4.3,0.094,0.19,0.138,6.1,6.1,0.552,0.59,0.175,0.18,99.33,98.49,82.08,98.49,0.112,3136,261,529,3.4,7.0,2023,79.0,88.0,59.0,76.0,75.0,65.0,40.0,74.0,85.0,80.0,72.0,64.0,72.0,50.0,85.0,78.0,37.0,46.0,80.0,84.0,50.0,70.0,57.0,80.0,74.0,89.0,95.0,77.0,33.0,41.0,25.0,59.0,28.0,76.0,80.0,48.5
Chris Duarte,IND,46,19,27,0.413,19.5,2.7,7.2,0.369,1.2,3.8,0.316,1.3,1.6,0.847,0.4,2.1,2.5,1.4,0.9,0.5,0.2,0.4,1.4,1.4,7.9,-2.5,183,107.5,109.4,109.4,114.4,115.6,115.6,-6.9,-6.2,-6.2,0.101,1.56,13.7,0.02,0.106,0.061,8.8,8.7,0.452,0.496,0.181,0.187,104.0,102.61,85.51,102.61,0.061,1920,123,333,2.7,7.2,2023,75.0,82.0,65.0,75.0,85.0,95.0,85.0,79.0,40.0,70.0,44.0,46.0,46.0,69.0,95.0,50.0,69.0,41.0,47.0,68.0,69.0,65.0,65.0,59.0,63.0,92.0,92.0,80.0,77.0,75.0,60.0,78.0,39.0,36.0,54.0,66.5
Chris Paul,PHX,59,33,26,0.559,32.0,5.0,11.3,0.44,1.7,4.4,0.375,2.3,2.7,0.8310000000000001,0.5,3.8,4.3,8.9,1.9,1.5,0.4,0.1,2.1,2.4,13.9,1.4,111,113.7,114.9,114.9,110.8,112.5,112.5,2.9,2.3,2.3,0.389,4.6,38.1,0.014,0.118,0.066,8.3,8.3,0.513,0.555,0.195,0.198,99.04,97.76,81.47,97.76,0.133,3844,294,668,5.0,11.3,2023,87.0,95.0,89.0,81.0,82.0,85.0,85.0,86.0,25.0,27.0,40.0,55.0,70.0,50.0,90.0,61.0,90.0,76.0,51.0,90.0,75.0,85.0,80.0,62.0,75.0,90.0,75.0,77.0,90.0,90.0,80.0,90.0,86.0,31.0,60.0,85.0
Christian Braun,DEN,76,49,27,0.645,15.5,1.9,3.8,0.495,0.4,1.3,0.354,0.5,0.8,0.625,0.6000000000000001,1.8,2.4,0.8,0.5,0.5,0.2,0.3,1.3,0.6000000000000001,4.7,-1.5,356,107.6,107.0,107.0,110.7,111.3,111.3,-3.2,-4.3,-4.3,0.07,1.69,14.4,0.042,0.112,0.078,8.5,8.5,0.554,0.5680000000000001,0.127,0.132,99.87,99.87,83.22,99.87,0.067,2454,143,289,1.9,3.8,2023,73.0,77.0,82.0,84.0,63.0,75.0,75.0,69.0,25.0,80.0,25.0,55.0,36.0,45.0,72.0,40.0,70.0,43.0,55.0,68.0,70.0,70.0,83.0,46.0,83.0,93.0,80.0,80.0,69.0,69.0,74.0,68.0,32.0,49.0,57.0,76.5
Christian Koloko,TOR,58,29,29,0.5,13.8,1.2,2.6,0.48,0.0,0.2,0.083,0.6000000000000001,1.0,0.627,1.4,1.5,2.9,0.5,0.3,0.4,1.0,0.3,2.2,0.8,3.1,2.7,486,112.0,112.7,112.7,104.0,103.7,103.7,8.0,9.0,9.0,0.05,1.55,13.5,0.094,0.11,0.101,8.7,8.8,0.483,0.517,0.1,0.101,100.7,100.54,83.79,100.54,0.046,1682,72,150,1.2,2.6,2023,73.0,62.0,60.0,29.0,65.0,75.0,80.0,64.0,75.0,75.0,54.0,50.0,51.0,50.0,70.0,75.0,37.0,36.0,91.0,75.0,50.0,70.0,72.0,59.0,75.0,80.0,80.0,80.0,37.0,42.0,44.0,52.0,29.0,74.0,58.0,54.5
Christian Wood,DAL,67,33,34,0.493,25.9,5.9,11.5,0.515,1.6,4.2,0.376,3.2,4.2,0.772,1.3,6.0,7.3,1.8,1.8,0.4,1.1,0.6000000000000001,2.5,4.1,16.6,-0.7000000000000001,125,114.4,115.4,115.4,115.6,116.7,116.7,-1.2,-1.3,-1.3,0.119,1.0,10.7,0.053,0.238,0.147,10.7,10.7,0.583,0.624,0.259,0.267,98.0,97.15,80.96,97.15,0.144,3519,396,769,5.9,11.5,2023,82.0,95.0,73.0,80.0,78.0,98.0,95.0,87.0,90.0,85.0,81.0,79.0,81.0,65.0,95.0,74.0,51.0,36.0,75.0,74.0,62.0,45.0,56.0,74.0,66.0,93.0,85.0,83.0,30.0,60.0,44.0,40.0,43.0,54.0,86.0,57.5
Chuma Okeke,ORL,27,8,19,0.296,19.2,1.6,4.5,0.352,1.0,3.2,0.302,0.6000000000000001,0.8,0.762,1.0,2.6,3.6,1.4,0.6000000000000001,0.7000000000000001,0.4,0.1,1.5,0.6000000000000001,4.7,-4.4,227,104.2,105.7,105.7,114.8,116.5,116.5,-10.6,-10.8,-10.8,0.101,2.18,19.9,0.049,0.132,0.09,9.1,9.2,0.459,0.488,0.121,0.123,101.78,100.31,83.59,100.31,0.063,1082,43,122,1.6,4.5,2023,74.0,70.0,69.0,74.0,80.0,80.0,50.0,70.0,45.0,50.0,48.0,52.0,53.0,40.0,70.0,63.0,80.0,72.0,62.0,77.0,85.0,45.0,70.0,60.0,74.0,80.0,80.0,80.0,65.0,69.0,65.0,66.0,37.0,56.0,65.0,75.5
Clint Capela,ATL,65,35,30,0.538,26.6,5.4,8.2,0.653,0.0,0.0,0.0,1.2,2.0,0.603,4.0,7.1,11.0,0.9,0.8,0.7000000000000001,1.2,0.4,2.1,1.9,12.0,-0.5,492,114.9,115.3,115.3,115.8,116.4,116.4,-0.9,-1.1,-1.1,0.045,1.07,8.2,0.142,0.268,0.203,7.7,7.7,0.653,0.656,0.151,0.155,103.46,102.96,85.8,102.96,0.135,3716,350,536,5.4,8.2,2023,82.0,80.0,50.0,25.0,58.0,70.0,60.0,79.0,95.0,80.0,71.0,48.0,69.0,74.0,70.0,86.0,53.0,40.0,78.0,86.0,74.0,85.0,58.0,85.0,80.0,92.0,97.0,83.0,34.0,48.0,30.0,35.0,29.0,93.0,90.0,58.5
Coby White,CHI,74,37,37,0.5,23.4,3.6,8.0,0.443,1.7,4.6,0.372,0.8,0.9,0.871,0.2,2.6,2.9,2.8,1.0,0.7000000000000001,0.1,0.3,1.6,1.3,9.7,1.9,104,114.0,114.0,114.0,109.8,110.1,110.1,4.2,4.0,4.0,0.159,2.76,22.7,0.009,0.11,0.061,8.2,8.2,0.551,0.5720000000000001,0.17,0.175,101.17,100.99,84.16,100.99,0.088,3640,263,594,3.6,8.0,2023,76.0,85.0,82.0,81.0,86.0,70.0,70.0,79.0,30.0,65.0,34.0,45.0,49.0,67.0,80.0,49.0,64.0,46.0,35.0,66.0,64.0,45.0,85.0,56.0,81.0,90.0,85.0,80.0,77.0,86.0,84.0,77.0,63.0,30.0,55.0,79.0
Cody Martin,CHA,7,2,5,0.286,19.1,2.0,5.1,0.389,0.4,2.0,0.214,0.6000000000000001,1.0,0.5710000000000001,1.1,2.3,3.4,1.6,0.3,0.6000000000000001,0.1,0.6000000000000001,1.9,0.9,5.0,-3.7,361,110.1,107.6,107.6,115.8,117.3,117.3,-5.7,-9.7,-9.7,0.111,5.5,21.6,0.056,0.109,0.083,3.9,3.8,0.431,0.448,0.121,0.131,103.58,104.1,86.75,104.1,0.052,291,14,36,2.0,5.1,2023,75.0,72.0,60.0,82.0,73.0,95.0,70.0,85.0,25.0,75.0,59.0,59.0,55.0,79.0,75.0,48.0,69.0,70.0,56.0,69.0,69.0,60.0,58.0,58.0,75.0,90.0,90.0,80.0,74.0,73.0,57.0,78.0,42.0,47.0,54.0,65.0
Cody Zeller,MIA,15,6,9,0.4,14.4,2.5,3.9,0.627,0.0,0.1,0.0,1.6,2.3,0.686,1.7,2.6,4.3,0.7000000000000001,0.9,0.2,0.3,0.2,2.2,2.2,6.5,-3.2,492,109.4,108.8,108.8,120.0,119.0,119.0,-10.6,-10.3,-10.3,0.077,0.71,10.1,0.117,0.2,0.157,14.1,14.2,0.627,0.659,0.175,0.179,98.12,98.83,82.36,98.83,0.093,445,37,59,2.5,3.9,2023,75.0,80.0,70.0,38.0,77.0,65.0,70.0,65.0,75.0,75.0,67.0,65.0,67.0,65.0,79.0,60.0,37.0,38.0,57.0,76.0,60.0,55.0,70.0,75.0,80.0,89.0,95.0,84.0,68.0,40.0,31.0,64.0,37.0,90.0,84.0,47.0
Cole Anthony,ORL,60,28,32,0.467,25.9,4.6,10.2,0.454,1.3,3.4,0.364,2.5,2.8,0.894,0.8,4.0,4.8,3.9,1.5,0.6000000000000001,0.5,0.4,2.6,2.1,13.0,-0.4,174,111.4,112.4,112.4,111.5,112.5,112.5,-0.1,-0.1,-0.1,0.228,2.58,23.4,0.03,0.152,0.091,9.1,9.0,0.516,0.5700000000000001,0.209,0.216,100.86,99.91,83.26,99.91,0.116,3220,277,610,4.6,10.2,2023,80.0,93.0,85.0,80.0,89.0,98.0,95.0,82.0,40.0,89.0,49.0,58.0,44.0,82.0,98.0,45.0,69.0,40.0,60.0,55.0,52.0,45.0,84.0,59.0,77.0,88.0,85.0,98.0,82.0,84.0,84.0,82.0,71.0,41.0,68.0,79.0
Collin Sexton,UTA,48,24,24,0.5,23.9,4.9,9.8,0.506,1.0,2.5,0.393,3.4,4.1,0.8190000000000001,0.8,1.4,2.2,2.9,1.8,0.6000000000000001,0.1,1.1,2.3,3.6,14.3,-0.6000000000000001,214,114.9,116.4,116.4,115.2,116.3,116.3,-0.3,0.1,0.1,0.178,1.62,17.8,0.032,0.056,0.044,10.9,10.9,0.558,0.616,0.23,0.234,103.46,102.3,85.25,102.3,0.097,2427,237,468,4.9,9.8,2023,80.0,95.0,88.0,84.0,83.0,80.0,85.0,85.0,30.0,75.0,25.0,38.0,28.0,80.0,95.0,45.0,67.0,40.0,35.0,67.0,69.0,50.0,88.0,58.0,84.0,95.0,90.0,81.0,78.0,86.0,87.0,76.0,66.0,42.0,41.0,82.0
Corey Kispert,WAS,74,31,43,0.419,28.3,3.9,7.9,0.497,2.2,5.2,0.424,1.0,1.2,0.852,0.4,2.4,2.8,1.2,0.7000000000000001,0.4,0.1,0.5,1.3,0.9,11.1,-1.7,55,111.6,112.4,112.4,115.2,115.6,115.6,-3.6,-3.2,-3.2,0.056,1.58,11.4,0.016,0.082,0.05,7.2,7.2,0.637,0.657,0.139,0.142,100.75,100.22,83.51,100.22,0.073,4377,291,585,3.9,7.9,2023,78.0,95.0,82.0,86.0,88.0,85.0,90.0,73.0,40.0,60.0,38.0,39.0,39.0,45.0,85.0,54.0,70.0,36.0,32.0,69.0,67.0,65.0,76.0,60.0,69.0,84.0,80.0,80.0,66.0,71.0,66.0,69.0,31.0,34.0,47.0,75.0
Cory Joseph,DET,62,12,50,0.194,19.8,2.4,5.7,0.427,1.1,2.9,0.389,0.9,1.2,0.792,0.3,1.4,1.7,3.5,0.9,0.5,0.1,0.3,1.4,1.2,6.9,-1.8,197,109.6,109.7,109.7,113.6,113.8,113.8,-4.0,-4.1,-4.1,0.256,3.88,33.2,0.016,0.07,0.042,8.6,8.5,0.527,0.558,0.149,0.154,99.6,99.47,82.89,99.47,0.087,2541,150,351,2.4,5.7,2023,74.0,87.0,76.0,81.0,79.0,75.0,70.0,72.0,25.0,30.0,27.0,39.0,29.0,55.0,85.0,54.0,75.0,42.0,42.0,68.0,59.0,65.0,72.0,40.0,65.0,88.0,70.0,84.0,80.0,84.0,72.0,80.0,73.0,32.0,46.0,76.0
Dalano Banton,TOR,31,17,14,0.548,9.0,1.8,4.2,0.423,0.5,1.6,0.294,0.5,0.8,0.708,0.4,1.1,1.5,1.2,0.6000000000000001,0.4,0.4,0.2,1.1,0.6000000000000001,4.6,-1.1,346,104.4,104.4,104.4,110.8,110.9,110.9,-6.3,-6.5,-6.5,0.202,2.0,18.5,0.036,0.13,0.079,9.2,9.3,0.481,0.505,0.229,0.237,101.21,101.15,84.3,101.15,0.095,589,55,130,1.8,4.2,2023,75.0,73.0,82.0,74.0,75.0,95.0,80.0,79.0,30.0,65.0,30.0,45.0,48.0,79.0,80.0,40.0,68.0,84.0,79.0,60.0,62.0,60.0,76.0,66.0,75.0,80.0,75.0,80.0,78.0,76.0,72.0,79.0,65.0,48.0,58.0,74.0
Dalen Terry,CHI,38,19,19,0.5,5.6,0.8,1.9,0.444,0.2,0.7000000000000001,0.259,0.4,0.6000000000000001,0.667,0.3,0.7000000000000001,1.0,0.6000000000000001,0.2,0.3,0.1,0.2,0.6000000000000001,0.5,2.2,0.3,433,107.6,104.8,104.8,103.0,101.5,101.5,4.6,3.3,3.3,0.157,2.75,19.6,0.056,0.117,0.087,7.1,7.2,0.493,0.523,0.173,0.179,100.62,102.64,85.54,102.64,0.091,456,32,72,0.8,1.9,2023,73.0,77.0,72.0,74.0,74.0,70.0,65.0,77.0,25.0,80.0,40.0,46.0,42.0,54.0,85.0,43.0,69.0,72.0,51.0,69.0,70.0,65.0,76.0,58.0,69.0,85.0,85.0,80.0,76.0,80.0,74.0,78.0,68.0,52.0,59.0,75.5
Damian Jones,UTA,41,12,29,0.293,11.6,1.3,2.1,0.64,0.2,0.4,0.588,0.5,0.7000000000000001,0.759,1.0,2.0,3.0,0.4,0.6000000000000001,0.2,0.5,0.3,1.3,0.8,3.5,-2.0,422,103.8,103.6,103.6,112.7,112.6,112.6,-8.9,-9.0,-9.0,0.044,0.65,10.9,0.078,0.152,0.115,16.8,16.8,0.6980000000000001,0.719,0.102,0.105,104.71,104.87,87.39,104.87,0.081,1048,55,86,1.3,2.1,2023,73.0,85.0,78.0,67.0,76.0,50.0,30.0,70.0,85.0,75.0,52.0,40.0,60.0,35.0,84.0,76.0,40.0,32.0,86.0,80.0,40.0,65.0,63.0,80.0,92.0,80.0,80.0,78.0,34.0,35.0,38.0,48.0,28.0,69.0,72.0,48.5
Damian Lillard,POR,58,27,31,0.466,36.3,9.6,20.7,0.463,4.2,11.3,0.371,8.8,9.6,0.914,0.8,4.0,4.8,7.3,3.3,0.9,0.3,0.8,1.9,7.1,32.2,1.8,3,117.8,119.5,119.5,115.9,117.4,117.4,2.0,2.1,2.1,0.338,2.23,20.8,0.022,0.112,0.068,9.3,9.3,0.5640000000000001,0.645,0.331,0.338,101.12,99.78,83.15,99.78,0.173,4385,556,1202,9.6,20.7,2023,94.0,94.0,98.0,89.0,92.0,98.0,98.0,96.0,25.0,85.0,30.0,38.0,42.0,96.0,98.0,31.0,69.0,58.0,45.0,72.0,77.0,60.0,88.0,63.0,89.0,97.0,95.0,98.0,92.0,95.0,87.0,93.0,79.0,36.0,56.0,82.0
Damion Lee,PHX,74,40,34,0.541,20.4,2.7,6.1,0.442,1.5,3.3,0.445,1.3,1.4,0.904,0.5,2.5,3.0,1.3,1.1,0.4,0.1,0.2,1.6,1.4,8.2,1.1,136,108.7,110.1,110.1,107.7,107.3,107.3,1.0,2.7,2.7,0.092,1.27,14.8,0.024,0.124,0.072,11.6,11.6,0.5640000000000001,0.607,0.155,0.159,101.62,101.13,84.27,101.13,0.084,3170,200,452,2.7,6.1,2023,75.0,76.0,79.0,87.0,90.0,95.0,85.0,79.0,40.0,65.0,44.0,48.0,51.0,69.0,78.0,57.0,60.0,37.0,35.0,60.0,66.0,35.0,68.0,55.0,75.0,80.0,70.0,79.0,62.0,70.0,66.0,57.0,37.0,37.0,61.0,71.0
Daniel Gafford,WAS,78,32,46,0.41,20.6,3.7,5.1,0.732,0.0,0.0,0.0,1.6,2.4,0.679,2.1,3.5,5.6,1.1,1.1,0.4,1.3,0.4,2.4,2.2,9.0,-1.1,492,110.7,111.7,111.7,114.3,114.3,114.3,-3.7,-2.5,-2.5,0.074,0.99,13.2,0.103,0.159,0.132,13.3,13.2,0.732,0.739,0.146,0.151,100.32,99.88,83.23,99.88,0.113,3336,289,395,3.7,5.1,2023,77.0,91.0,65.0,29.0,66.0,70.0,60.0,82.0,85.0,75.0,69.0,67.0,70.0,75.0,70.0,70.0,57.0,38.0,86.0,76.0,50.0,65.0,75.0,73.0,80.0,80.0,89.0,80.0,37.0,35.0,44.0,37.0,34.0,79.0,70.0,64.5
Daniel Theis,IND,7,1,6,0.143,15.5,3.0,6.3,0.477,0.3,1.6,0.182,0.7000000000000001,1.7,0.417,1.0,2.1,3.1,1.3,0.4,0.3,0.9,0.4,1.0,1.4,7.0,-2.7,407,105.3,107.3,107.3,114.6,115.5,115.5,-9.3,-8.2,-8.2,0.125,3.0,14.8,0.059,0.147,0.1,4.9,4.9,0.5,0.497,0.201,0.207,103.69,102.32,85.27,102.32,0.088,232,21,44,3.0,6.3,2023,75.0,86.0,80.0,73.0,75.0,65.0,30.0,70.0,79.0,78.0,74.0,54.0,73.0,35.0,85.0,84.0,53.0,37.0,68.0,83.0,57.0,80.0,57.0,82.0,75.0,90.0,87.0,65.0,69.0,49.0,42.0,54.0,32.0,57.0,72.0,60.5
Danny Green,CLE,11,6,5,0.545,12.6,2.0,4.5,0.449,1.5,3.4,0.432,0.1,0.1,1.0,0.3,1.0,1.3,0.5,0.9,0.5,0.3,0.1,1.5,0.2,5.5,-1.5,139,106.3,104.5,104.5,106.5,110.0,110.0,-0.2,-5.5,-5.5,0.065,0.6000000000000001,9.2,0.023,0.08,0.053,15.4,15.3,0.612,0.617,0.187,0.193,101.0,100.17,83.48,100.17,0.061,289,22,49,2.0,4.5,2023,73.0,80.0,80.0,82.0,77.0,60.0,35.0,60.0,40.0,45.0,30.0,54.0,35.0,30.0,75.0,66.0,85.0,66.0,65.0,83.0,60.0,80.0,59.0,60.0,69.0,75.0,75.0,82.0,72.0,70.0,59.0,70.0,32.0,38.0,50.0,72.0
Danuel House Jr.,PHI,56,38,18,0.679,14.4,1.7,3.5,0.472,0.7000000000000001,2.0,0.336,0.8,1.1,0.75,0.2,1.5,1.7,0.8,0.5,0.3,0.2,0.1,1.2,0.9,4.8,-0.3,305,113.8,112.8,112.8,111.9,112.5,112.5,1.9,0.3,0.3,0.074,1.69,15.0,0.012,0.107,0.062,8.9,8.9,0.5660000000000001,0.6000000000000001,0.133,0.138,100.84,101.02,84.19,101.02,0.061,1689,93,197,1.7,3.5,2023,73.0,50.0,74.0,79.0,71.0,75.0,75.0,78.0,80.0,75.0,47.0,51.0,47.0,58.0,79.0,52.0,75.0,33.0,52.0,70.0,70.0,75.0,63.0,50.0,75.0,85.0,75.0,83.0,69.0,70.0,60.0,69.0,33.0,32.0,56.0,68.0
Dario Saric,OKC,57,26,31,0.456,14.1,2.2,4.9,0.458,0.8,2.0,0.391,1.1,1.3,0.8290000000000001,0.9,2.7,3.6,1.3,1.0,0.4,0.1,0.3,1.7,1.3,6.4,0.6000000000000001,270,111.2,112.8,112.8,110.4,111.2,111.2,0.8,1.6,1.6,0.131,1.35,17.0,0.064,0.195,0.128,12.6,12.5,0.54,0.583,0.186,0.191,101.88,100.8,84.0,100.8,0.099,1697,127,277,2.2,4.9,2023,76.0,82.0,65.0,81.0,84.0,70.0,80.0,79.0,45.0,70.0,74.0,74.0,81.0,60.0,92.0,70.0,49.0,40.0,40.0,74.0,50.0,65.0,63.0,65.0,60.0,82.0,86.0,81.0,75.0,69.0,57.0,84.0,51.0,60.0,80.0,65.0
Darius Bazley,PHX,43,19,24,0.442,14.3,1.9,4.3,0.454,0.5,1.2,0.377,0.9,1.6,0.543,0.8,2.4,3.2,0.9,0.6000000000000001,0.5,0.8,0.6000000000000001,1.0,1.2,5.2,-1.6,352,106.7,105.5,105.5,108.3,109.2,109.2,-1.7,-3.6,-3.6,0.088,1.41,13.6,0.053,0.157,0.106,9.6,9.7,0.508,0.524,0.165,0.17,101.81,101.93,84.95,101.93,0.088,1298,83,183,1.9,4.3,2023,76.0,83.0,70.0,80.0,69.0,85.0,80.0,79.0,50.0,80.0,59.0,54.0,50.0,69.0,80.0,55.0,56.0,46.0,83.0,60.0,59.0,35.0,73.0,60.0,82.0,80.0,75.0,80.0,50.0,69.0,70.0,47.0,34.0,52.0,71.0,71.0
Darius Days,HOU,4,0,4,0.0,6.2,1.3,3.0,0.417,0.8,2.5,0.3,0.5,0.5,1.0,0.3,1.3,1.5,0.3,0.0,0.0,0.3,0.3,0.5,0.3,3.8,0.3,278,108.9,109.4,109.4,105.7,109.6,109.6,3.1,-0.2,-0.2,0.067,0.0,7.1,0.034,0.227,0.118,0.0,0.0,0.542,0.582,0.21,0.214,102.98,100.87,84.06,100.87,0.145,53,5,12,1.3,3.0,2023,67.0,65.0,69.0,73.0,71.0,65.0,40.0,70.0,50.0,70.0,41.0,37.0,41.0,40.0,70.0,64.0,65.0,42.0,47.0,50.0,50.0,50.0,70.0,66.0,78.0,85.0,80.0,80.0,49.0,50.0,60.0,52.0,35.0,49.0,60.0,69.0
Darius Garland,CLE,69,40,29,0.58,35.5,7.6,16.4,0.462,2.4,6.0,0.41,4.0,4.7,0.863,0.4,2.3,2.7,7.8,2.9,1.2,0.1,0.8,2.1,4.3,21.6,6.3,43,116.3,116.9,116.9,107.8,108.8,108.8,8.5,8.0,8.0,0.328,2.7,26.9,0.012,0.067,0.04,9.9,9.9,0.537,0.587,0.262,0.268,97.81,97.1,80.92,97.1,0.13,4968,522,1129,7.6,16.4,2023,86.0,95.0,78.0,85.0,85.0,95.0,98.0,90.0,25.0,65.0,32.0,37.0,42.0,74.0,95.0,31.0,69.0,53.0,32.0,69.0,66.0,50.0,88.0,40.0,84.0,95.0,95.0,80.0,92.0,89.0,88.0,95.0,84.0,32.0,44.0,83.0
David Duke Jr.,BKN,23,10,13,0.435,9.9,1.6,3.4,0.462,0.0,0.5,0.083,0.5,0.7000000000000001,0.706,0.5,0.8,1.3,0.9,0.8,0.4,0.0,0.4,1.3,0.7000000000000001,3.7,-1.5,480,105.6,105.2,105.2,112.9,111.5,111.5,-7.3,-6.3,-6.3,0.145,1.17,16.9,0.049,0.078,0.063,14.5,14.5,0.468,0.497,0.187,0.194,101.27,102.09,85.08,102.09,0.05,483,36,78,1.6,3.4,2023,72.0,68.0,73.0,69.0,79.0,90.0,75.0,70.0,40.0,60.0,30.0,40.0,39.0,70.0,70.0,40.0,60.0,56.0,42.0,55.0,37.0,35.0,83.0,55.0,72.0,80.0,45.0,83.0,62.0,73.0,78.0,60.0,43.0,53.0,44.0,76.5
David Roddy,MEM,70,44,26,0.629,18.0,2.6,6.0,0.429,0.9,3.0,0.307,0.6000000000000001,0.9,0.631,0.7000000000000001,2.0,2.8,0.8,0.8,0.4,0.3,0.3,1.5,0.8,6.7,-0.9,234,110.3,110.6,110.6,111.6,112.5,112.5,-1.3,-1.9,-1.9,0.064,1.04,10.4,0.037,0.107,0.071,10.1,10.1,0.506,0.519,0.163,0.167,103.15,102.6,85.5,102.6,0.056,2686,180,420,2.6,6.0,2023,73.0,85.0,70.0,73.0,61.0,50.0,75.0,77.0,50.0,60.0,62.0,62.0,62.0,59.0,81.0,64.0,65.0,41.0,53.0,69.0,62.0,55.0,75.0,73.0,66.0,88.0,85.0,80.0,62.0,66.0,54.0,60.0,30.0,45.0,56.0,72.0
Davion Mitchell,SAC,80,47,33,0.588,18.1,2.3,5.0,0.454,0.8,2.5,0.32,0.3,0.4,0.806,0.2,1.1,1.3,2.3,0.8,0.6000000000000001,0.2,0.2,1.4,1.2,5.6,0.0,271,115.3,114.4,114.4,112.4,111.8,111.8,2.9,2.7,2.7,0.173,2.98,28.2,0.012,0.062,0.037,9.4,9.4,0.533,0.545,0.14,0.145,101.34,102.04,85.03,102.04,0.061,3040,181,399,2.3,5.0,2023,75.0,95.0,80.0,76.0,79.0,70.0,40.0,74.0,25.0,40.0,30.0,30.0,30.0,44.0,95.0,44.0,84.0,41.0,47.0,85.0,85.0,85.0,82.0,60.0,70.0,90.0,95.0,80.0,82.0,86.0,82.0,83.0,61.0,31.0,42.0,84.5
Davis Bertans,DAL,45,20,25,0.444,10.9,1.5,3.6,0.431,1.2,3.1,0.39,0.3,0.3,0.867,0.2,1.0,1.2,0.5,0.2,0.2,0.2,0.1,1.2,0.6000000000000001,4.6,-0.8,178,111.4,110.6,110.6,114.0,114.8,114.8,-2.6,-4.3,-4.3,0.065,2.1,10.7,0.02,0.086,0.053,5.1,5.1,0.603,0.618,0.155,0.161,100.33,100.33,83.61,100.33,0.069,1031,69,160,1.5,3.6,2023,73.0,70.0,70.0,82.0,88.0,70.0,60.0,69.0,65.0,65.0,43.0,66.0,52.0,60.0,88.0,64.0,40.0,40.0,52.0,69.0,58.0,50.0,57.0,64.0,52.0,80.0,80.0,68.0,38.0,72.0,47.0,45.0,33.0,35.0,47.0,59.0
DeAndre Jordan,DEN,39,23,16,0.59,15.0,2.3,2.9,0.765,0.0,0.0,1.0,0.6000000000000001,1.2,0.458,1.3,3.8,5.2,0.9,1.2,0.3,0.6000000000000001,0.2,1.8,1.4,5.1,-3.1,484,107.5,107.0,107.0,115.4,115.4,115.4,-7.9,-8.4,-8.4,0.084,0.71,15.6,0.094,0.252,0.176,22.0,22.0,0.77,0.731,0.134,0.139,99.88,100.16,83.47,100.16,0.107,1215,88,115,2.3,2.9,2023,72.0,74.0,25.0,25.0,51.0,25.0,25.0,57.0,75.0,75.0,35.0,37.0,35.0,44.0,90.0,70.0,57.0,35.0,80.0,67.0,55.0,55.0,65.0,85.0,83.0,92.0,80.0,94.0,25.0,30.0,33.0,66.0,35.0,69.0,90.0,57.5
DeMar DeRozan,CHI,74,37,37,0.5,36.2,8.9,17.6,0.504,0.6000000000000001,1.9,0.324,6.2,7.1,0.872,0.5,4.2,4.6,5.1,2.1,1.1,0.5,0.8,2.5,5.4,24.5,0.9,313,112.3,112.2,112.2,110.1,110.7,110.7,2.2,1.5,1.5,0.222,2.46,18.5,0.013,0.116,0.066,7.5,7.4,0.522,0.592,0.272,0.281,100.1,99.82,83.18,99.82,0.138,5569,657,1303,8.9,17.6,2023,86.0,95.0,95.0,77.0,86.0,90.0,90.0,92.0,55.0,84.0,65.0,78.0,87.0,85.0,95.0,50.0,73.0,43.0,52.0,74.0,82.0,70.0,82.0,73.0,88.0,98.0,90.0,91.0,73.0,83.0,80.0,75.0,71.0,32.0,57.0,79.0
Dean Wade,CLE,44,30,14,0.682,20.3,1.7,4.0,0.412,1.0,2.9,0.354,0.3,0.5,0.652,0.5,3.0,3.4,0.8,0.4,0.6000000000000001,0.5,0.2,2.0,0.6000000000000001,4.7,2.5,213,109.4,109.7,109.7,102.3,103.2,103.2,7.1,6.5,6.5,0.056,2.18,15.4,0.023,0.146,0.085,7.1,7.1,0.54,0.55,0.1,0.103,98.66,98.09,81.74,98.09,0.061,1817,73,177,1.7,4.0,2023,73.0,80.0,68.0,81.0,78.0,80.0,70.0,60.0,80.0,75.0,60.0,60.0,64.0,44.0,70.0,50.0,67.0,46.0,57.0,70.0,68.0,60.0,62.0,60.0,83.0,80.0,85.0,79.0,38.0,60.0,43.0,55.0,31.0,39.0,67.0,65.0
Deandre Ayton,PHX,67,36,31,0.537,30.4,7.8,13.2,0.589,0.1,0.4,0.292,2.3,3.0,0.76,2.6,7.4,10.0,1.7,1.8,0.6000000000000001,0.8,0.6000000000000001,2.8,2.5,18.0,-0.1,457,111.5,113.2,113.2,112.2,113.2,113.2,-0.6000000000000001,0.0,0.0,0.09,0.96,9.5,0.084,0.247,0.164,9.9,9.9,0.592,0.617,0.231,0.233,99.81,98.63,82.19,98.63,0.145,4178,522,887,7.8,13.2,2023,83.0,97.0,92.0,71.0,75.0,75.0,85.0,75.0,90.0,75.0,85.0,75.0,85.0,62.0,82.0,78.0,49.0,36.0,62.0,78.0,69.0,65.0,75.0,85.0,82.0,90.0,76.0,81.0,53.0,61.0,55.0,70.0,39.0,68.0,89.0,63.0
Dejounte Murray,ATL,74,38,36,0.514,36.4,8.3,17.8,0.464,1.8,5.2,0.344,2.1,2.6,0.8320000000000001,0.7000000000000001,4.5,5.3,6.1,2.2,1.5,0.3,0.8,1.4,2.1,20.5,-0.8,98,112.7,114.3,114.3,114.5,115.4,115.4,-1.7,-1.1,-1.1,0.239,2.8,22.4,0.019,0.127,0.071,8.0,8.0,0.514,0.54,0.239,0.243,102.76,101.67,84.73,101.67,0.12,5705,612,1319,8.3,17.8,2023,84.0,89.0,90.0,79.0,83.0,85.0,95.0,93.0,40.0,75.0,40.0,48.0,49.0,84.0,95.0,53.0,86.0,59.0,40.0,85.0,89.0,85.0,83.0,40.0,60.0,90.0,90.0,80.0,85.0,88.0,83.0,84.0,72.0,36.0,62.0,85.0
Delon Wright,WAS,50,26,24,0.52,24.4,2.8,5.8,0.474,0.8,2.4,0.345,1.0,1.2,0.867,1.2,2.4,3.6,3.9,0.9,1.8,0.3,0.3,1.2,1.6,7.4,1.4,261,112.2,114.1,114.1,110.5,110.9,110.9,1.7,3.2,3.2,0.209,4.41,35.1,0.05,0.097,0.074,8.0,7.9,0.545,0.581,0.125,0.129,100.48,99.45,82.87,99.45,0.107,2525,138,291,2.8,5.8,2023,78.0,83.0,69.0,80.0,91.0,96.0,85.0,82.0,25.0,60.0,25.0,46.0,27.0,65.0,85.0,33.0,75.0,93.0,52.0,63.0,80.0,55.0,73.0,58.0,69.0,90.0,90.0,84.0,86.0,86.0,72.0,85.0,70.0,55.0,47.0,74.0
Deni Avdija,WAS,76,33,43,0.434,26.6,3.3,7.6,0.437,0.9,3.1,0.297,1.6,2.2,0.739,1.0,5.4,6.4,2.8,1.6,0.9,0.4,0.5,2.8,1.8,9.2,-0.7000000000000001,236,112.4,113.3,113.3,113.0,114.1,114.1,-0.6000000000000001,-0.8,-0.8,0.142,1.72,21.4,0.038,0.196,0.12,12.5,12.5,0.497,0.535,0.165,0.168,100.69,99.76,83.13,99.76,0.084,4192,253,579,3.3,7.6,2023,76.0,72.0,75.0,70.0,76.0,70.0,80.0,79.0,40.0,75.0,57.0,54.0,59.0,59.0,85.0,62.0,80.0,46.0,52.0,78.0,77.0,80.0,73.0,65.0,79.0,89.0,85.0,84.0,79.0,78.0,69.0,79.0,50.0,48.0,80.0,76.0
Dennis Smith Jr.,CHA,54,19,35,0.352,25.7,3.4,8.4,0.412,0.4,2.1,0.216,1.4,2.0,0.736,0.5,2.6,3.1,4.8,1.5,1.4,0.5,0.7000000000000001,2.3,1.5,8.8,-1.3,357,103.4,103.6,103.6,105.3,106.2,106.2,-1.9,-2.6,-2.6,0.275,3.18,30.9,0.018,0.093,0.056,9.7,9.7,0.438,0.475,0.175,0.178,102.66,102.11,85.09,102.11,0.09,2960,186,452,3.4,8.4,2023,74.0,76.0,56.0,70.0,74.0,80.0,75.0,76.0,25.0,85.0,30.0,31.0,38.0,69.0,80.0,25.0,66.0,80.0,56.0,65.0,75.0,45.0,86.0,54.0,91.0,88.0,45.0,80.0,76.0,86.0,85.0,75.0,72.0,35.0,52.0,82.0
Dereon Seabron,NOP,5,2,3,0.4,2.3,0.4,1.0,0.4,0.0,0.0,0.0,0.0,0.0,0.0,0.2,0.0,0.2,0.0,0.0,0.0,0.0,0.2,0.2,0.0,0.8,2.0,492,123.3,116.0,116.0,83.0,79.2,79.2,40.3,36.8,36.8,0.0,0.0,0.0,0.067,0.0,0.029,0.0,0.0,0.4,0.4,0.156,0.175,96.0,101.38,84.48,101.38,0.011,25,2,5,0.4,1.0,2023,67.0,65.0,66.0,60.0,69.0,50.0,40.0,74.0,40.0,80.0,44.0,47.0,50.0,40.0,98.0,49.0,71.0,42.0,45.0,57.0,44.0,50.0,83.0,83.0,85.0,89.0,70.0,83.0,64.0,68.0,74.0,60.0,44.0,33.0,50.0,77.5
Derrick Jones Jr.,CHI,64,29,35,0.453,14.0,1.8,3.6,0.5,0.4,1.3,0.338,1.0,1.3,0.738,0.9,1.5,2.4,0.5,0.4,0.5,0.6000000000000001,0.3,1.3,1.0,5.0,1.9,368,112.8,112.8,112.8,105.4,106.0,106.0,7.3,6.7,6.7,0.052,1.36,10.5,0.069,0.098,0.084,7.7,7.7,0.559,0.597,0.138,0.142,101.75,101.46,84.55,101.46,0.077,1886,115,230,1.8,3.6,2023,76.0,70.0,68.0,77.0,83.0,89.0,75.0,79.0,85.0,94.0,50.0,52.0,52.0,66.0,90.0,60.0,59.0,43.0,80.0,60.0,68.0,30.0,77.0,59.0,93.0,83.0,90.0,78.0,65.0,68.0,61.0,54.0,30.0,63.0,54.0,73.5
Derrick Rose,NYK,27,12,15,0.444,12.5,2.3,5.9,0.384,0.7000000000000001,2.3,0.302,0.4,0.4,0.917,0.3,1.2,1.5,1.7,0.8,0.3,0.2,0.5,0.7000000000000001,0.5,5.6,-1.1,293,104.9,104.3,104.3,107.6,107.8,107.8,-2.8,-3.5,-3.5,0.208,2.09,19.8,0.022,0.082,0.053,9.5,9.5,0.443,0.463,0.22,0.227,103.57,103.78,86.48,103.78,0.076,729,61,159,2.3,5.9,2023,76.0,84.0,70.0,75.0,92.0,90.0,90.0,86.0,25.0,45.0,55.0,55.0,55.0,65.0,85.0,50.0,67.0,37.0,53.0,66.0,64.0,40.0,86.0,50.0,89.0,85.0,95.0,69.0,83.0,86.0,86.0,88.0,70.0,37.0,50.0,80.5
Derrick White,BOS,82,57,25,0.6950000000000001,28.3,4.3,9.2,0.462,1.8,4.8,0.381,2.0,2.3,0.875,0.6000000000000001,2.9,3.6,3.9,1.2,0.7000000000000001,0.9,0.4,2.2,2.5,12.4,6.0,96,117.8,118.2,118.2,106.7,107.2,107.2,11.1,11.0,11.0,0.191,3.38,25.6,0.023,0.098,0.062,7.6,7.5,0.56,0.604,0.174,0.178,100.32,99.87,83.22,99.87,0.1,4807,350,758,4.3,9.2,2023,82.0,93.0,79.0,81.0,88.0,98.0,80.0,74.0,40.0,55.0,35.0,51.0,35.0,83.0,90.0,38.0,82.0,40.0,67.0,76.0,69.0,65.0,90.0,46.0,75.0,85.0,78.0,81.0,88.0,86.0,88.0,82.0,68.0,37.0,52.0,86.0
Desmond Bane,MEM,58,38,20,0.655,31.7,7.8,16.2,0.479,2.9,7.0,0.408,3.1,3.5,0.883,0.7000000000000001,4.3,5.0,4.4,2.2,1.0,0.4,1.3,2.6,2.6,21.5,6.1,18,115.7,116.4,116.4,106.3,107.4,107.4,9.3,9.0,9.0,0.202,2.02,18.2,0.022,0.123,0.074,9.0,8.9,0.5680000000000001,0.606,0.252,0.26,104.14,103.27,86.06,103.27,0.131,3962,450,939,7.8,16.2,2023,84.0,89.0,95.0,88.0,89.0,90.0,90.0,88.0,35.0,75.0,49.0,61.0,56.0,84.0,84.0,52.0,74.0,42.0,51.0,72.0,69.0,70.0,74.0,56.0,78.0,92.0,85.0,78.0,82.0,82.0,70.0,82.0,70.0,36.0,63.0,74.0
Devin Booker,PHX,53,34,19,0.642,34.6,9.9,20.1,0.494,2.1,6.0,0.351,5.8,6.8,0.855,0.9,3.7,4.5,5.5,2.7,1.0,0.3,0.8,3.0,5.4,27.8,4.7,62,117.6,119.6,119.6,111.9,113.4,113.4,5.7,6.2,6.2,0.251,2.02,17.8,0.025,0.105,0.065,8.8,8.7,0.546,0.601,0.311,0.319,100.68,99.18,82.65,99.18,0.147,3797,527,1067,9.9,20.1,2023,94.0,97.0,97.0,86.0,84.0,98.0,98.0,95.0,30.0,75.0,74.0,79.0,82.0,91.0,85.0,58.0,74.0,41.0,50.0,65.0,62.0,65.0,79.0,59.0,74.0,95.0,85.0,81.0,89.0,92.0,76.0,94.0,73.0,38.0,54.0,76.5
Devin Vassell,SAS,38,12,26,0.316,31.0,6.9,15.7,0.439,2.7,7.0,0.387,2.1,2.6,0.78,0.2,3.7,3.9,3.6,1.5,1.1,0.4,0.5,1.5,1.8,18.5,-7.8,26,105.9,107.1,107.1,118.4,118.8,118.8,-12.4,-11.7,-11.7,0.173,2.39,16.5,0.006,0.125,0.062,6.9,6.9,0.525,0.55,0.24,0.246,104.4,103.67,86.39,103.67,0.108,2546,261,595,6.9,15.7,2023,81.0,71.0,93.0,83.0,79.0,95.0,95.0,79.0,40.0,60.0,51.0,65.0,65.0,70.0,95.0,62.0,82.0,49.0,51.0,81.0,85.0,75.0,72.0,60.0,77.0,89.0,85.0,82.0,76.0,82.0,65.0,79.0,65.0,29.0,59.0,76.0
Dewayne Dedmon,PHI,38,23,15,0.605,11.2,2.0,4.0,0.51,0.3,1.0,0.308,0.9,1.3,0.673,0.9,2.6,3.5,0.7000000000000001,0.7000000000000001,0.2,0.5,0.4,2.0,1.3,5.2,-3.3,405,100.1,99.3,99.3,109.4,110.0,110.0,-9.4,-10.6,-10.6,0.108,1.04,11.7,0.075,0.231,0.151,11.2,11.2,0.55,0.577,0.195,0.203,102.36,102.48,85.4,102.48,0.104,897,77,151,2.0,4.0,2023,74.0,90.0,74.0,73.0,70.0,70.0,45.0,67.0,60.0,60.0,55.0,46.0,59.0,69.0,59.0,79.0,48.0,36.0,78.0,78.0,58.0,75.0,44.0,80.0,66.0,77.0,75.0,80.0,25.0,44.0,31.0,52.0,33.0,67.0,87.0,49.0
Dillon Brooks,MEM,73,46,27,0.63,30.3,5.4,13.6,0.396,2.0,6.0,0.326,1.6,2.1,0.779,0.6000000000000001,2.7,3.3,2.6,1.4,0.9,0.2,0.5,3.3,1.8,14.3,2.8,82,111.3,113.4,113.4,107.3,108.5,108.5,4.0,4.9,4.9,0.117,1.82,14.1,0.019,0.084,0.051,7.7,7.7,0.468,0.494,0.214,0.219,103.41,101.92,84.93,101.92,0.06,4690,392,991,5.4,13.6,2023,78.0,82.0,68.0,75.0,79.0,75.0,65.0,74.0,35.0,75.0,55.0,59.0,64.0,78.0,85.0,67.0,87.0,42.0,40.0,87.0,86.0,85.0,75.0,65.0,75.0,88.0,95.0,85.0,59.0,74.0,69.0,58.0,43.0,36.0,47.0,81.0
Domantas Sabonis,SAC,79,47,32,0.595,34.6,7.3,11.9,0.615,0.4,1.1,0.373,4.1,5.5,0.742,3.2,9.1,12.3,7.3,2.9,0.8,0.5,0.8,3.5,4.7,19.1,2.7,379,118.8,120.7,120.7,115.5,116.8,116.8,3.3,3.9,3.9,0.297,2.49,29.6,0.096,0.275,0.185,11.9,11.9,0.632,0.668,0.213,0.215,101.8,100.46,83.72,100.46,0.161,5720,577,938,7.3,11.9,2023,87.0,97.0,88.0,80.0,77.0,95.0,95.0,88.0,70.0,75.0,88.0,87.0,88.0,82.0,95.0,70.0,49.0,38.0,52.0,69.0,45.0,60.0,48.0,82.0,54.0,92.0,95.0,86.0,82.0,60.0,43.0,80.0,74.0,73.0,92.0,46.5
Dominick Barlow,SAS,28,5,23,0.179,14.6,1.6,3.1,0.535,0.0,0.1,0.0,0.6000000000000001,0.9,0.72,1.6,2.0,3.6,0.9,0.5,0.4,0.7000000000000001,0.3,2.0,0.8,3.9,-3.9,492,104.7,105.2,105.2,117.2,115.9,115.9,-12.4,-10.7,-10.7,0.079,1.6,17.8,0.1,0.131,0.115,11.1,11.0,0.535,0.5670000000000001,0.107,0.111,104.77,105.11,87.59,105.11,0.064,887,46,86,1.6,3.1,2023,68.0,69.0,68.0,70.0,70.0,40.0,40.0,65.0,60.0,75.0,52.0,50.0,52.0,35.0,75.0,50.0,47.0,40.0,68.0,57.0,49.0,40.0,68.0,62.0,75.0,80.0,85.0,80.0,51.0,69.0,64.0,52.0,32.0,76.0,72.0,62.5
Donovan Mitchell,CLE,68,44,24,0.647,35.8,10.0,20.6,0.484,3.6,9.3,0.386,4.7,5.4,0.867,0.9,3.3,4.3,4.4,2.6,1.5,0.4,0.8,2.5,4.1,28.3,5.0,6,114.9,116.3,116.3,108.7,110.4,110.4,6.2,5.9,5.9,0.205,1.67,14.9,0.027,0.097,0.062,8.9,8.8,0.5720000000000001,0.614,0.31,0.318,98.24,96.89,80.74,96.89,0.149,4932,679,1402,10.0,20.6,2023,92.0,98.0,89.0,88.0,90.0,98.0,98.0,97.0,50.0,92.0,37.0,49.0,44.0,98.0,98.0,68.0,75.0,66.0,50.0,79.0,79.0,75.0,96.0,60.0,97.0,96.0,95.0,80.0,84.0,90.0,86.0,92.0,75.0,41.0,51.0,88.0
Donte DiVincenzo,GSW,72,42,30,0.583,26.3,3.3,7.5,0.435,2.1,5.3,0.397,0.8,1.0,0.8170000000000001,1.1,3.4,4.5,3.5,1.6,1.3,0.1,0.2,1.8,1.6,9.4,1.7,64,113.5,113.5,113.5,110.1,110.6,110.6,3.4,2.9,2.9,0.176,2.25,27.0,0.041,0.123,0.082,12.0,12.0,0.5740000000000001,0.593,0.146,0.15,104.45,104.2,86.84,104.2,0.092,4115,235,540,3.3,7.5,2023,77.0,97.0,63.0,84.0,84.0,85.0,80.0,75.0,25.0,75.0,28.0,45.0,38.0,44.0,70.0,58.0,82.0,70.0,37.0,84.0,88.0,80.0,89.0,60.0,95.0,90.0,85.0,81.0,77.0,77.0,81.0,74.0,64.0,47.0,60.0,87.0
Dorian Finney-Smith,BKN,66,31,35,0.47,30.4,3.0,7.6,0.391,1.7,5.1,0.337,0.7000000000000001,0.9,0.763,1.7,3.1,4.8,1.5,0.9,0.8,0.5,0.3,2.2,0.8,8.3,-0.1,105,112.9,114.0,114.0,112.6,114.3,114.3,0.3,-0.3,-0.3,0.07,1.61,14.5,0.055,0.105,0.079,9.0,9.0,0.505,0.523,0.129,0.131,98.06,96.9,80.75,96.9,0.056,4057,196,501,3.0,7.6,2023,77.0,74.0,71.0,77.0,75.0,90.0,85.0,77.0,40.0,84.0,47.0,40.0,40.0,48.0,72.0,72.0,81.0,42.0,53.0,74.0,74.0,75.0,67.0,62.0,83.0,80.0,80.0,81.0,65.0,60.0,44.0,61.0,33.0,56.0,53.0,74.0
Doug McDermott,SAS,64,19,45,0.297,20.5,3.7,8.2,0.457,1.9,4.7,0.413,0.8,1.1,0.757,0.4,1.8,2.2,1.4,0.9,0.2,0.1,0.4,1.8,0.8,10.2,-3.7,88,107.7,108.7,108.7,118.0,118.4,118.4,-10.3,-9.7,-9.7,0.098,1.57,13.0,0.016,0.085,0.049,8.3,8.3,0.5750000000000001,0.59,0.186,0.191,105.01,104.39,86.99,104.39,0.071,2876,239,523,3.7,8.2,2023,73.0,85.0,51.0,86.0,71.0,70.0,80.0,79.0,50.0,65.0,60.0,66.0,62.0,60.0,75.0,52.0,58.0,31.0,35.0,63.0,50.0,40.0,59.0,60.0,67.0,81.0,67.0,83.0,65.0,67.0,47.0,65.0,40.0,33.0,51.0,56.5
Draymond Green,GSW,73,41,32,0.562,31.5,3.4,6.5,0.527,0.5,1.8,0.305,1.1,1.5,0.713,0.9,6.3,7.2,6.8,2.8,1.0,0.8,0.3,3.1,2.0,8.5,4.7,334,115.8,116.2,116.2,108.9,109.2,109.2,7.0,7.0,7.0,0.268,2.45,40.8,0.029,0.185,0.11,16.7,16.6,0.5700000000000001,0.592,0.129,0.132,104.38,104.05,86.71,104.05,0.1,4979,250,474,3.4,6.5,2023,83.0,98.0,70.0,76.0,70.0,85.0,55.0,70.0,55.0,65.0,60.0,59.0,63.0,40.0,85.0,93.0,86.0,42.0,61.0,93.0,84.0,95.0,73.0,85.0,66.0,85.0,90.0,88.0,83.0,78.0,69.0,92.0,73.0,40.0,81.0,78.0
Drew Eubanks,POR,78,31,47,0.397,20.3,2.7,4.3,0.641,0.1,0.2,0.389,1.1,1.6,0.664,1.7,3.7,5.4,1.3,0.9,0.5,1.3,0.1,2.2,1.7,6.6,-1.7,460,113.0,113.0,113.0,116.1,117.1,117.1,-3.1,-4.1,-4.1,0.092,1.54,18.4,0.084,0.183,0.133,12.0,12.0,0.651,0.666,0.122,0.125,100.79,100.32,83.6,100.32,0.098,3312,214,334,2.7,4.3,2023,77.0,94.0,73.0,54.0,66.0,98.0,85.0,69.0,75.0,70.0,74.0,74.0,74.0,54.0,75.0,60.0,47.0,40.0,85.0,59.0,50.0,45.0,61.0,68.0,75.0,80.0,85.0,83.0,42.0,37.0,38.0,55.0,36.0,68.0,77.0,60.5
Dru Smith,BKN,15,7,8,0.467,10.6,1.2,3.0,0.4,0.3,1.3,0.263,0.2,0.2,1.0,0.1,1.5,1.6,1.5,0.2,0.7000000000000001,0.3,0.2,1.5,0.2,2.9,-1.9,392,101.1,100.3,100.3,109.6,109.1,109.1,-8.4,-8.8,-8.8,0.206,7.33,31.0,0.012,0.132,0.072,4.2,4.2,0.456,0.475,0.133,0.137,99.8,100.44,83.7,100.44,0.076,332,18,45,1.2,3.0,2023,67.0,57.0,74.0,76.0,84.0,55.0,55.0,79.0,40.0,45.0,38.0,37.0,40.0,40.0,80.0,40.0,63.0,53.0,40.0,65.0,68.0,50.0,70.0,43.0,62.0,85.0,75.0,80.0,74.0,76.0,70.0,74.0,70.0,36.0,44.0,69.5
Duane Washington Jr.,NYK,31,17,14,0.548,12.7,3.0,8.3,0.367,1.3,3.6,0.36,0.5,0.8,0.667,0.1,1.1,1.2,2.0,1.1,0.2,0.1,0.5,0.7000000000000001,0.9,7.9,-0.2,165,105.4,107.4,107.4,108.8,107.9,107.9,-3.3,-0.5,-0.5,0.26,1.85,17.4,0.004,0.085,0.042,9.4,9.4,0.445,0.458,0.298,0.305,102.67,102.14,85.11,102.14,0.08,837,94,256,3.0,8.3,2023,73.0,88.0,82.0,80.0,80.0,84.0,75.0,78.0,45.0,40.0,29.0,32.0,44.0,55.0,80.0,47.0,62.0,35.0,35.0,65.0,55.0,40.0,79.0,42.0,72.0,80.0,65.0,80.0,66.0,74.0,76.0,68.0,71.0,27.0,53.0,74.5
Duncan Robinson,MIA,42,19,23,0.452,16.4,2.1,5.6,0.371,1.5,4.6,0.328,0.7000000000000001,0.8,0.906,0.2,1.5,1.6,1.1,0.7000000000000001,0.3,0.0,0.1,1.8,0.8,6.4,-1.3,133,109.6,108.8,108.8,112.8,113.8,113.8,-3.2,-5.0,-5.0,0.101,1.64,14.3,0.012,0.094,0.052,8.7,8.6,0.504,0.534,0.172,0.18,98.88,98.82,82.35,98.82,0.049,1428,88,237,2.1,5.6,2023,74.0,81.0,81.0,84.0,71.0,75.0,65.0,75.0,30.0,70.0,40.0,44.0,35.0,64.0,90.0,50.0,52.0,35.0,25.0,50.0,50.0,30.0,59.0,35.0,72.0,85.0,75.0,83.0,66.0,72.0,56.0,70.0,39.0,32.0,53.0,62.0
Dwight Powell,DAL,76,37,39,0.487,19.2,2.6,3.5,0.732,0.0,0.1,0.0,1.5,2.2,0.667,2.0,2.2,4.1,0.9,0.9,0.6000000000000001,0.3,0.2,2.8,2.5,6.7,2.2,492,118.7,119.4,119.4,113.1,113.2,113.2,5.6,6.2,6.2,0.067,1.06,14.4,0.106,0.12,0.113,13.6,13.6,0.732,0.738,0.123,0.125,98.1,97.73,81.44,97.73,0.078,2961,197,269,2.6,3.5,2023,76.0,85.0,65.0,78.0,68.0,80.0,95.0,70.0,75.0,65.0,77.0,79.0,79.0,83.0,90.0,74.0,45.0,53.0,56.0,68.0,74.0,65.0,71.0,80.0,67.0,90.0,95.0,83.0,55.0,60.0,44.0,64.0,32.0,78.0,61.0,53.0
Dylan Windler,CLE,3,3,0,1.0,3.5,0.7000000000000001,1.0,0.667,0.3,0.7000000000000001,0.5,0.0,0.0,0.0,0.0,0.0,0.0,0.3,0.3,0.3,0.0,0.0,0.0,0.0,1.7,-0.3,392,90.0,94.4,94.4,107.4,90.0,90.0,-17.4,4.4,4.4,0.2,1.0,20.0,0.0,0.0,0.0,20.0,20.0,0.833,0.833,0.182,0.183,82.38,87.83,73.19,87.83,0.161,18,2,3,0.7000000000000001,1.0,2023,71.0,77.0,77.0,77.0,80.0,85.0,75.0,72.0,35.0,50.0,32.0,44.0,44.0,35.0,80.0,42.0,65.0,43.0,40.0,57.0,60.0,45.0,68.0,55.0,75.0,80.0,80.0,80.0,62.0,72.0,67.0,60.0,40.0,51.0,66.0,67.0
Dyson Daniels,NOP,59,33,26,0.559,17.7,1.5,3.5,0.418,0.5,1.5,0.314,0.4,0.7000000000000001,0.65,0.6000000000000001,2.6,3.2,2.3,1.0,0.7000000000000001,0.2,0.2,1.7,0.7000000000000001,3.8,-0.1,353,108.2,107.1,107.1,106.8,106.7,106.7,1.3,0.4,0.4,0.172,2.35,32.2,0.035,0.14,0.089,13.7,13.7,0.483,0.503,0.113,0.117,102.59,103.17,85.98,103.17,0.068,2233,87,208,1.5,3.5,2023,75.0,75.0,72.0,72.0,63.0,75.0,65.0,81.0,25.0,75.0,44.0,55.0,47.0,44.0,85.0,57.0,79.0,73.0,51.0,78.0,78.0,75.0,79.0,52.0,75.0,89.0,85.0,80.0,82.0,86.0,79.0,82.0,64.0,42.0,66.0,82.0
Eric Gordon,LAC,69,25,44,0.362,28.5,4.2,9.5,0.446,1.9,5.2,0.371,2.1,2.5,0.8210000000000001,0.2,1.7,1.9,2.7,1.5,0.6000000000000001,0.4,0.4,1.1,1.9,12.4,-3.0,90,109.6,110.6,110.6,115.9,116.4,116.4,-6.4,-5.8,-5.8,0.133,1.76,18.2,0.008,0.059,0.033,10.3,10.2,0.547,0.587,0.171,0.178,102.82,102.17,85.14,102.17,0.078,4198,291,653,4.2,9.5,2023,76.0,89.0,72.0,83.0,81.0,70.0,80.0,79.0,30.0,70.0,35.0,63.0,50.0,60.0,94.0,42.0,78.0,38.0,52.0,73.0,68.0,50.0,79.0,60.0,82.0,92.0,85.0,78.0,69.0,79.0,78.0,73.0,53.0,29.0,41.0,78.5
Eugene Omoruyi,DET,40,10,30,0.25,16.1,2.5,5.7,0.443,0.6000000000000001,2.2,0.281,1.3,1.9,0.68,1.1,1.7,2.8,0.7000000000000001,0.9,0.7000000000000001,0.1,0.6000000000000001,2.3,1.8,7.0,-1.0,310,109.9,111.2,111.2,113.2,113.1,113.1,-3.4,-1.9,-1.9,0.065,0.8200000000000001,8.7,0.065,0.11,0.086,10.6,10.5,0.498,0.533,0.192,0.197,99.85,99.3,82.75,99.3,0.06,1328,101,228,2.5,5.7,2023,74.0,65.0,68.0,64.0,67.0,95.0,80.0,70.0,40.0,65.0,57.0,57.0,57.0,45.0,69.0,54.0,73.0,66.0,40.0,68.0,40.0,65.0,70.0,52.0,75.0,80.0,65.0,80.0,65.0,70.0,63.0,62.0,31.0,63.0,51.0,73.0
Evan Fournier,NYK,27,15,12,0.556,17.0,2.1,6.1,0.337,1.3,4.2,0.307,0.7000000000000001,0.8,0.857,0.1,1.7,1.8,1.3,0.8,0.6000000000000001,0.1,0.1,1.7,0.7000000000000001,6.1,-2.0,164,107.8,109.1,109.1,113.5,113.8,113.8,-5.6,-4.7,-4.7,0.111,1.64,15.4,0.008,0.096,0.051,9.4,9.4,0.443,0.471,0.179,0.182,101.2,100.46,83.72,100.46,0.046,956,56,166,2.1,6.1,2023,74.0,85.0,83.0,76.0,79.0,80.0,70.0,84.0,25.0,50.0,30.0,45.0,36.0,66.0,85.0,38.0,69.0,49.0,42.0,70.0,72.0,65.0,71.0,40.0,63.0,95.0,80.0,86.0,75.0,82.0,65.0,82.0,44.0,30.0,52.0,69.5
Evan Mobley,CLE,79,48,31,0.608,34.4,6.6,12.0,0.554,0.3,1.3,0.216,2.6,3.8,0.674,2.4,6.6,9.0,2.8,1.8,0.8,1.5,0.8,2.8,3.2,16.2,4.3,411,114.7,115.5,115.5,107.8,109.0,109.0,6.9,6.5,6.5,0.122,1.53,15.4,0.073,0.2,0.137,10.1,10.1,0.5660000000000001,0.591,0.199,0.202,97.92,97.02,80.85,97.02,0.124,5481,525,947,6.6,12.0,2023,85.0,82.0,83.0,66.0,68.0,98.0,90.0,84.0,85.0,80.0,79.0,72.0,79.0,70.0,95.0,86.0,74.0,38.0,77.0,86.0,75.0,85.0,72.0,68.0,81.0,94.0,90.0,80.0,69.0,60.0,66.0,84.0,45.0,80.0,82.0,70.5
Frank Kaminsky,HOU,36,13,23,0.361,6.5,0.9,1.8,0.492,0.4,0.9,0.394,0.4,0.4,0.875,0.2,1.3,1.4,0.9,0.3,0.2,0.1,0.1,0.6000000000000001,0.3,2.5,-0.1,387,112.0,109.4,109.4,114.1,111.3,111.3,-2.1,-1.9,-1.9,0.194,3.56,28.6,0.029,0.207,0.113,8.0,8.1,0.595,0.635,0.146,0.151,99.63,102.08,85.07,102.08,0.107,502,31,63,0.9,1.8,2023,75.0,94.0,68.0,78.0,83.0,70.0,80.0,78.0,50.0,65.0,79.0,79.0,78.0,68.0,90.0,65.0,40.0,33.0,43.0,63.0,50.0,40.0,47.0,66.0,67.0,89.0,85.0,82.0,40.0,54.0,38.0,50.0,61.0,52.0,77.0,47.5
Frank Ntilikina,DAL,47,20,27,0.426,12.9,1.0,2.8,0.364,0.4,1.4,0.254,0.5,0.7000000000000001,0.667,0.1,1.2,1.3,1.2,0.6000000000000001,0.3,0.1,0.1,1.4,0.7000000000000001,2.9,0.7000000000000001,386,114.3,113.5,113.5,108.8,108.4,108.4,5.4,5.1,5.1,0.127,2.0,24.9,0.011,0.086,0.049,12.4,12.4,0.428,0.461,0.125,0.13,101.12,101.67,84.73,101.67,0.033,1273,48,132,1.0,2.8,2023,72.0,80.0,87.0,68.0,86.0,50.0,40.0,65.0,30.0,45.0,32.0,48.0,40.0,39.0,85.0,35.0,82.0,36.0,47.0,80.0,70.0,70.0,80.0,47.0,70.0,81.0,80.0,80.0,77.0,86.0,80.0,77.0,51.0,32.0,53.0,82.0
Franz Wagner,ORL,80,33,47,0.413,32.6,6.8,14.0,0.485,1.6,4.5,0.361,3.4,4.0,0.842,0.9,3.2,4.1,3.5,2.1,1.0,0.2,1.1,2.3,3.6,18.6,0.6000000000000001,116,109.9,111.3,111.3,109.4,110.1,110.1,0.5,1.2,1.2,0.167,1.69,16.6,0.027,0.098,0.063,9.8,9.8,0.543,0.589,0.23,0.235,102.13,101.14,84.29,101.14,0.11,5491,542,1118,6.8,14.0,2023,84.0,88.0,79.0,80.0,83.0,98.0,98.0,92.0,55.0,80.0,57.0,59.0,59.0,75.0,76.0,56.0,73.0,41.0,40.0,74.0,73.0,70.0,70.0,65.0,75.0,85.0,80.0,80.0,80.0,79.0,68.0,84.0,64.0,40.0,52.0,71.5
Fred VanVleet,TOR,69,34,35,0.493,36.7,6.3,16.1,0.393,3.0,8.8,0.342,3.7,4.1,0.898,0.4,3.6,4.1,7.2,2.0,1.8,0.6000000000000001,0.8,2.8,3.2,19.3,2.8,14,114.0,116.1,116.1,111.7,112.8,112.8,2.3,3.3,3.3,0.276,3.54,26.7,0.011,0.11,0.056,7.5,7.5,0.486,0.54,0.225,0.231,99.58,98.23,81.86,98.23,0.113,5199,437,1112,6.3,16.1,2023,83.0,72.0,90.0,79.0,89.0,90.0,90.0,82.0,25.0,35.0,30.0,32.0,28.0,80.0,98.0,27.0,83.0,70.0,55.0,79.0,74.0,80.0,83.0,42.0,75.0,95.0,94.0,82.0,89.0,86.0,83.0,92.0,73.0,31.0,56.0,83.0
Furkan Korkmaz,PHI,37,24,13,0.649,9.6,1.3,3.0,0.432,0.5,1.2,0.391,0.7000000000000001,1.0,0.722,0.2,1.0,1.1,0.6000000000000001,0.6000000000000001,0.3,0.1,0.2,0.5,0.7000000000000001,3.8,0.1,345,105.8,105.0,105.0,104.5,103.7,103.7,1.3,1.4,1.4,0.091,0.92,12.7,0.017,0.099,0.059,13.9,13.9,0.514,0.552,0.176,0.182,102.26,103.06,85.89,103.06,0.073,755,48,111,1.3,3.0,2023,71.0,72.0,70.0,76.0,82.0,80.0,60.0,75.0,40.0,75.0,30.0,60.0,45.0,69.0,88.0,40.0,64.0,41.0,51.0,56.0,62.0,45.0,70.0,50.0,80.0,85.0,81.0,80.0,54.0,73.0,64.0,65.0,39.0,37.0,53.0,69.0
Gabe Vincent,MIA,68,37,31,0.544,25.9,3.4,8.3,0.402,1.7,5.1,0.334,1.0,1.1,0.872,0.4,1.7,2.1,2.5,1.4,0.9,0.1,0.3,2.3,1.4,9.4,-0.4,107,111.0,111.0,111.0,110.9,111.7,111.7,0.1,-0.7000000000000001,-0.7000000000000001,0.139,1.82,19.5,0.016,0.071,0.043,10.7,10.7,0.505,0.533,0.17,0.175,98.56,98.16,81.8,98.16,0.058,3595,228,567,3.4,8.3,2023,75.0,89.0,94.0,75.0,89.0,75.0,80.0,76.0,25.0,45.0,26.0,32.0,26.0,59.0,80.0,37.0,60.0,53.0,32.0,60.0,57.0,45.0,73.0,40.0,66.0,85.0,69.0,82.0,74.0,76.0,70.0,74.0,53.0,33.0,44.0,69.0
Gabe York,IND,3,1,2,0.333,18.6,2.7,7.0,0.381,2.0,6.0,0.333,0.7000000000000001,0.7000000000000001,1.0,0.0,2.0,2.0,1.7,0.0,0.7000000000000001,0.0,0.7000000000000001,1.7,1.3,8.0,8.0,72,128.2,127.7,127.7,108.6,110.3,110.3,19.7,17.4,17.4,0.109,0.0,18.5,0.0,0.094,0.054,0.0,0.0,0.524,0.548,0.173,0.176,101.62,101.02,84.18,101.02,0.073,119,8,21,2.7,7.0,2023,67.0,65.0,76.0,77.0,84.0,45.0,50.0,71.0,25.0,45.0,25.0,40.0,25.0,40.0,75.0,27.0,55.0,70.0,40.0,55.0,70.0,35.0,80.0,54.0,70.0,84.0,65.0,84.0,75.0,80.0,80.0,75.0,74.0,49.0,55.0,73.0
Garrett Temple,NOP,25,16,9,0.64,6.5,0.7000000000000001,1.8,0.4,0.4,1.0,0.423,0.1,0.2,0.75,0.2,0.5,0.7000000000000001,0.5,0.2,0.4,0.1,0.1,0.6000000000000001,0.1,2.0,-0.7000000000000001,359,102.1,100.3,100.3,105.2,105.5,105.5,-3.1,-5.3,-5.3,0.117,3.25,20.3,0.027,0.069,0.048,6.3,6.3,0.522,0.535,0.123,0.129,106.6,107.38,89.48,107.38,0.061,363,18,45,0.7000000000000001,1.8,2023,70.0,82.0,55.0,74.0,79.0,70.0,40.0,70.0,25.0,30.0,37.0,55.0,46.0,40.0,85.0,46.0,78.0,56.0,60.0,77.0,74.0,70.0,57.0,44.0,69.0,85.0,79.0,82.0,75.0,75.0,57.0,74.0,40.0,39.0,54.0,66.5
Garrison Mathews,ATL,54,16,38,0.296,12.7,1.4,3.7,0.363,1.2,3.3,0.35,0.9,1.0,0.906,0.2,1.1,1.4,0.5,0.4,0.4,0.1,0.0,1.1,0.9,4.8,-1.6,190,102.6,103.1,103.1,108.6,109.5,109.5,-6.0,-6.4,-6.4,0.057,1.37,9.8,0.014,0.082,0.048,7.2,7.1,0.52,0.5730000000000001,0.139,0.146,102.67,101.98,84.98,101.98,0.064,1461,73,201,1.4,3.7,2023,73.0,74.0,78.0,78.0,92.0,82.0,80.0,79.0,45.0,55.0,36.0,47.0,48.0,54.0,95.0,42.0,59.0,53.0,40.0,58.0,52.0,45.0,50.0,44.0,65.0,89.0,88.0,79.0,71.0,76.0,47.0,82.0,30.0,34.0,48.0,55.0
Gary Harris,ORL,48,22,26,0.458,24.7,2.9,6.4,0.45,2.0,4.5,0.431,0.6000000000000001,0.6000000000000001,0.9,0.4,1.6,2.0,1.2,0.6000000000000001,0.9,0.3,0.3,1.9,0.8,8.3,-1.8,83,111.9,113.0,113.0,115.1,115.8,115.8,-3.2,-2.8,-2.8,0.067,2.11,14.5,0.018,0.069,0.043,6.9,6.9,0.603,0.62,0.125,0.128,101.26,100.45,83.71,100.45,0.058,2472,138,307,2.9,6.4,2023,75.0,80.0,70.0,86.0,89.0,75.0,70.0,80.0,40.0,50.0,28.0,51.0,47.0,60.0,85.0,68.0,84.0,56.0,45.0,80.0,55.0,80.0,75.0,53.0,78.0,85.0,80.0,83.0,75.0,76.0,70.0,75.0,32.0,35.0,42.0,78.0
Gary Payton II,GSW,22,13,9,0.591,16.7,1.9,3.1,0.594,0.6000000000000001,1.2,0.5,0.3,0.3,0.857,1.1,2.0,3.1,1.4,0.7000000000000001,1.0,0.2,0.0,2.0,0.4,4.6,1.8,321,123.3,123.7,123.7,117.6,118.3,118.3,5.7,5.4,5.4,0.106,1.88,25.4,0.069,0.121,0.096,13.6,13.6,0.6880000000000001,0.7010000000000001,0.101,0.104,100.22,99.76,83.13,99.76,0.076,763,41,69,1.9,3.1,2023,77.0,79.0,70.0,79.0,66.0,80.0,60.0,79.0,35.0,75.0,30.0,42.0,42.0,75.0,89.0,79.0,83.0,90.0,51.0,76.0,91.0,80.0,81.0,48.0,85.0,85.0,80.0,83.0,75.0,78.0,81.0,72.0,43.0,62.0,61.0,80.5
Gary Trent Jr.,TOR,66,31,35,0.47,32.1,6.1,14.2,0.433,2.5,6.8,0.369,2.6,3.1,0.839,0.5,2.2,2.6,1.6,0.8,1.6,0.2,0.5,1.5,2.0,17.4,-0.8,37,110.8,111.8,111.8,112.5,113.8,113.8,-1.7,-2.1,-2.1,0.075,1.93,9.0,0.013,0.073,0.04,4.7,4.6,0.522,0.56,0.209,0.215,100.93,99.89,83.24,99.89,0.091,4425,405,935,6.1,14.2,2023,80.0,89.0,81.0,81.0,84.0,95.0,95.0,86.0,40.0,75.0,44.0,57.0,46.0,84.0,73.0,50.0,61.0,76.0,42.0,60.0,64.0,35.0,85.0,58.0,90.0,80.0,70.0,82.0,70.0,79.0,77.0,71.0,33.0,32.0,45.0,79.5
George Hill,IND,46,27,19,0.587,18.1,1.7,3.6,0.47,0.7000000000000001,2.1,0.358,0.9,1.2,0.764,0.3,1.5,1.8,2.4,0.7000000000000001,0.6000000000000001,0.1,0.2,1.2,1.2,5.0,0.9,285,110.0,108.8,108.8,108.5,106.9,106.9,1.5,1.9,1.9,0.178,3.24,33.1,0.017,0.077,0.048,10.2,10.2,0.5720000000000001,0.61,0.11,0.116,100.96,102.27,85.23,102.27,0.079,1779,78,166,1.7,3.6,2023,73.0,58.0,78.0,75.0,75.0,70.0,60.0,79.0,25.0,45.0,33.0,61.0,38.0,42.0,90.0,48.0,75.0,42.0,42.0,73.0,70.0,70.0,76.0,52.0,88.0,92.0,74.0,79.0,78.0,86.0,76.0,77.0,63.0,35.0,47.0,77.0
Georges Niang,PHI,78,51,27,0.654,19.4,2.8,6.4,0.442,2.0,4.9,0.401,0.5,0.6000000000000001,0.867,0.2,2.1,2.4,1.0,0.7000000000000001,0.4,0.2,0.2,1.9,0.6000000000000001,8.2,1.0,78,112.7,112.5,112.5,110.2,111.1,111.1,2.6,1.3,1.3,0.074,1.43,11.9,0.013,0.109,0.062,8.3,8.3,0.596,0.61,0.162,0.167,100.8,100.5,83.75,100.5,0.072,3180,222,502,2.8,6.4,2023,73.0,92.0,73.0,84.0,84.0,80.0,70.0,77.0,25.0,50.0,70.0,71.0,70.0,40.0,74.0,60.0,55.0,37.0,47.0,62.0,60.0,40.0,44.0,60.0,72.0,88.0,80.0,84.0,65.0,67.0,44.0,70.0,34.0,33.0,56.0,50.5
Giannis Antetokounmpo,MIL,63,47,16,0.746,32.1,11.2,20.3,0.553,0.7000000000000001,2.7,0.275,7.9,12.3,0.645,2.2,9.6,11.8,5.7,3.9,0.8,0.8,1.3,3.1,9.0,31.1,5.4,284,115.9,116.4,116.4,109.0,109.2,109.2,6.9,7.2,7.2,0.314,1.46,16.2,0.065,0.268,0.171,11.1,11.1,0.5720000000000001,0.605,0.373,0.383,103.94,103.63,86.36,103.63,0.204,4380,707,1278,11.2,20.3,2023,96.0,90.0,74.0,71.0,65.0,98.0,98.0,98.0,85.0,91.0,79.0,74.0,87.0,97.0,95.0,92.0,92.0,38.0,80.0,96.0,88.0,95.0,90.0,94.0,85.0,98.0,95.0,91.0,84.0,87.0,80.0,95.0,77.0,62.0,91.0,91.0
Goga Bitadze,ORL,38,13,25,0.342,12.0,1.8,3.3,0.552,0.2,0.7000000000000001,0.231,0.6000000000000001,1.1,0.548,1.6,2.0,3.6,1.0,0.6000000000000001,0.4,0.7000000000000001,0.3,1.7,1.2,4.4,0.7000000000000001,443,107.3,109.2,109.2,107.0,105.4,105.4,0.3,3.7,3.7,0.122,1.77,19.0,0.123,0.167,0.144,10.7,10.8,0.5760000000000001,0.582,0.147,0.151,100.43,100.3,83.58,100.3,0.105,950,69,125,1.8,3.3,2023,75.0,82.0,62.0,71.0,64.0,80.0,70.0,60.0,75.0,65.0,72.0,67.0,74.0,40.0,85.0,64.0,25.0,53.0,85.0,80.0,40.0,55.0,53.0,78.0,63.0,80.0,75.0,80.0,54.0,60.0,52.0,69.0,47.0,84.0,66.0,42.0
Goran Dragic,MIL,58,27,31,0.466,15.0,2.4,5.8,0.421,0.9,2.5,0.359,0.5,0.8,0.6890000000000001,0.3,1.1,1.4,2.6,1.1,0.2,0.1,0.3,1.1,0.7000000000000001,6.3,0.1,239,111.2,111.6,111.6,112.1,112.2,112.2,-1.0,-0.6000000000000001,-0.6000000000000001,0.237,2.4,26.5,0.018,0.075,0.047,11.1,11.1,0.499,0.514,0.198,0.203,103.4,103.2,86.0,103.2,0.073,1878,141,335,2.4,5.8,2023,73.0,82.0,78.0,80.0,73.0,60.0,50.0,75.0,25.0,45.0,25.0,60.0,39.0,79.0,85.0,32.0,73.0,33.0,37.0,74.0,70.0,70.0,76.0,44.0,72.0,92.0,85.0,84.0,80.0,86.0,76.0,80.0,72.0,34.0,44.0,74.5
Gordon Hayward,CHA,50,20,30,0.4,31.5,5.5,11.6,0.475,1.0,3.2,0.325,2.6,3.2,0.811,0.7000000000000001,3.6,4.3,4.1,2.0,0.8,0.2,0.4,1.4,2.9,14.7,-2.2,207,107.6,108.4,108.4,110.6,111.7,111.7,-2.9,-3.3,-3.3,0.187,2.08,21.7,0.02,0.112,0.065,10.4,10.4,0.52,0.5630000000000001,0.196,0.2,103.89,103.01,85.84,103.01,0.101,3386,276,581,5.5,11.6,2023,79.0,91.0,89.0,76.0,80.0,65.0,80.0,85.0,40.0,75.0,40.0,65.0,58.0,65.0,91.0,56.0,73.0,41.0,42.0,73.0,58.0,65.0,80.0,63.0,75.0,88.0,80.0,78.0,74.0,77.0,77.0,79.0,67.0,36.0,56.0,76.5
Gorgui Dieng,SAS,31,3,28,0.097,11.6,1.5,3.8,0.385,0.7000000000000001,2.4,0.28,0.3,0.4,0.769,0.9,2.6,3.5,1.7,1.0,0.1,0.5,0.2,1.8,0.7000000000000001,3.9,-4.9,300,99.0,99.6,99.6,120.1,118.2,118.2,-21.1,-18.6,-18.6,0.221,1.66,25.5,0.063,0.22,0.135,15.4,15.4,0.474,0.493,0.177,0.181,102.61,103.07,85.89,103.07,0.076,765,45,117,1.5,3.8,2023,73.0,85.0,66.0,72.0,87.0,65.0,50.0,59.0,70.0,64.0,76.0,55.0,72.0,70.0,70.0,69.0,43.0,30.0,75.0,80.0,59.0,65.0,43.0,73.0,70.0,91.0,83.0,83.0,31.0,35.0,31.0,62.0,68.0,65.0,81.0,49.0
Grant Williams,BOS,79,55,24,0.6960000000000001,25.9,2.7,6.0,0.454,1.5,3.7,0.395,1.2,1.5,0.77,1.1,3.5,4.6,1.7,1.0,0.5,0.4,0.3,2.4,1.6,8.1,2.6,138,114.1,114.9,114.9,109.1,109.0,109.0,5.0,5.9,5.9,0.086,1.6,17.7,0.042,0.134,0.088,11.1,11.0,0.5750000000000001,0.605,0.128,0.131,99.96,99.67,83.06,99.67,0.069,4227,216,476,2.7,6.0,2023,76.0,89.0,64.0,84.0,80.0,85.0,60.0,77.0,50.0,60.0,59.0,58.0,66.0,50.0,81.0,68.0,58.0,37.0,51.0,69.0,60.0,65.0,58.0,73.0,66.0,88.0,85.0,80.0,69.0,66.0,54.0,72.0,36.0,47.0,62.0,65.0
Grayson Allen,MIL,72,53,19,0.736,27.4,3.4,7.7,0.44,2.0,5.1,0.399,1.6,1.8,0.905,0.8,2.4,3.3,2.3,1.0,0.9,0.2,0.3,1.6,1.7,10.4,3.2,70,113.8,113.9,113.9,108.8,109.1,109.1,5.1,4.9,4.9,0.107,2.26,19.4,0.03,0.082,0.057,8.6,8.5,0.5710000000000001,0.612,0.143,0.147,102.74,102.56,85.47,102.56,0.078,4224,245,557,3.4,7.7,2023,75.0,77.0,70.0,84.0,90.0,80.0,80.0,85.0,25.0,70.0,31.0,43.0,42.0,69.0,78.0,35.0,72.0,42.0,37.0,70.0,74.0,45.0,84.0,44.0,81.0,85.0,80.0,82.0,70.0,78.0,79.0,78.0,42.0,41.0,47.0,76.0
Hamidou Diallo,DET,56,12,44,0.214,17.8,3.8,6.7,0.5730000000000001,0.1,0.4,0.238,1.6,2.6,0.588,1.0,2.4,3.5,1.0,1.3,0.9,0.3,0.3,2.2,2.1,9.3,-0.3,461,109.5,108.9,108.9,109.8,109.5,109.5,-0.3,-0.6000000000000001,-0.6000000000000001,0.088,0.77,9.7,0.056,0.136,0.096,12.6,12.5,0.58,0.593,0.21,0.217,102.65,103.05,85.88,103.05,0.1,2137,215,375,3.8,6.7,2023,77.0,93.0,79.0,60.0,64.0,75.0,70.0,87.0,45.0,93.0,31.0,29.0,38.0,74.0,75.0,40.0,65.0,80.0,55.0,60.0,78.0,40.0,85.0,52.0,97.0,85.0,80.0,81.0,75.0,79.0,79.0,79.0,38.0,56.0,66.0,81.0
Harrison Barnes,SAC,82,48,34,0.585,32.5,4.6,9.6,0.473,1.6,4.3,0.374,4.3,5.0,0.847,1.1,3.4,4.5,1.6,1.0,0.7000000000000001,0.1,0.4,1.3,3.5,15.0,3.1,119,119.3,120.0,120.0,114.5,115.2,115.2,4.7,4.8,4.8,0.063,1.49,10.8,0.034,0.107,0.07,7.2,7.2,0.556,0.632,0.168,0.171,102.3,101.7,84.75,101.7,0.088,5634,374,791,4.6,9.6,2023,79.0,82.0,79.0,81.0,85.0,80.0,85.0,84.0,55.0,80.0,48.0,65.0,83.0,45.0,88.0,67.0,75.0,37.0,35.0,65.0,65.0,60.0,77.0,70.0,95.0,92.0,75.0,82.0,72.0,78.0,73.0,75.0,32.0,41.0,57.0,73.5
Haywood Highsmith,MIA,54,28,26,0.519,18.0,1.7,4.0,0.431,0.7000000000000001,2.0,0.339,0.2,0.5,0.464,1.1,2.4,3.5,0.8,0.8,0.7000000000000001,0.3,0.2,1.5,0.6000000000000001,4.4,-1.9,299,105.2,104.8,104.8,108.0,110.0,110.0,-2.8,-5.2,-5.2,0.065,0.96,13.6,0.055,0.135,0.094,14.2,14.2,0.516,0.517,0.121,0.124,99.04,98.29,81.91,98.29,0.058,1985,93,216,1.7,4.0,2023,70.0,70.0,70.0,80.0,73.0,75.0,55.0,68.0,35.0,50.0,42.0,44.0,41.0,44.0,80.0,41.0,60.0,56.0,58.0,55.0,65.0,35.0,70.0,50.0,79.0,80.0,65.0,86.0,55.0,70.0,64.0,55.0,30.0,55.0,67.0,70.0
Herbert Jones,NOP,66,31,35,0.47,29.6,3.6,7.6,0.469,0.8,2.5,0.335,1.9,2.4,0.764,1.5,2.6,4.1,2.5,1.3,1.6,0.6000000000000001,0.5,3.2,2.2,9.8,2.3,252,114.4,115.8,115.8,110.7,111.8,111.8,3.7,3.9,3.9,0.108,1.84,19.7,0.051,0.089,0.07,10.7,10.7,0.525,0.5670000000000001,0.144,0.146,100.39,99.3,82.75,99.3,0.068,4031,235,501,3.6,7.6,2023,79.0,85.0,71.0,76.0,75.0,90.0,85.0,79.0,55.0,75.0,62.0,62.0,62.0,55.0,85.0,62.0,88.0,86.0,60.0,84.0,83.0,85.0,74.0,59.0,72.0,82.0,85.0,80.0,69.0,75.0,69.0,75.0,42.0,52.0,50.0,80.5
Immanuel Quickley,NYK,81,47,34,0.58,28.9,5.2,11.6,0.448,2.1,5.6,0.37,2.5,3.1,0.8190000000000001,0.7000000000000001,3.4,4.2,3.4,1.2,1.0,0.2,0.4,2.0,2.2,14.9,3.9,65,113.1,114.3,114.3,106.5,108.1,108.1,6.6,6.2,6.2,0.178,2.79,19.8,0.024,0.11,0.068,7.1,7.0,0.537,0.578,0.203,0.21,99.35,98.08,81.74,98.08,0.118,4799,419,936,5.2,11.6,2023,82.0,95.0,84.0,82.0,82.0,98.0,98.0,86.0,40.0,55.0,50.0,51.0,45.0,86.0,98.0,37.0,71.0,43.0,40.0,69.0,44.0,55.0,82.0,54.0,79.0,89.0,85.0,79.0,84.0,86.0,76.0,84.0,78.0,38.0,57.0,78.0
Isaac Okoro,CLE,76,48,28,0.632,21.7,2.3,4.7,0.494,0.8,2.3,0.363,1.0,1.4,0.757,0.7000000000000001,1.8,2.5,1.1,0.6000000000000001,0.7000000000000001,0.4,0.2,2.1,1.0,6.4,1.7,263,114.8,114.5,114.5,108.4,109.0,109.0,6.3,5.4,5.4,0.07,2.07,16.5,0.033,0.085,0.06,8.0,7.9,0.582,0.614,0.117,0.12,98.46,98.32,81.93,98.32,0.06,3359,175,354,2.3,4.7,2023,76.0,88.0,60.0,79.0,75.0,90.0,65.0,80.0,45.0,75.0,47.0,49.0,50.0,50.0,95.0,68.0,85.0,49.0,56.0,80.0,82.0,85.0,77.0,67.0,80.0,89.0,80.0,82.0,69.0,72.0,73.0,69.0,33.0,44.0,48.0,81.5
Isaiah Hartenstein,NYK,82,47,35,0.5730000000000001,19.9,2.1,4.0,0.535,0.1,0.5,0.216,0.6000000000000001,0.9,0.676,2.5,4.0,6.5,1.2,0.8,0.6000000000000001,0.8,0.2,2.6,0.9,5.0,1.8,459,114.4,114.6,114.6,110.0,110.2,110.2,4.4,4.4,4.4,0.083,1.55,19.5,0.122,0.192,0.157,12.6,12.5,0.547,0.5670000000000001,0.107,0.11,100.45,100.25,83.54,100.25,0.087,3401,175,327,2.1,4.0,2023,76.0,89.0,70.0,56.0,75.0,85.0,75.0,77.0,75.0,65.0,56.0,57.0,59.0,69.0,75.0,60.0,41.0,43.0,75.0,65.0,54.0,40.0,62.0,62.0,70.0,80.0,88.0,77.0,50.0,56.0,42.0,60.0,33.0,88.0,81.0,56.0
Isaiah Jackson,IND,63,24,39,0.381,16.5,2.8,5.0,0.5630000000000001,0.0,0.2,0.143,1.5,2.3,0.651,1.8,2.7,4.5,0.8,0.8,0.5,1.5,0.5,2.4,1.9,7.2,-2.0,483,108.5,109.5,109.5,114.0,115.2,115.2,-5.5,-5.6,-5.6,0.071,1.0,10.5,0.1,0.159,0.128,10.5,10.5,0.5660000000000001,0.595,0.165,0.169,105.38,104.33,86.94,104.33,0.093,2267,179,318,2.8,5.0,2023,76.0,72.0,69.0,59.0,65.0,65.0,60.0,79.0,85.0,80.0,59.0,48.0,55.0,56.0,80.0,70.0,54.0,42.0,89.0,66.0,49.0,55.0,73.0,65.0,81.0,82.0,80.0,80.0,40.0,59.0,54.0,44.0,34.0,78.0,70.0,68.5
Isaiah Joe,OKC,73,36,37,0.493,19.1,3.1,7.0,0.441,2.2,5.4,0.409,1.1,1.4,0.8200000000000001,0.4,2.0,2.4,1.2,0.5,0.7000000000000001,0.1,0.2,1.4,1.4,9.5,2.9,54,117.0,117.3,117.3,113.0,112.2,112.2,3.9,5.1,5.1,0.087,2.26,13.1,0.018,0.108,0.062,5.8,5.7,0.599,0.626,0.17,0.177,103.22,103.42,86.19,103.42,0.093,3033,224,508,3.1,7.0,2023,78.0,81.0,84.0,86.0,82.0,95.0,95.0,81.0,40.0,60.0,35.0,38.0,30.0,85.0,85.0,42.0,69.0,46.0,40.0,61.0,52.0,55.0,72.0,47.0,79.0,80.0,75.0,87.0,67.0,74.0,63.0,69.0,37.0,34.0,55.0,75.5
Isaiah Livers,DET,52,10,42,0.192,23.1,2.3,5.5,0.417,1.4,3.9,0.365,0.6000000000000001,0.8,0.8210000000000001,0.5,2.2,2.8,0.8,0.6000000000000001,0.5,0.5,0.1,2.0,0.7000000000000001,6.7,-3.9,140,107.1,107.9,107.9,114.8,115.6,115.6,-7.8,-7.8,-7.8,0.048,1.37,11.0,0.023,0.096,0.059,8.0,8.0,0.545,0.5670000000000001,0.117,0.121,100.21,99.5,82.92,99.5,0.053,2481,120,288,2.3,5.5,2023,74.0,72.0,86.0,80.0,77.0,85.0,75.0,76.0,25.0,65.0,26.0,32.0,35.0,44.0,80.0,37.0,65.0,41.0,61.0,60.0,60.0,55.0,73.0,55.0,71.0,85.0,66.0,82.0,68.0,70.0,70.0,65.0,29.0,36.0,50.0,73.5
Isaiah Mobley,CLE,12,8,4,0.667,7.0,1.0,2.3,0.429,0.3,0.7000000000000001,0.375,0.3,0.3,1.0,0.3,1.3,1.7,0.3,0.1,0.3,0.3,0.2,0.7000000000000001,0.3,2.6,2.6,415,108.1,105.9,105.9,87.3,86.1,86.1,20.8,19.8,19.8,0.054,3.0,8.8,0.053,0.174,0.119,2.9,3.0,0.482,0.521,0.166,0.17,96.09,97.72,81.43,97.72,0.111,170,12,28,1.0,2.3,2023,70.0,68.0,70.0,69.0,68.0,65.0,55.0,60.0,60.0,71.0,58.0,57.0,58.0,58.0,90.0,61.0,44.0,41.0,69.0,55.0,44.0,45.0,58.0,62.0,69.0,87.0,65.0,80.0,68.0,49.0,44.0,75.0,54.0,60.0,81.0,53.5
Isaiah Roby,NYK,42,9,33,0.214,11.3,1.6,3.7,0.432,0.4,1.4,0.3,0.5,1.0,0.488,0.5,2.1,2.6,0.9,0.7000000000000001,0.4,0.2,0.2,1.3,0.9,4.1,-2.6,361,101.9,102.5,102.5,114.4,112.9,112.9,-12.5,-10.4,-10.4,0.114,1.23,15.8,0.04,0.188,0.11,12.9,12.8,0.49,0.497,0.173,0.178,103.72,104.03,86.69,104.03,0.07,1025,67,155,1.6,3.7,2023,74.0,80.0,74.0,73.0,75.0,95.0,80.0,78.0,75.0,75.0,50.0,51.0,62.0,60.0,85.0,62.0,60.0,53.0,51.0,60.0,60.0,50.0,74.0,60.0,79.0,80.0,85.0,80.0,48.0,55.0,50.0,47.0,41.0,48.0,79.0,67.5
Isaiah Stewart,DET,50,12,38,0.24,28.3,3.9,8.8,0.442,1.3,4.1,0.327,2.2,3.0,0.738,2.3,5.8,8.1,1.4,1.4,0.4,0.7000000000000001,0.4,2.7,2.4,11.3,-4.5,159,107.8,108.9,108.9,116.3,116.9,116.9,-8.5,-8.0,-8.0,0.073,1.03,10.8,0.078,0.202,0.138,10.5,10.5,0.518,0.56,0.17,0.172,102.02,101.24,84.37,101.24,0.091,2988,195,441,3.9,8.8,2023,78.0,89.0,76.0,75.0,74.0,65.0,60.0,76.0,75.0,70.0,75.0,64.0,80.0,70.0,79.0,70.0,54.0,33.0,60.0,72.0,42.0,50.0,63.0,80.0,70.0,89.0,87.0,77.0,44.0,34.0,52.0,50.0,33.0,67.0,82.0,61.0
Isaiah Todd,WAS,6,2,4,0.333,10.2,0.5,3.2,0.158,0.2,1.7,0.1,0.3,0.3,1.0,0.3,1.7,2.0,0.7000000000000001,0.3,0.2,0.0,0.2,0.7000000000000001,0.2,1.5,-1.2,436,99.3,97.1,97.1,107.1,103.7,103.7,-7.7,-6.7,-6.7,0.087,2.0,15.4,0.027,0.152,0.086,7.7,7.7,0.184,0.226,0.143,0.146,102.69,105.54,87.95,105.54,0.012,136,3,19,0.5,3.2,2023,70.0,69.0,70.0,74.0,76.0,60.0,40.0,70.0,70.0,80.0,62.0,62.0,62.0,34.0,80.0,55.0,52.0,35.0,50.0,58.0,54.0,40.0,60.0,70.0,80.0,80.0,75.0,80.0,59.0,69.0,52.0,57.0,39.0,55.0,59.0,62.5
Ish Smith,DEN,43,25,18,0.581,9.3,1.2,3.0,0.397,0.0,0.3,0.167,0.0,0.1,0.5,0.1,1.1,1.3,2.3,1.0,0.2,0.2,0.1,0.8,0.3,2.5,-0.8,478,104.0,102.3,102.3,108.5,107.5,107.5,-4.5,-5.3,-5.3,0.352,2.27,36.1,0.014,0.116,0.068,15.9,15.9,0.405,0.407,0.187,0.196,99.91,101.21,84.34,101.21,0.072,843,52,131,1.2,3.0,2023,73.0,75.0,74.0,79.0,55.0,65.0,50.0,75.0,25.0,30.0,25.0,32.0,25.0,62.0,81.0,25.0,74.0,37.0,57.0,64.0,52.0,50.0,87.0,32.0,70.0,80.0,78.0,83.0,86.0,86.0,87.0,85.0,74.0,33.0,57.0,82.0
Ish Wainright,PHX,60,33,27,0.55,15.3,1.4,3.8,0.37,1.0,2.9,0.329,0.4,0.5,0.839,0.8,1.6,2.3,0.9,0.4,0.6000000000000001,0.4,0.1,2.0,0.5,4.2,1.5,230,112.8,112.7,112.7,106.8,106.6,106.6,5.9,6.1,6.1,0.075,2.41,16.8,0.045,0.097,0.071,7.0,7.0,0.496,0.522,0.117,0.12,101.28,101.42,84.51,101.42,0.051,1922,84,227,1.4,3.8,2023,73.0,68.0,66.0,77.0,85.0,75.0,50.0,69.0,50.0,60.0,49.0,48.0,50.0,44.0,81.0,72.0,72.0,66.0,60.0,72.0,72.0,70.0,81.0,82.0,75.0,88.0,90.0,80.0,52.0,68.0,66.0,54.0,34.0,53.0,51.0,80.5
Ivica Zubac,LAC,76,43,33,0.5660000000000001,28.5,4.3,6.8,0.634,0.0,0.0,0.0,2.2,3.1,0.6970000000000001,3.1,6.8,9.9,1.0,1.5,0.4,1.3,0.6000000000000001,2.9,2.8,10.8,-0.4,492,112.3,112.8,112.8,112.5,113.4,113.4,-0.2,-0.6000000000000001,-0.6000000000000001,0.05,0.66,9.4,0.114,0.238,0.178,14.3,14.4,0.634,0.661,0.149,0.15,98.97,98.37,81.98,98.37,0.109,4443,326,514,4.3,6.8,2023,80.0,98.0,74.0,26.0,71.0,80.0,85.0,79.0,80.0,75.0,81.0,54.0,84.0,75.0,82.0,77.0,34.0,32.0,80.0,75.0,40.0,45.0,26.0,75.0,75.0,80.0,90.0,80.0,70.0,35.0,26.0,47.0,30.0,84.0,87.0,35.0
JD Davison,BOS,12,11,1,0.917,5.5,0.7000000000000001,1.6,0.421,0.2,0.6000000000000001,0.286,0.1,0.2,0.5,0.2,0.6000000000000001,0.8,0.9,0.3,0.2,0.2,0.1,0.4,0.2,1.6,-0.5,436,107.0,102.9,102.9,110.8,108.7,108.7,-3.8,-5.8,-5.8,0.234,2.75,31.4,0.033,0.093,0.067,11.4,11.5,0.474,0.478,0.157,0.165,98.62,101.54,84.62,101.54,0.069,140,8,19,0.7000000000000001,1.6,2023,69.0,70.0,73.0,71.0,73.0,50.0,50.0,72.0,25.0,85.0,30.0,31.0,38.0,40.0,80.0,25.0,56.0,69.0,61.0,55.0,54.0,45.0,85.0,54.0,84.0,88.0,45.0,80.0,72.0,86.0,84.0,75.0,72.0,36.0,55.0,81.0
Ja Morant,MEM,61,40,21,0.656,31.9,9.3,19.9,0.466,1.5,4.9,0.307,6.1,8.1,0.748,1.0,4.9,5.9,8.1,3.4,1.1,0.3,1.4,1.6,6.2,26.2,5.0,130,113.2,115.8,115.8,107.0,108.5,108.5,6.2,7.3,7.3,0.412,2.39,23.2,0.029,0.139,0.084,9.7,9.7,0.504,0.557,0.338,0.343,104.39,102.51,85.43,102.51,0.175,4160,566,1214,9.3,19.9,2023,92.0,93.0,84.0,77.0,79.0,90.0,98.0,97.0,25.0,97.0,54.0,54.0,54.0,95.0,98.0,49.0,72.0,67.0,45.0,79.0,78.0,75.0,95.0,52.0,97.0,97.0,98.0,80.0,96.0,96.0,95.0,95.0,92.0,44.0,63.0,89.0
JaMychal Green,GSW,57,30,27,0.526,14.0,2.4,4.4,0.54,0.7000000000000001,1.9,0.378,0.9,1.2,0.776,1.3,2.3,3.6,0.9,0.9,0.4,0.4,0.2,1.8,1.0,6.4,-2.7,288,108.7,108.3,108.3,115.9,116.4,116.4,-7.2,-8.2,-8.2,0.094,0.98,13.3,0.087,0.164,0.125,13.5,13.5,0.623,0.65,0.169,0.174,105.28,105.25,87.71,105.25,0.097,1741,136,252,2.4,4.4,2023,77.0,73.0,67.0,81.0,77.0,95.0,80.0,64.0,70.0,70.0,63.0,56.0,64.0,59.0,95.0,69.0,51.0,43.0,66.0,69.0,60.0,35.0,59.0,69.0,74.0,85.0,85.0,81.0,55.0,35.0,44.0,61.0,37.0,70.0,71.0,58.5
JaVale McGee,DAL,42,20,22,0.476,8.4,1.9,3.0,0.64,0.0,0.1,0.4,0.6000000000000001,1.0,0.585,0.7000000000000001,1.8,2.5,0.3,0.9,0.1,0.6000000000000001,0.2,1.3,0.9,4.4,-1.4,477,106.3,106.1,106.1,112.3,113.4,113.4,-6.0,-7.3,-7.3,0.051,0.31,5.8,0.086,0.199,0.145,18.9,18.9,0.648,0.65,0.214,0.22,102.61,102.22,85.18,102.22,0.105,754,80,125,1.9,3.0,2023,76.0,82.0,64.0,55.0,67.0,45.0,40.0,64.0,95.0,85.0,78.0,58.0,64.0,65.0,37.0,79.0,47.0,33.0,89.0,84.0,67.0,65.0,65.0,75.0,69.0,72.0,75.0,80.0,25.0,35.0,26.0,48.0,31.0,77.0,87.0,50.0
Jabari Smith Jr.,HOU,79,21,58,0.266,31.0,4.6,11.3,0.408,1.5,4.9,0.307,2.1,2.6,0.786,1.5,5.7,7.2,1.3,1.3,0.5,0.9,0.4,2.9,2.0,12.8,-7.0,128,107.2,109.1,109.1,119.5,120.4,120.4,-12.3,-11.3,-11.3,0.059,0.97,8.5,0.047,0.18,0.112,8.7,8.8,0.475,0.514,0.183,0.185,101.61,100.35,83.62,100.35,0.077,5133,364,892,4.6,11.3,2023,79.0,85.0,78.0,77.0,77.0,80.0,80.0,75.0,65.0,85.0,69.0,69.0,69.0,54.0,85.0,70.0,69.0,35.0,70.0,67.0,67.0,55.0,76.0,60.0,75.0,89.0,70.0,80.0,65.0,75.0,69.0,66.0,31.0,51.0,77.0,74.0
Jabari Walker,POR,56,21,35,0.375,11.1,1.5,3.5,0.419,0.3,1.0,0.286,0.6000000000000001,0.8,0.756,0.9,1.5,2.3,0.6000000000000001,0.5,0.2,0.2,0.2,1.2,0.7000000000000001,3.9,-2.1,407,104.9,104.8,104.8,114.8,113.8,113.8,-9.9,-9.0,-9.0,0.08,1.17,12.1,0.074,0.135,0.104,10.3,10.3,0.46,0.496,0.164,0.17,102.53,103.03,85.86,103.03,0.06,1331,83,198,1.5,3.5,2023,71.0,70.0,66.0,73.0,78.0,50.0,40.0,69.0,30.0,70.0,52.0,52.0,52.0,59.0,80.0,68.0,68.0,32.0,53.0,67.0,65.0,60.0,75.0,46.0,79.0,80.0,70.0,80.0,52.0,60.0,71.0,54.0,35.0,76.0,67.0,74.0
Jack White,DEN,17,13,4,0.765,3.9,0.5,1.1,0.421,0.2,0.5,0.333,0.1,0.2,0.667,0.4,0.6000000000000001,1.0,0.2,0.1,0.2,0.1,0.1,0.5,0.1,1.2,-1.0,434,96.3,90.4,90.4,107.8,104.5,104.5,-11.5,-14.1,-14.1,0.093,2.0,15.4,0.086,0.177,0.129,7.7,7.6,0.5,0.517,0.133,0.15,92.88,97.41,81.17,97.41,0.087,135,8,19,0.5,1.1,2023,67.0,69.0,64.0,66.0,74.0,50.0,35.0,68.0,55.0,65.0,55.0,55.0,55.0,47.0,59.0,60.0,62.0,37.0,45.0,68.0,59.0,55.0,56.0,55.0,72.0,80.0,90.0,80.0,55.0,54.0,47.0,56.0,30.0,62.0,62.0,62.0
Jacob Gilyard,MEM,1,0,1,0.0,40.8,1.0,3.0,0.333,1.0,3.0,0.333,0.0,0.0,0.0,0.0,4.0,4.0,7.0,2.0,3.0,0.0,0.0,3.0,0.0,3.0,-13.0,214,102.4,101.1,101.1,110.9,116.1,116.1,-8.5,-14.9,-14.9,0.212,3.5,58.3,0.0,0.095,0.044,16.7,16.7,0.5,0.5,0.052,0.053,104.14,102.39,85.33,102.39,0.056,87,1,3,1.0,3.0,2023,69.0,60.0,72.0,80.0,87.0,50.0,45.0,67.0,25.0,25.0,28.0,28.0,25.0,37.0,78.0,30.0,55.0,79.0,35.0,49.0,58.0,45.0,89.0,32.0,80.0,85.0,80.0,80.0,84.0,86.0,89.0,82.0,84.0,32.0,37.0,84.5
Jaden Hardy,DAL,48,20,28,0.417,14.8,3.0,6.9,0.438,1.3,3.3,0.404,1.4,1.6,0.8230000000000001,0.2,1.6,1.9,1.4,1.0,0.4,0.1,0.6000000000000001,1.3,1.3,8.8,-0.7000000000000001,161,112.9,112.5,112.5,115.9,115.6,115.6,-3.1,-3.1,-3.1,0.147,1.41,13.6,0.015,0.106,0.061,9.6,9.6,0.533,0.5710000000000001,0.248,0.256,101.06,101.37,84.47,101.37,0.09,1502,146,333,3.0,6.9,2023,77.0,78.0,76.0,81.0,85.0,85.0,95.0,80.0,40.0,80.0,47.0,49.0,49.0,66.0,85.0,34.0,55.0,40.0,47.0,50.0,51.0,50.0,83.0,39.0,85.0,84.0,85.0,80.0,75.0,83.0,76.0,75.0,59.0,34.0,58.0,79.5
Jaden Ivey,DET,74,16,58,0.216,31.1,5.5,13.3,0.416,1.6,4.7,0.343,3.6,4.8,0.747,1.0,2.9,3.9,5.2,3.2,0.8,0.2,1.2,3.3,4.3,16.3,-8.7,118,105.6,107.1,107.1,119.0,120.1,120.1,-13.5,-13.0,-13.0,0.269,1.63,21.9,0.03,0.094,0.062,13.4,13.4,0.477,0.528,0.251,0.254,101.72,100.5,83.75,100.5,0.081,4818,409,983,5.5,13.3,2023,80.0,73.0,81.0,77.0,73.0,95.0,95.0,85.0,30.0,85.0,44.0,42.0,44.0,82.0,90.0,59.0,71.0,41.0,45.0,70.0,69.0,65.0,92.0,54.0,85.0,92.0,85.0,80.0,84.0,86.0,92.0,84.0,76.0,42.0,52.0,87.0
Jaden McDaniels,MIN,79,41,38,0.519,30.6,4.7,9.1,0.517,1.4,3.4,0.398,1.3,1.8,0.736,1.2,2.7,3.9,1.9,1.4,0.9,1.0,0.4,3.4,1.6,12.1,0.9,157,112.3,113.6,113.6,110.2,111.6,111.6,2.0,2.0,2.0,0.082,1.32,14.3,0.039,0.086,0.063,10.8,10.8,0.591,0.611,0.156,0.159,102.45,101.2,84.34,101.2,0.069,5080,370,716,4.7,9.1,2023,81.0,88.0,85.0,83.0,75.0,95.0,80.0,74.0,40.0,75.0,52.0,56.0,54.0,52.0,79.0,80.0,82.0,42.0,67.0,82.0,84.0,85.0,79.0,60.0,80.0,85.0,84.0,90.0,44.0,78.0,70.0,40.0,36.0,47.0,49.0,79.0
Jaden Springer,PHI,16,13,3,0.8130000000000001,5.6,1.1,2.2,0.486,0.1,0.3,0.4,0.4,0.5,0.75,0.4,0.5,0.9,0.5,0.2,0.4,0.2,0.2,0.9,0.3,2.6,-0.2,449,111.8,108.8,108.8,108.7,110.9,110.9,3.1,-2.1,-2.1,0.129,2.67,16.0,0.063,0.091,0.077,6.0,6.1,0.514,0.545,0.188,0.195,103.64,104.05,86.71,104.05,0.085,194,17,35,1.1,2.2,2023,71.0,74.0,73.0,77.0,81.0,75.0,60.0,74.0,25.0,50.0,28.0,45.0,32.0,55.0,80.0,44.0,69.0,76.0,50.0,68.0,67.0,60.0,82.0,49.0,72.0,85.0,70.0,80.0,75.0,81.0,82.0,75.0,65.0,30.0,37.0,81.0
Jae Crowder,MIL,18,13,5,0.722,18.9,2.5,5.2,0.479,1.3,3.1,0.436,0.6000000000000001,0.7000000000000001,0.833,0.9,2.9,3.8,1.5,0.4,0.7000000000000001,0.3,0.1,1.5,0.5,6.9,0.0,160,112.2,111.0,111.0,109.7,111.8,111.8,2.5,-0.8,-0.8,0.102,3.86,20.3,0.046,0.134,0.092,5.3,5.3,0.606,0.624,0.125,0.13,105.1,104.63,87.19,104.63,0.096,743,45,94,2.5,5.2,2023,78.0,92.0,86.0,83.0,80.0,80.0,45.0,77.0,70.0,60.0,63.0,65.0,60.0,47.0,85.0,70.0,78.0,40.0,53.0,80.0,90.0,75.0,68.0,82.0,73.0,93.0,93.0,89.0,65.0,75.0,66.0,83.0,38.0,34.0,68.0,74.0
Jake LaRavia,MEM,35,22,13,0.629,11.8,1.1,2.7,0.389,0.7000000000000001,2.0,0.338,0.2,0.3,0.778,0.5,1.3,1.8,0.6000000000000001,0.5,0.3,0.1,0.1,1.4,0.3,3.0,-2.2,297,107.4,106.4,106.4,114.1,113.9,113.9,-6.7,-7.6,-7.6,0.068,1.17,15.2,0.044,0.1,0.072,13.0,13.0,0.516,0.531,0.117,0.12,101.86,102.42,85.35,102.42,0.04,879,37,95,1.1,2.7,2023,72.0,72.0,72.0,81.0,78.0,60.0,65.0,73.0,60.0,75.0,45.0,47.0,46.0,61.0,70.0,69.0,43.0,42.0,45.0,66.0,58.0,40.0,59.0,62.0,72.0,88.0,85.0,80.0,69.0,68.0,57.0,68.0,33.0,50.0,54.0,64.0
Jakob Poeltl,TOR,72,26,46,0.361,26.5,5.4,8.6,0.629,0.0,0.0,0.0,1.7,2.8,0.592,3.3,5.8,9.1,2.7,1.7,0.9,1.2,0.5,2.7,2.7,12.5,-2.0,492,110.4,112.4,112.4,114.9,115.5,115.5,-4.5,-3.1,-3.1,0.146,1.58,19.2,0.117,0.24,0.174,12.2,12.2,0.629,0.635,0.18,0.182,101.7,100.54,83.78,100.54,0.13,3983,389,618,5.4,8.6,2023,81.0,97.0,59.0,45.0,61.0,80.0,80.0,63.0,75.0,60.0,77.0,60.0,75.0,69.0,85.0,81.0,45.0,49.0,80.0,79.0,67.0,80.0,51.0,79.0,57.0,80.0,90.0,80.0,69.0,38.0,31.0,62.0,63.0,85.0,89.0,35.5
Jalen Brunson,NYK,68,40,28,0.588,35.0,8.6,17.6,0.491,2.0,4.7,0.416,4.8,5.8,0.8290000000000001,0.6000000000000001,3.0,3.5,6.2,2.1,0.9,0.2,0.8,2.2,5.7,24.0,2.2,79,117.5,119.2,119.2,115.1,117.1,117.1,2.3,2.1,2.1,0.28,2.96,22.0,0.016,0.085,0.05,7.4,7.4,0.547,0.597,0.266,0.273,99.21,97.64,81.36,97.64,0.138,4860,587,1195,8.6,17.6,2023,88.0,96.0,94.0,85.0,84.0,98.0,98.0,90.0,40.0,50.0,50.0,56.0,50.0,88.0,98.0,55.0,70.0,41.0,40.0,65.0,55.0,65.0,82.0,42.0,69.0,93.0,92.0,81.0,87.0,88.0,81.0,88.0,74.0,34.0,47.0,80.0
Jalen Duren,DET,67,16,51,0.239,24.9,3.9,5.9,0.648,0.0,0.0,0.0,1.4,2.3,0.611,3.4,5.5,8.9,1.1,1.4,0.7000000000000001,0.9,0.5,2.7,1.9,9.1,-4.2,492,107.1,108.0,108.0,115.4,116.2,116.2,-8.3,-8.3,-8.3,0.069,0.8200000000000001,11.8,0.13,0.221,0.174,14.5,14.5,0.648,0.655,0.139,0.142,101.08,100.27,83.56,100.27,0.116,3493,258,398,3.9,5.9,2023,79.0,91.0,57.0,35.0,62.0,50.0,75.0,79.0,80.0,80.0,60.0,49.0,54.0,79.0,80.0,72.0,62.0,40.0,72.0,72.0,66.0,60.0,73.0,81.0,84.0,89.0,90.0,80.0,59.0,59.0,59.0,50.0,33.0,91.0,86.0,70.0
Jalen Green,HOU,76,20,56,0.263,34.2,7.4,17.9,0.416,2.5,7.3,0.338,4.8,6.1,0.786,0.6000000000000001,3.2,3.7,3.7,2.6,0.8,0.2,1.4,1.7,4.1,22.1,-5.9,40,109.2,111.2,111.2,119.1,120.0,120.0,-9.9,-8.7,-8.7,0.169,1.41,13.9,0.016,0.093,0.053,9.9,9.8,0.485,0.538,0.274,0.281,101.96,100.64,83.87,100.64,0.096,5469,566,1359,7.4,17.9,2023,83.0,81.0,86.0,82.0,79.0,80.0,95.0,89.0,40.0,91.0,56.0,56.0,56.0,89.0,95.0,45.0,73.0,38.0,45.0,70.0,68.0,60.0,88.0,55.0,92.0,88.0,85.0,80.0,77.0,86.0,84.0,79.0,64.0,34.0,51.0,82.5
Jalen Johnson,ATL,70,35,35,0.5,14.9,2.3,4.6,0.491,0.4,1.5,0.288,0.7000000000000001,1.1,0.628,0.7000000000000001,3.3,4.0,1.2,0.6000000000000001,0.5,0.5,0.3,1.6,0.8,5.6,-0.1,361,111.5,111.1,111.1,111.0,110.8,110.8,0.5,0.3,0.3,0.106,2.02,17.3,0.047,0.214,0.131,8.6,8.5,0.537,0.554,0.156,0.161,103.06,103.32,86.1,103.32,0.099,2234,158,322,2.3,4.6,2023,76.0,85.0,78.0,72.0,65.0,70.0,70.0,81.0,70.0,65.0,66.0,74.0,69.0,53.0,80.0,66.0,66.0,49.0,67.0,60.0,57.0,40.0,76.0,68.0,82.0,85.0,80.0,80.0,68.0,58.0,74.0,69.0,41.0,52.0,85.0,74.5
Jalen McDaniels,PHI,80,31,49,0.388,23.9,3.5,7.7,0.455,1.0,2.9,0.332,1.5,1.7,0.841,0.8,3.5,4.3,1.6,1.2,1.0,0.4,0.5,2.6,1.6,9.4,-1.9,228,110.3,110.5,110.5,113.0,113.9,113.9,-2.7,-3.4,-3.4,0.094,1.4,14.5,0.031,0.145,0.087,10.4,10.3,0.518,0.557,0.165,0.17,102.99,102.48,85.4,102.48,0.08,4079,281,617,3.5,7.7,2023,76.0,82.0,80.0,74.0,83.0,85.0,80.0,80.0,60.0,65.0,62.0,68.0,59.0,52.0,68.0,59.0,55.0,59.0,55.0,55.0,50.0,35.0,73.0,60.0,73.0,80.0,80.0,80.0,55.0,69.0,69.0,59.0,39.0,42.0,67.0,66.5
Jalen Smith,IND,68,31,37,0.456,18.8,3.6,7.5,0.476,0.8,2.8,0.283,1.5,2.0,0.759,1.9,3.9,5.8,1.0,1.1,0.3,0.9,0.6000000000000001,2.3,2.1,9.4,-1.4,269,109.6,111.4,111.4,115.8,115.3,115.3,-6.2,-3.8,-3.8,0.076,0.92,9.4,0.093,0.201,0.146,10.2,10.2,0.53,0.5650000000000001,0.201,0.206,104.15,103.54,86.28,103.54,0.099,2763,242,508,3.6,7.5,2023,76.0,82.0,60.0,69.0,77.0,60.0,50.0,60.0,85.0,80.0,68.0,66.0,67.0,47.0,80.0,70.0,48.0,33.0,80.0,73.0,44.0,55.0,69.0,65.0,86.0,82.0,75.0,80.0,29.0,38.0,49.0,40.0,34.0,79.0,83.0,65.0
Jalen Suggs,ORL,53,20,33,0.377,23.5,3.5,8.4,0.419,1.2,3.8,0.327,1.6,2.2,0.723,1.0,2.0,3.0,2.9,1.8,1.3,0.5,0.5,2.3,2.5,9.9,-0.8,175,108.0,109.7,109.7,109.8,111.0,111.0,-1.8,-1.3,-1.3,0.179,1.65,20.9,0.044,0.083,0.063,12.7,12.6,0.493,0.528,0.196,0.201,103.08,101.73,84.78,101.73,0.077,2638,186,444,3.5,8.4,2023,76.0,85.0,83.0,73.0,70.0,70.0,60.0,75.0,40.0,80.0,39.0,38.0,74.0,65.0,84.0,35.0,76.0,83.0,60.0,75.0,75.0,75.0,88.0,59.0,90.0,88.0,85.0,80.0,78.0,86.0,88.0,78.0,68.0,51.0,47.0,85.5
Jalen Williams,OKC,75,36,39,0.48,30.3,5.5,10.6,0.521,1.0,2.7,0.356,2.1,2.5,0.812,1.1,3.4,4.5,3.3,1.6,1.4,0.5,0.7000000000000001,2.5,2.2,14.1,-0.7000000000000001,224,111.2,111.6,111.6,111.9,112.6,112.6,-0.7000000000000001,-1.0,-1.0,0.152,2.02,19.9,0.035,0.109,0.071,9.9,9.8,0.5670000000000001,0.601,0.18,0.184,104.02,103.46,86.22,103.46,0.102,4903,414,794,5.5,10.6,2023,82.0,88.0,84.0,80.0,79.0,80.0,90.0,87.0,25.0,80.0,47.0,50.0,50.0,75.0,87.0,55.0,69.0,66.0,56.0,68.0,70.0,65.0,88.0,50.0,83.0,90.0,80.0,80.0,78.0,82.0,83.0,78.0,60.0,43.0,56.0,80.0
Jamal Cain,MIA,18,10,8,0.556,13.3,2.1,3.7,0.561,0.4,1.1,0.35,0.9,1.2,0.773,0.8,2.1,2.9,0.7000000000000001,0.3,0.6000000000000001,0.1,0.1,1.2,0.8,5.4,1.2,380,109.1,108.0,108.0,102.2,102.5,102.5,6.9,5.5,5.5,0.076,2.0,12.9,0.064,0.142,0.105,6.5,6.4,0.614,0.647,0.139,0.145,102.43,102.78,85.65,102.78,0.114,511,37,66,2.1,3.7,2023,70.0,80.0,59.0,70.0,80.0,75.0,65.0,80.0,65.0,70.0,59.0,55.0,57.0,40.0,75.0,60.0,68.0,31.0,75.0,55.0,50.0,50.0,66.0,60.0,75.0,80.0,70.0,83.0,44.0,53.0,60.0,49.0,32.0,62.0,75.0,67.0
Jamal Murray,DEN,65,43,22,0.662,32.8,7.3,16.0,0.454,2.6,6.6,0.398,2.8,3.3,0.833,0.7000000000000001,3.2,4.0,6.2,2.2,1.0,0.2,0.5,1.6,2.8,20.0,4.6,31,118.3,118.9,118.9,111.6,112.5,112.5,6.7,6.4,6.4,0.265,2.76,23.9,0.024,0.099,0.062,8.7,8.6,0.537,0.5710000000000001,0.256,0.262,99.82,99.13,82.61,99.13,0.121,4413,473,1041,7.3,16.0,2023,88.0,85.0,83.0,84.0,83.0,95.0,98.0,85.0,30.0,82.0,38.0,46.0,74.0,78.0,84.0,35.0,74.0,43.0,40.0,67.0,70.0,65.0,79.0,54.0,80.0,95.0,85.0,78.0,83.0,88.0,77.0,85.0,73.0,38.0,52.0,76.5
Jamaree Bouyea,MIA,5,2,3,0.4,14.1,1.2,2.8,0.429,0.4,1.2,0.333,0.2,0.4,0.5,0.2,1.0,1.2,0.8,0.8,0.8,0.4,0.2,1.2,0.2,3.0,-3.4,374,106.2,106.5,106.5,120.2,119.7,119.7,-14.0,-13.2,-13.2,0.091,1.0,17.4,0.016,0.086,0.049,17.4,17.5,0.5,0.504,0.12,0.126,93.5,93.57,77.97,93.57,0.039,138,6,14,1.2,2.8,2023,67.0,76.0,67.0,73.0,72.0,50.0,40.0,76.0,25.0,45.0,27.0,35.0,31.0,40.0,75.0,42.0,68.0,70.0,45.0,65.0,67.0,50.0,83.0,41.0,70.0,85.0,85.0,82.0,75.0,76.0,83.0,70.0,72.0,30.0,45.0,78.5
James Bouknight,CHA,34,9,25,0.265,15.2,2.0,5.7,0.358,1.0,3.2,0.303,0.6000000000000001,0.9,0.667,0.2,1.9,2.1,1.2,0.9,0.4,0.1,0.4,1.4,0.8,5.6,-2.9,225,101.4,102.6,102.6,109.9,110.9,110.9,-8.4,-8.3,-8.3,0.117,1.28,14.6,0.015,0.116,0.066,11.4,11.5,0.443,0.463,0.192,0.195,103.34,102.25,85.2,102.25,0.05,1095,69,193,2.0,5.7,2023,72.0,66.0,72.0,73.0,81.0,60.0,65.0,75.0,35.0,85.0,30.0,37.0,38.0,60.0,82.0,44.0,69.0,46.0,51.0,68.0,69.0,40.0,87.0,54.0,90.0,87.0,75.0,80.0,69.0,80.0,84.0,68.0,41.0,32.0,60.0,83.5
James Harden,PHI,58,39,19,0.672,36.8,6.4,14.5,0.441,2.8,7.2,0.385,5.4,6.2,0.867,0.7000000000000001,5.4,6.1,10.7,3.4,1.2,0.5,0.9,1.9,4.6,21.0,4.8,23,118.0,119.4,119.4,111.2,113.3,113.3,6.9,6.1,6.1,0.439,3.17,34.4,0.021,0.151,0.088,10.9,10.8,0.536,0.607,0.247,0.255,97.55,96.11,80.09,96.11,0.159,4282,371,842,6.4,14.5,2023,89.0,83.0,93.0,85.0,87.0,75.0,98.0,92.0,35.0,84.0,60.0,74.0,69.0,94.0,98.0,62.0,70.0,46.0,52.0,63.0,82.0,65.0,87.0,71.0,87.0,98.0,97.0,95.0,82.0,97.0,86.0,94.0,91.0,36.0,69.0,81.0
James Johnson,IND,18,7,11,0.389,9.0,1.2,2.7,0.449,0.2,0.8,0.2,0.2,0.4,0.5,0.2,1.4,1.7,0.8,0.4,0.4,0.3,0.2,1.8,0.3,2.8,-0.4,436,103.0,102.8,102.8,106.6,103.9,103.9,-3.7,-1.1,-1.1,0.135,1.88,19.7,0.022,0.173,0.091,10.5,10.6,0.48,0.486,0.152,0.156,103.13,104.51,87.09,104.51,0.055,352,22,49,1.2,2.7,2023,71.0,77.0,60.0,68.0,63.0,60.0,40.0,72.0,60.0,75.0,59.0,63.0,73.0,45.0,95.0,74.0,74.0,38.0,80.0,75.0,80.0,65.0,67.0,80.0,72.0,84.0,94.0,83.0,70.0,74.0,60.0,70.0,45.0,48.0,68.0,64.5
James Wiseman,DET,45,11,34,0.244,19.3,4.2,7.5,0.558,0.1,0.4,0.2,1.5,2.2,0.7010000000000001,1.6,4.3,5.9,0.7000000000000001,1.1,0.2,0.6000000000000001,0.5,2.4,1.7,10.0,-7.3,462,104.7,104.7,104.7,120.9,121.9,121.9,-16.3,-17.2,-17.2,0.057,0.59,6.5,0.084,0.231,0.156,11.0,11.0,0.5630000000000001,0.589,0.212,0.216,101.68,101.29,84.41,101.29,0.104,1825,189,339,4.2,7.5,2023,79.0,88.0,73.0,70.0,68.0,80.0,70.0,71.0,80.0,75.0,72.0,64.0,71.0,50.0,85.0,74.0,50.0,30.0,68.0,78.0,54.0,65.0,70.0,70.0,68.0,87.0,85.0,87.0,54.0,66.0,54.0,64.0,31.0,75.0,87.0,66.5
Jared Butler,OKC,6,3,3,0.5,12.8,2.5,5.3,0.469,1.2,2.3,0.5,0.0,0.0,0.0,0.2,0.5,0.7000000000000001,1.3,0.8,0.8,0.0,0.7000000000000001,0.8,0.5,6.2,-0.2,190,104.9,106.2,106.2,106.4,103.6,103.6,-1.4,2.6,2.6,0.16,1.6,17.8,0.013,0.034,0.024,11.1,11.1,0.578,0.578,0.208,0.211,101.84,102.55,85.46,102.55,0.085,161,15,32,2.5,5.3,2023,73.0,86.0,65.0,74.0,78.0,95.0,70.0,74.0,25.0,65.0,28.0,41.0,37.0,60.0,95.0,30.0,60.0,70.0,60.0,55.0,47.0,50.0,80.0,50.0,78.0,83.0,80.0,80.0,69.0,82.0,80.0,68.0,60.0,33.0,54.0,77.0
Jared Rhoden,DET,14,2,12,0.143,14.1,1.2,3.1,0.386,0.4,1.4,0.25,0.4,0.4,1.0,0.8,1.9,2.6,0.3,0.2,0.3,0.1,0.4,1.6,0.4,3.2,1.5,388,113.8,114.9,114.9,113.0,110.6,110.6,0.8,4.3,4.3,0.028,1.33,7.4,0.055,0.135,0.094,5.6,5.6,0.443,0.482,0.106,0.107,98.31,98.85,82.38,98.85,0.041,409,17,44,1.2,3.1,2023,69.0,56.0,73.0,74.0,80.0,50.0,40.0,70.0,65.0,70.0,42.0,44.0,37.0,44.0,75.0,47.0,68.0,60.0,60.0,62.0,65.0,55.0,68.0,62.0,70.0,80.0,80.0,82.0,55.0,69.0,63.0,54.0,30.0,58.0,59.0,70.0
Jaren Jackson Jr.,MEM,63,41,22,0.651,28.4,6.6,13.0,0.506,1.6,4.5,0.355,3.8,4.9,0.788,1.7,5.0,6.8,1.0,1.7,1.0,3.0,1.0,3.6,3.9,18.6,5.8,123,115.8,116.4,116.4,105.3,106.6,106.6,10.4,9.8,9.8,0.048,0.56,5.3,0.058,0.159,0.11,9.5,9.5,0.5670000000000001,0.613,0.243,0.247,104.2,103.3,86.09,103.3,0.125,3842,416,822,6.6,13.0,2023,86.0,95.0,89.0,79.0,78.0,85.0,95.0,82.0,85.0,80.0,85.0,83.0,85.0,60.0,80.0,95.0,71.0,49.0,98.0,94.0,71.0,95.0,63.0,72.0,75.0,90.0,80.0,94.0,45.0,60.0,33.0,50.0,29.0,56.0,70.0,70.5
Jarred Vanderbilt,LAL,78,43,35,0.551,24.1,3.2,5.8,0.548,0.4,1.2,0.322,1.2,1.8,0.6910000000000001,2.2,5.3,7.5,2.4,1.2,1.1,0.3,0.4,2.4,1.8,7.9,-1.3,385,114.1,114.7,114.7,115.9,116.2,116.2,-1.8,-1.5,-1.5,0.134,1.9,23.1,0.09,0.216,0.154,12.2,12.2,0.58,0.604,0.136,0.139,101.64,101.21,84.34,101.21,0.105,3946,247,451,3.2,5.8,2023,79.0,85.0,69.0,72.0,69.0,85.0,80.0,75.0,75.0,75.0,40.0,32.0,50.0,50.0,85.0,80.0,80.0,66.0,50.0,82.0,88.0,80.0,75.0,70.0,80.0,75.0,95.0,78.0,60.0,65.0,65.0,38.0,56.0,71.0,85.0,76.5
Jarrett Allen,CLE,68,44,24,0.647,32.6,5.9,9.2,0.644,0.0,0.1,0.1,2.4,3.3,0.733,3.3,6.5,9.8,1.7,1.4,0.8,1.2,0.6000000000000001,2.3,3.3,14.3,5.1,488,115.9,116.5,116.5,107.8,108.8,108.8,8.1,7.7,7.7,0.073,1.22,12.1,0.107,0.21,0.159,10.0,10.0,0.645,0.67,0.162,0.164,97.36,96.62,80.52,96.62,0.134,4469,403,626,5.9,9.2,2023,83.0,95.0,72.0,63.0,73.0,85.0,80.0,79.0,85.0,80.0,82.0,63.0,82.0,74.0,95.0,84.0,41.0,41.0,72.0,81.0,67.0,80.0,75.0,84.0,79.0,92.0,80.0,82.0,25.0,35.0,35.0,48.0,34.0,75.0,84.0,62.5
Jason Preston,LAC,14,4,10,0.286,8.8,1.3,2.9,0.439,0.4,1.3,0.278,0.0,0.1,0.0,0.1,1.4,1.6,1.9,0.7000000000000001,0.1,0.0,0.0,0.5,0.1,2.9,-0.8,388,107.6,110.0,110.0,113.4,111.6,111.6,-5.8,-1.6,-1.6,0.307,2.7,34.2,0.014,0.175,0.084,12.7,12.7,0.5,0.489,0.166,0.168,102.67,102.38,85.32,102.38,0.094,261,18,41,1.3,2.9,2023,71.0,71.0,70.0,75.0,62.0,60.0,70.0,70.0,40.0,45.0,58.0,57.0,57.0,33.0,80.0,40.0,64.0,35.0,25.0,65.0,68.0,55.0,82.0,52.0,75.0,85.0,85.0,80.0,84.0,75.0,80.0,84.0,77.0,34.0,70.0,77.5
Javonte Green,CHI,32,13,19,0.406,15.0,1.9,3.4,0.5650000000000001,0.4,1.1,0.371,0.9,1.4,0.667,0.8,1.9,2.8,0.7000000000000001,0.6000000000000001,0.8,0.7000000000000001,0.3,1.6,1.2,5.2,1.5,371,112.4,112.4,112.4,105.1,106.5,106.5,7.3,5.9,5.9,0.062,1.15,13.5,0.057,0.119,0.09,11.8,11.7,0.625,0.646,0.128,0.132,102.98,102.3,85.25,102.3,0.082,1018,61,108,1.9,3.4,2023,77.0,73.0,70.0,82.0,65.0,80.0,75.0,79.0,25.0,85.0,52.0,52.0,52.0,60.0,95.0,74.0,77.0,73.0,81.0,74.0,80.0,75.0,72.0,46.0,85.0,80.0,75.0,82.0,60.0,72.0,69.0,68.0,33.0,56.0,62.0,71.5
Jaxson Hayes,NOP,47,22,25,0.468,13.0,1.8,3.3,0.551,0.1,0.6000000000000001,0.103,1.2,1.8,0.6990000000000001,0.8,2.0,2.8,0.7000000000000001,0.7000000000000001,0.4,0.4,0.2,1.4,1.3,5.0,-1.5,469,104.4,103.4,103.4,108.9,108.8,108.8,-4.6,-5.4,-5.4,0.088,1.1,13.2,0.058,0.153,0.104,12.1,12.0,0.561,0.605,0.149,0.156,101.72,102.29,85.24,102.29,0.09,1300,86,156,1.8,3.3,2023,75.0,95.0,68.0,60.0,70.0,75.0,70.0,71.0,85.0,80.0,68.0,54.0,65.0,52.0,90.0,78.0,48.0,46.0,70.0,79.0,45.0,65.0,58.0,72.0,75.0,80.0,95.0,80.0,29.0,38.0,41.0,40.0,34.0,60.0,68.0,62.0
Jay Huff,WAS,7,2,5,0.286,13.6,2.1,3.6,0.6000000000000001,0.9,1.7,0.5,2.1,2.3,0.938,0.9,2.1,3.0,1.4,0.7000000000000001,0.4,0.6000000000000001,0.0,2.1,1.6,7.3,-1.0,248,117.2,117.5,117.5,118.4,118.5,118.5,-1.2,-1.1,-1.1,0.135,2.0,21.3,0.06,0.153,0.106,10.6,10.6,0.72,0.796,0.155,0.158,108.35,108.2,90.17,108.2,0.116,212,15,25,2.1,3.6,2023,67.0,77.0,72.0,77.0,77.0,50.0,40.0,64.0,65.0,60.0,62.0,62.0,62.0,38.0,80.0,62.0,32.0,32.0,69.0,62.0,54.0,50.0,48.0,62.0,62.0,80.0,85.0,77.0,50.0,43.0,33.0,60.0,38.0,64.0,68.0,40.5
Jay Scrubb,ORL,2,1,1,0.5,15.1,2.5,3.5,0.714,1.0,1.0,1.0,0.5,1.0,0.5,0.0,3.0,3.0,0.5,1.5,1.0,0.0,1.0,1.0,0.5,6.5,-8.0,214,96.7,98.5,98.5,130.0,127.0,127.0,-33.3,-28.5,-28.5,0.056,0.33,8.3,0.0,0.3,0.128,25.0,25.3,0.857,0.8250000000000001,0.151,0.155,101.75,102.0,85.0,102.0,0.104,65,5,7,2.5,3.5,2023,67.0,60.0,68.0,70.0,75.0,50.0,50.0,71.0,45.0,80.0,40.0,44.0,51.0,37.0,78.0,44.0,60.0,46.0,45.0,57.0,64.0,40.0,74.0,55.0,82.0,80.0,70.0,79.0,57.0,70.0,69.0,52.0,39.0,34.0,54.0,74.0
Jaylen Brown,BOS,67,46,21,0.687,35.9,10.1,20.6,0.491,2.4,7.3,0.335,3.9,5.1,0.765,1.2,5.7,6.9,3.5,2.9,1.1,0.4,1.1,2.6,4.1,26.6,3.8,44,115.2,116.6,116.6,109.9,111.2,111.2,5.3,5.4,5.4,0.163,1.18,11.9,0.032,0.152,0.093,10.1,10.0,0.55,0.581,0.307,0.312,101.72,100.51,83.76,100.51,0.132,5030,679,1383,10.1,20.6,2023,89.0,93.0,92.0,83.0,79.0,98.0,98.0,94.0,40.0,89.0,67.0,69.0,80.0,93.0,95.0,70.0,87.0,74.0,50.0,86.0,84.0,85.0,79.0,69.0,84.0,95.0,95.0,82.0,78.0,86.0,76.0,84.0,62.0,43.0,67.0,84.0
Jaylen Nowell,MIN,65,34,31,0.523,19.3,4.3,9.6,0.448,1.0,3.6,0.289,1.2,1.5,0.778,0.6000000000000001,2.1,2.6,2.0,1.0,0.6000000000000001,0.1,0.6000000000000001,1.6,1.2,10.8,-0.1,212,110.8,111.2,111.2,111.3,111.3,111.3,-0.5,0.0,0.0,0.156,2.03,15.3,0.028,0.107,0.067,7.6,7.5,0.502,0.527,0.238,0.246,105.23,105.04,87.53,105.04,0.095,2736,280,625,4.3,9.6,2023,77.0,89.0,85.0,73.0,81.0,95.0,90.0,84.0,25.0,65.0,27.0,40.0,38.0,79.0,78.0,29.0,60.0,46.0,32.0,55.0,58.0,40.0,81.0,39.0,79.0,85.0,80.0,80.0,64.0,75.0,77.0,68.0,61.0,40.0,54.0,73.5
Jaylin Williams,OKC,49,23,26,0.469,18.7,2.1,4.8,0.436,0.9,2.3,0.407,0.8,1.1,0.704,0.9,4.0,4.9,1.6,0.8,0.6000000000000001,0.2,0.3,2.3,1.9,5.9,-1.8,233,110.3,111.1,111.1,115.3,115.7,115.7,-5.0,-4.6,-4.6,0.109,2.05,20.5,0.045,0.23,0.131,10.0,10.0,0.534,0.559,0.133,0.135,102.77,102.18,85.15,102.18,0.08,1946,102,234,2.1,4.8,2023,75.0,75.0,68.0,75.0,72.0,85.0,65.0,69.0,70.0,70.0,68.0,61.0,68.0,65.0,75.0,74.0,45.0,41.0,55.0,72.0,65.0,70.0,50.0,60.0,62.0,78.0,85.0,80.0,62.0,59.0,38.0,69.0,40.0,48.0,85.0,53.5
Jayson Tatum,BOS,74,52,22,0.7030000000000001,36.9,9.8,21.1,0.466,3.2,9.3,0.35,7.2,8.4,0.854,1.1,7.7,8.8,4.6,2.9,1.1,0.7000000000000001,0.8,2.2,5.4,30.1,6.4,9,118.2,119.2,119.2,109.5,110.8,110.8,8.7,8.5,8.5,0.205,1.61,14.5,0.029,0.2,0.117,9.0,8.9,0.543,0.607,0.319,0.327,100.77,99.76,83.13,99.76,0.167,5674,727,1559,9.8,21.1,2023,95.0,95.0,90.0,87.0,86.0,98.0,98.0,95.0,50.0,89.0,74.0,84.0,83.0,97.0,98.0,81.0,89.0,74.0,75.0,89.0,90.0,85.0,82.0,71.0,83.0,95.0,98.0,80.0,78.0,86.0,79.0,84.0,72.0,74.0,82.0,85.0
Jeff Green,DEN,56,33,23,0.589,19.5,2.9,5.9,0.488,0.5,1.9,0.288,1.6,2.1,0.744,0.7000000000000001,1.9,2.6,1.2,0.8,0.3,0.3,0.3,1.8,1.7,7.8,-3.4,338,106.6,107.1,107.1,114.5,115.0,115.0,-7.9,-8.0,-8.0,0.095,1.5,13.9,0.035,0.096,0.066,9.3,9.3,0.534,0.5760000000000001,0.167,0.171,99.78,99.38,82.81,99.38,0.071,2253,160,328,2.9,5.9,2023,75.0,88.0,60.0,70.0,73.0,85.0,60.0,79.0,65.0,80.0,70.0,68.0,72.0,68.0,85.0,69.0,70.0,36.0,53.0,68.0,54.0,60.0,63.0,70.0,84.0,89.0,85.0,82.0,69.0,74.0,50.0,70.0,35.0,45.0,52.0,66.0
Jerami Grant,POR,63,28,35,0.444,35.6,6.9,14.5,0.475,2.3,5.7,0.401,4.4,5.4,0.8130000000000001,0.8,3.7,4.5,2.4,1.8,0.8,0.8,0.9,2.4,4.4,20.5,-0.6000000000000001,50,114.9,116.1,116.1,115.6,117.3,117.3,-0.7000000000000001,-1.2,-1.2,0.103,1.29,11.3,0.025,0.104,0.065,8.8,8.7,0.554,0.606,0.227,0.231,100.3,99.08,82.56,99.08,0.099,4643,434,913,6.9,14.5,2023,81.0,82.0,79.0,84.0,81.0,80.0,90.0,89.0,80.0,85.0,62.0,59.0,69.0,75.0,95.0,70.0,69.0,38.0,61.0,77.0,72.0,75.0,77.0,69.0,78.0,95.0,94.0,82.0,69.0,76.0,72.0,70.0,40.0,38.0,54.0,76.5
Jeremiah Robinson-Earl,OKC,43,16,27,0.372,18.9,2.6,5.8,0.444,0.9,2.6,0.333,0.8,1.0,0.833,1.7,2.5,4.2,1.0,0.4,0.6000000000000001,0.3,0.3,1.7,0.8,6.8,-0.2,247,113.4,112.9,112.9,112.9,113.8,113.8,0.5,-0.9,-0.9,0.069,2.26,13.0,0.082,0.129,0.105,5.8,5.8,0.518,0.548,0.143,0.146,103.84,103.67,86.39,103.67,0.076,1760,110,248,2.6,5.8,2023,75.0,80.0,66.0,76.0,77.0,78.0,75.0,79.0,75.0,75.0,64.0,65.0,66.0,50.0,70.0,66.0,40.0,49.0,57.0,66.0,52.0,45.0,62.0,60.0,69.0,80.0,85.0,80.0,65.0,69.0,55.0,66.0,31.0,68.0,65.0,60.0
Jeremy Sochan,SAS,56,15,41,0.268,26.0,4.5,9.9,0.453,0.6000000000000001,2.4,0.246,1.4,2.1,0.6980000000000001,1.7,3.6,5.3,2.5,1.7,0.8,0.4,0.9,2.5,1.8,11.0,-4.2,322,108.5,110.6,110.6,116.7,117.6,117.6,-8.2,-7.0,-7.0,0.132,1.46,16.9,0.06,0.14,0.098,11.5,11.5,0.483,0.509,0.195,0.198,103.78,102.37,85.31,102.37,0.074,3101,250,552,4.5,9.9,2023,78.0,82.0,72.0,70.0,70.0,90.0,90.0,80.0,60.0,80.0,48.0,52.0,53.0,69.0,70.0,65.0,74.0,42.0,52.0,69.0,68.0,65.0,70.0,60.0,74.0,80.0,80.0,80.0,68.0,67.0,65.0,74.0,52.0,60.0,65.0,72.0
Jericho Sims,NYK,52,31,21,0.596,15.6,1.6,2.1,0.776,0.0,0.0,0.0,0.2,0.3,0.75,1.9,2.8,4.7,0.5,0.5,0.3,0.5,0.1,1.8,0.6000000000000001,3.4,-2.2,492,107.9,108.1,108.1,114.4,114.9,114.9,-6.6,-6.7,-6.7,0.044,0.93,15.2,0.117,0.175,0.146,16.4,16.3,0.776,0.78,0.074,0.077,97.61,97.31,81.09,97.31,0.086,1646,83,107,1.6,2.1,2023,76.0,68.0,69.0,26.0,52.0,75.0,65.0,64.0,80.0,89.0,60.0,60.0,60.0,40.0,80.0,66.0,40.0,37.0,73.0,66.0,55.0,40.0,80.0,65.0,83.0,85.0,90.0,80.0,30.0,35.0,34.0,32.0,29.0,86.0,73.0,61.0
Jevon Carter,MIL,81,57,24,0.704,22.4,3.0,7.0,0.423,1.8,4.2,0.421,0.4,0.5,0.8160000000000001,0.4,2.1,2.5,2.4,1.0,0.8,0.4,0.2,2.0,0.6000000000000001,8.0,0.8,101,110.4,109.2,109.2,107.2,107.2,107.2,3.1,1.9,1.9,0.15,2.53,23.1,0.018,0.084,0.052,9.1,9.1,0.549,0.56,0.149,0.156,102.18,102.73,85.61,102.73,0.073,3872,239,565,3.0,7.0,2023,75.0,66.0,85.0,86.0,81.0,77.0,75.0,75.0,25.0,35.0,32.0,34.0,30.0,40.0,80.0,34.0,79.0,56.0,53.0,72.0,75.0,70.0,76.0,60.0,71.0,85.0,76.0,81.0,75.0,79.0,76.0,70.0,57.0,35.0,48.0,80.5
Jock Landale,PHX,69,35,34,0.507,14.2,2.6,4.9,0.528,0.3,1.2,0.25,1.1,1.5,0.752,1.7,2.3,4.1,1.0,0.9,0.2,0.4,0.3,1.8,1.5,6.6,2.0,406,111.8,113.0,113.0,106.1,105.1,105.1,5.7,7.9,7.9,0.101,1.15,13.4,0.114,0.164,0.138,11.6,11.6,0.559,0.595,0.182,0.187,102.11,102.03,85.03,102.03,0.106,2069,178,337,2.6,4.9,2023,74.0,97.0,64.0,62.0,77.0,85.0,70.0,69.0,65.0,60.0,60.0,60.0,60.0,66.0,80.0,65.0,48.0,36.0,70.0,62.0,60.0,45.0,54.0,64.0,75.0,80.0,75.0,80.0,58.0,52.0,45.0,64.0,38.0,86.0,72.0,51.0
Joe Harris,BKN,74,40,34,0.541,20.6,2.7,5.9,0.457,1.9,4.5,0.426,0.2,0.4,0.643,0.3,1.9,2.2,1.4,0.6000000000000001,0.5,0.2,0.3,1.9,0.3,7.6,-0.3,89,111.7,112.1,112.1,112.2,113.2,113.2,-0.4,-1.0,-1.0,0.091,2.46,17.1,0.016,0.089,0.054,6.9,6.9,0.618,0.621,0.141,0.143,100.91,100.26,83.55,100.26,0.067,3194,201,440,2.7,5.9,2023,76.0,74.0,75.0,86.0,70.0,98.0,85.0,76.0,25.0,45.0,30.0,48.0,32.0,40.0,88.0,34.0,66.0,38.0,45.0,58.0,63.0,55.0,69.0,40.0,67.0,90.0,85.0,83.0,72.0,73.0,67.0,74.0,37.0,34.0,49.0,69.0
Joe Ingles,MIL,46,32,14,0.6960000000000001,22.7,2.3,5.4,0.435,1.8,4.4,0.409,0.4,0.5,0.857,0.3,2.5,2.8,3.3,1.2,0.7000000000000001,0.1,0.1,1.6,0.7000000000000001,6.9,1.7,97,115.0,114.9,114.9,112.0,112.4,112.4,3.0,2.5,2.5,0.181,2.73,32.5,0.012,0.102,0.058,11.9,11.9,0.603,0.616,0.122,0.125,104.26,104.12,86.77,104.12,0.076,2274,108,248,2.3,5.4,2023,76.0,88.0,75.0,84.0,88.0,70.0,45.0,80.0,40.0,45.0,50.0,55.0,48.0,49.0,70.0,58.0,80.0,42.0,37.0,78.0,78.0,75.0,66.0,64.0,60.0,92.0,70.0,80.0,75.0,70.0,60.0,75.0,66.0,32.0,56.0,75.0
Joel Embiid,PHI,66,43,23,0.652,34.6,11.0,20.1,0.548,1.0,3.0,0.33,10.0,11.7,0.857,1.7,8.4,10.2,4.2,3.4,1.0,1.7,1.4,3.1,7.7,33.1,6.4,214,118.3,119.0,119.0,108.6,110.2,110.2,9.7,8.8,8.8,0.233,1.21,12.7,0.057,0.243,0.157,10.5,10.4,0.5730000000000001,0.655,0.37,0.377,98.41,97.34,81.12,97.34,0.213,4639,728,1328,11.0,20.1,2023,96.0,97.0,97.0,80.0,86.0,98.0,98.0,89.0,90.0,80.0,95.0,95.0,96.0,96.0,98.0,96.0,68.0,43.0,83.0,96.0,64.0,95.0,69.0,95.0,69.0,95.0,90.0,76.0,68.0,57.0,62.0,82.0,71.0,70.0,89.0,68.5
John Collins,ATL,71,37,34,0.521,30.0,5.1,10.0,0.508,1.0,3.4,0.292,2.0,2.5,0.803,1.1,5.4,6.5,1.2,1.1,0.6000000000000001,1.0,0.6000000000000001,3.1,2.7,13.1,-0.3,222,114.0,115.0,115.0,114.5,115.2,115.2,-0.4,-0.2,-0.2,0.052,1.08,9.0,0.035,0.18,0.107,8.3,8.3,0.557,0.593,0.168,0.171,103.37,102.6,85.5,102.6,0.086,4547,359,707,5.1,10.0,2023,80.0,93.0,91.0,65.0,83.0,60.0,60.0,82.0,90.0,93.0,77.0,75.0,83.0,52.0,85.0,74.0,49.0,37.0,71.0,74.0,38.0,60.0,71.0,75.0,85.0,92.0,85.0,84.0,37.0,60.0,50.0,66.0,30.0,43.0,77.0,61.0
John Konchar,MEM,72,45,27,0.625,20.7,1.9,4.4,0.431,0.8,2.5,0.339,0.4,0.5,0.778,0.9,3.4,4.3,1.4,0.5,1.1,0.3,0.2,1.6,0.7000000000000001,5.1,2.9,254,113.0,114.6,114.6,106.1,107.5,107.5,6.9,7.0,7.0,0.082,2.7,21.3,0.04,0.152,0.096,7.9,7.8,0.525,0.542,0.1,0.103,104.21,102.79,85.66,102.79,0.079,3192,138,320,1.9,4.4,2023,72.0,85.0,76.0,79.0,82.0,75.0,50.0,77.0,40.0,55.0,44.0,47.0,47.0,40.0,85.0,54.0,62.0,70.0,51.0,50.0,60.0,45.0,62.0,40.0,70.0,93.0,90.0,84.0,74.0,76.0,60.0,79.0,34.0,46.0,68.0,66.0
Johnny Davis,WAS,28,10,18,0.357,15.1,2.4,6.1,0.386,0.6000000000000001,2.5,0.243,0.5,1.0,0.519,0.4,2.0,2.3,1.0,0.6000000000000001,0.4,0.3,0.3,1.7,0.7000000000000001,5.8,-1.9,316,100.6,101.7,101.7,109.0,107.9,107.9,-8.4,-6.2,-6.2,0.1,1.65,12.3,0.02,0.125,0.07,7.5,7.5,0.436,0.446,0.192,0.197,102.65,102.68,85.57,102.68,0.051,905,66,171,2.4,6.1,2023,72.0,75.0,78.0,74.0,79.0,70.0,45.0,75.0,40.0,70.0,49.0,51.0,47.0,69.0,80.0,68.0,73.0,30.0,53.0,68.0,55.0,60.0,78.0,54.0,75.0,85.0,70.0,80.0,70.0,82.0,70.0,70.0,28.0,36.0,60.0,78.5
Johnny Juzang,UTA,18,6,12,0.333,12.9,1.9,5.8,0.337,0.8,3.5,0.238,0.1,0.2,0.5,0.4,1.7,2.2,0.4,0.2,0.2,0.2,0.1,0.7000000000000001,0.2,4.8,-4.8,254,99.2,97.8,97.8,115.8,115.6,115.6,-16.7,-17.7,-17.7,0.051,2.67,6.8,0.029,0.122,0.073,2.6,2.6,0.409,0.411,0.187,0.193,104.28,105.09,87.58,105.09,0.049,510,35,104,1.9,5.8,2023,68.0,70.0,73.0,77.0,84.0,50.0,35.0,71.0,35.0,75.0,55.0,59.0,64.0,44.0,85.0,50.0,58.0,37.0,37.0,52.0,50.0,50.0,70.0,55.0,72.0,85.0,75.0,80.0,59.0,72.0,66.0,62.0,28.0,36.0,51.0,66.5
Jonathan Isaac,ORL,11,8,3,0.727,11.3,2.0,4.8,0.415,0.5,1.4,0.4,0.5,0.8,0.556,1.4,2.6,4.0,0.5,0.4,1.3,0.4,0.2,0.5,1.0,5.0,-1.7,335,102.7,102.0,102.0,105.0,107.7,107.7,-2.3,-5.8,-5.8,0.085,1.5,9.0,0.099,0.25,0.165,6.0,6.0,0.472,0.483,0.198,0.205,100.39,99.46,82.88,99.46,0.153,255,22,53,2.0,4.8,2023,78.0,65.0,76.0,77.0,77.0,50.0,30.0,67.0,60.0,82.0,62.0,68.0,75.0,35.0,68.0,75.0,86.0,92.0,82.0,84.0,85.0,85.0,73.0,70.0,80.0,85.0,90.0,67.0,65.0,76.0,66.0,55.0,33.0,76.0,79.0,80.0
Jonathan Kuminga,GSW,67,38,29,0.5670000000000001,20.8,3.9,7.4,0.525,0.8,2.2,0.37,1.3,2.1,0.652,1.0,2.4,3.4,1.9,1.4,0.6000000000000001,0.5,0.5,2.3,1.8,9.9,-0.8,266,111.6,111.7,111.7,112.2,113.0,113.0,-0.6000000000000001,-1.4,-1.4,0.132,1.32,16.1,0.052,0.113,0.083,12.2,12.2,0.579,0.597,0.195,0.2,103.57,103.18,85.99,103.18,0.085,2992,261,497,3.9,7.4,2023,78.0,91.0,85.0,81.0,66.0,75.0,75.0,80.0,65.0,85.0,49.0,50.0,50.0,62.0,85.0,73.0,73.0,41.0,60.0,70.0,69.0,50.0,84.0,73.0,90.0,88.0,80.0,80.0,69.0,67.0,75.0,60.0,49.0,52.0,56.0,81.5
Jordan Clarkson,UTA,61,30,31,0.492,32.6,7.5,16.9,0.444,2.5,7.5,0.338,3.3,4.0,0.8160000000000001,1.2,2.9,4.0,4.4,3.0,0.5,0.2,0.9,2.0,3.1,20.8,0.6000000000000001,36,115.0,117.4,117.4,115.4,116.6,116.6,-0.4,0.8,0.8,0.209,1.45,17.1,0.036,0.083,0.06,11.8,11.7,0.519,0.558,0.273,0.28,102.11,100.54,83.78,100.54,0.102,4165,458,1031,7.5,16.9,2023,80.0,95.0,82.0,80.0,82.0,95.0,95.0,90.0,25.0,75.0,30.0,37.0,38.0,89.0,98.0,43.0,65.0,35.0,37.0,58.0,49.0,40.0,79.0,54.0,85.0,80.0,70.0,83.0,79.0,88.0,79.0,81.0,70.0,44.0,48.0,77.5
Jordan Goodwin,WAS,62,22,40,0.355,17.8,2.5,5.7,0.448,0.6000000000000001,1.9,0.322,0.9,1.1,0.768,0.9,2.4,3.3,2.7,0.9,0.9,0.4,0.4,1.5,1.2,6.6,-1.9,314,107.1,107.1,107.1,112.3,111.7,111.7,-5.2,-4.5,-4.5,0.22,2.95,27.6,0.05,0.131,0.09,9.4,9.4,0.501,0.531,0.165,0.17,101.51,101.78,84.82,101.78,0.102,2339,158,353,2.5,5.7,2023,74.0,89.0,72.0,80.0,76.0,95.0,80.0,78.0,25.0,35.0,33.0,43.0,48.0,66.0,80.0,47.0,63.0,80.0,62.0,62.0,63.0,50.0,75.0,49.0,55.0,80.0,75.0,80.0,78.0,78.0,68.0,78.0,67.0,55.0,61.0,73.0
Jordan McLaughlin,MIN,43,22,21,0.512,15.8,1.4,3.4,0.421,0.6000000000000001,1.8,0.308,0.3,0.4,0.833,0.3,1.1,1.4,3.4,0.8,0.7000000000000001,0.1,0.2,0.7000000000000001,0.5,3.7,2.0,332,111.2,111.7,111.7,105.9,105.9,105.9,5.4,5.8,5.8,0.264,4.48,44.3,0.022,0.065,0.044,9.9,9.9,0.503,0.526,0.112,0.114,106.75,106.51,88.76,106.51,0.086,1504,61,145,1.4,3.4,2023,73.0,80.0,74.0,70.0,75.0,95.0,70.0,84.0,25.0,65.0,25.0,25.0,25.0,49.0,70.0,25.0,73.0,80.0,37.0,52.0,74.0,60.0,72.0,52.0,74.0,80.0,70.0,83.0,83.0,84.0,70.0,80.0,72.0,40.0,43.0,73.0
Jordan Nwora,IND,62,36,26,0.581,19.2,3.1,7.2,0.436,1.4,3.4,0.408,1.1,1.4,0.791,0.8,2.9,3.7,1.4,1.1,0.4,0.2,0.5,1.2,1.1,8.7,-4.1,151,107.1,107.0,107.0,116.6,117.2,117.2,-9.5,-10.2,-10.2,0.107,1.33,13.9,0.041,0.147,0.093,10.4,10.4,0.533,0.561,0.187,0.194,103.85,103.63,86.36,103.63,0.089,2569,194,445,3.1,7.2,2023,76.0,86.0,69.0,84.0,78.0,97.0,85.0,74.0,60.0,65.0,49.0,47.0,50.0,62.0,60.0,52.0,52.0,40.0,50.0,54.0,50.0,50.0,59.0,60.0,72.0,82.0,80.0,78.0,52.0,64.0,43.0,54.0,42.0,50.0,65.0,61.0
Jordan Poole,GSW,82,44,38,0.537,30.0,6.7,15.6,0.43,2.6,7.8,0.336,4.4,5.1,0.87,0.4,2.4,2.7,4.5,3.1,0.8,0.3,0.9,2.6,4.2,20.4,-0.1,33,110.7,111.0,111.0,111.0,111.8,111.8,-0.3,-0.8,-0.8,0.234,1.46,17.8,0.013,0.073,0.043,12.2,12.1,0.514,0.5730000000000001,0.282,0.291,104.64,104.15,86.79,104.15,0.104,5348,550,1278,6.7,15.6,2023,82.0,95.0,79.0,83.0,87.0,98.0,98.0,92.0,45.0,60.0,29.0,47.0,44.0,84.0,80.0,47.0,65.0,40.0,42.0,65.0,55.0,30.0,81.0,61.0,73.0,80.0,65.0,80.0,83.0,89.0,80.0,82.0,71.0,32.0,45.0,77.5
Jose Alvarado,NOP,61,30,31,0.492,21.5,3.3,8.0,0.411,1.4,4.0,0.336,1.1,1.3,0.8130000000000001,0.5,1.9,2.3,3.0,1.3,1.1,0.2,0.5,2.0,1.2,9.0,1.7,155,111.8,112.1,112.1,107.8,108.4,108.4,4.0,3.7,3.7,0.199,2.3,23.6,0.022,0.087,0.054,10.3,10.2,0.496,0.525,0.191,0.197,102.2,101.79,84.83,101.79,0.079,2778,201,489,3.3,8.0,2023,77.0,83.0,72.0,77.0,79.0,75.0,60.0,83.0,25.0,30.0,35.0,30.0,30.0,40.0,85.0,31.0,85.0,89.0,45.0,85.0,85.0,85.0,76.0,42.0,78.0,80.0,79.0,80.0,75.0,73.0,75.0,68.0,70.0,36.0,50.0,81.5
Josh Christopher,HOU,64,16,48,0.25,12.3,2.4,5.1,0.465,0.3,1.4,0.236,0.7000000000000001,0.9,0.75,0.3,0.8,1.1,1.1,0.9,0.5,0.2,0.3,0.9,0.6000000000000001,5.8,-3.5,401,105.1,105.4,105.4,119.5,119.3,119.3,-14.4,-13.9,-13.9,0.149,1.22,15.0,0.024,0.068,0.045,12.3,12.3,0.497,0.523,0.215,0.221,100.35,100.28,83.56,100.28,0.073,1644,153,329,2.4,5.1,2023,75.0,93.0,76.0,70.0,78.0,85.0,85.0,80.0,40.0,85.0,25.0,62.0,44.0,65.0,83.0,49.0,67.0,53.0,58.0,60.0,65.0,50.0,84.0,55.0,81.0,88.0,72.0,80.0,68.0,75.0,78.0,62.0,51.0,37.0,45.0,81.0
Josh Giddey,OKC,76,34,42,0.447,31.1,7.1,14.7,0.482,1.0,3.1,0.325,1.4,1.9,0.731,1.9,5.9,7.9,6.2,2.8,0.8,0.4,1.1,1.9,1.5,16.6,-1.4,214,110.4,111.8,111.8,113.2,114.0,114.0,-2.8,-2.2,-2.2,0.293,2.22,25.3,0.058,0.189,0.121,11.4,11.3,0.516,0.533,0.239,0.243,104.22,103.17,85.97,103.17,0.131,5090,539,1118,7.1,14.7,2023,83.0,89.0,75.0,75.0,75.0,98.0,98.0,89.0,45.0,65.0,55.0,58.0,55.0,89.0,95.0,50.0,69.0,40.0,51.0,69.0,66.0,65.0,79.0,60.0,74.0,88.0,95.0,80.0,96.0,89.0,79.0,95.0,92.0,59.0,77.0,76.0
Josh Green,DAL,60,27,33,0.45,25.7,3.4,6.4,0.537,1.1,2.8,0.402,1.1,1.6,0.723,0.9,2.1,3.0,1.7,1.2,0.7000000000000001,0.1,0.4,2.6,2.0,9.1,1.3,196,114.7,115.3,115.3,112.7,112.8,112.8,2.0,2.5,2.5,0.096,1.43,17.3,0.037,0.087,0.062,12.1,12.0,0.626,0.645,0.14,0.144,99.22,98.96,82.47,98.96,0.067,3173,205,382,3.4,6.4,2023,76.0,89.0,74.0,83.0,72.0,60.0,65.0,75.0,30.0,80.0,35.0,34.0,30.0,69.0,95.0,35.0,75.0,42.0,32.0,79.0,63.0,60.0,86.0,60.0,80.0,89.0,90.0,83.0,70.0,70.0,72.0,70.0,39.0,46.0,48.0,83.5
Josh Hart,NYK,76,42,34,0.553,32.3,3.6,6.8,0.529,0.8,2.2,0.372,1.7,2.3,0.75,1.9,5.9,7.8,3.8,1.5,1.2,0.3,0.5,2.6,2.1,9.8,4.1,267,118.3,119.4,119.4,112.0,113.5,113.5,6.3,5.9,5.9,0.154,2.48,29.0,0.06,0.185,0.124,11.7,11.6,0.588,0.622,0.124,0.126,100.22,99.12,82.6,99.12,0.101,5074,275,520,3.6,6.8,2023,80.0,82.0,67.0,80.0,74.0,90.0,90.0,86.0,25.0,70.0,39.0,58.0,42.0,84.0,95.0,46.0,72.0,49.0,40.0,70.0,70.0,65.0,81.0,44.0,69.0,90.0,95.0,82.0,73.0,78.0,79.0,75.0,63.0,57.0,78.0,80.0
Josh Minott,MIN,15,7,8,0.467,6.4,1.2,2.4,0.5,0.1,0.4,0.333,0.5,0.5,1.0,0.3,1.3,1.7,0.3,0.2,0.3,0.4,0.4,0.7000000000000001,0.3,3.1,1.6,448,119.8,116.3,116.3,108.7,105.9,105.9,11.2,10.4,10.4,0.065,1.67,10.4,0.054,0.194,0.128,6.3,6.3,0.528,0.582,0.176,0.184,106.95,109.99,91.66,109.99,0.106,221,18,36,1.2,2.4,2023,70.0,74.0,65.0,64.0,75.0,50.0,30.0,75.0,65.0,80.0,51.0,55.0,52.0,40.0,75.0,48.0,63.0,63.0,74.0,60.0,65.0,60.0,72.0,62.0,80.0,80.0,80.0,80.0,62.0,63.0,68.0,60.0,44.0,66.0,69.0,71.0
Josh Okogie,PHX,72,38,34,0.528,18.8,2.3,5.8,0.391,0.9,2.7,0.335,1.9,2.7,0.724,1.5,2.0,3.5,1.5,0.9,0.8,0.5,0.4,1.6,2.5,7.3,1.5,235,111.9,112.9,112.9,107.4,108.0,108.0,4.4,4.9,4.9,0.104,1.67,15.6,0.078,0.102,0.09,9.3,9.5,0.471,0.531,0.174,0.176,101.47,100.74,83.95,100.74,0.078,2820,162,414,2.3,5.8,2023,77.0,75.0,82.0,76.0,73.0,90.0,65.0,77.0,30.0,75.0,42.0,44.0,44.0,49.0,70.0,50.0,81.0,66.0,63.0,81.0,84.0,75.0,90.0,46.0,92.0,80.0,95.0,82.0,69.0,76.0,81.0,62.0,40.0,68.0,54.0,86.5
Josh Richardson,NOP,65,24,41,0.369,23.5,3.7,8.5,0.431,1.6,4.5,0.365,1.1,1.2,0.852,0.6000000000000001,2.1,2.7,2.7,1.3,1.1,0.3,0.1,1.8,1.5,10.1,-2.5,113,108.3,108.4,108.4,113.0,113.6,113.6,-4.6,-5.2,-5.2,0.16,2.02,20.6,0.026,0.087,0.057,10.2,10.1,0.528,0.555,0.18,0.187,103.11,102.79,85.66,102.79,0.083,3279,239,554,3.7,8.5,2023,75.0,88.0,90.0,79.0,85.0,70.0,60.0,75.0,50.0,78.0,30.0,48.0,32.0,45.0,80.0,69.0,84.0,70.0,51.0,80.0,80.0,80.0,80.0,57.0,72.0,95.0,80.0,83.0,69.0,78.0,79.0,68.0,65.0,40.0,49.0,82.5
Jrue Holiday,MIL,67,50,17,0.746,32.6,7.3,15.3,0.479,2.4,6.1,0.384,2.3,2.6,0.859,1.2,3.9,5.1,7.4,2.9,1.2,0.4,0.7000000000000001,1.7,2.4,19.3,7.2,47,116.5,117.0,117.0,107.3,107.9,107.9,9.2,9.2,9.2,0.321,2.51,27.6,0.035,0.107,0.073,11.0,11.0,0.556,0.586,0.244,0.248,103.33,102.82,85.68,102.82,0.135,4698,490,1023,7.3,15.3,2023,87.0,90.0,86.0,82.0,86.0,98.0,95.0,88.0,25.0,65.0,30.0,72.0,40.0,59.0,98.0,44.0,95.0,79.0,50.0,89.0,93.0,95.0,79.0,49.0,68.0,90.0,92.0,80.0,84.0,86.0,79.0,85.0,79.0,43.0,55.0,87.5
Juan Toscano-Anderson,UTA,52,19,33,0.365,13.5,1.2,2.8,0.448,0.2,0.8,0.186,0.4,0.5,0.792,0.5,1.8,2.4,1.3,0.7000000000000001,0.3,0.2,0.2,1.5,0.7000000000000001,3.0,-2.8,444,104.4,103.8,103.8,113.0,113.7,113.7,-8.5,-9.9,-9.9,0.122,1.91,25.7,0.037,0.128,0.083,13.4,13.5,0.476,0.505,0.109,0.113,103.72,103.71,86.42,103.71,0.053,1514,64,143,1.2,2.8,2023,72.0,87.0,65.0,70.0,65.0,95.0,70.0,68.0,40.0,88.0,30.0,44.0,58.0,50.0,69.0,67.0,67.0,42.0,53.0,68.0,60.0,60.0,68.0,62.0,70.0,85.0,95.0,83.0,69.0,68.0,64.0,62.0,38.0,46.0,70.0,69.0
Julian Champagnie,SAS,17,7,10,0.412,18.8,3.5,7.6,0.454,1.9,4.8,0.402,0.8,1.0,0.8240000000000001,0.6000000000000001,2.9,3.5,0.6000000000000001,0.6000000000000001,0.4,0.3,0.3,1.5,0.8,9.7,-4.4,85,106.8,108.2,108.2,118.7,118.8,118.8,-12.0,-10.6,-10.6,0.043,0.91,6.4,0.027,0.147,0.085,7.1,6.9,0.581,0.6000000000000001,0.181,0.187,105.24,104.51,87.09,104.51,0.086,697,59,130,3.5,7.6,2023,68.0,69.0,74.0,75.0,78.0,45.0,40.0,74.0,40.0,60.0,43.0,44.0,52.0,41.0,73.0,45.0,67.0,62.0,40.0,55.0,66.0,40.0,69.0,37.0,67.0,85.0,75.0,80.0,66.0,68.0,65.0,64.0,47.0,44.0,54.0,68.5
Julius Randle,NYK,77,44,33,0.5710000000000001,35.5,8.5,18.6,0.459,2.8,8.3,0.343,5.2,6.9,0.757,1.8,8.1,10.0,4.1,2.8,0.6000000000000001,0.3,0.7000000000000001,3.0,4.9,25.1,2.2,19,116.3,118.1,118.1,113.6,115.4,115.4,2.7,2.7,2.7,0.184,1.46,14.5,0.05,0.226,0.137,9.9,9.8,0.536,0.581,0.288,0.295,99.37,97.83,81.53,97.83,0.148,5587,658,1432,8.5,18.6,2023,85.0,98.0,78.0,79.0,76.0,95.0,98.0,92.0,85.0,80.0,79.0,60.0,86.0,92.0,85.0,77.0,73.0,36.0,42.0,73.0,52.0,75.0,73.0,87.0,69.0,95.0,90.0,84.0,74.0,80.0,68.0,84.0,67.0,53.0,86.0,76.0
Justin Champagnie,BOS,5,4,1,0.8,6.9,1.0,3.0,0.333,0.2,1.0,0.2,0.0,0.0,0.0,0.6000000000000001,1.0,1.6,0.8,0.0,0.2,0.0,0.4,0.4,0.2,2.2,-0.8,428,121.0,117.4,117.4,125.7,126.9,126.9,-4.8,-9.5,-9.5,0.148,0.0,21.1,0.088,0.179,0.129,0.0,0.0,0.367,0.367,0.188,0.197,94.2,95.21,79.34,95.21,0.061,69,5,15,1.0,3.0,2023,70.0,70.0,67.0,75.0,71.0,75.0,50.0,74.0,65.0,75.0,48.0,44.0,40.0,45.0,75.0,49.0,52.0,42.0,53.0,55.0,52.0,40.0,73.0,40.0,78.0,80.0,92.0,80.0,62.0,65.0,66.0,62.0,30.0,78.0,62.0,70.5
Justin Holiday,DAL,46,18,28,0.391,15.4,1.7,4.4,0.377,1.0,3.1,0.322,0.1,0.2,0.625,0.1,1.1,1.2,0.9,0.5,0.4,0.4,0.2,1.5,0.4,4.5,-2.8,214,105.3,104.8,104.8,112.5,113.9,113.9,-7.1,-9.1,-9.1,0.08,1.86,15.2,0.007,0.067,0.037,8.1,8.1,0.49,0.494,0.132,0.138,104.9,104.48,87.07,104.48,0.037,1542,77,204,1.7,4.4,2023,73.0,74.0,54.0,81.0,82.0,80.0,80.0,73.0,60.0,73.0,40.0,42.0,43.0,50.0,63.0,60.0,75.0,41.0,66.0,74.0,78.0,65.0,66.0,45.0,82.0,85.0,80.0,78.0,65.0,72.0,60.0,69.0,34.0,28.0,42.0,73.0
Justin Minaya,POR,4,0,4,0.0,22.2,1.8,5.8,0.304,0.8,3.0,0.25,0.0,0.3,0.0,0.8,3.0,3.8,1.0,1.0,0.5,1.3,0.0,2.3,0.3,4.3,-5.0,278,107.3,108.2,108.2,120.2,120.2,120.2,-12.9,-12.0,-12.0,0.056,1.0,12.9,0.03,0.135,0.08,12.9,12.7,0.37,0.363,0.123,0.128,105.5,105.08,87.56,105.08,0.022,196,7,23,1.8,5.8,2023,69.0,55.0,70.0,77.0,50.0,70.0,50.0,64.0,35.0,55.0,44.0,47.0,47.0,37.0,85.0,62.0,69.0,69.0,59.0,72.0,52.0,60.0,70.0,55.0,75.0,85.0,80.0,81.0,65.0,70.0,65.0,65.0,37.0,48.0,55.0,70.5
Justise Winslow,POR,29,15,14,0.517,26.8,2.8,6.8,0.409,0.5,1.6,0.311,0.7000000000000001,1.0,0.714,1.7,3.3,5.0,3.4,1.5,1.0,0.4,0.4,3.1,0.9,6.8,-1.3,348,110.6,109.8,109.8,110.8,112.3,112.3,-0.1,-2.6,-2.6,0.177,2.28,27.8,0.062,0.123,0.093,12.2,12.2,0.444,0.466,0.139,0.142,99.22,98.9,82.42,98.9,0.063,1600,81,198,2.8,6.8,2023,74.0,72.0,52.0,74.0,71.0,65.0,50.0,70.0,40.0,70.0,42.0,44.0,48.0,62.0,87.0,63.0,79.0,56.0,52.0,77.0,78.0,70.0,75.0,65.0,74.0,90.0,80.0,82.0,75.0,74.0,73.0,64.0,65.0,61.0,60.0,77.5
Kai Jones,CHA,46,13,33,0.283,11.9,1.5,2.6,0.558,0.1,0.4,0.211,0.4,0.6000000000000001,0.731,0.8,1.9,2.7,0.3,0.7000000000000001,0.4,0.7000000000000001,0.2,1.4,0.5,3.4,-0.7000000000000001,463,105.8,105.3,105.3,108.7,108.4,108.4,-2.8,-3.1,-3.1,0.041,0.48,8.6,0.065,0.146,0.106,17.7,17.5,0.5750000000000001,0.597,0.121,0.127,101.71,102.09,85.08,102.09,0.073,1171,67,120,1.5,2.6,2023,72.0,68.0,69.0,69.0,69.0,60.0,60.0,64.0,80.0,80.0,41.0,40.0,40.0,42.0,37.0,78.0,47.0,43.0,83.0,84.0,67.0,65.0,66.0,65.0,69.0,84.0,75.0,80.0,38.0,35.0,57.0,48.0,27.0,66.0,68.0,65.5
Karl-Anthony Towns,MIN,29,15,14,0.517,33.0,7.3,14.8,0.495,2.1,5.7,0.366,4.1,4.7,0.874,1.7,6.5,8.1,4.8,3.0,0.7000000000000001,0.6000000000000001,0.7000000000000001,3.8,4.6,20.8,1.3,66,110.0,111.2,111.2,108.8,109.4,109.4,1.2,1.8,1.8,0.225,1.63,19.6,0.05,0.181,0.118,12.1,12.1,0.5650000000000001,0.618,0.25,0.253,103.53,102.72,85.6,102.72,0.138,2049,212,428,7.3,14.8,2023,85.0,97.0,94.0,79.0,89.0,80.0,90.0,78.0,90.0,75.0,85.0,84.0,85.0,70.0,98.0,69.0,50.0,38.0,57.0,79.0,55.0,55.0,76.0,87.0,70.0,98.0,80.0,82.0,60.0,65.0,66.0,79.0,71.0,53.0,78.0,68.5
Kawhi Leonard,LAC,52,33,19,0.635,33.6,8.6,16.8,0.512,2.0,4.8,0.416,4.7,5.4,0.871,1.1,5.4,6.5,3.9,1.7,1.4,0.5,0.5,1.6,4.1,23.8,4.2,72,117.4,118.2,118.2,111.8,112.1,112.1,5.5,6.1,6.1,0.19,2.32,15.9,0.034,0.16,0.098,6.9,6.8,0.5720000000000001,0.623,0.267,0.273,99.15,98.65,82.21,98.65,0.159,3592,446,871,8.6,16.8,2023,94.0,97.0,88.0,85.0,88.0,95.0,95.0,90.0,55.0,80.0,65.0,88.0,89.0,66.0,98.0,79.0,96.0,80.0,53.0,95.0,90.0,95.0,84.0,79.0,79.0,87.0,85.0,82.0,79.0,86.0,83.0,78.0,69.0,44.0,68.0,90.0
Keegan Murray,SAC,80,47,33,0.588,29.8,4.4,9.8,0.453,2.6,6.3,0.411,0.8,1.0,0.765,1.1,3.5,4.6,1.2,0.8,0.8,0.5,0.5,2.0,1.0,12.2,1.2,34,118.1,118.8,118.8,116.0,117.1,117.1,2.1,1.7,1.7,0.053,1.63,10.1,0.038,0.123,0.08,6.2,6.1,0.584,0.597,0.156,0.159,102.0,101.2,84.34,101.2,0.073,5028,354,782,4.4,9.8,2023,80.0,77.0,72.0,84.0,78.0,85.0,85.0,77.0,60.0,80.0,69.0,69.0,69.0,65.0,80.0,68.0,69.0,41.0,56.0,64.0,68.0,65.0,76.0,60.0,79.0,85.0,86.0,80.0,65.0,70.0,73.0,66.0,30.0,46.0,63.0,75.5
Keita Bates-Diop,SAS,67,18,49,0.269,21.7,3.5,6.9,0.508,0.8,2.1,0.394,1.8,2.2,0.793,1.0,2.7,3.7,1.5,0.8,0.7000000000000001,0.3,0.6000000000000001,0.9,1.4,9.7,-4.0,253,107.5,108.1,108.1,116.2,116.6,116.6,-8.7,-8.5,-8.5,0.099,1.84,15.0,0.042,0.13,0.084,8.2,8.1,0.5680000000000001,0.609,0.165,0.169,103.68,103.18,85.98,103.18,0.099,3122,236,465,3.5,6.9,2023,76.0,85.0,74.0,81.0,79.0,80.0,80.0,77.0,55.0,65.0,54.0,63.0,60.0,50.0,70.0,63.0,63.0,46.0,51.0,60.0,60.0,35.0,77.0,60.0,72.0,80.0,70.0,76.0,58.0,66.0,66.0,56.0,37.0,51.0,60.0,75.5
Keldon Johnson,SAS,63,17,46,0.27,32.8,8.0,17.7,0.452,2.1,6.5,0.329,3.9,5.2,0.749,0.9,4.2,5.0,2.9,2.1,0.7000000000000001,0.2,1.0,2.0,3.6,22.0,-7.8,58,107.8,110.2,110.2,119.9,121.4,121.4,-12.2,-11.3,-11.3,0.137,1.37,11.8,0.025,0.133,0.076,8.6,8.5,0.512,0.551,0.273,0.278,103.49,101.73,84.78,101.73,0.103,4374,503,1113,8.0,17.7,2023,80.0,86.0,76.0,80.0,75.0,98.0,98.0,87.0,65.0,75.0,59.0,62.0,62.0,84.0,95.0,67.0,76.0,38.0,37.0,69.0,64.0,65.0,76.0,70.0,71.0,90.0,95.0,80.0,74.0,79.0,73.0,74.0,51.0,38.0,62.0,76.5
Kelly Olynyk,UTA,68,28,40,0.412,28.6,4.1,8.2,0.499,1.4,3.5,0.394,2.9,3.4,0.853,1.2,5.0,6.2,3.7,2.5,0.9,0.5,0.4,3.4,3.8,12.5,0.2,154,114.3,116.4,116.4,114.5,116.0,116.0,-0.2,0.4,0.4,0.173,1.5,23.4,0.042,0.164,0.105,15.6,15.6,0.583,0.643,0.176,0.178,102.52,100.9,84.09,100.9,0.1,4080,278,557,4.1,8.2,2023,79.0,95.0,71.0,83.0,85.0,98.0,90.0,75.0,70.0,60.0,79.0,79.0,79.0,79.0,78.0,70.0,50.0,43.0,56.0,66.0,45.0,65.0,31.0,70.0,55.0,89.0,90.0,82.0,60.0,42.0,25.0,66.0,63.0,48.0,69.0,34.0
Kelly Oubre Jr.,CHA,48,16,32,0.333,32.2,7.4,17.1,0.431,2.3,7.1,0.319,3.3,4.3,0.76,1.4,3.8,5.2,1.1,1.3,1.4,0.4,1.1,2.9,3.9,20.3,-5.8,52,106.0,107.6,107.6,113.9,115.3,115.3,-7.9,-7.7,-7.7,0.057,0.84,5.3,0.038,0.121,0.077,6.3,6.2,0.497,0.534,0.257,0.264,103.33,101.92,84.94,101.92,0.094,3275,353,819,7.4,17.1,2023,80.0,73.0,85.0,77.0,76.0,98.0,98.0,79.0,40.0,84.0,45.0,53.0,52.0,84.0,88.0,49.0,74.0,59.0,50.0,70.0,75.0,55.0,72.0,58.0,95.0,90.0,75.0,84.0,73.0,78.0,69.0,80.0,30.0,47.0,57.0,79.0
Kendall Brown,IND,6,1,5,0.167,6.7,0.7000000000000001,1.2,0.5710000000000001,0.0,0.2,0.0,0.2,0.3,0.5,0.3,0.7000000000000001,1.0,0.5,0.3,0.7000000000000001,0.0,0.2,1.5,0.3,1.5,0.7000000000000001,492,108.1,107.2,107.2,98.7,99.0,99.0,9.4,8.2,8.2,0.091,1.5,23.1,0.051,0.089,0.071,15.4,15.5,0.5710000000000001,0.5710000000000001,0.093,0.095,117.62,117.93,98.28,117.93,0.04,97,4,7,0.7000000000000001,1.2,2023,69.0,70.0,68.0,73.0,69.0,80.0,40.0,67.0,57.0,80.0,39.0,38.0,40.0,34.0,80.0,59.0,68.0,55.0,52.0,65.0,65.0,60.0,74.0,44.0,84.0,85.0,81.0,80.0,70.0,71.0,67.0,69.0,50.0,39.0,47.0,71.0
Kendrick Nunn,WAS,70,30,40,0.429,13.8,2.7,6.4,0.424,1.1,3.2,0.354,0.5,0.6000000000000001,0.854,0.2,1.3,1.6,1.3,0.9,0.4,0.1,0.4,0.9,0.5,7.1,-0.8,198,110.3,110.3,110.3,113.2,112.6,112.6,-2.9,-2.3,-2.3,0.137,1.36,14.5,0.015,0.09,0.054,10.6,10.6,0.512,0.53,0.227,0.235,103.75,104.1,86.75,104.1,0.076,2087,191,450,2.7,6.4,2023,75.0,80.0,84.0,77.0,92.0,95.0,80.0,89.0,25.0,75.0,42.0,47.0,40.0,37.0,75.0,35.0,62.0,40.0,35.0,57.0,57.0,45.0,75.0,55.0,76.0,95.0,70.0,82.0,70.0,82.0,69.0,72.0,48.0,34.0,49.0,72.0
Kenneth Lofton Jr.,MEM,24,15,9,0.625,7.3,2.0,3.9,0.527,0.3,0.7000000000000001,0.353,0.7000000000000001,1.1,0.593,0.8,1.3,2.1,0.8,0.5,0.2,0.1,0.2,1.2,0.9,5.0,-2.0,415,103.5,103.3,103.3,117.6,116.7,116.7,-14.2,-13.4,-13.4,0.198,1.67,14.7,0.097,0.198,0.143,8.8,8.8,0.559,0.5720000000000001,0.267,0.279,99.49,99.98,83.32,99.98,0.129,367,49,93,2.0,3.9,2023,72.0,83.0,74.0,70.0,67.0,60.0,50.0,74.0,55.0,75.0,70.0,68.0,70.0,50.0,80.0,57.0,38.0,41.0,50.0,57.0,52.0,50.0,64.0,82.0,70.0,85.0,90.0,80.0,60.0,62.0,58.0,64.0,66.0,77.0,73.0,60.5
Kenrich Williams,OKC,53,26,27,0.491,22.8,3.4,6.5,0.517,0.9,2.5,0.373,0.3,0.7000000000000001,0.436,1.8,3.1,4.9,2.0,0.6000000000000001,0.8,0.3,0.2,2.1,1.3,8.0,1.4,231,113.1,113.3,113.3,108.6,109.2,109.2,4.5,4.1,4.1,0.117,3.28,21.0,0.075,0.137,0.105,6.4,6.4,0.59,0.585,0.134,0.138,102.2,101.85,84.88,101.85,0.096,2546,179,346,3.4,6.5,2023,77.0,84.0,84.0,83.0,53.0,75.0,80.0,79.0,40.0,65.0,40.0,52.0,54.0,55.0,90.0,62.0,63.0,46.0,51.0,60.0,60.0,45.0,66.0,63.0,72.0,80.0,90.0,80.0,69.0,69.0,63.0,69.0,44.0,67.0,63.0,70.5
Kentavious Caldwell-Pope,DEN,76,51,25,0.671,31.3,3.8,8.3,0.462,1.8,4.2,0.423,1.4,1.6,0.8240000000000001,0.5,2.3,2.7,2.4,1.1,1.5,0.5,0.1,1.9,1.9,10.8,6.5,100,120.1,121.4,121.4,110.8,111.5,111.5,9.4,9.8,9.8,0.092,2.13,19.3,0.016,0.074,0.046,9.1,9.0,0.5690000000000001,0.598,0.136,0.139,101.48,100.61,83.84,100.61,0.066,4992,292,632,3.8,8.3,2023,78.0,87.0,84.0,87.0,84.0,75.0,70.0,76.0,35.0,73.0,35.0,58.0,35.0,40.0,90.0,45.0,84.0,70.0,52.0,82.0,82.0,80.0,85.0,60.0,69.0,92.0,85.0,84.0,75.0,75.0,80.0,82.0,39.0,33.0,45.0,83.0
Keon Ellis,SAC,16,7,9,0.438,4.4,0.4,1.0,0.438,0.4,0.8,0.5,0.3,0.4,0.5710000000000001,0.3,0.3,0.5,0.4,0.1,0.3,0.1,0.0,0.6000000000000001,0.3,1.5,-1.3,381,100.6,98.0,98.0,112.3,112.2,112.2,-11.7,-14.3,-14.3,0.136,6.0,23.1,0.056,0.063,0.06,3.8,3.8,0.625,0.629,0.124,0.131,98.27,99.57,82.98,99.57,0.067,147,7,16,0.4,1.0,2023,68.0,70.0,70.0,74.0,84.0,50.0,35.0,73.0,25.0,65.0,27.0,40.0,38.0,54.0,78.0,29.0,60.0,60.0,53.0,50.0,68.0,40.0,81.0,39.0,79.0,85.0,70.0,80.0,64.0,74.0,77.0,65.0,47.0,37.0,53.0,75.0
Keon Johnson,POR,40,13,27,0.325,10.4,1.7,4.5,0.376,0.7000000000000001,2.0,0.346,0.7000000000000001,1.0,0.659,0.3,0.8,1.1,1.5,1.1,0.5,0.2,0.2,1.1,0.8,4.7,-3.8,295,103.6,103.2,103.2,120.4,119.3,119.3,-16.8,-16.2,-16.2,0.226,1.37,19.7,0.025,0.086,0.054,14.4,14.4,0.455,0.482,0.237,0.244,102.06,102.72,85.6,102.72,0.059,887,67,178,1.7,4.5,2023,71.0,66.0,68.0,76.0,71.0,60.0,35.0,70.0,35.0,85.0,35.0,35.0,35.0,45.0,80.0,45.0,70.0,76.0,56.0,69.0,68.0,65.0,97.0,40.0,98.0,88.0,85.0,80.0,75.0,72.0,84.0,70.0,51.0,41.0,56.0,90.0
Kessler Edwards,SAC,36,17,19,0.472,10.7,1.0,2.6,0.387,0.5,1.5,0.309,0.3,0.4,0.733,0.6000000000000001,1.1,1.7,0.6000000000000001,0.4,0.4,0.2,0.1,1.1,0.4,2.8,0.1,350,119.7,118.0,118.0,115.0,115.8,115.8,4.7,2.2,2.2,0.073,1.77,16.9,0.059,0.102,0.08,9.6,9.6,0.478,0.502,0.119,0.123,101.86,102.22,85.18,102.22,0.044,816,36,93,1.0,2.6,2023,71.0,64.0,72.0,79.0,80.0,70.0,75.0,68.0,60.0,65.0,50.0,50.0,50.0,45.0,80.0,59.0,75.0,37.0,42.0,74.0,75.0,75.0,72.0,77.0,70.0,80.0,75.0,80.0,50.0,64.0,59.0,64.0,30.0,50.0,52.0,73.0
Kevin Durant,PHX,47,34,13,0.723,35.6,10.3,18.3,0.56,2.0,4.9,0.404,6.5,7.1,0.919,0.4,6.3,6.7,5.0,3.3,0.7000000000000001,1.4,0.5,2.1,5.8,29.1,5.5,77,116.6,117.1,117.1,107.8,110.3,110.3,8.9,6.8,6.8,0.228,1.51,17.0,0.012,0.166,0.096,11.3,11.1,0.614,0.677,0.305,0.313,100.39,99.0,82.5,99.0,0.185,3458,483,862,10.3,18.3,2023,96.0,98.0,98.0,87.0,92.0,98.0,98.0,95.0,60.0,85.0,74.0,86.0,86.0,96.0,98.0,75.0,85.0,54.0,75.0,85.0,75.0,85.0,80.0,63.0,77.0,94.0,85.0,88.0,78.0,92.0,80.0,88.0,72.0,44.0,74.0,82.5
Kevin Huerter,SAC,75,44,31,0.587,29.4,5.6,11.5,0.485,2.7,6.8,0.402,1.3,1.7,0.725,0.6000000000000001,2.8,3.3,2.9,1.3,1.1,0.3,0.3,2.4,1.3,15.2,3.0,24,119.4,121.0,121.0,115.9,116.6,116.6,3.5,4.5,4.5,0.137,2.28,17.9,0.02,0.1,0.06,7.9,7.8,0.603,0.617,0.197,0.2,101.39,100.39,83.66,100.39,0.091,4614,420,866,5.6,11.5,2023,80.0,94.0,82.0,87.0,71.0,98.0,90.0,84.0,30.0,65.0,25.0,58.0,35.0,70.0,90.0,44.0,64.0,49.0,45.0,63.0,64.0,60.0,84.0,50.0,75.0,85.0,85.0,83.0,74.0,79.0,72.0,76.0,53.0,36.0,50.0,75.0
Kevin Love,MIA,62,35,27,0.5650000000000001,20.0,2.7,6.8,0.389,1.6,4.8,0.334,1.3,1.5,0.879,1.0,5.5,6.4,1.9,1.1,0.3,0.2,0.1,1.6,1.8,8.2,1.8,121,113.1,113.7,113.7,110.3,109.8,109.8,2.8,3.9,3.9,0.131,1.66,17.9,0.05,0.287,0.168,10.8,10.8,0.506,0.548,0.185,0.189,99.23,99.14,82.62,99.14,0.115,2564,165,424,2.7,6.8,2023,76.0,94.0,77.0,77.0,88.0,60.0,45.0,72.0,70.0,50.0,77.0,84.0,84.0,50.0,95.0,69.0,50.0,31.0,47.0,75.0,57.0,50.0,66.0,77.0,70.0,75.0,96.0,77.0,65.0,52.0,33.0,77.0,49.0,51.0,95.0,46.0
Kevin Porter Jr.,HOU,59,18,41,0.305,34.3,6.6,15.0,0.442,2.4,6.5,0.366,3.5,4.5,0.784,1.3,4.0,5.3,5.7,3.2,1.4,0.3,1.1,2.6,3.3,19.2,-5.8,46,109.2,111.2,111.2,118.6,119.5,119.5,-9.4,-8.3,-8.3,0.26,1.8,22.3,0.036,0.117,0.075,12.4,12.3,0.522,0.5650000000000001,0.239,0.246,101.13,99.8,83.17,99.8,0.112,4211,391,884,6.6,15.0,2023,81.0,86.0,85.0,80.0,78.0,95.0,90.0,84.0,40.0,80.0,25.0,62.0,44.0,79.0,95.0,44.0,69.0,56.0,47.0,64.0,60.0,40.0,85.0,52.0,75.0,88.0,80.0,80.0,82.0,82.0,83.0,82.0,73.0,46.0,59.0,80.0
Kevon Harris,ORL,34,12,22,0.353,13.4,1.4,3.1,0.439,0.5,1.3,0.372,0.9,1.2,0.756,0.8,1.2,2.1,0.5,0.6000000000000001,0.5,0.1,0.3,1.6,1.1,4.1,0.0,351,108.5,110.0,110.0,108.3,109.7,109.7,0.2,0.3,0.3,0.049,0.76,10.0,0.057,0.092,0.074,13.1,13.0,0.514,0.5640000000000001,0.129,0.134,102.2,100.87,84.06,100.87,0.051,959,47,107,1.4,3.1,2023,69.0,75.0,72.0,80.0,85.0,70.0,60.0,75.0,40.0,75.0,33.0,56.0,45.0,49.0,79.0,60.0,62.0,53.0,47.0,45.0,60.0,45.0,71.0,58.0,78.0,85.0,84.0,80.0,64.0,69.0,69.0,65.0,29.0,63.0,50.0,67.5
Kevon Looney,GSW,82,44,38,0.537,23.9,3.0,4.7,0.63,0.0,0.0,0.0,1.1,1.9,0.606,3.3,5.9,9.3,2.5,0.5,0.6000000000000001,0.6000000000000001,0.4,2.7,1.5,7.0,1.9,492,116.9,116.4,116.4,111.5,112.0,112.0,5.4,4.4,4.4,0.136,4.6,29.4,0.135,0.234,0.185,6.4,6.4,0.63,0.639,0.104,0.107,102.65,102.64,85.53,102.64,0.116,4174,242,384,3.0,4.7,2023,79.0,96.0,49.0,69.0,59.0,88.0,70.0,78.0,75.0,70.0,55.0,52.0,62.0,52.0,66.0,72.0,46.0,40.0,63.0,74.0,64.0,65.0,58.0,74.0,63.0,85.0,96.0,84.0,55.0,61.0,48.0,66.0,52.0,91.0,88.0,65.5
Khem Birch,SAS,20,9,11,0.45,8.1,1.0,1.6,0.594,0.1,0.1,0.5,0.2,0.3,0.8,0.4,0.9,1.3,0.4,0.4,0.3,0.3,0.1,1.2,0.3,2.2,0.3,475,110.9,110.6,110.6,107.4,107.8,107.8,3.5,2.8,2.8,0.063,0.88,14.3,0.051,0.118,0.083,16.3,16.3,0.609,0.629,0.113,0.118,98.12,98.02,81.68,98.02,0.05,329,19,32,1.0,1.6,2023,74.0,89.0,68.0,55.0,73.0,75.0,60.0,69.0,85.0,70.0,61.0,60.0,60.0,64.0,85.0,77.0,48.0,43.0,71.0,79.0,60.0,65.0,71.0,73.0,78.0,82.0,90.0,83.0,25.0,32.0,34.0,40.0,31.0,51.0,57.0,62.0
Khris Middleton,MIL,33,25,8,0.758,24.3,5.4,12.3,0.436,1.5,4.9,0.315,2.8,3.1,0.902,0.8,3.4,4.2,4.9,2.2,0.7000000000000001,0.2,0.6000000000000001,2.1,2.6,15.1,4.0,126,114.9,114.9,114.9,108.8,108.8,108.8,6.1,6.1,6.1,0.288,2.3,24.1,0.034,0.122,0.08,10.5,10.4,0.499,0.551,0.259,0.27,105.37,105.32,87.77,105.32,0.123,1768,177,406,5.4,12.3,2023,85.0,90.0,90.0,83.0,90.0,85.0,80.0,84.0,40.0,65.0,67.0,80.0,83.0,65.0,85.0,72.0,84.0,43.0,40.0,83.0,80.0,80.0,71.0,73.0,66.0,92.0,80.0,90.0,78.0,77.0,71.0,78.0,75.0,43.0,60.0,78.0
Killian Hayes,DET,76,16,60,0.211,28.3,4.0,10.7,0.377,1.1,3.8,0.28,1.2,1.5,0.8210000000000001,0.4,2.5,2.9,6.2,2.3,1.4,0.4,0.4,2.9,1.7,10.3,-6.6,206,105.4,106.7,106.7,116.9,117.6,117.6,-11.6,-10.9,-10.9,0.325,2.72,31.3,0.012,0.092,0.051,11.5,11.5,0.426,0.455,0.201,0.206,101.17,100.24,83.53,100.24,0.075,4494,307,815,4.0,10.7,2023,75.0,78.0,84.0,70.0,79.0,75.0,65.0,74.0,25.0,60.0,35.0,55.0,60.0,45.0,85.0,49.0,73.0,76.0,51.0,69.0,70.0,65.0,79.0,56.0,70.0,89.0,85.0,83.0,82.0,83.0,75.0,84.0,78.0,31.0,50.0,78.0
Kira Lewis Jr.,NOP,25,11,14,0.44,9.4,1.6,3.5,0.455,0.6000000000000001,1.4,0.441,0.8,0.9,0.864,0.2,1.1,1.3,0.9,0.4,0.4,0.1,0.4,1.0,0.6000000000000001,4.6,2.5,317,113.7,115.2,115.2,103.4,104.0,104.0,10.4,11.2,11.2,0.137,2.3,17.6,0.021,0.109,0.067,7.6,7.7,0.54,0.584,0.192,0.196,102.6,101.62,84.68,101.62,0.096,500,40,88,1.6,3.5,2023,73.0,78.0,66.0,78.0,80.0,65.0,70.0,73.0,25.0,45.0,25.0,45.0,32.0,50.0,86.0,34.0,67.0,41.0,40.0,68.0,65.0,40.0,92.0,49.0,70.0,85.0,80.0,84.0,75.0,86.0,82.0,75.0,52.0,36.0,67.0,84.0
Klay Thompson,GSW,69,38,31,0.551,33.0,7.9,18.1,0.436,4.4,10.6,0.412,1.7,1.9,0.879,0.6000000000000001,3.6,4.1,2.4,1.8,0.7000000000000001,0.4,0.5,1.9,1.3,21.9,2.4,2,114.7,115.4,115.4,111.4,112.6,112.6,3.2,2.9,2.9,0.105,1.33,10.2,0.017,0.101,0.06,7.7,7.7,0.556,0.5760000000000001,0.256,0.261,104.86,103.95,86.63,103.95,0.1,4945,546,1252,7.9,18.1,2023,85.0,90.0,86.0,93.0,88.0,98.0,98.0,75.0,35.0,65.0,35.0,65.0,64.0,36.0,90.0,70.0,87.0,37.0,51.0,85.0,86.0,85.0,71.0,62.0,67.0,91.0,85.0,94.0,77.0,76.0,71.0,77.0,43.0,35.0,54.0,80.5
Kris Dunn,UTA,22,8,14,0.364,25.8,5.3,9.8,0.537,0.8,1.6,0.472,1.9,2.4,0.774,0.4,4.1,4.5,5.6,1.6,1.1,0.5,0.7000000000000001,2.6,2.0,13.2,-2.8,276,109.7,111.6,111.6,114.9,115.9,115.9,-5.2,-4.3,-4.3,0.315,3.54,31.2,0.015,0.148,0.082,8.8,8.8,0.5760000000000001,0.606,0.195,0.198,106.56,105.21,87.68,105.21,0.133,1240,116,216,5.3,9.8,2023,76.0,84.0,79.0,65.0,74.0,70.0,60.0,70.0,40.0,55.0,39.0,60.0,42.0,44.0,80.0,40.0,85.0,90.0,55.0,83.0,93.0,80.0,83.0,56.0,83.0,85.0,75.0,84.0,75.0,86.0,82.0,84.0,80.0,37.0,68.0,84.5
Kyle Anderson,MIN,69,36,33,0.522,28.4,3.7,7.2,0.509,0.6000000000000001,1.5,0.41,1.4,2.0,0.735,1.0,4.4,5.3,4.9,1.5,1.1,0.9,0.3,2.1,1.9,9.4,1.3,312,113.0,113.9,113.9,111.0,111.7,111.7,2.0,2.3,2.3,0.225,3.25,33.8,0.035,0.152,0.095,10.4,10.4,0.553,0.583,0.143,0.145,102.41,101.66,84.72,101.66,0.108,4143,252,495,3.7,7.2,2023,77.0,97.0,71.0,81.0,74.0,95.0,80.0,79.0,55.0,45.0,45.0,48.0,41.0,49.0,70.0,60.0,79.0,56.0,67.0,78.0,75.0,75.0,66.0,62.0,66.0,85.0,64.0,83.0,78.0,81.0,65.0,79.0,70.0,42.0,69.0,73.5
Kyle Kuzma,WAS,64,29,35,0.453,35.0,8.0,17.8,0.448,2.5,7.5,0.333,2.7,3.7,0.73,0.9,6.4,7.2,3.7,3.0,0.6000000000000001,0.5,0.9,2.3,2.8,21.2,0.2,38,111.9,112.9,112.9,112.0,112.6,112.6,-0.1,0.3,0.3,0.164,1.26,14.3,0.025,0.172,0.102,11.4,11.3,0.518,0.544,0.273,0.279,101.16,100.4,83.67,100.4,0.109,4681,512,1142,8.0,17.8,2023,83.0,92.0,68.0,77.0,73.0,95.0,98.0,92.0,75.0,75.0,66.0,65.0,66.0,88.0,90.0,66.0,67.0,35.0,51.0,65.0,49.0,60.0,74.0,74.0,75.0,85.0,95.0,83.0,66.0,77.0,67.0,78.0,64.0,39.0,75.0,72.5
Kyle Lowry,MIA,55,30,25,0.545,31.2,3.6,8.8,0.404,1.9,5.6,0.345,2.1,2.5,0.859,0.8,3.3,4.1,5.1,1.9,1.0,0.4,0.4,2.6,2.5,11.2,1.0,84,110.1,112.4,112.4,109.3,111.3,111.3,0.7000000000000001,1.1,1.1,0.233,2.73,30.4,0.025,0.112,0.067,11.1,11.1,0.514,0.5650000000000001,0.162,0.166,99.03,97.13,80.94,97.13,0.089,3483,196,485,3.6,8.8,2023,76.0,97.0,75.0,78.0,85.0,70.0,50.0,70.0,25.0,25.0,38.0,44.0,40.0,45.0,95.0,68.0,84.0,49.0,51.0,83.0,81.0,80.0,84.0,67.0,72.0,96.0,97.0,79.0,80.0,86.0,84.0,80.0,71.0,38.0,57.0,85.0
Kyrie Irving,DAL,60,32,28,0.533,37.3,9.9,20.1,0.494,3.1,8.3,0.379,4.1,4.6,0.905,1.0,4.1,5.1,5.5,2.1,1.1,0.8,0.9,2.8,3.6,27.1,3.7,10,117.2,117.9,117.9,111.5,113.2,113.2,5.7,4.7,4.7,0.233,2.59,18.8,0.029,0.107,0.07,7.3,7.2,0.5720000000000001,0.613,0.286,0.293,99.5,98.47,82.06,98.47,0.146,4599,594,1203,9.9,20.1,2023,90.0,97.0,95.0,84.0,90.0,95.0,98.0,95.0,25.0,30.0,35.0,70.0,64.0,85.0,96.0,32.0,73.0,42.0,56.0,75.0,86.0,60.0,85.0,37.0,81.0,97.0,87.0,80.0,88.0,99.0,85.0,89.0,80.0,40.0,56.0,80.5
LaMelo Ball,CHA,36,13,23,0.361,35.2,8.2,20.0,0.411,4.0,10.6,0.376,2.8,3.4,0.843,1.2,5.3,6.4,8.4,3.6,1.3,0.3,0.8,3.3,3.1,23.3,-4.2,4,111.4,112.5,112.5,116.1,117.3,117.3,-4.7,-4.7,-4.7,0.352,2.36,25.3,0.031,0.147,0.087,10.8,10.7,0.51,0.541,0.289,0.294,105.43,104.37,86.97,104.37,0.122,2748,296,721,8.2,20.0,2023,86.0,80.0,80.0,81.0,86.0,98.0,98.0,88.0,45.0,75.0,52.0,58.0,52.0,82.0,98.0,45.0,70.0,53.0,47.0,79.0,89.0,75.0,84.0,50.0,79.0,93.0,89.0,82.0,94.0,88.0,84.0,94.0,90.0,41.0,65.0,83.5
Landry Shamet,PHX,40,19,21,0.475,20.2,2.8,7.5,0.377,1.9,5.0,0.377,1.1,1.3,0.882,0.3,1.4,1.7,2.3,0.9,0.7000000000000001,0.1,0.4,1.5,1.2,8.7,1.0,93,109.1,109.9,109.9,107.7,107.7,107.7,1.4,2.2,2.2,0.167,2.58,20.6,0.013,0.07,0.04,8.0,8.0,0.502,0.537,0.186,0.191,101.14,100.77,83.97,100.77,0.075,1694,113,300,2.8,7.5,2023,75.0,77.0,67.0,83.0,86.0,94.0,85.0,79.0,35.0,70.0,30.0,38.0,26.0,69.0,76.0,25.0,60.0,43.0,47.0,57.0,50.0,35.0,85.0,41.0,80.0,85.0,81.0,81.0,79.0,78.0,82.0,77.0,58.0,33.0,42.0,80.5
Larry Nance Jr.,NOP,65,34,31,0.523,21.2,2.9,4.7,0.61,0.2,0.6000000000000001,0.333,0.8,1.2,0.6960000000000001,1.6,3.8,5.4,1.8,0.6000000000000001,0.9,0.6000000000000001,0.2,2.0,1.4,6.8,2.8,426,114.3,114.1,114.1,106.8,107.4,107.4,7.5,6.7,6.7,0.117,2.83,23.8,0.081,0.184,0.133,8.4,8.4,0.633,0.649,0.118,0.121,100.9,100.69,83.91,100.69,0.11,2893,186,305,2.9,4.7,2023,77.0,96.0,74.0,79.0,68.0,80.0,60.0,72.0,85.0,85.0,58.0,54.0,69.0,60.0,78.0,68.0,48.0,59.0,67.0,75.0,89.0,55.0,65.0,69.0,86.0,88.0,85.0,83.0,69.0,64.0,49.0,70.0,44.0,67.0,78.0,60.5
Lauri Markkanen,UTA,66,32,34,0.485,34.4,8.7,17.3,0.499,3.0,7.7,0.391,5.3,6.0,0.875,2.0,6.7,8.6,1.9,1.9,0.6000000000000001,0.6000000000000001,1.0,2.1,4.5,25.6,2.5,12,115.0,117.4,117.4,112.0,113.6,113.6,2.9,3.8,3.8,0.086,0.97,7.9,0.055,0.183,0.12,8.2,8.1,0.586,0.64,0.259,0.265,102.82,101.06,84.22,101.06,0.154,4777,571,1145,8.7,17.3,2023,86.0,98.0,85.0,84.0,87.0,98.0,98.0,79.0,75.0,75.0,83.0,83.0,83.0,88.0,95.0,66.0,65.0,36.0,55.0,66.0,64.0,65.0,63.0,61.0,62.0,85.0,85.0,80.0,55.0,65.0,42.0,75.0,36.0,56.0,77.0,62.5
LeBron James,LAL,55,30,25,0.545,35.5,11.1,22.2,0.5,2.2,6.9,0.321,4.6,5.9,0.768,1.2,7.1,8.3,6.8,3.2,0.9,0.6000000000000001,0.9,1.6,5.0,28.9,3.9,56,114.6,115.6,115.6,110.9,111.0,111.0,3.7,4.6,4.6,0.308,2.11,19.8,0.033,0.191,0.114,9.4,9.3,0.549,0.583,0.322,0.332,103.66,103.11,85.93,103.11,0.172,4207,609,1219,11.1,22.2,2023,96.0,94.0,85.0,73.0,76.0,98.0,98.0,98.0,80.0,95.0,82.0,90.0,89.0,96.0,98.0,82.0,85.0,69.0,76.0,90.0,97.0,70.0,87.0,89.0,89.0,99.0,93.0,97.0,90.0,87.0,85.0,97.0,82.0,69.0,82.0,86.5
Lindell Wigginton,MIL,7,4,3,0.5710000000000001,12.4,2.6,5.3,0.486,0.9,2.6,0.333,1.1,1.3,0.889,0.0,1.0,1.0,2.0,1.7,0.0,0.3,0.3,1.0,1.9,7.1,-5.6,248,103.9,101.6,101.6,123.8,121.8,121.8,-19.9,-20.2,-20.2,0.264,1.17,20.9,0.0,0.077,0.04,17.9,17.9,0.5680000000000001,0.61,0.251,0.264,101.87,103.87,86.56,103.87,0.083,187,18,37,2.6,5.3,2023,70.0,67.0,68.0,78.0,69.0,70.0,65.0,79.0,30.0,60.0,25.0,40.0,25.0,50.0,75.0,27.0,68.0,40.0,37.0,68.0,67.0,50.0,75.0,44.0,72.0,84.0,71.0,84.0,69.0,75.0,74.0,70.0,71.0,33.0,53.0,73.5
Lindy Waters III,OKC,41,20,21,0.488,12.9,1.7,4.3,0.393,1.4,4.0,0.358,0.4,0.5,0.8,0.4,1.4,1.8,0.7000000000000001,0.2,0.3,0.3,0.1,1.0,0.3,5.2,3.3,144,114.4,115.2,115.2,105.8,104.8,104.8,8.6,10.5,10.5,0.071,2.8,12.6,0.028,0.103,0.065,4.5,4.4,0.556,0.5730000000000001,0.148,0.155,103.18,103.31,86.09,103.31,0.073,1150,70,178,1.7,4.3,2023,74.0,74.0,77.0,80.0,85.0,95.0,80.0,70.0,25.0,65.0,28.0,54.0,34.0,65.0,70.0,53.0,67.0,43.0,42.0,62.0,62.0,40.0,60.0,33.0,67.0,83.0,70.0,80.0,69.0,69.0,50.0,67.0,34.0,36.0,57.0,64.5
Lonnie Walker IV,LAL,56,27,29,0.482,23.2,4.2,9.4,0.448,1.6,4.4,0.365,1.6,1.9,0.858,0.3,1.7,1.9,1.1,0.8,0.5,0.3,0.4,1.3,1.2,11.7,-3.7,116,108.7,108.8,108.8,115.5,116.1,116.1,-6.7,-7.3,-7.3,0.071,1.39,9.4,0.011,0.069,0.041,6.7,6.7,0.534,0.5700000000000001,0.198,0.203,104.38,104.03,86.69,104.03,0.074,2810,236,527,4.2,9.4,2023,76.0,88.0,71.0,82.0,87.0,75.0,70.0,82.0,40.0,75.0,48.0,53.0,48.0,67.0,75.0,55.0,74.0,38.0,50.0,62.0,65.0,35.0,91.0,64.0,83.0,85.0,65.0,82.0,70.0,78.0,77.0,67.0,33.0,31.0,42.0,84.5
Luguentz Dort,OKC,74,36,38,0.486,30.7,4.6,11.8,0.388,1.8,5.5,0.33,2.7,3.5,0.772,1.7,2.9,4.6,2.1,1.2,1.0,0.3,0.7000000000000001,3.3,3.7,13.7,0.5,95,113.5,115.0,115.0,112.9,114.1,114.1,0.6000000000000001,0.9,0.9,0.09,1.67,12.5,0.053,0.092,0.072,7.5,7.5,0.466,0.513,0.194,0.197,104.21,102.98,85.81,102.98,0.062,4870,339,873,4.6,11.8,2023,78.0,58.0,80.0,78.0,78.0,90.0,75.0,86.0,50.0,85.0,40.0,38.0,44.0,60.0,72.0,52.0,83.0,46.0,50.0,82.0,82.0,80.0,79.0,70.0,87.0,92.0,94.0,80.0,62.0,72.0,76.0,62.0,39.0,51.0,50.0,82.0
Luka Garza,MIN,28,15,13,0.536,8.7,2.3,4.1,0.543,0.5,1.4,0.359,1.5,1.9,0.788,1.2,1.1,2.3,0.6000000000000001,0.5,0.1,0.1,0.3,1.5,1.3,6.5,0.6000000000000001,342,121.8,121.4,121.4,120.6,119.4,119.4,1.2,2.0,2.0,0.103,1.29,10.5,0.13,0.128,0.129,8.2,8.2,0.603,0.652,0.245,0.254,105.74,106.48,88.74,106.48,0.111,543,63,116,2.3,4.1,2023,73.0,82.0,70.0,81.0,70.0,85.0,85.0,69.0,60.0,45.0,69.0,69.0,69.0,59.0,85.0,54.0,30.0,31.0,35.0,52.0,56.0,30.0,40.0,69.0,48.0,80.0,85.0,80.0,55.0,35.0,34.0,55.0,42.0,91.0,61.0,36.0
Luka Samanic,UTA,7,2,5,0.286,23.0,3.7,8.1,0.456,1.1,4.4,0.258,1.3,1.9,0.6920000000000001,0.0,4.3,4.3,2.1,1.4,0.9,0.3,0.4,2.4,1.4,9.9,-0.9,194,109.1,109.6,109.6,108.8,111.3,111.3,0.4,-1.7,-1.7,0.115,1.5,17.0,0.0,0.161,0.09,11.4,11.4,0.526,0.55,0.193,0.194,107.13,105.66,88.05,105.66,0.079,354,26,57,3.7,8.1,2023,71.0,74.0,68.0,71.0,50.0,65.0,50.0,75.0,65.0,60.0,64.0,62.0,69.0,44.0,70.0,59.0,48.0,41.0,62.0,75.0,52.0,50.0,72.0,63.0,79.0,80.0,75.0,80.0,59.0,64.0,57.0,68.0,33.0,52.0,71.0,67.0
Luke Kennard,MEM,59,37,22,0.627,22.3,3.2,6.5,0.492,2.3,4.6,0.494,0.6000000000000001,0.7000000000000001,0.949,0.3,2.4,2.7,1.5,0.8,0.5,0.1,0.2,1.4,0.6000000000000001,9.3,3.6,51,116.5,116.5,116.5,109.2,109.1,109.1,7.3,7.3,7.3,0.091,1.98,17.1,0.012,0.104,0.059,8.6,8.6,0.666,0.684,0.144,0.149,100.24,100.32,83.6,100.32,0.089,2753,188,382,3.2,6.5,2023,77.0,89.0,83.0,92.0,94.0,85.0,90.0,75.0,30.0,60.0,28.0,50.0,35.0,49.0,95.0,35.0,51.0,40.0,32.0,50.0,50.0,45.0,69.0,40.0,60.0,92.0,85.0,80.0,76.0,78.0,66.0,79.0,37.0,29.0,53.0,66.5
Luke Kornet,BOS,69,45,24,0.652,11.7,1.6,2.5,0.665,0.0,0.2,0.231,0.5,0.6000000000000001,0.8210000000000001,1.2,1.6,2.9,0.8,0.4,0.2,0.7000000000000001,0.1,1.2,0.6000000000000001,3.8,0.9,480,113.2,111.8,111.8,108.2,107.9,107.9,5.0,3.9,3.9,0.093,2.12,20.0,0.106,0.125,0.116,9.4,9.4,0.674,0.6970000000000001,0.111,0.115,100.38,101.15,84.29,101.15,0.099,1692,113,170,1.6,2.5,2023,74.0,83.0,56.0,70.0,81.0,65.0,60.0,60.0,75.0,60.0,69.0,68.0,69.0,48.0,85.0,74.0,32.0,33.0,86.0,76.0,54.0,70.0,38.0,66.0,62.0,85.0,85.0,77.0,50.0,43.0,33.0,60.0,35.0,82.0,63.0,35.5
Mac McClung,PHI,2,2,0,1.0,20.5,4.5,10.0,0.45,2.0,5.5,0.364,1.5,2.5,0.6000000000000001,1.5,3.5,5.0,4.5,1.5,0.0,0.0,0.5,1.5,2.0,12.5,9.0,72,110.6,115.2,115.2,95.7,95.7,95.7,15.0,19.6,19.6,0.29,3.0,26.5,0.073,0.152,0.115,8.8,8.8,0.55,0.5630000000000001,0.243,0.245,109.75,107.53,89.61,107.53,0.139,92,9,20,4.5,10.0,2023,69.0,72.0,64.0,75.0,64.0,60.0,60.0,74.0,35.0,95.0,44.0,45.0,43.0,39.0,75.0,40.0,67.0,52.0,42.0,50.0,58.0,40.0,79.0,48.0,82.0,84.0,80.0,82.0,75.0,69.0,78.0,68.0,75.0,29.0,67.0,74.5
Malachi Flynn,TOR,53,29,24,0.547,13.0,1.6,4.6,0.36,0.9,2.5,0.353,0.5,0.6000000000000001,0.758,0.3,1.2,1.4,1.3,0.5,0.4,0.1,0.2,1.2,0.6000000000000001,4.6,-0.8,243,110.3,109.9,109.9,113.3,113.4,113.4,-3.1,-3.5,-3.5,0.145,2.8,19.9,0.019,0.097,0.054,7.1,7.1,0.457,0.479,0.168,0.174,98.89,99.05,82.54,99.05,0.056,1430,87,242,1.6,4.6,2023,73.0,89.0,67.0,81.0,83.0,84.0,80.0,84.0,25.0,25.0,25.0,37.0,25.0,69.0,73.0,27.0,69.0,43.0,37.0,69.0,68.0,55.0,73.0,44.0,65.0,83.0,70.0,82.0,74.0,76.0,73.0,73.0,59.0,38.0,50.0,74.5
Malaki Branham,SAS,66,15,51,0.227,23.5,4.1,9.3,0.44,1.2,3.9,0.302,0.9,1.1,0.8290000000000001,0.4,2.3,2.7,1.9,1.2,0.5,0.1,0.6000000000000001,1.7,0.9,10.2,-5.5,190,107.8,108.3,108.3,119.2,119.4,119.4,-11.4,-11.1,-11.1,0.112,1.67,15.0,0.017,0.098,0.057,9.0,9.0,0.503,0.524,0.188,0.193,104.65,104.36,86.96,104.36,0.065,3374,269,611,4.1,9.3,2023,76.0,97.0,88.0,74.0,82.0,80.0,85.0,74.0,60.0,75.0,47.0,44.0,49.0,62.0,95.0,45.0,63.0,38.0,37.0,54.0,52.0,45.0,82.0,55.0,75.0,86.0,70.0,80.0,59.0,69.0,74.0,59.0,45.0,35.0,51.0,79.5
Malcolm Brogdon,BOS,67,46,21,0.687,26.0,5.3,10.9,0.484,2.0,4.4,0.444,2.4,2.7,0.87,0.6000000000000001,3.6,4.2,3.7,1.5,0.7000000000000001,0.3,0.8,1.6,2.5,14.9,2.7,80,114.0,114.4,114.4,108.5,109.3,109.3,5.5,5.1,5.1,0.223,2.53,21.4,0.024,0.132,0.079,8.4,8.5,0.5740000000000001,0.615,0.223,0.228,100.45,99.91,83.25,99.91,0.133,3628,354,732,5.3,10.9,2023,83.0,88.0,97.0,89.0,88.0,80.0,85.0,87.0,40.0,70.0,44.0,45.0,40.0,92.0,92.0,65.0,77.0,40.0,47.0,77.0,74.0,65.0,77.0,56.0,72.0,93.0,95.0,84.0,89.0,86.0,77.0,92.0,70.0,37.0,63.0,78.5
Malik Beasley,LAL,81,45,36,0.556,25.8,4.6,11.6,0.395,2.9,8.1,0.357,0.6000000000000001,0.8,0.769,0.4,3.1,3.5,1.5,1.1,0.8,0.1,0.3,1.3,0.6000000000000001,12.7,-1.1,16,111.2,112.4,112.4,114.0,114.6,114.6,-2.8,-2.2,-2.2,0.086,1.38,10.6,0.016,0.116,0.066,7.7,7.6,0.52,0.531,0.207,0.212,102.97,102.18,85.15,102.18,0.079,4461,370,937,4.6,11.6,2023,76.0,91.0,73.0,79.0,80.0,95.0,80.0,80.0,45.0,78.0,63.0,65.0,41.0,50.0,76.0,48.0,66.0,43.0,35.0,60.0,54.0,45.0,75.0,55.0,79.0,93.0,85.0,84.0,69.0,79.0,68.0,70.0,36.0,34.0,56.0,75.0
Malik Monk,SAC,77,47,30,0.61,22.3,4.6,10.3,0.448,1.9,5.2,0.359,2.4,2.7,0.889,0.4,2.2,2.6,3.9,1.9,0.6000000000000001,0.3,0.7000000000000001,1.6,1.9,13.5,0.9,94,113.4,113.8,113.8,112.1,112.7,112.7,1.3,1.0,1.0,0.258,2.04,22.5,0.019,0.097,0.059,11.0,11.0,0.538,0.587,0.247,0.254,104.06,103.61,86.34,103.61,0.116,3724,357,796,4.6,10.3,2023,80.0,85.0,79.0,81.0,88.0,95.0,95.0,82.0,40.0,80.0,25.0,62.0,45.0,74.0,95.0,45.0,68.0,41.0,50.0,69.0,68.0,45.0,80.0,48.0,88.0,88.0,72.0,80.0,75.0,79.0,76.0,78.0,72.0,36.0,52.0,77.0
Mamadi Diakite,CLE,22,15,7,0.682,8.0,1.1,2.3,0.48,0.3,1.0,0.333,0.1,0.1,1.0,0.4,1.0,1.4,0.4,0.5,0.2,0.4,0.1,1.2,0.1,2.6,-0.4,404,105.6,104.6,104.6,104.5,103.9,103.9,1.1,0.7000000000000001,0.7000000000000001,0.07,0.67,11.3,0.051,0.133,0.093,16.9,16.9,0.55,0.56,0.164,0.17,95.24,95.93,79.94,95.93,0.057,346,24,50,1.1,2.3,2023,69.0,69.0,69.0,66.0,73.0,65.0,25.0,62.0,75.0,75.0,50.0,44.0,52.0,40.0,80.0,66.0,45.0,70.0,77.0,69.0,52.0,45.0,74.0,65.0,78.0,80.0,80.0,80.0,42.0,37.0,44.0,47.0,33.0,56.0,72.0,66.5
MarJon Beauchamp,MIL,52,34,18,0.654,13.5,1.8,4.7,0.395,0.9,2.7,0.331,0.5,0.7000000000000001,0.73,0.7000000000000001,1.5,2.2,0.7000000000000001,0.9,0.4,0.1,0.3,1.4,0.5,5.1,-1.9,237,107.4,105.8,105.8,113.3,112.9,112.9,-6.0,-7.2,-7.2,0.072,0.78,10.3,0.05,0.103,0.076,13.2,13.3,0.492,0.513,0.175,0.181,102.11,103.07,85.89,103.07,0.051,1510,96,243,1.8,4.7,2023,72.0,72.0,76.0,77.0,78.0,50.0,70.0,75.0,40.0,70.0,29.0,42.0,44.0,40.0,74.0,54.0,69.0,49.0,35.0,65.0,69.0,45.0,76.0,52.0,82.0,89.0,70.0,80.0,65.0,70.0,70.0,67.0,32.0,58.0,52.0,75.0
Marcus Morris Sr.,LAC,65,35,30,0.538,28.1,4.2,9.9,0.426,1.7,4.7,0.365,1.0,1.3,0.782,0.4,3.5,4.0,1.8,0.9,0.6000000000000001,0.3,0.2,2.1,1.1,11.2,-0.2,106,112.6,113.7,113.7,113.4,113.9,113.9,-0.7000000000000001,-0.3,-0.3,0.09,2.04,13.5,0.017,0.127,0.073,6.6,6.6,0.513,0.534,0.176,0.18,98.71,98.01,81.67,98.01,0.072,3724,274,643,4.2,9.9,2023,76.0,94.0,79.0,81.0,78.0,65.0,60.0,70.0,55.0,70.0,68.0,67.0,67.0,64.0,84.0,64.0,68.0,40.0,51.0,70.0,61.0,60.0,73.0,75.0,69.0,94.0,80.0,86.0,60.0,60.0,49.0,44.0,37.0,33.0,61.0,61.0
Marcus Smart,BOS,61,43,18,0.705,32.1,4.1,9.9,0.415,1.9,5.6,0.336,1.4,1.9,0.746,0.8,2.4,3.1,6.3,2.3,1.5,0.4,0.3,2.8,2.9,11.5,3.9,92,117.3,118.1,118.1,110.7,111.7,111.7,6.6,6.3,6.3,0.256,2.67,32.4,0.024,0.073,0.049,12.1,12.1,0.511,0.538,0.176,0.178,101.49,100.71,83.92,100.71,0.076,4097,250,602,4.1,9.9,2023,82.0,87.0,66.0,78.0,76.0,45.0,50.0,74.0,25.0,50.0,25.0,58.0,78.0,27.0,70.0,74.0,96.0,80.0,47.0,90.0,92.0,95.0,75.0,73.0,83.0,89.0,90.0,83.0,75.0,74.0,74.0,75.0,73.0,37.0,45.0,89.0
Mark Williams,CHA,43,18,25,0.419,19.3,3.7,5.8,0.637,0.0,0.0,0.0,1.6,2.3,0.6910000000000001,2.2,4.9,7.1,0.4,0.9,0.7000000000000001,1.0,0.5,2.2,1.8,9.0,-1.8,492,105.5,105.6,105.6,108.6,110.3,110.3,-3.0,-4.7,-4.7,0.033,0.45,5.1,0.106,0.232,0.17,11.4,11.4,0.637,0.659,0.168,0.172,103.18,102.35,85.29,102.35,0.133,1767,160,251,3.7,5.8,2023,77.0,72.0,53.0,36.0,73.0,70.0,55.0,75.0,85.0,75.0,60.0,60.0,60.0,73.0,85.0,79.0,44.0,70.0,89.0,75.0,60.0,65.0,65.0,73.0,75.0,85.0,88.0,80.0,44.0,35.0,32.0,52.0,27.0,79.0,89.0,56.5
Markelle Fultz,ORL,60,29,31,0.483,29.6,5.8,11.3,0.514,0.5,1.5,0.31,1.9,2.4,0.783,1.2,2.8,3.9,5.7,2.3,1.5,0.4,0.7000000000000001,2.2,1.9,14.0,-2.2,355,109.2,110.3,110.3,112.9,114.0,114.0,-3.7,-3.7,-3.7,0.29,2.45,27.9,0.038,0.095,0.066,11.4,11.4,0.534,0.5640000000000001,0.208,0.211,102.27,101.23,84.36,101.23,0.111,3753,349,679,5.8,11.3,2023,80.0,94.0,81.0,74.0,80.0,90.0,90.0,90.0,30.0,75.0,42.0,48.0,69.0,79.0,81.0,50.0,75.0,76.0,52.0,72.0,69.0,40.0,86.0,56.0,85.0,92.0,75.0,80.0,86.0,86.0,85.0,83.0,74.0,49.0,51.0,81.5
Markieff Morris,DAL,35,17,18,0.486,10.1,1.3,3.3,0.409,0.8,2.0,0.394,0.3,0.3,1.0,0.4,1.7,2.0,0.9,0.5,0.3,0.1,0.0,1.4,0.3,3.8,0.3,268,112.5,111.2,111.2,108.3,109.5,109.5,4.3,1.7,1.7,0.114,1.72,18.6,0.037,0.15,0.097,10.8,10.7,0.53,0.553,0.159,0.165,106.56,106.59,88.83,106.59,0.066,787,47,115,1.3,3.3,2023,74.0,83.0,72.0,85.0,74.0,50.0,65.0,67.0,65.0,67.0,68.0,77.0,75.0,40.0,70.0,75.0,42.0,42.0,55.0,75.0,50.0,55.0,57.0,84.0,63.0,91.0,77.0,92.0,44.0,42.0,34.0,78.0,43.0,52.0,69.0,47.0
Marvin Bagley III,DET,42,7,35,0.167,23.6,4.8,9.1,0.529,0.5,1.6,0.288,1.9,2.6,0.75,2.2,4.2,6.4,0.9,1.1,0.5,0.7000000000000001,0.4,1.9,2.3,12.0,-5.5,354,107.0,107.3,107.3,116.9,117.9,117.9,-9.9,-10.6,-10.6,0.058,0.78,7.0,0.091,0.179,0.133,9.0,9.0,0.554,0.587,0.202,0.206,100.68,100.15,83.46,100.15,0.112,2062,202,382,4.8,9.1,2023,79.0,90.0,78.0,70.0,72.0,50.0,65.0,79.0,80.0,80.0,80.0,78.0,81.0,65.0,80.0,70.0,49.0,36.0,68.0,70.0,65.0,55.0,73.0,80.0,86.0,85.0,80.0,87.0,47.0,62.0,64.0,60.0,31.0,78.0,77.0,65.5
Mason Plumlee,LAC,79,28,51,0.354,26.0,4.2,6.1,0.68,0.0,0.0,0.0,2.5,4.0,0.636,2.9,6.0,8.9,3.1,1.5,0.6000000000000001,0.6000000000000001,0.5,2.7,3.2,10.8,-3.4,492,110.2,111.5,111.5,116.9,117.4,117.4,-6.7,-5.9,-5.9,0.166,2.09,24.9,0.105,0.238,0.168,11.9,11.9,0.68,0.6890000000000001,0.149,0.151,103.07,102.23,85.19,102.23,0.127,4368,329,484,4.2,6.1,2023,80.0,87.0,60.0,58.0,63.0,75.0,65.0,81.0,85.0,80.0,75.0,70.0,70.0,74.0,81.0,74.0,46.0,38.0,58.0,77.0,68.0,75.0,57.0,73.0,75.0,78.0,92.0,83.0,75.0,37.0,50.0,72.0,65.0,79.0,86.0,44.5
Matisse Thybulle,POR,71,38,33,0.535,16.9,1.5,3.6,0.435,0.8,2.1,0.365,0.3,0.4,0.679,0.6000000000000001,1.4,2.0,0.7000000000000001,0.3,1.2,0.5,0.1,1.6,0.5,4.1,-0.2,277,110.5,109.9,109.9,109.4,110.3,110.3,1.1,-0.5,-0.5,0.059,2.21,15.5,0.032,0.085,0.058,7.0,7.0,0.542,0.552,0.102,0.105,101.84,101.68,84.74,101.68,0.055,2542,110,253,1.5,3.6,2023,76.0,74.0,48.0,80.0,60.0,65.0,40.0,74.0,35.0,70.0,30.0,30.0,30.0,25.0,70.0,60.0,93.0,96.0,63.0,88.0,97.0,90.0,76.0,59.0,70.0,85.0,90.0,80.0,55.0,65.0,69.0,35.0,31.0,44.0,44.0,84.5
Matt Ryan,MIN,34,15,19,0.441,9.1,1.2,3.2,0.37,0.9,2.5,0.381,0.3,0.4,0.833,0.1,0.6000000000000001,0.8,0.5,0.2,0.1,0.0,0.1,0.8,0.3,3.6,0.6000000000000001,232,114.2,112.3,112.3,110.6,110.1,110.1,3.6,2.2,2.2,0.068,2.29,11.8,0.013,0.067,0.041,5.1,5.1,0.519,0.538,0.157,0.164,105.24,106.39,88.66,106.39,0.047,690,40,108,1.2,3.2,2023,71.0,67.0,67.0,82.0,90.0,80.0,65.0,67.0,40.0,55.0,40.0,40.0,40.0,37.0,95.0,42.0,64.0,35.0,32.0,55.0,50.0,40.0,55.0,54.0,69.0,89.0,70.0,79.0,65.0,67.0,52.0,68.0,32.0,32.0,43.0,59.5
Max Christie,LAL,41,19,22,0.463,12.5,1.1,2.6,0.415,0.6000000000000001,1.5,0.419,0.3,0.4,0.875,0.2,1.7,1.8,0.5,0.3,0.2,0.2,0.1,0.8,0.2,3.1,-1.9,309,106.4,106.1,106.1,114.6,113.2,113.2,-8.2,-7.1,-7.1,0.054,1.62,14.2,0.012,0.126,0.068,8.8,8.8,0.538,0.5660000000000001,0.1,0.103,102.76,103.55,86.3,103.55,0.058,1106,44,106,1.1,2.6,2023,71.0,70.0,76.0,86.0,82.0,60.0,45.0,70.0,35.0,80.0,39.0,42.0,42.0,41.0,90.0,44.0,63.0,35.0,51.0,60.0,57.0,50.0,87.0,55.0,82.0,98.0,80.0,80.0,68.0,70.0,78.0,66.0,29.0,32.0,61.0,78.5
Max Strus,MIA,80,42,38,0.525,28.4,4.1,9.9,0.41,2.5,7.0,0.35,1.0,1.1,0.876,0.6000000000000001,2.6,3.2,2.1,0.9,0.5,0.2,0.3,2.1,1.1,11.5,-1.8,39,107.8,109.3,109.3,111.9,113.1,113.1,-4.1,-3.8,-3.8,0.115,2.48,16.1,0.021,0.097,0.058,6.5,6.5,0.535,0.557,0.17,0.175,98.73,97.54,81.29,97.54,0.073,4631,324,790,4.1,9.9,2023,76.0,88.0,79.0,77.0,89.0,90.0,90.0,68.0,35.0,65.0,48.0,58.0,54.0,68.0,85.0,45.0,57.0,37.0,37.0,50.0,50.0,35.0,76.0,40.0,74.0,88.0,80.0,85.0,72.0,69.0,74.0,78.0,43.0,37.0,53.0,70.5
Maxi Kleber,DAL,37,18,19,0.486,25.1,2.1,4.6,0.456,1.1,3.0,0.348,0.7000000000000001,1.0,0.711,0.8,2.8,3.6,1.4,0.7000000000000001,0.3,0.8,0.1,2.3,1.1,5.9,-1.2,205,110.9,110.7,110.7,113.9,113.6,113.6,-3.0,-2.9,-2.9,0.079,1.93,19.7,0.033,0.116,0.074,10.2,10.2,0.5710000000000001,0.592,0.1,0.104,98.65,98.84,82.36,98.84,0.056,1920,77,169,2.1,4.6,2023,75.0,52.0,70.0,79.0,66.0,80.0,35.0,73.0,75.0,75.0,67.0,67.0,64.0,40.0,80.0,74.0,72.0,32.0,72.0,75.0,72.0,75.0,45.0,79.0,56.0,85.0,85.0,80.0,70.0,64.0,45.0,68.0,33.0,43.0,61.0,55.0
McKinley Wright IV,DAL,27,14,13,0.519,12.4,1.7,3.6,0.469,0.3,1.0,0.321,0.5,0.7000000000000001,0.684,0.3,1.4,1.7,2.1,0.7000000000000001,0.3,0.2,0.3,0.9,0.8,4.2,-4.1,392,103.7,102.7,102.7,117.2,117.6,117.6,-13.5,-14.9,-14.9,0.275,3.05,31.9,0.026,0.109,0.067,10.4,10.4,0.515,0.536,0.16,0.168,100.07,100.36,83.63,100.36,0.091,698,46,98,1.7,3.6,2023,68.0,69.0,69.0,76.0,84.0,50.0,45.0,74.0,25.0,50.0,25.0,32.0,25.0,45.0,77.0,25.0,71.0,42.0,52.0,70.0,69.0,50.0,84.0,32.0,83.0,80.0,78.0,80.0,70.0,75.0,84.0,66.0,72.0,41.0,60.0,81.5
Meyers Leonard,MIL,9,6,3,0.667,12.6,1.6,3.2,0.483,0.8,2.0,0.389,0.9,1.0,0.889,1.3,2.4,3.8,0.1,0.7000000000000001,0.2,0.0,0.2,1.8,1.3,4.8,-3.0,272,113.4,109.8,109.8,122.4,122.2,122.2,-9.1,-12.5,-12.5,0.012,0.17,2.5,0.103,0.195,0.148,15.0,15.0,0.603,0.652,0.14,0.147,101.45,103.18,85.99,103.18,0.068,246,14,29,1.6,3.2,2023,72.0,86.0,80.0,81.0,84.0,70.0,55.0,70.0,70.0,70.0,52.0,38.0,52.0,45.0,36.0,70.0,43.0,32.0,55.0,70.0,59.0,60.0,43.0,65.0,72.0,76.0,62.0,80.0,30.0,32.0,26.0,57.0,34.0,76.0,85.0,41.5
Mfiondu Kabengele,BOS,4,3,1,0.75,9.1,0.5,1.8,0.286,0.0,0.8,0.0,0.5,0.5,1.0,1.3,1.3,2.5,0.0,0.3,0.5,0.0,0.0,0.8,1.3,1.5,-1.3,492,107.4,108.3,108.3,119.3,115.3,115.3,-11.9,-6.9,-6.9,0.0,0.0,0.0,0.132,0.152,0.141,11.1,11.3,0.286,0.381,0.107,0.109,93.7,94.86,79.05,94.86,0.046,72,2,7,0.5,1.8,2023,70.0,70.0,74.0,58.0,76.0,60.0,40.0,68.0,80.0,80.0,54.0,50.0,60.0,40.0,75.0,72.0,58.0,42.0,80.0,72.0,44.0,50.0,72.0,75.0,72.0,85.0,80.0,80.0,34.0,54.0,55.0,48.0,36.0,48.0,70.0,63.5
Micah Potter,UTA,7,4,3,0.5710000000000001,7.5,1.4,2.1,0.667,0.6000000000000001,1.0,0.5710000000000001,0.0,0.0,0.0,0.4,1.9,2.3,0.6000000000000001,0.3,0.1,0.0,0.0,0.7000000000000001,0.3,3.4,-0.4,325,97.4,95.8,95.8,99.3,100.0,100.0,-1.9,-4.2,-4.2,0.133,2.0,19.0,0.046,0.22,0.129,9.5,9.5,0.8,0.8,0.121,0.127,107.48,108.01,90.01,108.01,0.159,119,10,15,1.4,2.1,2023,67.0,66.0,70.0,78.0,80.0,60.0,40.0,60.0,75.0,65.0,51.0,50.0,52.0,40.0,76.0,52.0,37.0,33.0,56.0,48.0,47.0,30.0,43.0,70.0,60.0,80.0,70.0,81.0,54.0,42.0,32.0,55.0,42.0,47.0,60.0,40.0
Michael Carter-Williams,ORL,4,1,3,0.25,11.1,1.5,3.5,0.429,0.3,0.8,0.333,1.0,1.8,0.5710000000000001,0.3,1.0,1.3,1.8,1.0,0.3,0.3,0.5,1.3,1.5,4.3,-6.5,415,98.7,95.7,95.7,129.0,128.1,128.1,-30.3,-32.4,-32.4,0.28,1.75,25.0,0.021,0.125,0.063,14.3,14.2,0.464,0.498,0.191,0.202,95.76,97.65,81.38,97.65,0.055,92,6,14,1.5,3.5,2023,71.0,64.0,63.0,66.0,61.0,97.0,60.0,74.0,40.0,60.0,50.0,62.0,51.0,72.0,95.0,58.0,75.0,43.0,58.0,70.0,85.0,70.0,74.0,38.0,75.0,85.0,95.0,82.0,78.0,78.0,73.0,84.0,72.0,49.0,59.0,76.0
Michael Porter Jr.,DEN,62,41,21,0.661,29.0,6.4,13.2,0.487,3.0,7.3,0.414,1.5,1.9,0.8,1.0,4.5,5.5,1.0,1.1,0.6000000000000001,0.5,0.5,1.9,1.4,17.4,6.7,11,121.1,122.6,122.6,111.4,112.2,112.2,9.8,10.4,10.4,0.048,0.96,6.5,0.038,0.151,0.097,6.8,6.8,0.602,0.621,0.22,0.224,101.44,100.42,83.69,100.42,0.103,3773,398,817,6.4,13.2,2023,83.0,88.0,92.0,86.0,81.0,85.0,95.0,86.0,60.0,80.0,50.0,62.0,68.0,55.0,80.0,60.0,64.0,38.0,55.0,60.0,68.0,40.0,80.0,68.0,88.0,88.0,80.0,66.0,65.0,78.0,77.0,62.0,30.0,43.0,68.0,77.0
Mikal Bridges,BKN,83,42,41,0.506,35.7,7.1,15.3,0.468,2.0,5.3,0.382,3.8,4.3,0.895,1.0,3.4,4.4,3.3,1.5,1.1,0.7000000000000001,0.7000000000000001,1.9,3.4,20.1,0.4,69,112.4,114.0,114.0,111.1,113.2,113.2,1.3,0.8,0.8,0.141,2.15,15.1,0.026,0.094,0.06,7.0,7.0,0.535,0.587,0.223,0.228,100.21,98.56,82.13,98.56,0.112,6079,593,1267,7.1,15.3,2023,86.0,89.0,88.0,86.0,90.0,98.0,98.0,75.0,40.0,75.0,55.0,57.0,57.0,80.0,80.0,69.0,89.0,80.0,62.0,82.0,86.0,85.0,80.0,68.0,85.0,92.0,95.0,84.0,78.0,82.0,72.0,88.0,53.0,40.0,51.0,84.5
Mike Conley,MIN,67,34,33,0.507,30.3,3.9,9.1,0.428,2.0,5.2,0.385,2.1,2.5,0.834,0.5,2.2,2.7,6.7,1.5,1.1,0.2,0.2,2.1,2.6,11.9,0.9,71,115.6,117.3,117.3,115.0,116.1,116.1,0.6000000000000001,1.3,1.3,0.295,4.37,36.6,0.016,0.075,0.045,8.4,8.3,0.539,0.583,0.161,0.165,101.26,100.09,83.41,100.09,0.099,4232,261,610,3.9,9.1,2023,79.0,86.0,94.0,81.0,84.0,70.0,70.0,76.0,25.0,30.0,25.0,40.0,29.0,60.0,84.0,31.0,83.0,49.0,40.0,83.0,80.0,80.0,83.0,40.0,92.0,85.0,80.0,82.0,90.0,89.0,83.0,90.0,76.0,34.0,44.0,83.0
Mike Muscala,BOS,63,32,31,0.508,15.0,2.1,4.6,0.449,1.3,3.3,0.391,0.6000000000000001,0.8,0.769,0.6000000000000001,2.6,3.2,0.8,0.4,0.2,0.4,0.2,1.6,0.8,6.1,3.2,166,117.0,116.4,116.4,108.3,107.6,107.6,8.7,8.8,8.8,0.069,2.17,12.9,0.038,0.161,0.102,5.9,5.9,0.587,0.608,0.146,0.151,103.61,104.22,86.85,104.22,0.087,2062,131,292,2.1,4.6,2023,75.0,86.0,81.0,83.0,78.0,85.0,70.0,64.0,75.0,60.0,68.0,64.0,66.0,50.0,64.0,68.0,53.0,35.0,67.0,67.0,54.0,45.0,43.0,76.0,58.0,79.0,80.0,79.0,60.0,42.0,40.0,60.0,35.0,44.0,75.0,45.5
Miles McBride,NYK,64,36,28,0.5630000000000001,11.9,1.2,3.4,0.358,0.6000000000000001,2.1,0.299,0.4,0.7000000000000001,0.667,0.2,0.6000000000000001,0.8,1.1,0.4,0.6000000000000001,0.1,0.2,0.9,0.6000000000000001,3.5,0.8,310,112.6,110.9,110.9,107.1,107.3,107.3,5.5,3.6,3.6,0.13,2.88,21.7,0.016,0.047,0.031,7.5,7.6,0.451,0.475,0.141,0.147,98.84,99.5,82.92,99.5,0.049,1574,77,215,1.2,3.4,2023,73.0,70.0,76.0,73.0,68.0,60.0,50.0,79.0,25.0,65.0,25.0,58.0,48.0,50.0,80.0,40.0,76.0,73.0,50.0,75.0,74.0,75.0,86.0,44.0,80.0,85.0,85.0,80.0,70.0,74.0,80.0,60.0,47.0,35.0,38.0,81.0
Mitchell Robinson,NYK,59,35,24,0.593,26.9,3.2,4.7,0.671,0.0,0.0,0.0,1.0,2.1,0.484,4.5,4.9,9.4,0.9,0.7000000000000001,0.9,1.8,0.5,2.7,1.9,7.4,3.1,492,118.3,119.9,119.9,111.3,112.6,112.6,7.0,7.3,7.3,0.044,1.29,12.3,0.164,0.178,0.171,9.5,9.6,0.671,0.652,0.101,0.102,98.38,97.13,80.94,97.13,0.101,3194,188,280,3.2,4.7,2023,82.0,75.0,68.0,32.0,49.0,80.0,50.0,79.0,90.0,80.0,65.0,52.0,50.0,64.0,80.0,83.0,49.0,49.0,87.0,87.0,65.0,80.0,48.0,70.0,83.0,85.0,95.0,80.0,70.0,40.0,25.0,54.0,29.0,93.0,78.0,45.0
Monte Morris,WAS,62,28,34,0.452,27.4,4.0,8.3,0.48,1.3,3.3,0.382,1.0,1.2,0.8310000000000001,0.4,3.0,3.4,5.3,1.0,0.7000000000000001,0.2,0.3,1.2,1.2,10.3,0.1,172,116.0,117.4,117.4,116.7,117.3,117.3,-0.7000000000000001,0.1,0.1,0.249,5.43,35.0,0.016,0.106,0.063,6.4,6.4,0.555,0.579,0.155,0.158,100.48,99.63,83.03,99.63,0.102,3521,247,515,4.0,8.3,2023,79.0,90.0,87.0,83.0,82.0,85.0,85.0,79.0,25.0,50.0,28.0,45.0,32.0,70.0,80.0,44.0,62.0,40.0,37.0,52.0,55.0,35.0,83.0,41.0,72.0,85.0,80.0,81.0,94.0,86.0,83.0,94.0,72.0,33.0,54.0,76.5
Montrezl Harrell,PHI,57,35,22,0.614,11.9,2.2,3.7,0.598,0.0,0.1,0.0,1.2,1.8,0.6930000000000001,1.2,1.6,2.8,0.6000000000000001,0.6000000000000001,0.3,0.4,0.3,1.3,1.7,5.6,0.3,492,112.5,111.9,111.9,109.5,109.6,109.6,3.0,2.2,2.2,0.073,0.94,10.3,0.1,0.133,0.117,11.0,10.9,0.598,0.631,0.178,0.185,101.08,101.28,84.4,101.28,0.103,1431,125,209,2.2,3.7,2023,76.0,94.0,79.0,50.0,72.0,30.0,30.0,89.0,85.0,80.0,75.0,70.0,75.0,60.0,90.0,66.0,47.0,41.0,76.0,60.0,50.0,50.0,62.0,94.0,75.0,85.0,90.0,83.0,35.0,35.0,32.0,55.0,34.0,77.0,62.0,54.5
Moritz Wagner,ORL,57,27,30,0.474,19.5,3.5,6.9,0.5,0.9,2.9,0.313,2.7,3.2,0.841,1.2,3.3,4.5,1.5,1.2,0.6000000000000001,0.2,0.5,2.4,2.6,10.5,-0.5,240,108.3,109.4,109.4,109.8,110.6,110.6,-1.5,-1.1,-1.1,0.115,1.24,13.4,0.06,0.172,0.115,10.8,10.8,0.5640000000000001,0.63,0.201,0.206,103.2,102.32,85.27,102.32,0.115,2365,198,396,3.5,6.9,2023,78.0,86.0,78.0,74.0,84.0,95.0,85.0,60.0,75.0,65.0,67.0,67.0,68.0,50.0,76.0,58.0,40.0,49.0,50.0,58.0,54.0,35.0,73.0,78.0,75.0,85.0,85.0,81.0,54.0,42.0,53.0,55.0,43.0,61.0,73.0,57.0
Moses Brown,LAC,36,17,19,0.472,8.2,1.7,2.7,0.635,0.0,0.0,0.0,0.9,2.0,0.458,1.6,2.3,3.9,0.1,0.4,0.1,0.4,0.3,1.1,1.4,4.3,0.8,492,111.3,111.5,111.5,109.2,108.1,108.1,2.2,3.5,3.5,0.021,0.27,2.7,0.165,0.262,0.211,10.2,10.2,0.635,0.607,0.188,0.195,101.3,101.75,84.79,101.75,0.133,626,61,96,1.7,2.7,2023,73.0,68.0,46.0,26.0,49.0,80.0,50.0,76.0,75.0,60.0,52.0,42.0,64.0,55.0,75.0,72.0,52.0,32.0,86.0,72.0,58.0,45.0,42.0,74.0,75.0,75.0,60.0,80.0,44.0,44.0,35.0,58.0,27.0,84.0,87.0,47.0
Moses Moody,GSW,63,37,26,0.587,13.0,1.7,3.6,0.476,0.8,2.1,0.363,0.6000000000000001,0.8,0.6980000000000001,0.4,1.2,1.7,0.8,0.5,0.3,0.1,0.2,0.9,0.9,4.8,-0.1,272,111.2,110.7,110.7,110.8,111.3,111.3,0.4,-0.6000000000000001,-0.6000000000000001,0.085,1.5,15.4,0.034,0.091,0.063,10.2,10.1,0.584,0.603,0.141,0.147,103.89,103.94,86.62,103.94,0.07,1771,108,227,1.7,3.6,2023,73.0,80.0,77.0,77.0,69.0,60.0,75.0,80.0,40.0,70.0,44.0,48.0,49.0,70.0,80.0,68.0,71.0,40.0,42.0,69.0,60.0,65.0,73.0,68.0,70.0,88.0,80.0,80.0,65.0,74.0,70.0,64.0,35.0,45.0,48.0,75.0
Myles Turner,IND,62,29,33,0.468,29.4,6.5,11.8,0.548,1.5,4.0,0.373,3.5,4.5,0.783,1.4,6.1,7.5,1.4,1.7,0.6000000000000001,2.3,0.5,3.5,4.1,18.0,-0.8,133,113.3,115.1,115.1,115.4,116.3,116.3,-2.1,-1.2,-1.2,0.074,0.86,8.5,0.049,0.205,0.128,9.8,9.8,0.612,0.651,0.225,0.228,102.42,101.22,84.35,101.22,0.125,3849,402,733,6.5,11.8,2023,83.0,98.0,81.0,81.0,79.0,85.0,85.0,79.0,80.0,65.0,76.0,80.0,80.0,60.0,95.0,87.0,70.0,37.0,91.0,90.0,70.0,85.0,56.0,74.0,69.0,95.0,80.0,83.0,31.0,35.0,32.0,68.0,34.0,52.0,82.0,49.0
Naji Marshall,NOP,77,40,37,0.519,23.3,3.2,7.4,0.433,0.9,2.8,0.303,1.8,2.3,0.789,0.6000000000000001,3.0,3.6,2.5,1.3,0.7000000000000001,0.2,0.5,1.5,1.7,9.1,0.1,248,110.7,111.2,111.2,110.3,111.4,111.4,0.3,-0.1,-0.1,0.147,1.95,20.4,0.027,0.132,0.079,10.5,10.4,0.49,0.539,0.172,0.179,101.79,101.09,84.24,101.09,0.086,3779,247,571,3.2,7.4,2023,75.0,81.0,89.0,73.0,80.0,85.0,60.0,84.0,45.0,70.0,60.0,60.0,63.0,69.0,80.0,52.0,60.0,43.0,45.0,62.0,64.0,40.0,62.0,60.0,75.0,85.0,70.0,80.0,67.0,74.0,62.0,71.0,54.0,40.0,62.0,63.5
Nassir Little,POR,54,22,32,0.407,18.1,2.5,5.6,0.442,1.1,2.9,0.367,0.6000000000000001,0.9,0.717,0.5,2.1,2.6,0.9,0.7000000000000001,0.4,0.4,0.4,1.2,0.7000000000000001,6.6,-3.5,204,111.1,111.1,111.1,119.6,119.9,119.9,-8.6,-8.8,-8.8,0.075,1.39,12.2,0.028,0.122,0.075,8.8,8.8,0.538,0.555,0.158,0.162,99.71,99.56,82.97,99.56,0.068,2019,134,303,2.5,5.6,2023,75.0,76.0,82.0,82.0,69.0,85.0,80.0,79.0,35.0,82.0,54.0,52.0,59.0,45.0,80.0,68.0,70.0,37.0,58.0,70.0,65.0,55.0,77.0,70.0,81.0,85.0,85.0,80.0,52.0,65.0,68.0,49.0,34.0,40.0,61.0,78.0
Nathan Knight,MIN,38,19,19,0.5,7.7,1.2,2.1,0.5680000000000001,0.2,0.6000000000000001,0.364,1.0,1.5,0.684,0.6000000000000001,0.9,1.5,0.3,0.6000000000000001,0.3,0.2,0.2,1.1,0.9,3.7,-0.2,427,110.9,109.6,109.6,112.6,111.9,111.9,-1.7,-2.3,-2.3,0.065,0.62,9.2,0.072,0.118,0.094,14.9,15.0,0.617,0.655,0.177,0.183,105.28,106.24,88.53,106.24,0.076,646,46,81,1.2,2.1,2023,73.0,70.0,70.0,73.0,84.0,85.0,50.0,67.0,70.0,65.0,60.0,60.0,60.0,58.0,60.0,65.0,37.0,46.0,56.0,65.0,50.0,60.0,67.0,75.0,55.0,80.0,85.0,80.0,55.0,47.0,32.0,62.0,32.0,66.0,56.0,54.0
Naz Reid,MIN,68,32,36,0.471,18.4,4.6,8.5,0.537,1.1,3.2,0.346,1.3,1.9,0.677,1.1,3.8,4.9,1.1,1.4,0.6000000000000001,0.8,0.5,2.6,1.6,11.5,-1.9,203,108.7,109.2,109.2,112.8,113.3,113.3,-4.0,-4.2,-4.2,0.098,0.84,9.6,0.058,0.205,0.132,11.5,11.5,0.602,0.617,0.242,0.248,104.87,104.39,86.99,104.39,0.122,2714,310,577,4.6,8.5,2023,80.0,90.0,70.0,78.0,68.0,95.0,90.0,82.0,80.0,80.0,69.0,58.0,69.0,84.0,94.0,77.0,54.0,46.0,78.0,77.0,59.0,55.0,50.0,80.0,70.0,88.0,92.0,80.0,59.0,58.0,49.0,65.0,39.0,59.0,82.0,51.5
Neemias Queta,SAC,5,1,4,0.2,5.7,1.2,1.8,0.667,0.0,0.0,0.0,0.0,0.4,0.0,1.0,1.2,2.2,0.2,0.2,0.0,0.4,0.0,1.4,0.4,2.4,-6.0,492,80.9,78.3,78.3,119.0,121.7,121.7,-38.1,-43.5,-43.5,0.067,1.0,8.3,0.135,0.214,0.169,8.3,8.4,0.667,0.607,0.141,0.152,114.84,115.44,96.2,115.44,0.089,69,6,9,1.2,1.8,2023,70.0,75.0,62.0,50.0,71.0,60.0,45.0,61.0,70.0,65.0,62.0,60.0,62.0,40.0,85.0,70.0,45.0,30.0,87.0,70.0,48.0,55.0,59.0,76.0,65.0,80.0,80.0,80.0,52.0,38.0,30.0,62.0,33.0,83.0,65.0,53.5
Nerlens Noel,BKN,17,4,13,0.235,11.5,0.8,2.1,0.361,0.1,0.1,0.5,0.5,0.7000000000000001,0.667,0.6000000000000001,2.1,2.7,0.6000000000000001,0.8,0.9,0.6000000000000001,0.1,1.9,0.9,2.1,-4.4,472,98.2,97.4,97.4,114.9,114.2,114.2,-16.7,-16.8,-16.8,0.074,0.77,15.6,0.047,0.189,0.114,20.3,20.2,0.375,0.424,0.113,0.118,104.66,105.4,87.84,105.4,0.046,426,13,36,0.8,2.1,2023,75.0,89.0,64.0,30.0,71.0,40.0,25.0,68.0,90.0,75.0,65.0,60.0,60.0,47.0,79.0,84.0,45.0,83.0,78.0,85.0,89.0,80.0,66.0,65.0,74.0,84.0,94.0,76.0,32.0,46.0,27.0,60.0,32.0,67.0,75.0,62.5
Nick Richards,CHA,65,21,44,0.323,18.7,3.0,4.8,0.629,0.0,0.0,1.0,2.1,2.8,0.749,2.3,4.1,6.4,0.6000000000000001,0.9,0.2,1.1,0.6000000000000001,2.4,2.4,8.2,-1.7,487,106.6,107.5,107.5,111.4,112.0,112.0,-4.7,-4.5,-4.5,0.046,0.64,7.8,0.113,0.21,0.161,12.2,12.0,0.631,0.676,0.151,0.156,102.6,101.86,84.88,101.86,0.12,2586,197,313,3.0,4.8,2023,78.0,60.0,69.0,25.0,76.0,95.0,80.0,62.0,80.0,80.0,52.0,47.0,52.0,55.0,80.0,75.0,47.0,31.0,86.0,78.0,40.0,70.0,72.0,65.0,75.0,81.0,85.0,84.0,37.0,35.0,49.0,36.0,29.0,86.0,81.0,61.0
Nickeil Alexander-Walker,MIN,59,29,30,0.492,15.0,2.2,5.0,0.444,1.0,2.7,0.384,0.7000000000000001,1.0,0.667,0.3,1.5,1.7,1.8,0.9,0.5,0.4,0.2,1.5,1.2,6.2,-0.9,209,109.9,109.8,109.8,111.8,111.8,111.8,-2.0,-2.0,-2.0,0.168,1.96,22.4,0.017,0.095,0.056,11.4,11.4,0.547,0.5650000000000001,0.177,0.182,102.75,102.8,85.67,102.8,0.077,1887,131,295,2.2,5.0,2023,74.0,74.0,67.0,82.0,67.0,70.0,75.0,85.0,40.0,60.0,54.0,58.0,64.0,60.0,88.0,52.0,75.0,53.0,60.0,70.0,74.0,55.0,72.0,60.0,70.0,90.0,75.0,80.0,75.0,81.0,72.0,76.0,64.0,36.0,51.0,75.5
Nicolas Batum,LAC,78,44,34,0.5640000000000001,21.9,2.1,4.9,0.42,1.6,4.1,0.391,0.4,0.6000000000000001,0.708,0.8,3.0,3.8,1.6,0.6000000000000001,0.7000000000000001,0.6000000000000001,0.1,1.9,0.5,6.1,2.1,122,114.8,114.5,114.5,110.1,110.0,110.0,4.7,4.5,4.5,0.095,2.42,21.2,0.036,0.135,0.086,8.7,8.7,0.583,0.594,0.111,0.114,101.12,101.32,84.43,101.32,0.072,3609,160,381,2.1,4.9,2023,74.0,88.0,77.0,83.0,68.0,60.0,55.0,74.0,55.0,60.0,40.0,63.0,62.0,35.0,80.0,66.0,73.0,43.0,65.0,68.0,50.0,60.0,68.0,65.0,82.0,88.0,80.0,83.0,70.0,71.0,68.0,73.0,37.0,47.0,66.0,69.5
Norman Powell,LAC,60,31,29,0.517,26.1,5.7,11.8,0.479,1.9,4.8,0.397,3.8,4.6,0.812,0.4,2.5,2.9,1.8,1.7,0.8,0.3,0.7000000000000001,2.1,3.7,17.0,-2.1,91,108.9,109.2,109.2,113.2,113.0,113.0,-4.3,-3.8,-3.8,0.115,1.08,10.4,0.015,0.093,0.055,9.7,9.7,0.559,0.612,0.251,0.258,101.74,101.66,84.72,101.66,0.11,3320,340,710,5.7,11.8,2023,79.0,90.0,78.0,85.0,78.0,85.0,80.0,85.0,25.0,80.0,30.0,32.0,28.0,78.0,88.0,50.0,79.0,46.0,51.0,77.0,74.0,75.0,79.0,46.0,80.0,92.0,90.0,82.0,74.0,79.0,77.0,75.0,42.0,33.0,53.0,80.5
OG Anunoby,TOR,67,33,34,0.493,35.6,6.3,13.2,0.476,2.1,5.5,0.387,2.1,2.5,0.838,1.4,3.5,5.0,2.0,2.0,1.9,0.7000000000000001,1.0,3.0,2.3,16.8,2.0,59,112.4,114.4,114.4,110.7,111.4,111.4,1.6,3.0,3.0,0.08,0.99,10.7,0.037,0.11,0.07,10.8,10.8,0.556,0.586,0.192,0.195,99.51,98.34,81.95,98.34,0.087,4881,421,885,6.3,13.2,2023,82.0,73.0,80.0,82.0,84.0,85.0,70.0,72.0,60.0,85.0,38.0,37.0,36.0,70.0,80.0,76.0,87.0,83.0,60.0,85.0,84.0,85.0,81.0,68.0,85.0,85.0,85.0,81.0,58.0,72.0,71.0,52.0,34.0,46.0,56.0,85.0
Obi Toppin,NYK,67,37,30,0.552,15.7,2.8,6.3,0.446,1.3,3.7,0.344,0.6000000000000001,0.7000000000000001,0.809,0.4,2.4,2.8,1.0,0.6000000000000001,0.3,0.2,0.2,1.0,0.5,7.4,0.9,170,112.4,112.8,112.8,109.2,110.4,110.4,3.2,2.4,2.4,0.091,1.74,12.1,0.026,0.139,0.083,7.0,7.0,0.548,0.5650000000000001,0.187,0.191,102.13,101.35,84.45,101.35,0.095,2220,187,419,2.8,6.3,2023,78.0,75.0,75.0,78.0,78.0,85.0,60.0,79.0,85.0,90.0,67.0,67.0,69.0,40.0,90.0,66.0,48.0,37.0,51.0,62.0,47.0,40.0,70.0,74.0,90.0,88.0,70.0,88.0,55.0,60.0,56.0,59.0,38.0,41.0,69.0,58.0
Ochai Agbaji,UTA,59,29,30,0.492,20.5,2.8,6.5,0.427,1.4,3.9,0.355,0.9,1.2,0.812,0.7000000000000001,1.3,2.1,1.1,0.7000000000000001,0.3,0.3,0.3,1.7,0.8,7.9,-0.3,152,113.4,114.4,114.4,113.8,114.6,114.6,-0.4,-0.2,-0.2,0.072,1.63,12.8,0.034,0.058,0.047,7.8,7.8,0.532,0.561,0.154,0.156,104.21,103.39,86.16,103.39,0.052,2598,165,386,2.8,6.5,2023,77.0,85.0,72.0,83.0,76.0,95.0,85.0,73.0,65.0,80.0,52.0,52.0,52.0,68.0,78.0,57.0,80.0,33.0,45.0,79.0,75.0,75.0,88.0,64.0,85.0,90.0,90.0,80.0,62.0,75.0,78.0,62.0,31.0,45.0,42.0,84.0
Olivier Sarr,OKC,9,5,4,0.556,12.6,1.7,3.3,0.5,0.1,0.9,0.125,0.6000000000000001,0.8,0.714,1.3,2.1,3.4,0.4,0.4,0.1,0.6000000000000001,0.0,1.9,1.3,4.0,1.6,454,108.9,110.9,110.9,105.2,104.2,104.2,3.7,6.8,6.8,0.048,1.0,9.8,0.09,0.147,0.118,9.8,9.7,0.517,0.544,0.13,0.135,101.4,100.95,84.12,100.95,0.069,238,15,30,1.7,3.3,2023,67.0,68.0,74.0,69.0,79.0,55.0,35.0,60.0,75.0,75.0,64.0,62.0,64.0,40.0,70.0,58.0,40.0,37.0,65.0,59.0,48.0,35.0,65.0,63.0,74.0,85.0,80.0,80.0,50.0,52.0,49.0,55.0,32.0,63.0,58.0,55.0
Omer Yurtseven,MIA,9,5,4,0.556,9.2,1.8,3.0,0.593,0.3,0.8,0.429,0.6000000000000001,0.7000000000000001,0.833,0.9,1.7,2.6,0.2,0.4,0.2,0.2,0.1,1.8,1.0,4.4,1.1,392,118.4,117.2,117.2,113.8,115.5,115.5,4.6,1.7,1.7,0.035,0.5,5.7,0.089,0.179,0.132,11.4,11.2,0.648,0.675,0.159,0.169,102.34,102.08,85.06,102.08,0.088,180,16,27,1.8,3.0,2023,75.0,88.0,69.0,70.0,68.0,70.0,75.0,65.0,70.0,65.0,66.0,64.0,65.0,47.0,82.0,62.0,49.0,40.0,70.0,62.0,58.0,40.0,53.0,70.0,70.0,85.0,80.0,83.0,50.0,60.0,37.0,52.0,42.0,89.0,90.0,50.5
Onyeka Okongwu,ATL,80,41,39,0.513,23.1,4.0,6.2,0.638,0.1,0.2,0.308,1.9,2.5,0.781,2.7,4.5,7.2,1.0,1.0,0.7000000000000001,1.3,0.5,3.1,2.1,9.9,0.8,475,113.9,114.2,114.2,111.4,112.4,112.4,2.5,1.8,1.8,0.06,1.0,10.9,0.117,0.19,0.154,10.9,10.9,0.642,0.678,0.15,0.153,102.39,101.77,84.81,101.77,0.111,3916,317,497,4.0,6.2,2023,81.0,91.0,89.0,60.0,75.0,70.0,75.0,80.0,85.0,80.0,54.0,55.0,57.0,52.0,80.0,79.0,64.0,42.0,84.0,83.0,65.0,65.0,74.0,70.0,75.0,88.0,95.0,83.0,51.0,54.0,60.0,50.0,31.0,83.0,83.0,71.5
Orlando Robinson,MIA,31,18,13,0.581,13.7,1.5,2.9,0.528,0.0,0.2,0.0,0.7000000000000001,1.0,0.71,1.5,2.5,4.1,0.8,0.5,0.4,0.4,0.3,1.7,1.1,3.7,0.9,492,109.7,110.3,110.3,106.9,106.6,106.6,2.8,3.8,3.8,0.086,1.56,17.5,0.108,0.201,0.151,11.2,11.1,0.528,0.5650000000000001,0.116,0.121,97.72,97.6,81.34,97.6,0.086,862,47,89,1.5,2.9,2023,72.0,85.0,69.0,74.0,72.0,85.0,70.0,60.0,70.0,60.0,49.0,48.0,50.0,38.0,85.0,54.0,36.0,43.0,71.0,55.0,54.0,45.0,49.0,64.0,64.0,80.0,85.0,77.0,52.0,40.0,35.0,54.0,34.0,80.0,78.0,42.5
Oshae Brissett,IND,65,27,38,0.415,16.7,1.9,4.9,0.386,0.7000000000000001,2.4,0.31,1.6,2.2,0.717,1.0,2.4,3.4,0.7000000000000001,0.5,0.5,0.2,0.3,1.2,1.4,6.1,0.3,286,110.8,112.4,112.4,111.8,111.8,111.8,-1.0,0.6000000000000001,0.6000000000000001,0.055,1.29,9.5,0.054,0.144,0.098,7.4,7.4,0.461,0.52,0.155,0.159,102.93,102.21,85.18,102.21,0.073,2310,123,319,1.9,4.9,2023,73.0,69.0,67.0,74.0,70.0,95.0,75.0,75.0,70.0,75.0,64.0,62.0,59.0,54.0,81.0,57.0,40.0,43.0,50.0,57.0,50.0,35.0,63.0,75.0,79.0,85.0,80.0,83.0,47.0,59.0,52.0,54.0,29.0,56.0,67.0,59.5
Otto Porter Jr.,TOR,8,4,4,0.5,18.3,1.9,3.8,0.5,0.8,2.1,0.353,1.0,1.0,1.0,0.8,1.6,2.4,1.0,0.5,1.4,0.0,0.0,0.9,1.6,5.5,-2.6,278,108.1,109.5,109.5,116.2,114.6,114.6,-8.1,-5.0,-5.0,0.078,2.0,17.8,0.038,0.096,0.064,8.9,8.8,0.6000000000000001,0.656,0.104,0.107,100.48,100.53,83.78,100.53,0.09,304,15,30,1.9,3.8,2023,76.0,88.0,85.0,81.0,83.0,75.0,70.0,75.0,45.0,70.0,65.0,67.0,58.0,57.0,84.0,63.0,73.0,83.0,25.0,66.0,64.0,45.0,68.0,60.0,73.0,93.0,70.0,79.0,70.0,77.0,66.0,70.0,33.0,47.0,52.0,71.5
Ousmane Dieng,OKC,39,20,19,0.513,14.6,1.9,4.6,0.42,0.7000000000000001,2.5,0.265,0.4,0.6000000000000001,0.652,0.5,2.2,2.7,1.2,0.7000000000000001,0.4,0.2,0.2,1.1,0.5,4.9,1.0,302,110.2,110.3,110.3,107.0,107.4,107.4,3.2,2.9,2.9,0.108,1.77,17.5,0.03,0.141,0.085,9.9,9.9,0.492,0.505,0.154,0.159,102.95,102.67,85.56,102.67,0.074,1218,76,181,1.9,4.6,2023,73.0,70.0,73.0,71.0,75.0,75.0,60.0,69.0,45.0,75.0,45.0,48.0,48.0,47.0,90.0,54.0,62.0,40.0,52.0,54.0,52.0,40.0,78.0,49.0,79.0,88.0,80.0,80.0,69.0,70.0,75.0,70.0,37.0,41.0,67.0,75.5
P.J. Tucker,PHI,75,48,27,0.64,25.6,1.3,3.0,0.427,0.7000000000000001,1.9,0.393,0.3,0.3,0.8260000000000001,1.3,2.7,3.9,0.8,0.6000000000000001,0.5,0.2,0.1,2.4,0.8,3.5,1.8,290,116.4,117.3,117.3,111.7,113.3,113.3,4.7,4.0,4.0,0.04,1.36,17.7,0.055,0.108,0.082,13.0,13.0,0.549,0.5660000000000001,0.066,0.067,97.54,96.47,80.39,96.47,0.032,3851,96,225,1.3,3.0,2023,75.0,94.0,74.0,83.0,75.0,85.0,55.0,55.0,50.0,60.0,49.0,48.0,50.0,36.0,81.0,77.0,80.0,37.0,45.0,74.0,75.0,80.0,63.0,82.0,66.0,88.0,90.0,91.0,70.0,65.0,44.0,69.0,29.0,55.0,56.0,71.5
P.J. Washington,CHA,73,24,49,0.329,32.6,5.9,13.4,0.444,2.0,5.9,0.348,1.7,2.4,0.73,1.0,3.9,4.9,2.4,1.5,0.9,1.1,0.8,2.6,2.1,15.7,-5.1,67,106.5,107.5,107.5,113.8,114.8,114.8,-7.3,-7.2,-7.2,0.107,1.59,13.1,0.028,0.118,0.071,8.2,8.2,0.52,0.542,0.2,0.204,104.14,103.2,86.0,103.2,0.083,5114,434,978,5.9,13.4,2023,77.0,88.0,65.0,78.0,72.0,98.0,85.0,74.0,65.0,80.0,68.0,70.0,71.0,74.0,95.0,62.0,52.0,41.0,70.0,64.0,62.0,40.0,75.0,68.0,69.0,85.0,85.0,79.0,55.0,70.0,63.0,60.0,41.0,40.0,57.0,71.0
Paolo Banchero,ORL,72,31,41,0.431,33.7,6.7,15.6,0.427,1.2,4.0,0.298,5.5,7.4,0.738,1.2,5.7,6.9,3.7,2.8,0.8,0.5,1.3,2.2,5.0,20.0,-3.0,186,109.5,111.1,111.1,113.8,115.3,115.3,-4.4,-4.2,-4.2,0.171,1.35,14.7,0.035,0.174,0.104,10.9,11.0,0.465,0.529,0.272,0.275,102.04,100.66,83.89,100.66,0.108,5095,479,1122,6.7,15.6,2023,84.0,82.0,79.0,70.0,74.0,95.0,95.0,88.0,75.0,85.0,74.0,70.0,72.0,84.0,85.0,68.0,66.0,40.0,53.0,64.0,67.0,45.0,80.0,77.0,83.0,90.0,85.0,80.0,70.0,76.0,74.0,70.0,64.0,60.0,72.0,75.0
Pascal Siakam,TOR,71,35,36,0.493,37.4,8.9,18.5,0.48,1.3,4.0,0.324,5.2,6.7,0.774,1.8,6.0,7.8,5.8,2.4,0.9,0.5,0.5,3.2,5.6,24.2,1.7,163,113.6,115.6,115.6,111.9,113.3,113.3,1.7,2.4,2.4,0.244,2.46,19.7,0.047,0.177,0.107,8.0,8.0,0.515,0.5650000000000001,0.27,0.274,99.6,98.17,81.81,98.17,0.135,5422,630,1313,8.9,18.5,2023,86.0,91.0,80.0,77.0,76.0,90.0,98.0,84.0,85.0,80.0,88.0,88.0,88.0,89.0,95.0,86.0,79.0,38.0,52.0,86.0,82.0,80.0,76.0,70.0,79.0,95.0,80.0,82.0,72.0,79.0,69.0,79.0,72.0,51.0,74.0,78.0
Pat Connaughton,MIL,61,43,18,0.705,23.7,2.7,6.9,0.392,1.8,5.3,0.339,0.4,0.7000000000000001,0.659,0.8,3.8,4.6,1.3,0.5,0.6000000000000001,0.2,0.2,1.1,0.8,7.6,2.2,99,114.9,113.3,113.3,109.6,109.9,109.9,5.3,3.4,3.4,0.069,2.33,14.1,0.033,0.144,0.09,6.0,6.0,0.521,0.531,0.133,0.138,102.85,103.42,86.18,103.42,0.075,3121,165,421,2.7,6.9,2023,75.0,80.0,69.0,77.0,66.0,80.0,80.0,84.0,30.0,86.0,35.0,34.0,30.0,66.0,90.0,35.0,69.0,41.0,40.0,50.0,54.0,50.0,77.0,45.0,95.0,80.0,90.0,83.0,69.0,78.0,65.0,78.0,33.0,41.0,66.0,76.0
Patrick Baldwin Jr.,GSW,31,15,16,0.484,7.3,1.4,3.5,0.394,1.0,2.7,0.381,0.1,0.2,0.667,0.0,1.3,1.3,0.4,0.4,0.2,0.1,0.1,0.5,0.1,3.9,-1.6,210,102.6,100.8,100.8,114.6,113.2,113.2,-12.0,-12.3,-12.3,0.083,1.0,8.2,0.004,0.188,0.091,8.2,8.2,0.541,0.546,0.227,0.237,101.15,102.65,85.55,102.65,0.092,487,43,109,1.4,3.5,2023,72.0,70.0,72.0,82.0,74.0,70.0,60.0,74.0,55.0,70.0,54.0,52.0,52.0,52.0,80.0,56.0,59.0,40.0,40.0,55.0,54.0,40.0,57.0,69.0,62.0,85.0,70.0,80.0,55.0,58.0,55.0,60.0,28.0,44.0,56.0,60.5
Patrick Beverley,CHI,67,34,33,0.507,27.1,2.1,5.4,0.4,1.2,3.6,0.335,0.7000000000000001,1.0,0.723,0.7000000000000001,3.0,3.7,2.9,0.9,0.9,0.6000000000000001,0.2,2.8,1.4,6.2,-1.2,184,110.7,111.6,111.6,112.4,113.1,113.1,-1.7,-1.5,-1.5,0.137,3.23,30.1,0.025,0.111,0.068,9.3,9.3,0.511,0.534,0.107,0.109,100.85,100.08,83.4,100.08,0.056,3777,144,360,2.1,5.4,2023,76.0,85.0,44.0,76.0,72.0,60.0,40.0,70.0,25.0,45.0,30.0,35.0,30.0,38.0,85.0,70.0,90.0,43.0,60.0,86.0,63.0,95.0,76.0,60.0,91.0,90.0,76.0,78.0,75.0,78.0,75.0,77.0,50.0,40.0,54.0,82.5
Patrick Williams,CHI,82,40,42,0.488,28.3,3.8,8.3,0.464,1.4,3.4,0.415,1.1,1.3,0.857,1.0,3.0,4.0,1.2,1.2,0.9,0.9,0.5,1.8,1.2,10.2,-1.7,149,111.4,110.7,110.7,112.0,113.2,113.2,-0.6000000000000001,-2.4,-2.4,0.059,0.99,10.8,0.036,0.107,0.072,10.9,10.9,0.549,0.5760000000000001,0.156,0.159,100.3,100.05,83.37,100.05,0.069,4831,314,677,3.8,8.3,2023,77.0,64.0,83.0,85.0,87.0,70.0,75.0,68.0,60.0,65.0,44.0,42.0,40.0,50.0,80.0,70.0,76.0,42.0,67.0,80.0,65.0,65.0,70.0,64.0,77.0,88.0,75.0,81.0,60.0,70.0,64.0,62.0,31.0,43.0,56.0,72.0
Patty Mills,BKN,40,18,22,0.45,14.2,2.2,5.2,0.411,1.2,3.4,0.366,0.6000000000000001,0.8,0.833,0.2,0.9,1.1,1.4,0.8,0.4,0.1,0.2,0.8,0.7000000000000001,6.2,-1.7,177,110.7,111.2,111.2,116.2,117.0,117.0,-5.5,-5.8,-5.8,0.136,1.87,18.2,0.014,0.062,0.037,9.8,9.7,0.529,0.554,0.182,0.186,104.06,103.51,86.26,103.51,0.069,1224,86,209,2.2,5.2,2023,74.0,64.0,85.0,80.0,90.0,90.0,70.0,79.0,25.0,25.0,25.0,37.0,25.0,50.0,73.0,27.0,65.0,41.0,35.0,61.0,61.0,40.0,83.0,51.0,66.0,82.0,70.0,82.0,79.0,86.0,83.0,84.0,53.0,33.0,41.0,77.5
Paul George,LAC,56,32,24,0.5710000000000001,34.6,8.2,17.9,0.457,2.8,7.6,0.371,4.6,5.3,0.871,0.8,5.3,6.1,5.1,3.1,1.5,0.4,0.7000000000000001,2.8,4.1,23.8,2.8,20,115.2,116.5,116.5,111.5,112.5,112.5,3.7,4.0,4.0,0.237,1.64,18.1,0.025,0.153,0.091,11.1,11.0,0.536,0.588,0.294,0.301,99.44,98.46,82.05,98.46,0.135,3976,459,1004,8.2,17.9,2023,89.0,95.0,82.0,81.0,88.0,90.0,95.0,89.0,55.0,85.0,40.0,70.0,75.0,55.0,80.0,79.0,92.0,74.0,47.0,88.0,80.0,85.0,79.0,70.0,88.0,95.0,75.0,93.0,78.0,87.0,79.0,75.0,72.0,37.0,68.0,85.0
Paul Reed,PHI,69,44,25,0.638,10.9,1.8,3.0,0.593,0.0,0.1,0.167,0.6000000000000001,0.7000000000000001,0.745,1.6,2.2,3.8,0.4,0.7000000000000001,0.7000000000000001,0.7000000000000001,0.2,1.8,0.7000000000000001,4.2,-0.2,489,112.4,111.0,111.0,111.1,111.5,111.5,1.3,-0.4,-0.4,0.051,0.6000000000000001,8.9,0.147,0.207,0.176,14.9,14.8,0.596,0.62,0.152,0.158,99.62,100.08,83.4,100.08,0.106,1570,124,209,1.8,3.0,2023,76.0,70.0,70.0,66.0,76.0,75.0,70.0,73.0,80.0,75.0,73.0,70.0,73.0,68.0,70.0,69.0,43.0,83.0,89.0,66.0,58.0,40.0,49.0,62.0,65.0,80.0,85.0,80.0,48.0,52.0,41.0,44.0,29.0,93.0,82.0,49.5
Payton Pritchard,BOS,48,32,16,0.667,13.4,2.1,5.1,0.412,1.2,3.2,0.364,0.3,0.3,0.75,0.5,1.3,1.8,1.3,0.8,0.3,0.0,0.2,0.8,0.3,5.6,0.3,190,109.3,107.9,107.9,107.4,106.5,106.5,1.8,1.4,1.4,0.153,1.6,18.0,0.038,0.094,0.066,11.2,11.2,0.527,0.536,0.193,0.2,98.62,99.69,83.08,99.69,0.076,1332,101,245,2.1,5.1,2023,73.0,80.0,82.0,78.0,88.0,85.0,65.0,77.0,25.0,35.0,40.0,46.0,35.0,40.0,75.0,36.0,60.0,40.0,30.0,60.0,45.0,35.0,75.0,41.0,66.0,84.0,78.0,81.0,79.0,79.0,75.0,82.0,45.0,47.0,46.0,74.5
Peyton Watson,DEN,23,13,10,0.5650000000000001,8.1,1.3,2.6,0.492,0.3,0.6000000000000001,0.429,0.5,0.9,0.55,0.3,1.3,1.6,0.5,0.3,0.1,0.5,0.2,0.6000000000000001,0.6000000000000001,3.3,-2.0,413,103.0,101.6,101.6,115.1,113.5,113.5,-12.0,-12.0,-12.0,0.087,1.38,12.6,0.043,0.139,0.093,9.2,9.2,0.542,0.553,0.174,0.179,97.55,98.91,82.42,98.91,0.087,383,29,59,1.3,2.6,2023,71.0,72.0,69.0,68.0,69.0,70.0,65.0,68.0,60.0,65.0,44.0,42.0,40.0,40.0,80.0,59.0,68.0,52.0,75.0,65.0,62.0,60.0,77.0,55.0,82.0,88.0,75.0,80.0,60.0,70.0,76.0,62.0,28.0,59.0,68.0,74.0
Precious Achiuwa,TOR,55,30,25,0.545,20.7,3.6,7.3,0.485,0.5,2.0,0.269,1.6,2.3,0.7020000000000001,1.8,4.1,6.0,0.9,1.1,0.6000000000000001,0.5,0.6000000000000001,1.9,1.7,9.2,-0.7000000000000001,340,113.0,114.0,114.0,114.4,115.6,115.6,-1.4,-1.6,-1.6,0.063,0.85,8.8,0.083,0.213,0.144,10.4,10.4,0.521,0.554,0.19,0.195,99.01,98.04,81.7,98.04,0.1,2330,196,404,3.6,7.3,2023,78.0,78.0,64.0,62.0,70.0,70.0,80.0,79.0,85.0,80.0,57.0,44.0,42.0,63.0,75.0,75.0,56.0,41.0,66.0,73.0,89.0,55.0,75.0,78.0,79.0,84.0,88.0,76.0,36.0,49.0,66.0,50.0,32.0,67.0,84.0,70.0
Quentin Grimes,NYK,71,41,30,0.577,29.9,4.0,8.5,0.468,2.2,5.7,0.386,1.1,1.4,0.796,0.7000000000000001,2.5,3.2,2.1,1.0,0.7000000000000001,0.4,0.3,2.5,1.1,11.3,2.6,53,117.2,118.6,118.6,112.9,114.2,114.2,4.4,4.4,4.4,0.096,2.17,17.4,0.022,0.085,0.053,8.0,8.0,0.599,0.619,0.142,0.145,99.11,97.97,81.64,97.97,0.07,4328,282,602,4.0,8.5,2023,78.0,82.0,80.0,81.0,79.0,95.0,85.0,79.0,25.0,70.0,39.0,58.0,42.0,65.0,80.0,46.0,78.0,37.0,53.0,78.0,77.0,75.0,86.0,63.0,75.0,85.0,80.0,80.0,70.0,74.0,79.0,65.0,37.0,37.0,47.0,84.0
Raul Neto,CLE,48,31,17,0.646,10.5,1.2,2.3,0.518,0.3,0.9,0.286,0.6000000000000001,0.7000000000000001,0.912,0.2,0.8,1.0,1.6,0.5,0.4,0.1,0.1,1.0,1.0,3.3,0.2,415,112.5,111.2,111.2,109.0,109.8,109.8,3.5,1.4,1.4,0.226,3.29,34.5,0.022,0.071,0.048,10.5,10.5,0.5730000000000001,0.628,0.133,0.136,96.57,96.76,80.64,96.76,0.087,1017,57,110,1.2,2.3,2023,74.0,88.0,83.0,75.0,74.0,80.0,70.0,78.0,25.0,25.0,43.0,40.0,35.0,64.0,81.0,40.0,73.0,59.0,42.0,66.0,80.0,70.0,71.0,51.0,68.0,82.0,85.0,79.0,79.0,79.0,70.0,79.0,67.0,34.0,46.0,75.0
Reggie Jackson,DEN,68,36,32,0.529,24.4,3.9,9.4,0.411,1.4,4.2,0.333,1.0,1.1,0.91,0.4,1.8,2.1,3.4,1.7,0.7000000000000001,0.1,0.2,1.7,1.1,10.2,-1.2,145,108.8,109.5,109.5,111.1,111.7,111.7,-2.3,-2.2,-2.2,0.211,2.03,22.9,0.015,0.071,0.043,11.3,11.2,0.486,0.514,0.205,0.21,99.05,98.47,82.06,98.47,0.073,3397,263,640,3.9,9.4,2023,75.0,85.0,72.0,77.0,91.0,80.0,50.0,74.0,25.0,65.0,25.0,48.0,28.0,44.0,88.0,49.0,74.0,42.0,35.0,70.0,74.0,70.0,84.0,48.0,85.0,95.0,85.0,84.0,82.0,86.0,84.0,75.0,70.0,34.0,44.0,79.0
Richaun Holmes,SAC,42,22,20,0.524,8.3,1.3,2.1,0.618,0.1,0.2,0.625,0.4,0.5,0.789,0.7000000000000001,1.2,1.9,0.2,0.3,0.1,0.3,0.2,1.2,0.5,3.1,-1.6,453,105.3,104.2,104.2,115.4,113.5,113.5,-10.1,-9.3,-9.3,0.04,0.64,7.6,0.082,0.149,0.115,11.8,11.6,0.646,0.668,0.132,0.138,101.06,102.47,85.39,102.47,0.078,742,55,89,1.3,2.1,2023,75.0,90.0,70.0,62.0,77.0,40.0,40.0,78.0,85.0,75.0,70.0,57.0,70.0,50.0,80.0,75.0,40.0,33.0,63.0,68.0,55.0,50.0,57.0,79.0,81.0,80.0,95.0,82.0,42.0,58.0,38.0,54.0,27.0,66.0,67.0,55.5
Ricky Rubio,CLE,33,23,10,0.6970000000000001,17.2,1.8,5.4,0.343,0.6000000000000001,2.5,0.256,0.8,1.1,0.8,0.3,1.8,2.1,3.5,0.9,0.8,0.2,0.4,1.5,1.4,5.2,1.4,307,107.2,107.2,107.2,104.0,104.2,104.2,3.2,3.0,3.0,0.295,3.71,33.8,0.015,0.112,0.062,9.1,9.1,0.402,0.442,0.172,0.176,98.3,98.21,81.84,98.21,0.084,1163,61,178,1.8,5.4,2023,75.0,73.0,60.0,70.0,76.0,85.0,70.0,79.0,25.0,25.0,25.0,40.0,26.0,47.0,92.0,32.0,78.0,76.0,51.0,76.0,70.0,60.0,75.0,27.0,60.0,88.0,73.0,80.0,84.0,86.0,75.0,88.0,73.0,35.0,62.0,77.0
Robert Covington,LAC,48,20,28,0.417,16.2,2.1,4.8,0.445,1.1,2.8,0.397,0.6000000000000001,0.8,0.75,0.6000000000000001,2.8,3.5,1.2,0.7000000000000001,0.8,0.7000000000000001,0.2,1.8,0.7000000000000001,6.0,-0.1,199,109.0,109.2,109.2,109.9,110.2,110.2,-1.0,-1.0,-1.0,0.105,1.78,17.0,0.038,0.164,0.102,9.5,9.5,0.5630000000000001,0.584,0.149,0.154,101.07,100.85,84.04,100.85,0.097,1640,102,229,2.1,4.8,2023,77.0,74.0,69.0,81.0,83.0,70.0,60.0,76.0,55.0,65.0,59.0,58.0,59.0,30.0,70.0,79.0,83.0,73.0,81.0,83.0,83.0,80.0,68.0,62.0,70.0,85.0,75.0,82.0,60.0,65.0,65.0,60.0,42.0,48.0,77.0,76.0
Robert Williams III,BOS,35,24,11,0.686,23.5,3.6,4.9,0.747,0.0,0.0,0.0,0.7000000000000001,1.2,0.61,3.0,5.4,8.3,1.4,1.0,0.6000000000000001,1.4,0.3,1.9,1.2,8.0,4.9,492,115.9,116.3,116.3,105.3,105.0,105.0,10.6,11.4,11.4,0.086,1.47,18.5,0.124,0.209,0.168,12.6,12.5,0.747,0.742,0.113,0.116,100.23,100.19,83.49,100.19,0.13,1709,127,170,3.6,4.9,2023,83.0,95.0,69.0,25.0,63.0,70.0,65.0,82.0,90.0,75.0,60.0,50.0,65.0,54.0,75.0,88.0,40.0,38.0,90.0,88.0,88.0,90.0,71.0,83.0,75.0,80.0,90.0,81.0,57.0,48.0,38.0,62.0,40.0,91.0,87.0,63.0
Robin Lopez,CLE,37,25,12,0.676,8.1,1.3,2.0,0.64,0.1,0.1,0.5,0.4,0.5,0.778,0.6000000000000001,0.8,1.4,0.5,0.7000000000000001,0.1,0.2,0.2,1.2,0.7000000000000001,3.0,-1.6,474,103.2,102.3,102.3,111.6,111.0,111.0,-8.4,-8.7,-8.7,0.105,0.76,15.1,0.075,0.097,0.086,19.8,19.7,0.653,0.675,0.156,0.161,98.64,99.38,82.81,99.38,0.07,616,48,75,1.3,2.0,2023,74.0,93.0,73.0,76.0,60.0,45.0,40.0,78.0,75.0,60.0,96.0,55.0,95.0,50.0,88.0,70.0,55.0,27.0,52.0,80.0,64.0,70.0,25.0,75.0,57.0,85.0,95.0,82.0,30.0,35.0,25.0,69.0,34.0,73.0,49.0,25.0
Rodney McGruder,DET,32,4,28,0.125,16.4,1.9,4.8,0.408,1.3,3.0,0.423,0.6000000000000001,0.7000000000000001,0.8180000000000001,0.6000000000000001,1.7,2.3,0.9,0.3,0.5,0.0,0.3,1.2,0.8,5.7,-1.4,168,109.9,111.5,111.5,115.9,114.9,114.9,-6.0,-3.5,-3.5,0.071,2.55,13.9,0.035,0.109,0.07,5.5,5.5,0.543,0.5660000000000001,0.135,0.137,101.28,101.01,84.18,101.01,0.067,1100,62,152,1.9,4.8,2023,73.0,85.0,73.0,84.0,72.0,88.0,65.0,60.0,35.0,50.0,30.0,42.0,41.0,45.0,80.0,50.0,79.0,42.0,30.0,79.0,74.0,70.0,71.0,45.0,70.0,75.0,70.0,81.0,68.0,74.0,67.0,69.0,35.0,45.0,54.0,74.0
Romeo Langford,SAS,43,14,29,0.326,19.6,2.8,6.0,0.467,0.4,1.4,0.262,0.9,1.3,0.6960000000000001,1.3,1.3,2.7,1.2,0.7000000000000001,0.6000000000000001,0.3,0.3,1.6,1.5,6.9,-4.2,384,106.5,107.0,107.0,115.1,115.5,115.5,-8.6,-8.5,-8.5,0.08,1.67,13.7,0.06,0.067,0.063,8.2,8.2,0.498,0.524,0.148,0.151,104.04,103.64,86.37,103.64,0.059,1812,121,259,2.8,6.0,2023,73.0,85.0,72.0,70.0,68.0,85.0,70.0,73.0,35.0,65.0,35.0,58.0,37.0,44.0,80.0,42.0,65.0,40.0,56.0,69.0,50.0,35.0,81.0,42.0,81.0,92.0,75.0,80.0,70.0,79.0,78.0,69.0,35.0,62.0,42.0,78.5
Ron Harper Jr.,TOR,9,6,3,0.667,5.3,0.9,1.8,0.5,0.3,1.0,0.333,0.1,0.1,1.0,0.3,0.4,0.8,0.4,0.0,0.0,0.1,0.1,0.3,0.1,2.2,2.1,392,117.7,119.8,119.8,103.3,98.0,98.0,14.4,21.8,21.8,0.108,0.0,20.0,0.054,0.093,0.071,0.0,0.0,0.594,0.608,0.136,0.142,96.3,98.02,81.68,98.02,0.098,96,8,16,0.9,1.8,2023,68.0,70.0,72.0,76.0,79.0,60.0,50.0,72.0,40.0,70.0,44.0,45.0,30.0,47.0,85.0,42.0,60.0,43.0,47.0,60.0,52.0,55.0,69.0,47.0,70.0,80.0,75.0,80.0,58.0,72.0,63.0,55.0,33.0,34.0,46.0,69.0
Rudy Gobert,MIN,70,34,36,0.486,30.7,5.1,7.8,0.659,0.0,0.0,0.0,3.1,4.9,0.644,3.3,8.3,11.6,1.2,1.7,0.8,1.4,0.6000000000000001,3.0,4.6,13.4,-0.1,492,109.4,110.8,110.8,109.4,110.3,110.3,0.0,0.4,0.4,0.058,0.71,9.6,0.111,0.26,0.188,13.5,13.5,0.659,0.675,0.161,0.164,101.34,100.29,83.58,100.29,0.137,4477,360,546,5.1,7.8,2023,84.0,75.0,60.0,25.0,65.0,75.0,50.0,60.0,90.0,75.0,65.0,58.0,65.0,70.0,85.0,97.0,64.0,41.0,80.0,97.0,74.0,95.0,48.0,87.0,57.0,90.0,95.0,81.0,68.0,35.0,25.0,58.0,30.0,80.0,91.0,45.0
Rui Hachimura,LAL,63,38,25,0.603,23.3,4.5,9.3,0.486,0.8,2.5,0.319,1.4,1.9,0.739,0.8,3.7,4.5,0.9,0.8,0.3,0.4,0.6000000000000001,1.1,1.3,11.2,-0.4,265,108.2,108.5,108.5,108.5,109.7,109.7,-0.2,-1.2,-1.2,0.06,1.09,7.8,0.036,0.141,0.091,7.1,7.1,0.53,0.556,0.194,0.2,103.47,102.74,85.62,102.74,0.098,3142,284,584,4.5,9.3,2023,79.0,81.0,87.0,77.0,75.0,75.0,65.0,73.0,80.0,80.0,74.0,70.0,72.0,60.0,85.0,60.0,54.0,32.0,53.0,59.0,50.0,35.0,72.0,79.0,80.0,90.0,85.0,80.0,51.0,72.0,67.0,54.0,31.0,43.0,65.0,70.5
Russell Westbrook,LAC,73,36,37,0.493,29.1,5.9,13.6,0.436,1.2,3.9,0.311,2.8,4.3,0.656,1.2,4.6,5.8,7.5,3.5,1.0,0.5,1.1,2.2,2.9,15.9,-0.3,180,113.2,114.1,114.1,113.9,114.3,114.3,-0.7000000000000001,-0.2,-0.2,0.364,2.16,28.5,0.042,0.147,0.096,13.2,13.2,0.481,0.513,0.266,0.271,105.23,104.59,87.16,104.59,0.115,4626,432,991,5.9,13.6,2023,81.0,79.0,72.0,73.0,66.0,65.0,85.0,82.0,30.0,80.0,45.0,66.0,66.0,50.0,85.0,42.0,74.0,53.0,52.0,70.0,55.0,70.0,96.0,75.0,92.0,92.0,85.0,92.0,82.0,86.0,95.0,84.0,85.0,48.0,68.0,88.5
Ryan Rollins,GSW,12,5,7,0.417,5.2,0.6000000000000001,1.7,0.35,0.3,0.8,0.333,0.5,0.5,1.0,0.3,0.8,1.0,0.5,1.3,0.1,0.1,0.2,0.8,0.3,1.9,-3.9,415,75.6,73.2,73.2,114.7,111.3,111.3,-39.1,-38.1,-38.1,0.214,0.38,13.3,0.043,0.153,0.093,35.6,35.8,0.425,0.508,0.26,0.275,101.58,104.78,87.32,104.78,0.009,138,7,20,0.6000000000000001,1.7,2023,68.0,71.0,76.0,72.0,79.0,60.0,50.0,73.0,25.0,65.0,40.0,42.0,42.0,37.0,85.0,43.0,60.0,56.0,51.0,59.0,52.0,45.0,86.0,39.0,80.0,85.0,79.0,80.0,70.0,78.0,82.0,70.0,66.0,46.0,47.0,78.5
Saben Lee,PHX,25,15,10,0.6000000000000001,14.9,2.0,4.8,0.405,0.4,1.2,0.367,1.7,2.3,0.737,0.5,1.3,1.8,2.7,1.0,0.8,0.0,0.5,1.3,2.0,6.0,-1.2,359,101.6,100.7,100.7,103.3,105.1,105.1,-1.7,-4.4,-4.4,0.278,2.79,28.0,0.03,0.082,0.055,10.0,10.1,0.45,0.517,0.184,0.187,104.0,103.51,86.26,103.51,0.097,808,49,121,2.0,4.8,2023,73.0,62.0,74.0,69.0,68.0,95.0,85.0,84.0,25.0,85.0,25.0,31.0,30.0,79.0,77.0,44.0,60.0,73.0,32.0,55.0,54.0,30.0,74.0,52.0,69.0,80.0,76.0,79.0,80.0,83.0,73.0,80.0,72.0,44.0,49.0,70.5
Saddiq Bey,ATL,77,24,53,0.312,27.6,4.6,10.9,0.422,2.0,5.4,0.361,2.7,3.1,0.861,1.3,3.4,4.7,1.5,0.9,0.9,0.2,0.7000000000000001,1.6,2.0,13.8,-1.9,81,112.5,113.9,113.9,116.2,117.0,117.0,-3.7,-3.1,-3.1,0.08,1.66,10.5,0.044,0.127,0.084,6.3,6.3,0.513,0.5640000000000001,0.194,0.199,103.38,102.41,85.34,102.41,0.094,4539,353,836,4.6,10.9,2023,78.0,78.0,65.0,80.0,86.0,90.0,85.0,80.0,45.0,60.0,43.0,42.0,52.0,84.0,84.0,64.0,75.0,46.0,40.0,77.0,72.0,70.0,63.0,69.0,70.0,87.0,90.0,81.0,64.0,76.0,57.0,75.0,34.0,46.0,60.0,71.0
Sam Hauser,BOS,80,55,25,0.6880000000000001,16.1,2.3,5.0,0.455,1.8,4.2,0.418,0.2,0.2,0.706,0.4,2.1,2.6,0.9,0.4,0.4,0.3,0.1,1.2,0.3,6.4,2.7,102,114.9,114.1,114.1,106.8,106.4,106.4,8.0,7.7,7.7,0.076,2.37,14.1,0.027,0.121,0.076,6.0,5.9,0.631,0.634,0.141,0.145,100.99,101.51,84.6,101.51,0.084,2732,180,396,2.3,5.0,2023,75.0,74.0,77.0,85.0,89.0,95.0,80.0,60.0,40.0,60.0,44.0,45.0,45.0,55.0,95.0,48.0,55.0,38.0,55.0,52.0,44.0,45.0,61.0,66.0,62.0,85.0,88.0,80.0,50.0,43.0,55.0,60.0,34.0,41.0,61.0,61.5
Sam Merrill,CLE,5,4,1,0.8,11.7,1.8,4.4,0.409,1.0,3.6,0.278,0.4,0.4,1.0,0.0,1.8,1.8,1.0,0.0,0.8,0.0,0.0,0.6000000000000001,0.2,5.0,-1.0,214,100.9,99.2,99.2,101.7,102.5,102.5,-0.8,-3.3,-3.3,0.143,0.0,17.9,0.0,0.167,0.083,0.0,0.0,0.523,0.546,0.177,0.18,98.38,98.84,82.37,98.84,0.12,120,9,22,1.8,4.4,2023,71.0,60.0,76.0,78.0,89.0,92.0,75.0,64.0,30.0,45.0,30.0,44.0,48.0,55.0,80.0,42.0,60.0,46.0,35.0,52.0,62.0,45.0,62.0,44.0,60.0,80.0,60.0,79.0,74.0,76.0,60.0,79.0,43.0,38.0,51.0,63.0
Sandro Mamukelashvili,SAS,43,23,20,0.535,15.3,2.3,5.3,0.422,0.7000000000000001,2.3,0.303,0.9,1.3,0.684,1.6,2.7,4.3,1.4,0.8,0.3,0.3,0.3,1.2,1.1,6.1,-2.7,296,106.3,106.3,106.3,117.6,116.4,116.4,-11.3,-10.1,-10.1,0.134,1.77,17.6,0.093,0.178,0.132,9.9,9.9,0.487,0.516,0.177,0.182,101.88,102.34,85.29,102.34,0.091,1419,97,230,2.3,5.3,2023,73.0,65.0,69.0,71.0,66.0,60.0,45.0,69.0,65.0,65.0,62.0,60.0,63.0,54.0,85.0,65.0,50.0,35.0,58.0,68.0,52.0,45.0,59.0,73.0,69.0,85.0,85.0,80.0,62.0,59.0,49.0,69.0,40.0,77.0,78.0,54.0
Santi Aldama,MEM,77,47,30,0.61,21.8,3.2,6.8,0.47,1.2,3.5,0.353,1.4,1.9,0.75,1.1,3.7,4.8,1.3,0.8,0.6000000000000001,0.6000000000000001,0.3,1.9,1.6,9.0,1.2,179,111.5,112.7,112.7,109.9,110.2,110.2,1.6,2.6,2.6,0.076,1.62,13.0,0.047,0.162,0.104,8.1,8.0,0.56,0.591,0.157,0.16,103.68,102.96,85.8,102.96,0.093,3607,247,525,3.2,6.8,2023,77.0,85.0,74.0,78.0,74.0,90.0,80.0,66.0,70.0,65.0,69.0,69.0,69.0,55.0,85.0,65.0,54.0,40.0,67.0,74.0,59.0,45.0,44.0,70.0,59.0,80.0,80.0,79.0,60.0,42.0,40.0,50.0,34.0,52.0,69.0,49.0
Scottie Barnes,TOR,77,38,39,0.494,34.8,6.0,13.2,0.456,0.8,2.9,0.281,2.5,3.2,0.772,2.3,4.3,6.6,4.8,2.0,1.1,0.8,0.6000000000000001,2.2,2.7,15.3,2.3,262,113.8,114.8,114.8,111.3,111.6,111.6,2.5,3.2,3.2,0.195,2.41,22.5,0.063,0.135,0.097,9.4,9.3,0.487,0.524,0.2,0.205,99.32,98.71,82.25,98.71,0.103,5506,463,1016,6.0,13.2,2023,83.0,85.0,74.0,72.0,77.0,98.0,85.0,86.0,80.0,80.0,60.0,62.0,62.0,79.0,95.0,75.0,75.0,42.0,62.0,75.0,76.0,75.0,82.0,74.0,92.0,88.0,90.0,80.0,77.0,79.0,77.0,80.0,69.0,61.0,65.0,79.5
Scotty Pippen Jr.,LAL,6,1,5,0.167,5.3,0.7000000000000001,2.0,0.333,0.2,0.5,0.333,0.8,1.5,0.556,0.3,0.3,0.7000000000000001,0.3,0.3,0.3,0.2,0.3,0.5,1.0,2.3,-0.2,436,89.1,89.4,89.4,93.6,90.9,90.9,-4.6,-1.5,-1.5,0.125,1.0,10.0,0.05,0.057,0.053,10.0,10.0,0.375,0.439,0.231,0.242,99.24,100.52,83.77,100.52,0.051,66,4,12,0.7000000000000001,2.0,2023,68.0,73.0,74.0,73.0,75.0,70.0,50.0,73.0,25.0,65.0,25.0,36.0,31.0,62.0,72.0,31.0,62.0,41.0,55.0,54.0,55.0,50.0,82.0,39.0,79.0,82.0,75.0,80.0,70.0,76.0,82.0,70.0,66.0,36.0,61.0,76.0
Seth Curry,BKN,61,37,24,0.607,19.8,3.4,7.4,0.463,1.5,3.8,0.405,0.8,0.9,0.927,0.2,1.4,1.6,1.6,0.8,0.6000000000000001,0.1,0.2,1.6,0.9,9.2,-1.1,127,110.4,110.4,110.4,112.8,113.9,113.9,-2.5,-3.5,-3.5,0.121,1.94,16.1,0.011,0.071,0.042,8.3,8.2,0.5680000000000001,0.593,0.188,0.193,100.66,100.21,83.5,100.21,0.079,2536,208,449,3.4,7.4,2023,77.0,98.0,96.0,86.0,98.0,85.0,85.0,85.0,25.0,36.0,27.0,35.0,30.0,35.0,69.0,25.0,57.0,43.0,37.0,54.0,55.0,35.0,78.0,41.0,68.0,89.0,80.0,80.0,75.0,78.0,77.0,75.0,45.0,31.0,45.0,73.0
Shaedon Sharpe,POR,80,32,48,0.4,22.2,3.8,8.1,0.472,1.3,3.5,0.36,0.9,1.3,0.714,0.8,2.2,3.0,1.2,1.0,0.5,0.3,0.4,1.7,1.1,9.9,-3.7,169,109.6,110.8,110.8,118.2,118.4,118.4,-8.6,-7.6,-7.6,0.079,1.13,10.8,0.037,0.102,0.069,9.5,9.5,0.551,0.5680000000000001,0.186,0.189,101.63,100.99,84.16,100.99,0.071,3737,306,648,3.8,8.1,2023,78.0,85.0,81.0,81.0,67.0,85.0,90.0,85.0,40.0,96.0,35.0,37.0,33.0,82.0,88.0,49.0,69.0,37.0,51.0,65.0,75.0,45.0,89.0,50.0,96.0,94.0,85.0,80.0,67.0,83.0,84.0,62.0,30.0,46.0,49.0,84.5
Shai Gilgeous-Alexander,OKC,68,33,35,0.485,35.5,10.4,20.3,0.51,0.9,2.5,0.345,9.8,10.9,0.905,0.9,4.0,4.8,5.5,2.8,1.6,1.0,1.4,2.8,7.2,31.4,2.2,251,114.9,116.1,116.1,111.9,113.3,113.3,3.0,2.7,2.7,0.249,1.93,16.4,0.023,0.109,0.065,8.5,8.5,0.531,0.626,0.318,0.325,104.62,103.47,86.23,103.47,0.175,5211,704,1381,10.4,20.3,2023,93.0,96.0,96.0,80.0,90.0,98.0,98.0,96.0,40.0,75.0,66.0,73.0,72.0,98.0,98.0,68.0,79.0,70.0,66.0,80.0,80.0,80.0,86.0,60.0,85.0,97.0,98.0,80.0,96.0,93.0,85.0,97.0,89.0,59.0,54.0,84.5
Shake Milton,PHI,76,52,24,0.684,20.6,3.2,6.6,0.479,0.7000000000000001,1.9,0.378,1.3,1.5,0.853,0.5,2.0,2.5,3.2,1.2,0.3,0.2,0.5,1.6,1.4,8.4,1.9,288,114.5,114.1,114.1,109.3,110.2,110.2,5.2,3.9,3.9,0.213,2.55,27.1,0.026,0.096,0.062,10.6,10.6,0.535,0.5750000000000001,0.175,0.18,101.71,101.46,84.55,101.46,0.09,3319,241,503,3.2,6.6,2023,77.0,82.0,85.0,84.0,85.0,98.0,80.0,78.0,30.0,60.0,46.0,44.0,40.0,50.0,89.0,30.0,65.0,35.0,45.0,58.0,50.0,40.0,77.0,38.0,77.0,88.0,85.0,83.0,79.0,84.0,77.0,79.0,70.0,38.0,54.0,76.5
Simone Fontecchio,UTA,52,25,27,0.481,14.7,2.2,6.0,0.369,1.2,3.7,0.33,0.7000000000000001,0.8,0.795,0.6000000000000001,1.1,1.7,0.8,0.8,0.3,0.2,0.3,1.2,0.7000000000000001,6.3,-3.9,181,105.7,105.2,105.2,117.8,118.3,118.3,-12.1,-13.1,-13.1,0.079,1.08,10.2,0.036,0.07,0.052,9.5,9.5,0.47,0.495,0.192,0.197,104.89,104.96,87.46,104.96,0.046,1681,115,312,2.2,6.0,2023,74.0,73.0,70.0,77.0,81.0,95.0,85.0,76.0,40.0,65.0,50.0,50.0,50.0,50.0,69.0,51.0,65.0,37.0,52.0,64.0,47.0,45.0,55.0,62.0,55.0,80.0,95.0,80.0,55.0,58.0,52.0,60.0,34.0,48.0,42.0,60.5
Skylar Mays,POR,6,1,5,0.167,31.5,5.7,11.3,0.5,2.0,4.3,0.462,2.0,2.2,0.923,0.3,2.8,3.2,8.3,1.7,1.0,0.2,1.3,1.8,1.8,15.3,-12.3,72,107.7,108.4,108.4,125.9,124.8,124.8,-18.2,-16.3,-16.3,0.368,5.0,37.6,0.01,0.097,0.05,7.5,7.5,0.588,0.624,0.182,0.187,106.06,106.16,88.47,106.16,0.113,415,34,68,5.7,11.3,2023,72.0,71.0,84.0,80.0,88.0,72.0,75.0,70.0,35.0,45.0,37.0,52.0,37.0,57.0,80.0,42.0,68.0,46.0,25.0,69.0,60.0,50.0,70.0,42.0,74.0,92.0,65.0,80.0,74.0,79.0,67.0,75.0,42.0,37.0,49.0,72.5
Spencer Dinwiddie,BKN,79,41,38,0.519,34.5,5.8,13.3,0.438,2.3,6.2,0.369,3.4,4.2,0.812,0.4,3.1,3.4,6.5,1.8,0.8,0.3,0.8,2.4,3.2,17.3,-0.1,49,112.7,114.1,114.1,112.4,114.2,114.2,0.3,-0.1,-0.1,0.297,3.55,27.8,0.01,0.092,0.051,7.8,7.8,0.524,0.5730000000000001,0.22,0.223,97.61,96.28,80.23,96.28,0.113,5465,460,1050,5.8,13.3,2023,81.0,83.0,89.0,82.0,82.0,90.0,95.0,84.0,35.0,55.0,49.0,52.0,52.0,87.0,98.0,42.0,74.0,40.0,45.0,68.0,59.0,70.0,82.0,45.0,75.0,95.0,85.0,77.0,88.0,88.0,82.0,90.0,85.0,31.0,49.0,79.5
Stephen Curry,GSW,56,30,26,0.536,34.7,10.0,20.2,0.493,4.9,11.4,0.427,4.6,5.0,0.915,0.7000000000000001,5.4,6.1,6.3,3.2,0.9,0.4,0.7000000000000001,2.1,3.9,29.4,4.8,1,116.8,118.1,118.1,111.1,112.4,112.4,5.7,5.8,5.8,0.274,1.97,19.9,0.02,0.147,0.085,10.1,10.0,0.614,0.656,0.297,0.305,105.86,104.68,87.24,104.68,0.166,4244,559,1133,10.0,20.2,2023,96.0,97.0,92.0,99.0,92.0,98.0,99.0,96.0,25.0,36.0,35.0,52.0,35.0,94.0,98.0,30.0,75.0,41.0,47.0,78.0,85.0,65.0,84.0,48.0,73.0,98.0,98.0,86.0,93.0,97.0,84.0,97.0,74.0,36.0,68.0,80.5
Steven Adams,MEM,42,28,14,0.667,27.0,3.7,6.3,0.597,0.0,0.0,0.0,1.1,3.1,0.364,5.1,6.5,11.5,2.3,1.9,0.9,1.1,0.3,2.3,3.1,8.6,5.8,492,115.5,118.7,118.7,107.4,109.0,109.0,8.1,9.7,9.7,0.107,1.23,19.6,0.171,0.222,0.196,16.0,15.9,0.597,0.5640000000000001,0.139,0.141,103.44,101.29,84.41,101.29,0.112,2396,157,263,3.7,6.3,2023,80.0,91.0,65.0,26.0,37.0,60.0,65.0,69.0,70.0,70.0,79.0,62.0,82.0,49.0,79.0,82.0,55.0,43.0,80.0,85.0,79.0,80.0,48.0,81.0,68.0,88.0,90.0,82.0,69.0,35.0,33.0,68.0,42.0,97.0,83.0,50.0
T.J. McConnell,IND,75,31,44,0.413,20.4,3.8,6.9,0.543,0.3,0.8,0.441,0.8,0.9,0.853,0.6000000000000001,2.5,3.1,5.3,1.9,1.1,0.1,0.2,1.4,1.3,8.7,-0.8,390,109.5,110.5,110.5,112.7,112.9,112.9,-3.3,-2.4,-2.4,0.39,2.78,36.5,0.028,0.123,0.075,13.2,13.1,0.5680000000000001,0.59,0.182,0.188,104.52,103.95,86.62,103.95,0.134,3313,283,521,3.8,6.9,2023,78.0,95.0,85.0,79.0,85.0,90.0,80.0,76.0,25.0,25.0,44.0,58.0,38.0,40.0,79.0,49.0,82.0,80.0,37.0,70.0,87.0,80.0,76.0,44.0,65.0,85.0,92.0,83.0,88.0,79.0,73.0,86.0,83.0,41.0,60.0,80.0
T.J. Warren,PHX,42,26,16,0.619,16.4,3.1,6.4,0.489,0.5,1.6,0.328,0.7000000000000001,0.8,0.8,0.6000000000000001,2.3,2.9,1.0,0.5,0.5,0.3,0.2,1.5,0.7000000000000001,7.5,1.3,341,112.1,112.8,112.8,109.1,108.4,108.4,3.0,4.4,4.4,0.081,2.0,11.6,0.038,0.131,0.086,5.8,5.8,0.53,0.55,0.185,0.19,102.46,102.51,85.42,102.51,0.09,1462,132,270,3.1,6.4,2023,77.0,89.0,86.0,77.0,81.0,70.0,80.0,92.0,50.0,80.0,62.0,68.0,62.0,75.0,68.0,54.0,62.0,43.0,51.0,65.0,62.0,50.0,61.0,75.0,63.0,74.0,70.0,84.0,65.0,78.0,60.0,65.0,37.0,40.0,58.0,64.5
Taj Gibson,WAS,49,21,28,0.429,9.8,1.3,2.6,0.52,0.2,0.5,0.333,0.6000000000000001,0.9,0.714,0.7000000000000001,1.2,1.9,0.7000000000000001,0.5,0.3,0.2,0.2,1.7,0.7000000000000001,3.4,-0.1,441,110.7,110.6,110.6,113.5,111.7,111.7,-2.8,-1.1,-1.1,0.094,1.31,16.7,0.068,0.143,0.104,12.8,12.8,0.552,0.585,0.151,0.157,98.65,99.51,82.92,99.51,0.059,999,65,125,1.3,2.6,2023,73.0,84.0,78.0,73.0,69.0,70.0,45.0,65.0,75.0,65.0,81.0,80.0,79.0,52.0,77.0,69.0,58.0,53.0,65.0,78.0,62.0,60.0,49.0,83.0,58.0,75.0,85.0,83.0,33.0,35.0,32.0,54.0,42.0,67.0,59.0,51.5
Talen Horton-Tucker,UTA,65,30,35,0.462,20.2,4.0,9.4,0.419,0.9,3.1,0.286,1.9,2.6,0.75,0.6000000000000001,2.6,3.2,3.8,1.9,0.6000000000000001,0.4,0.7000000000000001,1.7,1.9,10.7,-0.1,242,110.8,112.0,112.0,111.4,112.0,112.0,-0.6000000000000001,0.1,0.1,0.274,1.95,23.3,0.03,0.117,0.074,11.9,11.9,0.467,0.508,0.25,0.256,104.28,103.46,86.22,103.46,0.1,2826,257,613,4.0,9.4,2023,79.0,85.0,73.0,72.0,78.0,98.0,95.0,87.0,30.0,80.0,52.0,60.0,57.0,88.0,95.0,44.0,74.0,46.0,61.0,70.0,70.0,50.0,70.0,69.0,73.0,85.0,85.0,80.0,84.0,82.0,68.0,84.0,78.0,39.0,62.0,74.0
Tari Eason,HOU,82,22,60,0.268,21.6,3.6,8.0,0.448,0.7000000000000001,2.1,0.343,1.3,1.8,0.752,2.4,3.7,6.0,1.1,1.2,1.2,0.6000000000000001,0.8,2.3,1.3,9.3,-1.9,291,108.3,108.6,108.6,113.3,113.4,113.4,-5.0,-4.8,-4.8,0.075,0.87,9.7,0.101,0.172,0.134,11.1,11.1,0.493,0.525,0.184,0.19,102.13,101.96,84.97,101.96,0.095,3765,296,660,3.6,8.0,2023,79.0,72.0,72.0,80.0,74.0,85.0,80.0,79.0,35.0,80.0,54.0,52.0,51.0,61.0,80.0,65.0,71.0,83.0,67.0,70.0,68.0,50.0,80.0,70.0,80.0,85.0,85.0,80.0,50.0,70.0,72.0,47.0,33.0,79.0,73.0,78.5
Taurean Prince,MIN,54,31,23,0.5740000000000001,22.1,3.3,7.0,0.467,1.4,3.6,0.381,1.2,1.4,0.844,0.3,2.2,2.4,1.6,1.3,0.5,0.3,0.3,2.3,1.6,9.1,0.0,153,112.0,111.9,111.9,110.6,111.0,111.0,1.4,0.9,0.9,0.094,1.22,15.0,0.013,0.096,0.055,12.3,12.2,0.5650000000000001,0.597,0.165,0.171,105.21,105.09,87.58,105.09,0.065,2600,177,379,3.3,7.0,2023,75.0,90.0,74.0,82.0,84.0,70.0,60.0,70.0,75.0,70.0,52.0,45.0,51.0,55.0,85.0,64.0,74.0,38.0,52.0,68.0,81.0,60.0,80.0,60.0,84.0,84.0,85.0,81.0,68.0,70.0,69.0,55.0,40.0,32.0,52.0,77.0
Terance Mann,LAC,81,44,37,0.543,23.1,3.4,6.5,0.519,1.0,2.4,0.389,1.1,1.5,0.78,1.0,2.5,3.4,2.3,1.0,0.5,0.3,0.4,1.8,1.4,8.8,0.0,229,113.4,113.7,113.7,113.1,113.5,113.5,0.4,0.3,0.3,0.139,2.3,21.9,0.042,0.107,0.074,9.5,9.5,0.593,0.619,0.149,0.153,99.31,99.03,82.52,99.03,0.087,3859,272,524,3.4,6.5,2023,77.0,79.0,82.0,82.0,78.0,95.0,75.0,78.0,45.0,75.0,47.0,50.0,50.0,72.0,75.0,54.0,66.0,38.0,51.0,62.0,59.0,50.0,71.0,50.0,79.0,85.0,90.0,80.0,79.0,79.0,70.0,83.0,65.0,48.0,55.0,71.5
Terence Davis,SAC,64,38,26,0.594,13.1,2.4,5.7,0.423,1.4,3.8,0.366,0.5,0.7000000000000001,0.791,0.3,1.9,2.2,1.0,0.8,0.7000000000000001,0.2,0.2,1.6,0.5,6.7,0.7000000000000001,150,115.9,115.4,115.4,112.2,111.4,111.4,3.7,4.0,4.0,0.11,1.26,13.3,0.024,0.14,0.082,10.5,10.5,0.545,0.5630000000000001,0.215,0.22,103.61,104.19,86.83,104.19,0.08,1814,154,364,2.4,5.7,2023,76.0,79.0,74.0,81.0,84.0,85.0,75.0,79.0,40.0,75.0,32.0,49.0,38.0,40.0,95.0,54.0,74.0,80.0,53.0,70.0,74.0,60.0,73.0,44.0,76.0,90.0,89.0,80.0,77.0,79.0,68.0,79.0,43.0,38.0,67.0,75.0
Terrence Ross,PHX,63,27,36,0.429,21.1,3.2,7.4,0.43,1.5,4.1,0.368,0.4,0.5,0.794,0.3,2.1,2.4,1.5,0.7000000000000001,0.6000000000000001,0.2,0.3,1.5,0.5,8.3,-1.2,131,111.1,112.1,112.1,113.5,114.7,114.7,-2.4,-2.6,-2.6,0.101,2.21,15.4,0.016,0.099,0.057,7.0,7.0,0.532,0.544,0.166,0.169,101.46,100.53,83.77,100.53,0.069,2785,200,465,3.2,7.4,2023,76.0,91.0,95.0,85.0,76.0,70.0,75.0,74.0,50.0,80.0,58.0,70.0,45.0,40.0,74.0,51.0,68.0,42.0,42.0,66.0,68.0,60.0,74.0,48.0,85.0,86.0,65.0,82.0,69.0,78.0,70.0,72.0,37.0,32.0,49.0,72.0
Terry Taylor,CHI,31,13,18,0.419,8.5,1.3,2.4,0.52,0.2,0.6000000000000001,0.263,0.2,0.4,0.545,0.9,0.6000000000000001,1.5,0.3,0.3,0.1,0.2,0.2,0.8,0.4,2.9,0.6000000000000001,442,110.3,113.2,113.2,110.2,108.8,108.8,0.2,4.5,4.5,0.052,1.11,10.1,0.088,0.076,0.082,9.1,9.1,0.553,0.557,0.129,0.132,106.1,105.41,87.84,105.41,0.059,575,39,75,1.3,2.4,2023,74.0,81.0,70.0,74.0,77.0,85.0,75.0,70.0,40.0,45.0,54.0,52.0,58.0,40.0,69.0,54.0,66.0,33.0,67.0,65.0,40.0,45.0,77.0,69.0,80.0,85.0,65.0,83.0,60.0,66.0,70.0,62.0,31.0,72.0,52.0,75.5
Thaddeus Young,TOR,54,23,31,0.426,14.7,2.0,3.7,0.545,0.1,0.6000000000000001,0.176,0.3,0.5,0.6920000000000001,1.3,1.8,3.1,1.4,0.8,1.0,0.1,0.2,1.6,0.7000000000000001,4.4,-1.7,454,109.5,109.4,109.4,115.3,115.0,115.0,-5.8,-5.6,-5.6,0.133,1.79,23.0,0.083,0.136,0.107,12.9,12.9,0.561,0.5730000000000001,0.131,0.136,99.0,99.14,82.62,99.14,0.084,1643,108,198,2.0,3.7,2023,76.0,93.0,60.0,57.0,60.0,60.0,30.0,79.0,70.0,70.0,70.0,70.0,70.0,30.0,80.0,82.0,70.0,89.0,42.0,82.0,70.0,80.0,72.0,80.0,83.0,78.0,85.0,85.0,69.0,65.0,50.0,82.0,50.0,68.0,62.0,70.5
Thanasis Antetokounmpo,MIL,37,25,12,0.676,5.6,0.5,1.2,0.435,0.0,0.2,0.0,0.3,0.6000000000000001,0.5,0.4,0.8,1.2,0.4,0.3,0.1,0.1,0.1,0.6000000000000001,0.4,1.4,-3.1,492,99.4,93.6,93.6,122.7,120.1,120.1,-23.2,-26.6,-26.6,0.115,1.25,17.9,0.075,0.139,0.108,14.3,14.5,0.435,0.458,0.138,0.146,100.47,104.63,87.19,104.63,0.041,452,20,46,0.5,1.2,2023,72.0,71.0,66.0,66.0,66.0,85.0,65.0,80.0,40.0,85.0,53.0,50.0,60.0,69.0,64.0,42.0,59.0,46.0,63.0,54.0,50.0,40.0,77.0,42.0,82.0,80.0,90.0,87.0,54.0,69.0,69.0,75.0,32.0,67.0,59.0,67.5
Theo Maledon,CHA,44,14,30,0.318,19.4,2.3,5.8,0.402,0.6000000000000001,2.2,0.295,1.4,1.7,0.851,0.3,2.5,2.8,3.5,1.3,0.8,0.3,0.3,1.4,1.3,6.7,-3.3,307,107.3,106.9,106.9,115.2,115.8,115.8,-7.9,-8.9,-8.9,0.247,2.58,30.6,0.016,0.128,0.071,11.9,11.9,0.457,0.515,0.166,0.171,102.45,102.36,85.3,102.36,0.091,1827,102,254,2.3,5.8,2023,74.0,79.0,75.0,77.0,91.0,94.0,60.0,79.0,35.0,50.0,37.0,49.0,40.0,64.0,80.0,37.0,56.0,70.0,50.0,40.0,54.0,30.0,77.0,39.0,72.0,84.0,75.0,80.0,84.0,83.0,77.0,84.0,69.0,33.0,63.0,71.0
Thomas Bryant,DEN,59,33,26,0.559,18.3,3.9,6.3,0.623,0.4,1.0,0.441,1.6,2.1,0.738,1.5,4.3,5.7,0.5,0.6000000000000001,0.3,0.5,0.6000000000000001,1.7,1.7,9.8,-1.6,358,111.0,111.1,111.1,115.2,115.8,115.8,-4.3,-4.7,-4.7,0.042,0.8200000000000001,6.3,0.081,0.223,0.154,7.7,7.7,0.659,0.682,0.181,0.185,102.44,102.1,85.09,102.1,0.129,2307,230,369,3.9,6.3,2023,76.0,90.0,85.0,80.0,74.0,50.0,80.0,72.0,75.0,65.0,77.0,77.0,77.0,58.0,78.0,63.0,40.0,33.0,62.0,79.0,50.0,50.0,62.0,80.0,52.0,88.0,95.0,82.0,40.0,53.0,53.0,42.0,29.0,67.0,84.0,57.0
Tim Hardaway Jr.,DAL,71,37,34,0.521,30.3,4.8,11.9,0.401,3.0,7.7,0.385,1.8,2.3,0.77,0.3,3.2,3.5,1.8,0.8,0.7000000000000001,0.2,0.4,1.7,2.2,14.4,2.3,15,117.0,117.9,117.9,112.9,114.5,114.5,4.1,3.4,3.4,0.088,2.15,11.7,0.01,0.108,0.06,5.5,5.4,0.527,0.554,0.201,0.207,98.46,97.41,81.17,97.41,0.081,4373,340,847,4.8,11.9,2023,78.0,77.0,73.0,84.0,76.0,85.0,90.0,74.0,35.0,78.0,36.0,53.0,38.0,70.0,71.0,45.0,70.0,40.0,37.0,63.0,58.0,40.0,68.0,55.0,78.0,85.0,83.0,83.0,75.0,78.0,68.0,84.0,36.0,31.0,57.0,73.5
Tobias Harris,PHI,74,47,27,0.635,32.9,5.7,11.4,0.501,1.7,4.4,0.389,1.5,1.7,0.876,0.9,4.8,5.7,2.5,1.2,0.9,0.5,0.7000000000000001,2.0,1.5,14.7,4.0,109,115.9,117.2,117.2,110.1,111.7,111.7,5.8,5.5,5.5,0.114,2.09,15.9,0.03,0.15,0.092,7.6,7.6,0.5750000000000001,0.602,0.18,0.184,97.82,96.53,80.44,96.53,0.105,4910,423,845,5.7,11.4,2023,81.0,88.0,89.0,82.0,87.0,80.0,80.0,80.0,65.0,75.0,70.0,70.0,83.0,64.0,95.0,59.0,58.0,43.0,56.0,66.0,64.0,60.0,75.0,73.0,79.0,95.0,73.0,82.0,77.0,79.0,56.0,78.0,42.0,42.0,68.0,63.0
Torrey Craig,PHX,79,44,35,0.557,24.7,2.9,6.3,0.456,1.3,3.2,0.395,0.4,0.6000000000000001,0.711,1.8,3.6,5.4,1.5,0.9,0.6000000000000001,0.8,0.3,2.3,0.7000000000000001,7.4,-2.2,171,111.3,111.9,111.9,114.2,115.5,115.5,-2.9,-3.7,-3.7,0.08,1.6,16.5,0.073,0.146,0.108,10.3,10.3,0.556,0.5660000000000001,0.128,0.131,100.45,99.62,83.01,99.62,0.073,4030,228,500,2.9,6.3,2023,75.0,58.0,60.0,82.0,72.0,95.0,50.0,79.0,35.0,60.0,50.0,62.0,55.0,50.0,70.0,74.0,79.0,41.0,66.0,79.0,75.0,75.0,63.0,49.0,73.0,80.0,35.0,80.0,52.0,69.0,58.0,50.0,35.0,65.0,66.0,70.5
Trae Young,ATL,73,38,35,0.521,34.8,8.2,19.0,0.429,2.1,6.3,0.335,7.8,8.8,0.886,0.8,2.2,3.0,10.2,4.1,1.1,0.1,1.2,1.4,6.4,26.2,1.4,60,115.3,115.9,115.9,114.4,114.6,114.6,1.0,1.3,1.3,0.414,2.47,27.4,0.021,0.062,0.042,11.1,11.1,0.485,0.5730000000000001,0.313,0.321,104.78,104.39,86.99,104.39,0.143,5537,597,1390,8.2,19.0,2023,89.0,91.0,80.0,84.0,89.0,90.0,98.0,90.0,25.0,30.0,28.0,60.0,34.0,96.0,80.0,31.0,55.0,43.0,32.0,58.0,70.0,30.0,84.0,50.0,78.0,95.0,75.0,86.0,80.0,93.0,84.0,94.0,89.0,37.0,43.0,77.0
Tre Jones,SAS,68,20,48,0.294,29.2,5.0,10.9,0.459,0.7000000000000001,2.3,0.285,2.2,2.5,0.86,0.8,2.8,3.6,6.6,1.6,1.3,0.1,0.6000000000000001,1.4,2.7,12.9,-4.8,304,109.4,110.9,110.9,117.7,118.8,118.8,-8.3,-7.8,-7.8,0.306,4.07,32.7,0.026,0.099,0.061,8.0,8.0,0.489,0.534,0.189,0.194,103.98,102.8,85.67,102.8,0.111,4252,341,743,5.0,10.9,2023,78.0,81.0,92.0,70.0,88.0,75.0,85.0,78.0,25.0,35.0,32.0,34.0,30.0,74.0,80.0,34.0,75.0,63.0,35.0,70.0,76.0,65.0,80.0,60.0,71.0,85.0,75.0,81.0,85.0,84.0,80.0,85.0,74.0,38.0,51.0,79.5
Tre Mann,OKC,67,31,36,0.463,17.7,2.9,7.5,0.393,1.2,3.8,0.315,0.6000000000000001,0.8,0.764,0.4,1.9,2.3,1.8,0.9,0.6000000000000001,0.2,0.2,1.5,0.8,7.7,0.9,182,108.8,109.3,109.3,108.3,108.2,108.2,0.6000000000000001,1.0,1.0,0.144,1.94,17.1,0.021,0.104,0.061,8.8,8.8,0.474,0.492,0.2,0.207,102.95,102.78,85.65,102.78,0.072,2548,197,501,2.9,7.5,2023,75.0,78.0,94.0,74.0,74.0,92.0,90.0,83.0,25.0,60.0,35.0,55.0,60.0,59.0,85.0,49.0,66.0,46.0,47.0,60.0,59.0,40.0,74.0,53.0,68.0,88.0,75.0,80.0,80.0,83.0,73.0,78.0,54.0,36.0,53.0,71.5
Trendon Watford,POR,62,26,36,0.419,19.1,2.9,5.2,0.56,0.4,1.0,0.391,1.2,1.6,0.72,0.7000000000000001,3.2,3.8,2.1,1.1,0.5,0.2,0.2,1.9,1.5,7.4,-2.9,373,110.6,110.8,110.8,117.7,117.9,117.9,-7.1,-7.1,-7.1,0.162,1.83,22.9,0.037,0.173,0.105,12.5,12.5,0.599,0.625,0.158,0.162,100.69,100.5,83.75,100.5,0.097,2472,181,323,2.9,5.2,2023,77.0,92.0,68.0,75.0,72.0,80.0,85.0,79.0,75.0,80.0,69.0,69.0,69.0,69.0,70.0,66.0,52.0,43.0,47.0,52.0,50.0,40.0,63.0,79.0,80.0,85.0,80.0,80.0,59.0,50.0,57.0,62.0,60.0,47.0,73.0,57.5
Trent Forrest,ATL,23,9,14,0.391,12.0,1.1,2.6,0.417,0.0,0.1,0.0,0.1,0.1,0.667,0.2,1.4,1.6,1.7,0.7000000000000001,0.3,0.1,0.3,0.7000000000000001,0.3,2.3,-2.5,492,105.7,104.3,104.3,112.8,114.4,114.4,-7.2,-10.1,-10.1,0.186,2.53,33.3,0.018,0.117,0.067,13.2,13.1,0.417,0.424,0.116,0.121,101.47,101.47,84.56,101.47,0.055,586,25,60,1.1,2.6,2023,71.0,89.0,72.0,62.0,85.0,60.0,65.0,83.0,40.0,60.0,59.0,62.0,62.0,72.0,95.0,58.0,60.0,42.0,45.0,60.0,55.0,40.0,82.0,59.0,75.0,80.0,80.0,80.0,70.0,76.0,78.0,68.0,62.0,37.0,52.0,76.0
Trevor Hudgins,HOU,5,0,5,0.0,5.7,0.4,1.8,0.222,0.4,1.6,0.25,0.6000000000000001,0.6000000000000001,1.0,0.0,0.0,0.0,0.6000000000000001,0.2,0.0,0.0,0.0,0.2,0.4,1.8,0.6000000000000001,374,107.3,105.3,105.3,98.2,98.3,98.3,9.1,7.0,7.0,0.176,3.0,21.4,0.0,0.0,0.0,7.1,7.0,0.333,0.436,0.177,0.189,96.53,97.41,81.18,97.41,0.032,57,2,9,0.4,1.8,2023,68.0,69.0,77.0,80.0,88.0,60.0,45.0,68.0,68.0,85.0,25.0,42.0,33.0,58.0,84.0,38.0,54.0,40.0,35.0,50.0,55.0,40.0,75.0,42.0,70.0,85.0,75.0,80.0,70.0,74.0,75.0,70.0,61.0,32.0,57.0,69.0
Trey Lyles,SAC,74,43,31,0.581,16.9,2.5,5.5,0.458,1.2,3.2,0.363,1.4,1.7,0.8150000000000001,0.9,3.1,4.1,0.9,0.9,0.4,0.4,0.3,1.3,1.4,7.6,1.4,189,116.0,116.3,116.3,112.3,112.3,112.3,3.7,4.0,4.0,0.073,1.03,11.1,0.054,0.184,0.12,10.8,10.8,0.5650000000000001,0.607,0.174,0.179,102.75,102.64,85.53,102.64,0.099,2666,187,408,2.5,5.5,2023,77.0,82.0,75.0,80.0,80.0,95.0,75.0,77.0,70.0,65.0,72.0,74.0,74.0,69.0,80.0,68.0,36.0,37.0,62.0,64.0,62.0,40.0,54.0,69.0,65.0,81.0,80.0,84.0,55.0,58.0,41.0,68.0,34.0,56.0,77.0,53.5
Troy Brown Jr.,LAL,76,40,36,0.526,24.5,2.6,6.1,0.43,1.4,3.7,0.381,0.4,0.5,0.872,0.8,3.2,4.1,1.3,0.6000000000000001,0.8,0.2,0.4,1.6,0.6000000000000001,7.1,-0.2,146,111.2,112.0,112.0,112.1,112.5,112.5,-0.8,-0.5,-0.5,0.067,1.94,15.2,0.033,0.123,0.079,7.8,7.8,0.545,0.561,0.119,0.121,102.67,102.11,85.1,102.11,0.067,3958,200,465,2.6,6.1,2023,73.0,85.0,74.0,81.0,91.0,75.0,55.0,70.0,30.0,70.0,54.0,59.0,54.0,65.0,80.0,48.0,72.0,42.0,40.0,72.0,71.0,55.0,70.0,58.0,69.0,85.0,80.0,81.0,75.0,77.0,61.0,75.0,32.0,44.0,59.0,74.5
Ty Jerome,GSW,45,22,23,0.489,18.1,2.6,5.4,0.488,0.8,2.0,0.389,0.8,0.9,0.927,0.2,1.6,1.7,3.0,0.7000000000000001,0.5,0.1,0.2,1.4,0.9,6.9,-2.0,272,111.5,110.7,110.7,116.6,116.3,116.3,-5.2,-5.6,-5.6,0.233,4.5,31.9,0.009,0.091,0.049,7.1,7.1,0.56,0.594,0.147,0.153,101.82,102.32,85.26,102.32,0.092,1741,118,242,2.6,5.4,2023,75.0,93.0,87.0,82.0,83.0,75.0,60.0,79.0,40.0,45.0,38.0,37.0,40.0,65.0,80.0,40.0,66.0,41.0,42.0,65.0,68.0,50.0,69.0,56.0,62.0,85.0,85.0,80.0,84.0,86.0,68.0,84.0,71.0,29.0,47.0,71.0
Tyler Herro,MIA,67,37,30,0.552,34.9,7.3,16.6,0.439,3.0,8.0,0.378,2.5,2.7,0.934,0.4,5.0,5.4,4.2,2.4,0.8,0.2,0.8,1.5,1.9,20.1,2.5,13,113.1,113.9,113.9,110.5,111.3,111.3,2.6,2.7,2.7,0.19,1.77,17.3,0.012,0.154,0.081,9.8,9.7,0.531,0.5660000000000001,0.25,0.257,97.87,97.15,80.95,97.15,0.119,4746,487,1109,7.3,16.6,2023,83.0,91.0,74.0,86.0,93.0,90.0,98.0,86.0,30.0,60.0,37.0,55.0,48.0,84.0,95.0,46.0,69.0,38.0,45.0,65.0,60.0,50.0,79.0,59.0,72.0,85.0,75.0,80.0,79.0,83.0,74.0,84.0,70.0,32.0,69.0,74.0
Tyrese Haliburton,IND,56,28,28,0.5,33.6,7.4,15.0,0.49,2.9,7.2,0.4,3.1,3.6,0.871,0.6000000000000001,3.1,3.7,10.4,2.5,1.6,0.4,0.8,1.2,2.8,20.7,-0.6000000000000001,17,114.7,116.9,116.9,117.2,117.9,117.9,-2.5,-1.0,-1.0,0.457,4.15,35.6,0.018,0.092,0.055,8.6,8.5,0.586,0.624,0.238,0.244,102.74,101.45,84.54,101.45,0.159,3982,412,841,7.4,15.0,2023,88.0,85.0,93.0,85.0,86.0,98.0,98.0,92.0,40.0,65.0,42.0,49.0,40.0,85.0,95.0,60.0,74.0,76.0,50.0,74.0,73.0,65.0,83.0,59.0,70.0,95.0,90.0,80.0,98.0,89.0,83.0,98.0,97.0,36.0,50.0,78.5
Tyrese Maxey,PHI,60,39,21,0.65,33.6,7.3,15.2,0.481,2.7,6.2,0.434,3.0,3.6,0.845,0.4,2.6,2.9,3.5,1.3,0.8,0.1,0.6000000000000001,2.2,2.7,20.3,4.0,29,117.1,118.0,118.0,111.7,112.6,112.6,5.5,5.4,5.4,0.167,2.65,16.4,0.012,0.079,0.047,6.2,6.2,0.5680000000000001,0.605,0.236,0.242,98.29,97.53,81.28,97.53,0.109,4105,439,913,7.3,15.2,2023,85.0,86.0,83.0,85.0,84.0,98.0,98.0,92.0,25.0,70.0,45.0,60.0,47.0,91.0,95.0,52.0,79.0,38.0,35.0,69.0,68.0,65.0,89.0,44.0,80.0,95.0,95.0,77.0,84.0,86.0,87.0,86.0,65.0,32.0,45.0,86.0
Tyus Jones,MEM,80,51,29,0.638,24.2,3.9,8.9,0.438,1.5,4.1,0.371,1.0,1.2,0.806,0.4,2.2,2.5,5.2,0.9,1.0,0.1,0.2,0.4,1.0,10.3,1.2,129,112.9,113.6,113.6,110.1,111.6,111.6,2.8,2.0,2.0,0.286,5.64,33.7,0.014,0.084,0.049,6.0,5.9,0.523,0.546,0.175,0.179,103.49,102.41,85.34,102.41,0.116,4144,311,710,3.9,8.9,2023,79.0,93.0,91.0,82.0,80.0,85.0,80.0,89.0,25.0,30.0,28.0,40.0,35.0,74.0,78.0,30.0,67.0,59.0,30.0,60.0,80.0,50.0,71.0,34.0,57.0,92.0,87.0,84.0,84.0,86.0,69.0,88.0,74.0,32.0,47.0,70.5
Udoka Azubuike,UTA,36,17,19,0.472,10.0,1.6,2.0,0.8190000000000001,0.0,0.0,0.0,0.2,0.6000000000000001,0.35,0.9,2.4,3.3,0.3,0.5,0.2,0.4,0.1,0.9,0.5,3.5,-2.3,492,104.1,103.2,103.2,113.4,114.9,114.9,-9.3,-11.7,-11.7,0.043,0.61,10.0,0.082,0.224,0.155,16.4,16.4,0.8190000000000001,0.774,0.113,0.115,105.16,104.96,87.47,104.96,0.114,788,59,72,1.6,2.0,2023,72.0,64.0,34.0,25.0,44.0,40.0,25.0,70.0,85.0,75.0,44.0,45.0,48.0,40.0,35.0,76.0,44.0,38.0,76.0,74.0,54.0,55.0,72.0,80.0,93.0,79.0,75.0,83.0,25.0,35.0,44.0,34.0,32.0,70.0,89.0,60.5
Udonis Haslem,MIA,7,4,3,0.5710000000000001,10.3,1.4,4.1,0.345,0.4,1.3,0.333,0.6000000000000001,0.7000000000000001,0.8,0.6000000000000001,1.0,1.6,0.0,0.1,0.1,0.3,0.0,1.6,1.4,3.9,-3.6,361,104.2,103.9,103.9,116.5,115.7,115.7,-12.2,-11.8,-11.8,0.0,0.0,0.0,0.047,0.101,0.071,3.1,3.1,0.397,0.433,0.185,0.19,103.34,103.83,86.52,103.83,0.022,153,10,29,1.4,4.1,2023,70.0,82.0,66.0,71.0,75.0,64.0,60.0,52.0,55.0,61.0,62.0,68.0,60.0,56.0,64.0,74.0,55.0,64.0,40.0,70.0,66.0,60.0,54.0,73.0,60.0,78.0,90.0,76.0,29.0,35.0,31.0,64.0,29.0,57.0,80.0,40.5
Victor Oladipo,MIA,42,23,19,0.548,26.3,3.8,9.6,0.397,1.7,5.0,0.33,1.4,1.9,0.747,0.4,2.7,3.0,3.5,2.1,1.4,0.3,0.4,2.4,1.6,10.7,-0.8,110,108.8,110.1,110.1,110.2,111.5,111.5,-1.5,-1.5,-1.5,0.206,1.68,21.8,0.014,0.109,0.059,13.0,13.0,0.484,0.513,0.204,0.209,99.26,98.07,81.73,98.07,0.076,2258,160,403,3.8,9.6,2023,76.0,85.0,79.0,74.0,76.0,70.0,55.0,75.0,35.0,75.0,41.0,53.0,40.0,50.0,84.0,58.0,84.0,76.0,51.0,82.0,78.0,80.0,81.0,66.0,88.0,85.0,85.0,83.0,75.0,82.0,80.0,80.0,68.0,34.0,56.0,82.5
Vince Williams Jr.,MEM,15,7,8,0.467,7.0,0.8,2.7,0.3,0.3,1.9,0.143,0.1,0.1,1.0,0.3,0.7000000000000001,1.0,0.3,0.3,0.4,0.1,0.1,0.8,0.2,2.0,-2.3,412,88.3,89.2,89.2,105.6,104.0,104.0,-17.4,-14.8,-14.8,0.062,0.8,8.0,0.03,0.12,0.067,10.0,10.0,0.35,0.367,0.176,0.18,102.35,102.57,85.48,102.57,0.024,223,12,40,0.8,2.7,2023,69.0,68.0,71.0,78.0,78.0,60.0,40.0,69.0,35.0,70.0,41.0,53.0,39.0,44.0,76.0,35.0,64.0,68.0,35.0,55.0,68.0,45.0,68.0,52.0,70.0,87.0,65.0,80.0,69.0,70.0,60.0,65.0,31.0,48.0,58.0,69.5
Walker Kessler,UTA,74,34,40,0.459,23.0,4.0,5.6,0.72,0.0,0.0,0.333,1.1,2.1,0.516,3.1,5.3,8.4,0.9,0.8,0.4,2.3,0.5,2.3,1.7,9.2,1.0,490,113.7,115.7,115.7,111.5,112.7,112.7,2.1,3.0,3.0,0.057,1.19,11.4,0.133,0.205,0.17,9.6,9.5,0.721,0.7020000000000001,0.13,0.132,102.91,101.47,84.56,101.47,0.128,3585,298,414,4.0,5.6,2023,83.0,91.0,68.0,66.0,54.0,98.0,85.0,69.0,85.0,75.0,74.0,66.0,74.0,69.0,95.0,84.0,65.0,35.0,96.0,85.0,58.0,80.0,37.0,74.0,60.0,88.0,90.0,80.0,42.0,44.0,35.0,48.0,30.0,91.0,86.0,39.5
Wendell Carter Jr.,ORL,57,26,31,0.456,29.6,5.6,10.8,0.525,1.4,3.9,0.356,2.5,3.4,0.738,2.1,6.6,8.7,2.3,1.9,0.5,0.6000000000000001,0.3,2.8,2.9,15.2,-0.7000000000000001,147,109.2,110.5,110.5,110.3,111.4,111.4,-1.1,-0.8,-0.8,0.119,1.25,14.1,0.074,0.221,0.149,11.3,11.3,0.591,0.621,0.204,0.206,101.28,100.17,83.48,100.17,0.126,3521,322,613,5.6,10.8,2023,81.0,89.0,81.0,78.0,74.0,85.0,70.0,78.0,80.0,75.0,82.0,82.0,81.0,70.0,85.0,78.0,47.0,35.0,57.0,80.0,70.0,70.0,68.0,82.0,68.0,85.0,90.0,81.0,56.0,50.0,47.0,70.0,47.0,66.0,86.0,52.5
Wendell Moore Jr.,MIN,29,16,13,0.552,5.3,0.6000000000000001,1.5,0.419,0.1,0.6000000000000001,0.118,0.1,0.2,0.8,0.1,0.5,0.6000000000000001,0.6000000000000001,0.3,0.3,0.2,0.1,0.4,0.2,1.4,-1.8,466,103.9,99.4,99.4,113.8,112.9,112.9,-9.9,-13.5,-13.5,0.162,2.25,25.4,0.025,0.086,0.056,11.3,11.2,0.442,0.465,0.139,0.148,105.77,108.48,90.4,108.48,0.06,342,18,43,0.6000000000000001,1.5,2023,71.0,66.0,70.0,76.0,81.0,70.0,45.0,71.0,50.0,80.0,52.0,52.0,52.0,52.0,72.0,66.0,72.0,70.0,39.0,70.0,72.0,60.0,70.0,58.0,83.0,85.0,90.0,80.0,57.0,67.0,68.0,54.0,58.0,37.0,49.0,76.0
Wenyen Gabriel,LAL,68,37,31,0.544,15.1,2.3,3.8,0.596,0.1,0.5,0.278,0.8,1.2,0.619,1.7,2.5,4.2,0.5,0.7000000000000001,0.4,0.5,0.3,2.1,1.3,5.5,-0.5,445,111.9,111.2,111.2,111.7,111.4,111.4,0.2,-0.2,-0.2,0.049,0.78,9.6,0.111,0.152,0.132,12.3,12.1,0.615,0.626,0.135,0.141,103.47,103.95,86.62,103.95,0.082,2205,155,260,2.3,3.8,2023,75.0,87.0,62.0,71.0,63.0,75.0,70.0,70.0,75.0,75.0,52.0,38.0,46.0,44.0,70.0,69.0,59.0,38.0,68.0,70.0,54.0,55.0,66.0,69.0,75.0,80.0,85.0,81.0,55.0,60.0,58.0,59.0,29.0,86.0,67.0,63.0
Wesley Matthews,MIL,52,37,15,0.712,15.8,1.1,3.1,0.363,0.8,2.4,0.315,0.5,0.5,0.857,0.7000000000000001,1.5,2.2,0.7000000000000001,0.3,0.4,0.3,0.0,1.4,0.6000000000000001,3.4,1.0,278,113.0,111.1,111.1,108.2,108.3,108.3,4.8,2.8,2.8,0.053,1.89,15.0,0.04,0.087,0.064,8.0,8.0,0.484,0.519,0.095,0.098,103.73,104.52,87.1,104.52,0.041,1788,58,160,1.1,3.1,2023,72.0,77.0,68.0,77.0,86.0,70.0,30.0,78.0,45.0,50.0,63.0,65.0,65.0,45.0,85.0,38.0,78.0,42.0,53.0,75.0,79.0,70.0,70.0,55.0,70.0,85.0,80.0,84.0,72.0,75.0,68.0,77.0,29.0,52.0,47.0,77.0
Will Barton,TOR,56,27,29,0.482,17.7,2.5,6.5,0.379,1.2,3.2,0.367,0.7000000000000001,0.8,0.787,0.3,2.2,2.4,2.0,0.9,0.5,0.2,0.4,1.0,0.6000000000000001,6.8,-3.0,187,104.0,104.9,104.9,112.3,113.2,113.2,-8.2,-8.4,-8.4,0.162,2.33,20.6,0.014,0.125,0.067,8.8,8.8,0.47,0.493,0.182,0.187,100.98,100.14,83.45,100.14,0.078,2074,138,364,2.5,6.5,2023,74.0,62.0,74.0,80.0,78.0,95.0,65.0,76.0,40.0,83.0,32.0,59.0,45.0,74.0,82.0,33.0,80.0,40.0,51.0,80.0,65.0,75.0,75.0,54.0,74.0,82.0,85.0,80.0,75.0,79.0,73.0,77.0,63.0,32.0,59.0,78.0
Xavier Cooks,WAS,10,2,8,0.2,12.6,1.7,2.8,0.607,0.0,0.1,0.0,0.4,1.0,0.4,1.6,2.2,3.8,0.6000000000000001,0.8,0.6000000000000001,0.4,0.3,1.3,0.9,3.8,1.9,492,115.5,114.8,114.8,108.3,107.3,107.3,7.2,7.4,7.4,0.061,0.75,12.8,0.113,0.152,0.133,17.0,17.2,0.607,0.586,0.127,0.128,107.96,108.76,90.63,108.76,0.078,284,17,28,1.7,2.8,2023,71.0,68.0,69.0,73.0,59.0,50.0,50.0,70.0,45.0,75.0,51.0,52.0,52.0,55.0,70.0,70.0,70.0,52.0,54.0,72.0,67.0,65.0,75.0,70.0,76.0,85.0,85.0,80.0,67.0,79.0,69.0,64.0,57.0,64.0,70.0,73.0
Xavier Moon,LAC,4,2,2,0.5,4.9,0.8,2.3,0.333,0.3,0.8,0.333,0.0,0.0,0.0,0.0,0.8,0.8,1.3,0.3,0.0,0.0,0.0,0.5,0.0,1.8,0.8,415,91.6,92.3,92.3,86.1,82.5,82.5,5.4,9.8,9.8,0.455,5.0,33.3,0.0,0.15,0.079,6.7,6.7,0.389,0.389,0.233,0.236,95.23,96.9,80.75,96.9,0.1,39,3,9,0.8,2.3,2023,67.0,70.0,70.0,78.0,89.0,55.0,50.0,74.0,25.0,40.0,27.0,34.0,32.0,47.0,69.0,30.0,50.0,76.0,40.0,44.0,37.0,30.0,73.0,44.0,70.0,85.0,75.0,80.0,66.0,73.0,70.0,65.0,73.0,33.0,47.0,68.5
Xavier Tillman,MEM,61,40,21,0.656,19.3,3.1,5.0,0.614,0.1,0.2,0.267,0.8,1.5,0.551,2.0,3.0,5.0,1.6,0.7000000000000001,1.0,0.5,0.6000000000000001,1.6,1.2,7.0,0.0,468,109.7,110.9,110.9,109.3,110.1,110.1,0.4,0.7000000000000001,0.7000000000000001,0.109,2.18,19.8,0.095,0.155,0.124,9.1,9.1,0.621,0.621,0.136,0.138,104.13,103.19,85.99,103.19,0.105,2528,188,306,3.1,5.0,2023,78.0,89.0,63.0,57.0,56.0,80.0,80.0,76.0,75.0,65.0,70.0,70.0,70.0,46.0,95.0,78.0,66.0,73.0,62.0,80.0,84.0,75.0,46.0,72.0,69.0,82.0,94.0,80.0,62.0,61.0,37.0,68.0,43.0,76.0,69.0,55.5
Yuta Watanabe,BKN,58,30,28,0.517,16.0,2.0,4.0,0.491,1.0,2.3,0.444,0.6000000000000001,0.8,0.723,0.5,1.9,2.4,0.8,0.4,0.4,0.3,0.2,1.4,0.7000000000000001,5.6,-0.1,208,112.8,112.3,112.3,113.0,112.9,112.9,-0.2,-0.6000000000000001,-0.6000000000000001,0.071,2.18,14.8,0.034,0.117,0.077,6.8,6.8,0.621,0.637,0.127,0.13,101.47,101.71,84.76,101.71,0.076,1968,114,232,2.0,4.0,2023,75.0,78.0,60.0,85.0,82.0,70.0,70.0,78.0,40.0,60.0,40.0,43.0,45.0,59.0,85.0,58.0,63.0,40.0,56.0,66.0,65.0,60.0,67.0,60.0,74.0,80.0,85.0,80.0,60.0,69.0,65.0,63.0,32.0,45.0,54.0,69.0
Zach Collins,SAS,63,20,43,0.317,22.9,4.5,8.7,0.518,0.9,2.3,0.374,1.7,2.3,0.761,1.8,4.5,6.4,2.9,2.0,0.6000000000000001,0.8,0.6000000000000001,3.2,2.3,11.6,-3.8,245,107.1,108.7,108.7,116.0,116.3,116.3,-8.9,-7.5,-7.5,0.18,1.4,19.6,0.076,0.19,0.133,14.0,14.0,0.5680000000000001,0.599,0.209,0.213,104.98,104.06,86.71,104.06,0.11,3121,284,548,4.5,8.7,2023,78.0,95.0,82.0,82.0,78.0,90.0,90.0,70.0,70.0,65.0,72.0,70.0,70.0,50.0,75.0,68.0,45.0,40.0,66.0,70.0,65.0,50.0,66.0,60.0,79.0,78.0,80.0,80.0,30.0,40.0,38.0,30.0,66.0,66.0,82.0,61.0
Zach LaVine,CHI,77,38,39,0.494,35.9,8.7,18.0,0.485,2.6,7.1,0.375,4.7,5.6,0.848,0.5,3.9,4.5,4.2,2.5,0.9,0.2,1.0,2.1,3.8,24.8,0.2,30,111.6,112.0,112.0,110.4,111.7,111.7,1.2,0.3,0.3,0.187,1.69,15.7,0.016,0.108,0.064,9.3,9.2,0.558,0.607,0.278,0.285,100.45,99.7,83.08,99.7,0.126,5750,673,1388,8.7,18.0,2023,86.0,87.0,84.0,82.0,85.0,98.0,98.0,88.0,60.0,95.0,59.0,59.0,59.0,82.0,98.0,62.0,69.0,41.0,40.0,68.0,69.0,65.0,84.0,49.0,97.0,98.0,85.0,83.0,79.0,88.0,81.0,88.0,66.0,34.0,56.0,79.5
Zeke Nnaji,DEN,53,34,19,0.642,13.7,2.1,3.7,0.561,0.3,1.2,0.262,0.8,1.2,0.645,1.2,1.4,2.6,0.3,0.6000000000000001,0.3,0.4,0.2,2.0,1.2,5.2,-1.8,402,101.9,101.5,101.5,107.6,107.4,107.4,-5.7,-5.9,-5.9,0.04,0.58,6.6,0.087,0.099,0.093,11.4,11.4,0.605,0.62,0.149,0.155,98.14,98.4,82.0,98.4,0.072,1488,110,196,2.1,3.7,2023,75.0,71.0,76.0,75.0,70.0,85.0,75.0,77.0,80.0,70.0,69.0,67.0,67.0,69.0,77.0,69.0,54.0,40.0,68.0,57.0,42.0,45.0,77.0,70.0,82.0,80.0,89.0,83.0,33.0,37.0,52.0,42.0,27.0,77.0,47.0,67.0
Ziaire Williams,MEM,37,21,16,0.5680000000000001,15.2,2.3,5.3,0.429,0.7000000000000001,2.6,0.258,0.5,0.6000000000000001,0.773,0.4,1.7,2.1,0.9,1.0,0.4,0.2,0.1,1.6,0.9,5.7,-2.1,301,106.6,106.9,106.9,110.1,112.2,112.2,-3.6,-5.2,-5.2,0.086,0.95,12.6,0.028,0.105,0.067,13.4,13.3,0.492,0.511,0.178,0.182,103.94,102.8,85.67,102.8,0.052,1195,84,196,2.3,5.3,2023,72.0,86.0,83.0,70.0,71.0,70.0,45.0,82.0,65.0,80.0,48.0,44.0,58.0,55.0,75.0,60.0,73.0,40.0,47.0,70.0,71.0,65.0,87.0,40.0,82.0,90.0,88.0,80.0,50.0,79.0,82.0,54.0,32.0,36.0,56.0,82.0
Zion Williamson,NOP,29,17,12,0.586,33.0,9.8,16.2,0.608,0.2,0.7000000000000001,0.368,6.1,8.6,0.714,2.0,5.0,7.0,4.6,3.4,1.1,0.6000000000000001,1.5,2.2,6.4,26.0,5.1,423,114.3,116.2,116.2,107.3,108.4,108.4,7.0,7.8,7.8,0.231,1.34,16.5,0.06,0.148,0.104,12.3,12.2,0.615,0.652,0.288,0.294,103.55,102.17,85.14,102.17,0.171,2031,285,469,9.8,16.2,2023,90.0,98.0,70.0,73.0,72.0,98.0,98.0,98.0,95.0,97.0,90.0,80.0,92.0,94.0,95.0,59.0,55.0,46.0,56.0,64.0,70.0,40.0,86.0,92.0,99.0,83.0,95.0,60.0,65.0,78.0,74.0,72.0,72.0,58.0,67.0,81.0
A.J. Lawson,DAL,42,27,15,0.643,7.4,1.3,2.9,0.446,0.3,1.2,0.26,0.4,0.5,0.652,0.3,0.9,1.2,0.5,0.3,0.2,0.1,0.2,0.5,0.3,3.2,0.4,401,109.9,106.6,106.6,106.2,105.3,105.3,3.7,1.2,1.2,0.089,1.43,12.1,0.039,0.105,0.072,8.5,8.5,0.5,0.519,0.18,0.188,105.42,107.53,89.61,107.53,0.076,701,54,121,1.3,2.9,2024,71.0,57.0,68.0,70.0,55.0,85.0,70.0,68.0,45.0,75.0,52.0,52.0,55.0,42.0,75.0,48.0,60.0,83.0,25.0,60.0,65.0,50.0,74.0,34.0,80.0,85.0,80.0,80.0,62.0,69.0,69.0,64.0,28.0,49.0,56.0,74.0
Aaron Gordon,DEN,73,49,24,0.671,31.5,5.5,9.8,0.556,0.5,1.9,0.29,2.4,3.7,0.658,2.4,4.1,6.5,3.5,1.4,0.8,0.6000000000000001,0.8,1.9,3.1,13.9,5.8,328,118.5,119.8,119.8,110.4,111.1,111.1,8.1,8.7,8.7,0.147,2.47,21.7,0.078,0.129,0.104,8.8,8.8,0.584,0.607,0.174,0.178,98.84,98.01,81.68,98.01,0.103,4697,398,716,5.5,9.8,2024,84.0,84.0,61.0,71.0,56.0,75.0,98.0,86.0,85.0,94.0,58.0,60.0,74.0,85.0,95.0,80.0,86.0,40.0,56.0,84.0,82.0,80.0,71.0,72.0,92.0,95.0,95.0,84.0,65.0,62.0,66.0,60.0,60.0,73.0,73.0,86.0
Aaron Holiday,HOU,78,39,39,0.5,16.3,2.4,5.3,0.446,1.1,2.8,0.387,0.7000000000000001,0.8,0.921,0.3,1.3,1.6,1.8,0.7000000000000001,0.5,0.1,0.3,1.6,0.8,6.6,1.1,210,111.0,110.5,110.5,108.0,107.6,107.6,3.0,2.9,2.9,0.157,2.64,22.1,0.017,0.075,0.045,8.4,8.3,0.547,0.578,0.158,0.165,101.82,102.24,85.2,102.24,0.078,2706,186,417,2.4,5.3,2024,73.0,95.0,74.0,82.0,84.0,85.0,75.0,70.0,25.0,60.0,25.0,45.0,32.0,47.0,80.0,34.0,68.0,46.0,35.0,67.0,69.0,45.0,76.0,49.0,56.0,85.0,85.0,84.0,82.0,86.0,76.0,82.0,61.0,34.0,46.0,77.0
Aaron Nesmith,IND,72,41,31,0.5690000000000001,27.7,4.4,8.8,0.496,1.9,4.6,0.419,1.5,1.9,0.781,0.9,2.9,3.8,1.5,0.9,0.9,0.7000000000000001,0.7000000000000001,3.3,2.0,12.2,2.2,82,117.7,119.3,119.3,113.9,115.0,115.0,3.8,4.3,4.3,0.067,1.69,12.5,0.032,0.103,0.069,7.4,7.4,0.606,0.631,0.158,0.162,103.62,102.47,85.39,102.47,0.071,4249,315,635,4.4,8.8,2024,78.0,90.0,86.0,85.0,64.0,70.0,70.0,77.0,35.0,55.0,53.0,57.0,57.0,78.0,85.0,72.0,76.0,43.0,60.0,76.0,57.0,60.0,68.0,52.0,74.0,87.0,85.0,81.0,69.0,70.0,64.0,65.0,32.0,42.0,55.0,76.0
Aaron Wiggins,OKC,78,55,23,0.705,15.7,2.7,4.8,0.562,0.8,1.6,0.492,0.7000000000000001,0.9,0.789,0.8,1.6,2.4,1.1,0.7000000000000001,0.7000000000000001,0.2,0.4,1.2,0.8,6.9,1.2,265,116.5,115.6,115.6,108.9,110.0,110.0,7.6,5.7,5.7,0.096,1.54,15.6,0.052,0.095,0.075,10.2,10.2,0.645,0.664,0.163,0.168,100.98,100.83,84.03,100.83,0.096,2556,212,377,2.7,4.8,2024,78.0,89.0,68.0,87.0,75.0,70.0,95.0,80.0,35.0,70.0,52.0,57.0,54.0,82.0,76.0,48.0,59.0,66.0,53.0,57.0,52.0,55.0,84.0,45.0,72.0,80.0,65.0,80.0,68.0,70.0,75.0,68.0,38.0,53.0,52.0,84.0
Adam Flagler,OKC,2,2,0,1.0,7.0,0.5,3.5,0.143,0.5,3.0,0.167,0.0,0.0,0.0,0.0,0.0,0.0,2.0,0.0,0.0,0.0,0.0,0.0,0.0,1.5,0.0,339,116.0,109.7,109.7,110.5,109.7,109.7,5.4,0.0,0.0,0.364,0.0,36.4,0.0,0.0,0.0,0.0,0.0,0.214,0.214,0.212,0.223,102.87,106.16,88.47,106.16,0.013,31,1,7,0.5,3.5,2024,67.0,77.0,77.0,79.0,81.0,65.0,50.0,70.0,40.0,45.0,42.0,44.0,40.0,32.0,85.0,42.0,57.0,45.0,30.0,52.0,50.0,40.0,72.0,47.0,70.0,84.0,75.0,87.0,66.0,69.0,70.0,62.0,40.0,32.0,37.0,70.0
Adama Sanogo,CHI,9,3,6,0.333,7.3,1.6,3.0,0.519,0.0,0.0,0.0,0.9,1.3,0.667,2.1,1.9,4.0,0.0,0.6000000000000001,0.1,0.0,0.2,0.6000000000000001,0.8,4.0,3.8,498,118.7,115.3,115.3,95.6,93.6,93.6,23.1,21.7,21.7,0.0,0.0,0.0,0.253,0.266,0.259,13.5,13.4,0.519,0.558,0.21,0.222,101.43,104.01,86.68,104.01,0.149,144,14,27,1.6,3.0,2024,68.0,72.0,70.0,69.0,72.0,60.0,40.0,70.0,70.0,75.0,50.0,50.0,50.0,48.0,80.0,63.0,40.0,46.0,56.0,50.0,55.0,50.0,70.0,71.0,62.0,80.0,80.0,80.0,52.0,50.0,49.0,50.0,38.0,70.0,74.0,68.0
Al Horford,BOS,65,51,14,0.785,26.8,3.3,6.4,0.511,1.7,4.0,0.419,0.4,0.5,0.867,1.3,5.1,6.4,2.6,0.7000000000000001,0.6000000000000001,1.0,0.2,1.4,0.4,8.6,6.5,112,120.5,120.9,120.9,108.7,109.5,109.5,11.8,11.4,11.4,0.124,3.5,25.9,0.048,0.178,0.116,7.4,7.4,0.64,0.65,0.119,0.122,99.27,98.77,82.31,98.77,0.105,3585,214,419,3.3,6.4,2024,80.0,94.0,83.0,85.0,71.0,65.0,45.0,65.0,70.0,65.0,76.0,84.0,83.0,37.0,84.0,82.0,68.0,38.0,71.0,85.0,78.0,85.0,53.0,91.0,69.0,95.0,85.0,78.0,79.0,50.0,33.0,84.0,46.0,51.0,75.0,67.0
Alec Burks,NYK,66,18,48,0.273,18.4,3.2,8.6,0.369,1.9,5.0,0.376,2.2,2.5,0.868,0.4,1.9,2.3,1.3,0.7000000000000001,0.4,0.2,0.3,1.1,1.9,10.4,-3.9,89,107.9,107.8,107.8,118.3,118.5,118.5,-10.4,-10.7,-10.7,0.115,1.83,11.4,0.019,0.103,0.06,6.2,6.2,0.478,0.536,0.234,0.244,100.67,100.63,83.86,100.63,0.087,2547,210,569,3.2,8.6,2024,76.0,71.0,75.0,81.0,90.0,65.0,90.0,84.0,40.0,69.0,40.0,58.0,78.0,70.0,77.0,45.0,72.0,38.0,47.0,74.0,70.0,55.0,78.0,48.0,69.0,89.0,72.0,85.0,72.0,79.0,76.0,73.0,41.0,36.0,54.0,78.0
Alex Caruso,CHI,71,34,37,0.479,28.7,3.6,7.6,0.468,1.9,4.7,0.408,1.0,1.4,0.76,0.9,3.0,3.8,3.5,1.4,1.7,1.0,0.4,2.5,1.9,10.1,0.1,86,111.6,110.9,110.9,109.9,110.6,110.6,1.7,0.3,0.3,0.167,2.42,26.4,0.031,0.103,0.067,10.9,10.9,0.593,0.613,0.146,0.149,99.19,99.21,82.67,99.21,0.089,4213,253,541,3.6,7.6,2024,82.0,83.0,85.0,84.0,77.0,70.0,50.0,70.0,35.0,75.0,30.0,43.0,29.0,45.0,90.0,51.0,94.0,97.0,74.0,90.0,92.0,95.0,82.0,31.0,72.0,85.0,85.0,81.0,78.0,78.0,82.0,80.0,63.0,41.0,54.0,94.0
Alex Len,SAC,48,24,24,0.5,9.3,1.0,1.7,0.617,0.0,0.1,0.0,0.4,0.7000000000000001,0.588,1.0,1.7,2.7,1.0,0.6000000000000001,0.2,0.7000000000000001,0.2,1.4,0.5,2.5,3.0,498,117.2,116.3,116.3,102.5,100.8,100.8,14.7,15.4,15.4,0.142,1.85,28.9,0.098,0.179,0.138,15.6,15.6,0.617,0.625,0.114,0.118,100.48,101.73,84.77,101.73,0.092,940,50,81,1.0,1.7,2024,71.0,88.0,61.0,70.0,66.0,50.0,35.0,74.0,80.0,65.0,74.0,48.0,76.0,59.0,64.0,70.0,44.0,40.0,91.0,70.0,62.0,40.0,43.0,75.0,60.0,80.0,92.0,78.0,31.0,32.0,25.0,45.0,57.0,76.0,79.0,50.0
Alperen Sengun,HOU,63,29,34,0.46,32.5,8.4,15.6,0.537,0.5,1.8,0.297,3.9,5.6,0.6930000000000001,2.9,6.4,9.3,5.0,2.6,1.2,0.7000000000000001,1.2,3.3,5.2,21.1,0.8,334,112.0,113.9,113.9,111.8,113.2,113.2,0.2,0.8,0.8,0.248,1.93,19.4,0.086,0.193,0.139,10.1,10.1,0.553,0.585,0.27,0.273,100.66,99.22,82.68,99.22,0.149,4236,527,982,8.4,15.6,2024,85.0,97.0,80.0,72.0,67.0,80.0,90.0,82.0,70.0,80.0,87.0,87.0,87.0,74.0,95.0,69.0,63.0,53.0,61.0,69.0,85.0,65.0,52.0,86.0,69.0,88.0,90.0,80.0,74.0,62.0,48.0,78.0,72.0,68.0,80.0,64.0
Amen Thompson,HOU,62,30,32,0.484,22.4,3.9,7.2,0.536,0.1,0.9,0.138,1.7,2.5,0.684,2.4,4.2,6.6,2.6,1.5,1.3,0.6000000000000001,0.6000000000000001,2.3,2.1,9.5,0.7000000000000001,452,110.9,111.4,111.4,109.3,109.3,109.3,1.5,2.1,2.1,0.165,1.81,21.4,0.095,0.184,0.137,11.8,11.7,0.545,0.5760000000000001,0.173,0.179,102.96,102.77,85.64,102.77,0.121,2965,239,446,3.9,7.2,2024,80.0,86.0,71.0,42.0,64.0,45.0,80.0,87.0,60.0,95.0,44.0,48.0,44.0,50.0,90.0,46.0,80.0,83.0,65.0,73.0,80.0,70.0,95.0,50.0,99.0,95.0,85.0,80.0,80.0,86.0,90.0,80.0,65.0,76.0,77.0,90.0
Amir Coffey,LAC,70,46,24,0.657,20.9,2.4,5.0,0.472,1.0,2.6,0.38,0.9,1.0,0.859,0.4,1.7,2.1,1.1,0.5,0.6000000000000001,0.2,0.3,1.5,0.8,6.6,-1.3,221,114.8,114.6,114.6,117.4,118.0,118.0,-2.6,-3.4,-3.4,0.068,2.3,15.5,0.02,0.08,0.051,6.7,6.7,0.5710000000000001,0.604,0.119,0.123,100.91,100.74,83.95,100.74,0.059,3071,166,352,2.4,5.0,2024,73.0,93.0,82.0,82.0,78.0,60.0,60.0,84.0,25.0,40.0,38.0,53.0,54.0,69.0,81.0,47.0,64.0,42.0,47.0,68.0,64.0,50.0,75.0,52.0,75.0,80.0,70.0,79.0,72.0,75.0,75.0,74.0,33.0,36.0,47.0,75.0
Andre Drummond,CHI,79,37,42,0.468,17.1,3.4,6.1,0.556,0.0,0.0,0.0,1.6,2.8,0.592,3.4,5.6,9.0,0.5,1.0,0.9,0.6000000000000001,0.5,1.8,2.4,8.4,0.3,498,113.9,114.1,114.1,113.4,113.3,113.3,0.5,0.8,0.8,0.041,0.46,5.3,0.187,0.331,0.257,11.6,11.7,0.556,0.5760000000000001,0.201,0.207,97.97,97.97,81.64,97.97,0.155,2760,267,480,3.4,6.1,2024,78.0,85.0,47.0,47.0,60.0,40.0,30.0,73.0,95.0,85.0,70.0,45.0,75.0,40.0,90.0,77.0,52.0,83.0,75.0,74.0,70.0,70.0,60.0,95.0,79.0,89.0,90.0,81.0,52.0,45.0,49.0,70.0,29.0,97.0,98.0,58.0
Andre Jackson Jr.,MIL,57,33,24,0.579,10.0,0.9,1.8,0.5,0.3,0.8,0.37,0.1,0.2,0.727,0.8,1.2,2.0,0.9,0.5,0.3,0.1,0.1,1.6,0.2,2.2,-1.6,406,114.6,112.3,112.3,119.8,119.6,119.6,-5.2,-7.3,-7.3,0.113,1.79,27.3,0.077,0.127,0.102,15.3,15.3,0.585,0.596,0.097,0.101,101.2,102.32,85.27,102.32,0.044,1220,50,100,0.9,1.8,2024,72.0,70.0,68.0,80.0,70.0,50.0,60.0,70.0,40.0,85.0,43.0,44.0,44.0,37.0,87.0,53.0,80.0,42.0,25.0,80.0,81.0,80.0,87.0,50.0,84.0,90.0,80.0,80.0,69.0,69.0,74.0,64.0,40.0,66.0,58.0,87.0
Andrew Nembhard,IND,68,41,27,0.603,25.0,3.8,7.7,0.498,0.9,2.5,0.357,0.7000000000000001,0.8,0.804,0.5,1.5,2.1,4.1,1.5,0.9,0.1,0.3,2.1,1.3,9.2,1.0,242,115.1,116.1,116.1,113.0,114.0,114.0,2.1,2.2,2.2,0.208,2.77,30.2,0.021,0.06,0.041,10.9,10.9,0.557,0.5730000000000001,0.161,0.163,102.72,101.82,84.85,101.82,0.075,3593,260,522,3.8,7.7,2024,81.0,94.0,95.0,79.0,79.0,70.0,85.0,80.0,39.0,60.0,44.0,52.0,47.0,54.0,75.0,68.0,80.0,53.0,32.0,78.0,75.0,75.0,76.0,46.0,71.0,85.0,69.0,80.0,80.0,79.0,74.0,80.0,70.0,36.0,42.0,81.0
Andrew Wiggins,GSW,71,38,33,0.535,27.0,5.0,11.0,0.453,1.3,3.6,0.358,2.0,2.7,0.751,1.5,3.0,4.5,1.7,1.2,0.6000000000000001,0.6000000000000001,0.6000000000000001,2.1,2.3,13.2,-0.8,165,114.2,114.9,114.9,114.9,116.3,116.3,-0.7000000000000001,-1.3,-1.3,0.087,1.37,11.1,0.055,0.105,0.08,8.1,8.1,0.511,0.544,0.206,0.21,101.97,101.06,84.22,101.06,0.078,4042,353,780,5.0,11.0,2024,78.0,92.0,72.0,80.0,61.0,70.0,75.0,77.0,40.0,85.0,65.0,74.0,77.0,60.0,85.0,55.0,74.0,38.0,58.0,70.0,67.0,65.0,82.0,57.0,97.0,87.0,90.0,83.0,62.0,79.0,80.0,60.0,36.0,56.0,54.0,82.0
Anfernee Simons,POR,46,11,35,0.239,34.4,7.8,18.2,0.43,3.4,8.8,0.385,3.5,3.9,0.916,0.5,3.2,3.6,5.5,2.7,0.5,0.1,1.1,2.1,2.8,22.6,-7.2,6,108.4,109.9,109.9,118.3,120.5,120.5,-9.9,-10.6,-10.6,0.268,2.02,19.8,0.013,0.097,0.053,9.8,9.7,0.523,0.5680000000000001,0.276,0.283,99.45,97.9,81.58,97.9,0.111,3231,360,837,7.8,18.2,2024,81.0,84.0,79.0,82.0,95.0,60.0,90.0,84.0,40.0,89.0,49.0,49.0,49.0,87.0,95.0,49.0,59.0,33.0,32.0,50.0,55.0,40.0,86.0,41.0,90.0,92.0,90.0,80.0,78.0,86.0,79.0,79.0,73.0,32.0,52.0,89.0
Anthony Black,ORL,69,39,30,0.5650000000000001,16.9,1.7,3.6,0.466,0.5,1.4,0.394,0.7000000000000001,1.2,0.613,0.5,1.5,2.0,1.3,0.8,0.5,0.3,0.2,1.6,1.1,4.6,-0.5,329,106.7,108.0,108.0,108.5,108.9,108.9,-1.8,-1.0,-1.0,0.108,1.63,21.2,0.029,0.093,0.061,13.0,13.0,0.54,0.56,0.123,0.125,100.89,100.09,83.4,100.09,0.054,2423,115,247,1.7,3.6,2024,74.0,78.0,65.0,83.0,57.0,98.0,70.0,83.0,35.0,75.0,48.0,52.0,52.0,44.0,85.0,43.0,75.0,43.0,56.0,68.0,72.0,65.0,75.0,58.0,75.0,92.0,90.0,80.0,80.0,86.0,74.0,77.0,41.0,41.0,52.0,78.0
Anthony Davis,LAL,76,45,31,0.592,35.5,9.4,16.9,0.556,0.4,1.4,0.271,5.5,6.8,0.8160000000000001,3.1,9.5,12.6,3.5,2.1,1.2,2.3,1.1,2.3,5.4,24.7,2.0,380,115.0,116.5,116.5,112.1,114.0,114.0,2.8,2.6,2.6,0.151,1.67,13.8,0.093,0.252,0.176,8.3,8.2,0.5670000000000001,0.621,0.261,0.266,103.6,102.06,85.05,102.06,0.168,5743,713,1283,9.4,16.9,2024,94.0,93.0,79.0,70.0,82.0,98.0,98.0,85.0,90.0,88.0,86.0,89.0,89.0,95.0,95.0,95.0,80.0,46.0,87.0,93.0,90.0,95.0,79.0,92.0,86.0,97.0,98.0,80.0,60.0,75.0,67.0,72.0,61.0,72.0,90.0,78.0
Anthony Edwards,MIN,79,54,25,0.684,35.1,9.1,19.7,0.461,2.4,6.7,0.357,5.4,6.4,0.836,0.7000000000000001,4.8,5.4,5.1,3.1,1.3,0.5,0.7000000000000001,1.8,4.3,25.9,5.5,45,114.3,115.8,115.8,106.6,108.5,108.5,7.7,7.3,7.3,0.241,1.68,16.8,0.02,0.131,0.078,10.0,9.9,0.522,0.5750000000000001,0.314,0.322,99.69,98.18,81.82,98.18,0.145,5675,718,1558,9.1,19.7,2024,93.0,95.0,87.0,86.0,85.0,75.0,98.0,94.0,50.0,97.0,60.0,62.0,62.0,98.0,98.0,59.0,87.0,53.0,52.0,84.0,84.0,85.0,91.0,62.0,97.0,97.0,90.0,83.0,74.0,86.0,85.0,79.0,72.0,36.0,63.0,90.0
Anthony Gill,WAS,50,9,41,0.18,9.3,1.5,3.2,0.469,0.2,0.8,0.244,0.6000000000000001,0.7000000000000001,0.806,0.7000000000000001,1.1,1.9,0.7000000000000001,0.5,0.3,0.2,0.3,1.0,0.6000000000000001,3.8,0.1,431,113.4,113.3,113.3,113.1,112.1,112.1,0.2,1.2,1.2,0.098,1.48,14.5,0.078,0.117,0.098,9.8,9.9,0.5,0.537,0.177,0.18,103.53,104.03,86.69,104.03,0.074,1008,75,160,1.5,3.2,2024,72.0,84.0,72.0,65.0,76.0,70.0,65.0,70.0,75.0,75.0,62.0,60.0,60.0,40.0,74.0,66.0,60.0,41.0,58.0,50.0,58.0,50.0,69.0,60.0,79.0,80.0,88.0,80.0,38.0,54.0,53.0,55.0,40.0,65.0,59.0,67.0
Ausar Thompson,DET,63,10,53,0.159,25.1,3.7,7.6,0.483,0.3,1.8,0.186,1.1,1.9,0.597,2.0,4.3,6.4,1.9,1.3,1.1,0.9,0.5,2.8,1.9,8.8,-3.7,392,107.1,107.7,107.7,112.5,113.1,113.1,-5.4,-5.3,-5.3,0.108,1.43,16.3,0.077,0.173,0.124,11.4,11.4,0.505,0.522,0.161,0.164,102.23,101.67,84.72,101.67,0.084,3329,232,480,3.7,7.6,2024,78.0,94.0,63.0,45.0,69.0,40.0,40.0,84.0,60.0,94.0,45.0,46.0,45.0,56.0,85.0,69.0,84.0,73.0,72.0,84.0,82.0,80.0,94.0,50.0,98.0,95.0,95.0,80.0,75.0,83.0,88.0,75.0,42.0,67.0,75.0,90.0
Austin Reaves,LAL,82,47,35,0.5730000000000001,32.1,5.6,11.5,0.486,1.9,5.1,0.367,2.8,3.3,0.853,0.7000000000000001,3.6,4.3,5.5,2.1,0.8,0.3,0.6000000000000001,1.9,3.0,15.9,-0.5,90,113.9,114.6,114.6,114.3,115.6,115.6,-0.4,-1.0,-1.0,0.237,2.59,26.9,0.023,0.107,0.067,10.4,10.3,0.5680000000000001,0.613,0.198,0.204,102.86,101.93,84.94,101.93,0.105,5590,457,940,5.6,11.5,2024,81.0,96.0,83.0,81.0,86.0,70.0,85.0,87.0,25.0,70.0,31.0,32.0,32.0,95.0,85.0,35.0,73.0,40.0,45.0,73.0,70.0,65.0,83.0,44.0,81.0,85.0,80.0,80.0,70.0,73.0,78.0,74.0,71.0,37.0,54.0,83.0
Ayo Dosunmu,CHI,76,37,39,0.487,29.1,4.7,9.5,0.501,1.6,3.9,0.403,1.1,1.4,0.81,0.7000000000000001,2.1,2.8,3.2,1.4,0.9,0.5,0.8,2.2,1.1,12.2,-2.1,129,111.3,111.6,111.6,113.6,114.9,114.9,-2.2,-3.3,-3.3,0.157,2.35,21.8,0.024,0.072,0.048,9.3,9.3,0.583,0.604,0.168,0.172,98.82,98.13,81.77,98.13,0.083,4520,360,719,4.7,9.5,2024,78.0,88.0,91.0,84.0,71.0,85.0,85.0,86.0,25.0,75.0,35.0,50.0,42.0,59.0,87.0,38.0,69.0,43.0,56.0,68.0,69.0,65.0,76.0,52.0,75.0,85.0,75.0,80.0,72.0,79.0,73.0,79.0,61.0,38.0,45.0,78.0
Bam Adebayo,MIA,71,40,31,0.5630000000000001,34.0,7.5,14.3,0.521,0.2,0.6000000000000001,0.357,4.1,5.5,0.755,2.2,8.1,10.4,3.9,2.3,1.1,0.9,0.6000000000000001,2.2,4.8,19.3,0.7000000000000001,429,109.9,110.1,110.1,108.4,109.3,109.3,1.4,0.8,0.8,0.193,1.72,17.0,0.067,0.242,0.154,9.9,10.0,0.529,0.5760000000000001,0.247,0.252,97.93,97.43,81.19,97.43,0.152,4909,530,1017,7.5,14.3,2024,88.0,97.0,70.0,71.0,81.0,60.0,75.0,81.0,85.0,80.0,80.0,80.0,81.0,70.0,90.0,94.0,88.0,79.0,84.0,94.0,80.0,95.0,74.0,85.0,83.0,92.0,90.0,90.0,72.0,69.0,66.0,74.0,68.0,74.0,89.0,84.0
Ben Sheppard,IND,57,32,25,0.561,14.3,1.6,4.0,0.393,0.9,2.7,0.314,0.4,0.5,0.885,0.3,1.3,1.6,0.9,0.3,0.6000000000000001,0.0,0.2,1.5,0.4,4.4,1.2,248,119.3,118.8,118.8,115.6,114.2,114.2,3.7,4.7,4.7,0.072,3.53,17.2,0.018,0.092,0.054,4.9,4.9,0.5,0.524,0.125,0.13,103.74,104.58,87.15,104.58,0.046,1768,90,229,1.6,4.0,2024,71.0,78.0,78.0,74.0,70.0,60.0,50.0,68.0,35.0,60.0,48.0,49.0,47.0,49.0,80.0,54.0,79.0,66.0,30.0,78.0,75.0,75.0,84.0,54.0,75.0,85.0,90.0,80.0,70.0,73.0,74.0,70.0,34.0,35.0,50.0,84.0
Ben Simmons,BKN,15,7,8,0.467,23.9,2.9,4.9,0.581,0.0,0.0,0.0,0.4,1.0,0.4,2.1,5.9,7.9,5.7,1.8,0.8,0.6000000000000001,0.2,2.4,1.4,6.1,-2.5,498,109.9,109.6,109.6,112.5,113.0,113.0,-2.6,-3.4,-3.4,0.306,3.19,44.3,0.08,0.241,0.158,13.9,13.9,0.581,0.5710000000000001,0.126,0.128,102.32,102.24,85.2,102.24,0.119,759,43,74,2.9,4.9,2024,76.0,75.0,46.0,50.0,44.0,50.0,50.0,80.0,83.0,86.0,76.0,73.0,78.0,60.0,75.0,79.0,82.0,46.0,65.0,81.0,75.0,80.0,87.0,80.0,85.0,80.0,80.0,83.0,79.0,86.0,83.0,80.0,78.0,68.0,88.0,87.0
Bennedict Mathurin,IND,59,33,26,0.559,26.1,5.0,11.2,0.446,1.4,3.6,0.374,3.1,3.8,0.8210000000000001,1.0,2.9,4.0,2.0,1.6,0.6000000000000001,0.2,1.3,2.0,2.8,14.5,-1.6,156,114.0,115.0,115.0,116.5,117.9,117.9,-2.5,-2.9,-2.9,0.105,1.23,12.2,0.038,0.113,0.075,10.0,9.9,0.507,0.562,0.226,0.232,104.9,103.79,86.49,103.79,0.087,3329,296,663,5.0,11.2,2024,80.0,82.0,84.0,82.0,84.0,50.0,90.0,78.0,35.0,80.0,55.0,58.0,55.0,75.0,90.0,42.0,69.0,37.0,42.0,65.0,62.0,50.0,84.0,54.0,82.0,92.0,85.0,80.0,75.0,79.0,81.0,82.0,38.0,47.0,57.0,84.0
Bilal Coulibaly,WAS,63,11,52,0.175,27.2,3.0,6.9,0.435,1.0,2.9,0.346,1.5,2.1,0.7020000000000001,0.9,3.2,4.1,1.7,1.4,0.9,0.8,0.7000000000000001,2.2,1.6,8.4,-6.7,220,106.5,107.4,107.4,116.9,118.4,118.4,-10.3,-11.0,-11.0,0.086,1.26,16.1,0.031,0.116,0.072,12.7,12.7,0.509,0.543,0.139,0.143,104.45,103.33,86.11,103.33,0.057,3687,188,432,3.0,6.9,2024,77.0,66.0,48.0,78.0,63.0,95.0,65.0,80.0,60.0,85.0,50.0,50.0,50.0,50.0,80.0,67.0,80.0,70.0,62.0,78.0,78.0,75.0,82.0,63.0,85.0,92.0,80.0,80.0,68.0,69.0,64.0,62.0,35.0,41.0,57.0,85.0
Blake Wesley,SAS,61,19,42,0.311,14.4,1.7,3.5,0.474,0.2,0.9,0.218,0.9,1.3,0.667,0.3,1.2,1.5,2.7,0.9,0.5,0.1,0.2,1.5,0.8,4.4,-2.4,434,106.2,104.6,104.6,112.6,112.4,112.4,-6.4,-7.8,-7.8,0.257,3.02,35.2,0.019,0.084,0.051,11.7,11.7,0.502,0.537,0.144,0.149,102.82,103.71,86.42,103.71,0.069,1894,102,215,1.7,3.5,2024,72.0,79.0,60.0,67.0,59.0,70.0,60.0,74.0,40.0,86.0,54.0,57.0,50.0,59.0,80.0,49.0,71.0,46.0,47.0,60.0,63.0,50.0,78.0,40.0,84.0,92.0,75.0,80.0,69.0,83.0,77.0,68.0,72.0,36.0,48.0,78.0
Bobby Portis,MIL,82,49,33,0.598,24.5,5.7,11.2,0.508,1.2,3.0,0.407,1.2,1.5,0.79,1.7,5.7,7.4,1.3,1.1,0.8,0.4,0.4,2.3,1.3,13.8,-0.1,182,115.8,115.9,115.9,114.6,116.0,116.0,1.2,-0.1,-0.1,0.078,1.14,8.9,0.071,0.228,0.15,7.8,7.8,0.562,0.581,0.224,0.23,101.14,100.49,83.74,100.49,0.122,4204,466,918,5.7,11.2,2024,80.0,94.0,85.0,84.0,81.0,55.0,90.0,74.0,75.0,70.0,80.0,80.0,82.0,74.0,85.0,78.0,40.0,46.0,53.0,75.0,65.0,65.0,65.0,80.0,64.0,85.0,90.0,84.0,55.0,52.0,59.0,52.0,34.0,64.0,86.0,64.0
Bojan Bogdanovic,NYK,57,20,37,0.351,25.9,5.4,11.9,0.454,2.3,5.9,0.398,2.1,2.6,0.785,0.4,2.3,2.7,1.7,1.8,0.5,0.1,0.8,1.7,2.0,15.2,-6.1,53,109.3,109.9,109.9,120.4,121.3,121.3,-11.1,-11.4,-11.4,0.102,0.96,10.3,0.015,0.092,0.052,10.7,10.7,0.551,0.581,0.242,0.248,100.23,99.57,82.98,99.57,0.083,3068,309,681,5.4,11.9,2024,77.0,92.0,90.0,83.0,77.0,60.0,50.0,79.0,40.0,70.0,49.0,60.0,64.0,50.0,70.0,54.0,72.0,37.0,32.0,75.0,62.0,70.0,67.0,60.0,72.0,93.0,75.0,84.0,77.0,74.0,66.0,82.0,40.0,33.0,50.0,72.0
Bol Bol,PHX,43,28,15,0.651,10.9,2.2,3.5,0.616,0.5,1.2,0.423,0.3,0.4,0.789,0.7000000000000001,2.4,3.2,0.4,0.4,0.2,0.6000000000000001,0.1,1.0,0.3,5.2,0.3,338,111.1,108.9,108.9,108.5,108.8,108.8,2.6,0.1,0.1,0.054,0.89,8.8,0.069,0.202,0.139,9.8,9.7,0.6890000000000001,0.7000000000000001,0.156,0.164,99.59,100.45,83.7,100.45,0.133,987,93,151,2.2,3.5,2024,75.0,95.0,82.0,79.0,76.0,70.0,70.0,69.0,85.0,70.0,70.0,68.0,70.0,62.0,75.0,72.0,52.0,37.0,83.0,64.0,49.0,40.0,68.0,65.0,69.0,80.0,50.0,77.0,50.0,70.0,60.0,40.0,30.0,65.0,85.0,68.0
Bones Hyland,LAC,37,20,17,0.541,14.6,2.6,6.8,0.386,1.2,3.6,0.326,0.5,0.6000000000000001,0.783,0.1,1.4,1.5,2.5,1.2,0.7000000000000001,0.1,0.5,1.4,0.9,6.9,-1.8,190,105.9,105.5,105.5,111.5,111.5,111.5,-5.6,-6.0,-6.0,0.269,2.11,23.3,0.009,0.088,0.049,11.0,11.1,0.474,0.49,0.241,0.247,99.62,99.78,83.15,99.78,0.081,1124,97,251,2.6,6.8,2024,74.0,84.0,65.0,75.0,84.0,75.0,75.0,84.0,25.0,60.0,30.0,32.0,32.0,85.0,85.0,30.0,66.0,73.0,42.0,64.0,63.0,55.0,87.0,32.0,68.0,88.0,85.0,80.0,74.0,79.0,84.0,75.0,72.0,30.0,50.0,87.0
Bradley Beal,PHX,53,33,20,0.623,33.3,7.1,13.9,0.513,1.9,4.4,0.43,2.1,2.5,0.8130000000000001,1.0,3.4,4.4,5.0,2.5,1.0,0.5,0.7000000000000001,2.4,1.9,18.2,2.0,87,115.8,116.2,116.2,112.6,113.2,113.2,3.2,3.0,3.0,0.215,2.02,22.3,0.033,0.099,0.068,11.0,11.0,0.582,0.607,0.224,0.229,100.5,100.08,83.4,100.08,0.106,3682,377,735,7.1,13.9,2024,85.0,88.0,86.0,87.0,71.0,70.0,95.0,89.0,30.0,84.0,55.0,55.0,54.0,95.0,92.0,45.0,66.0,42.0,52.0,75.0,65.0,40.0,76.0,62.0,87.0,98.0,78.0,82.0,82.0,88.0,76.0,85.0,71.0,42.0,52.0,83.0
Brandin Podziemski,GSW,74,41,33,0.554,26.6,3.7,8.1,0.454,1.2,3.2,0.385,0.7000000000000001,1.1,0.633,1.6,4.2,5.8,3.7,1.2,0.8,0.2,0.5,1.6,1.7,9.2,3.6,185,117.2,117.5,117.5,111.1,111.6,111.6,6.1,5.9,5.9,0.176,3.1,27.7,0.058,0.149,0.104,8.9,8.9,0.529,0.54,0.149,0.155,100.68,100.27,83.56,100.27,0.094,4120,271,597,3.7,8.1,2024,79.0,87.0,68.0,82.0,65.0,98.0,90.0,84.0,35.0,60.0,54.0,55.0,55.0,60.0,85.0,45.0,63.0,43.0,40.0,62.0,72.0,45.0,82.0,54.0,78.0,89.0,85.0,80.0,69.0,80.0,81.0,68.0,66.0,57.0,67.0,82.0
Brandon Clarke,MEM,6,2,4,0.333,22.4,5.5,9.8,0.559,0.2,1.0,0.167,0.2,1.2,0.143,2.2,3.2,5.3,1.5,0.5,0.8,1.0,0.8,1.3,1.3,11.3,-1.3,440,100.1,100.7,100.7,105.2,104.6,104.6,-5.1,-3.9,-3.9,0.111,3.0,12.3,0.077,0.145,0.107,4.1,4.0,0.5680000000000001,0.548,0.188,0.195,101.35,101.31,84.43,101.31,0.126,285,33,59,5.5,9.8,2024,77.0,97.0,86.0,57.0,72.0,45.0,30.0,87.0,80.0,84.0,63.0,62.0,62.0,64.0,80.0,78.0,75.0,53.0,81.0,78.0,72.0,75.0,84.0,64.0,82.0,90.0,95.0,80.0,59.0,69.0,65.0,62.0,46.0,71.0,75.0,83.0
Brandon Ingram,NOP,64,38,26,0.594,32.9,7.8,15.9,0.492,1.3,3.8,0.355,3.8,4.8,0.801,0.7000000000000001,4.4,5.1,5.7,2.5,0.8,0.6000000000000001,0.7000000000000001,2.3,3.8,20.8,2.7,158,115.4,116.6,116.6,111.5,112.6,112.6,4.0,4.0,4.0,0.259,2.23,21.7,0.021,0.133,0.078,9.7,9.7,0.534,0.578,0.269,0.273,99.78,98.78,82.31,98.78,0.126,4327,500,1017,7.8,15.9,2024,85.0,94.0,93.0,78.0,80.0,60.0,95.0,90.0,65.0,80.0,64.0,70.0,70.0,92.0,98.0,61.0,69.0,40.0,58.0,75.0,68.0,40.0,74.0,42.0,77.0,95.0,80.0,85.0,75.0,85.0,70.0,79.0,73.0,36.0,62.0,74.0
Brandon Miller,CHA,74,18,56,0.243,32.2,6.4,14.6,0.44,2.5,6.7,0.373,1.9,2.3,0.8270000000000001,0.8,3.4,4.3,2.4,1.8,0.9,0.6000000000000001,0.6000000000000001,2.5,2.6,17.3,-6.9,40,107.7,108.9,108.9,117.8,119.1,119.1,-10.2,-10.2,-10.2,0.114,1.33,12.0,0.025,0.112,0.067,9.1,9.0,0.524,0.552,0.235,0.239,99.44,98.38,81.98,98.38,0.083,4879,476,1083,6.4,14.6,2024,81.0,82.0,91.0,81.0,83.0,70.0,85.0,80.0,55.0,87.0,40.0,64.0,47.0,53.0,80.0,50.0,73.0,42.0,56.0,67.0,68.0,65.0,78.0,51.0,85.0,95.0,80.0,80.0,75.0,86.0,78.0,75.0,43.0,38.0,56.0,82.0
Brandon Williams,DAL,17,10,7,0.588,6.6,1.2,3.2,0.37,0.2,0.9,0.2,0.6000000000000001,1.0,0.647,0.2,0.5,0.8,1.0,0.4,0.1,0.1,0.3,0.2,0.9,3.2,-3.4,439,93.9,91.9,91.9,114.3,113.6,113.6,-20.4,-21.7,-21.7,0.258,2.43,20.0,0.028,0.076,0.05,8.2,8.2,0.398,0.439,0.239,0.25,104.26,105.68,88.07,105.68,0.069,247,20,54,1.2,3.2,2024,70.0,77.0,77.0,67.0,82.0,65.0,50.0,77.0,25.0,50.0,27.0,46.0,50.0,75.0,90.0,33.0,62.0,53.0,55.0,57.0,52.0,45.0,79.0,62.0,68.0,89.0,75.0,81.0,75.0,79.0,77.0,79.0,71.0,40.0,49.0,79.0
Brice Sensabaugh,UTA,32,8,24,0.25,18.3,2.7,6.8,0.39,1.1,3.6,0.296,1.2,1.3,0.902,0.5,2.7,3.2,1.7,1.5,0.4,0.2,0.4,1.3,1.0,7.5,-5.4,213,109.1,109.3,109.3,123.4,123.5,123.5,-14.3,-14.2,-14.2,0.134,1.17,16.3,0.027,0.151,0.088,13.9,13.9,0.468,0.511,0.201,0.207,101.6,101.44,84.54,101.44,0.065,1236,85,218,2.7,6.8,2024,72.0,91.0,84.0,73.0,83.0,60.0,60.0,74.0,35.0,60.0,57.0,59.0,57.0,41.0,95.0,50.0,55.0,38.0,47.0,55.0,54.0,35.0,65.0,64.0,70.0,88.0,70.0,79.0,65.0,74.0,62.0,63.0,50.0,40.0,66.0,67.0
Brook Lopez,MIL,79,48,31,0.608,30.5,4.6,9.6,0.485,1.9,5.1,0.366,1.4,1.7,0.8210000000000001,1.5,3.7,5.2,1.6,1.0,0.5,2.4,0.3,2.4,1.5,12.5,3.5,92,116.2,117.1,117.1,110.7,111.9,111.9,5.5,5.2,5.2,0.071,1.61,12.5,0.049,0.11,0.081,7.8,7.7,0.583,0.608,0.156,0.158,103.09,102.16,85.13,102.16,0.083,5137,366,755,4.6,9.6,2024,80.0,84.0,94.0,80.0,81.0,60.0,80.0,60.0,80.0,65.0,80.0,80.0,80.0,60.0,95.0,89.0,45.0,36.0,90.0,94.0,78.0,95.0,25.0,89.0,60.0,92.0,90.0,79.0,35.0,35.0,25.0,78.0,33.0,52.0,58.0,60.0
Bruce Brown,TOR,67,26,41,0.388,27.8,4.1,8.7,0.478,0.8,2.4,0.323,1.7,2.1,0.8240000000000001,0.8,3.4,4.2,2.9,1.3,0.9,0.3,0.6000000000000001,2.2,1.5,10.8,-3.4,268,114.2,115.6,115.6,119.4,121.4,121.4,-5.2,-5.8,-5.8,0.132,2.23,20.9,0.028,0.126,0.077,9.3,9.3,0.523,0.5630000000000001,0.161,0.165,104.17,102.72,85.6,102.72,0.076,3993,278,582,4.1,8.7,2024,77.0,88.0,86.0,75.0,80.0,85.0,80.0,78.0,30.0,70.0,28.0,34.0,42.0,65.0,95.0,58.0,77.0,43.0,45.0,79.0,75.0,65.0,78.0,75.0,80.0,92.0,80.0,84.0,79.0,79.0,76.0,87.0,50.0,40.0,61.0,78.0
Bruno Fernando,ATL,45,20,25,0.444,15.2,2.4,4.2,0.583,0.0,0.1,0.0,1.4,2.1,0.667,1.3,3.0,4.3,1.0,1.0,0.6000000000000001,0.6000000000000001,0.5,2.4,1.7,6.3,-2.1,498,107.2,107.5,107.5,113.9,113.9,113.9,-6.6,-6.4,-6.4,0.1,1.05,14.4,0.088,0.201,0.144,13.8,13.8,0.583,0.615,0.172,0.177,99.53,99.37,82.81,99.37,0.096,1410,109,187,2.4,4.2,2024,71.0,77.0,65.0,42.0,70.0,25.0,50.0,79.0,85.0,80.0,64.0,63.0,65.0,50.0,75.0,64.0,44.0,53.0,76.0,65.0,62.0,40.0,74.0,85.0,75.0,85.0,85.0,80.0,52.0,50.0,50.0,65.0,38.0,77.0,81.0,74.0
Bryce McGowens,CHA,59,11,48,0.186,14.9,1.7,3.9,0.439,0.6000000000000001,1.7,0.333,1.1,1.4,0.776,0.3,1.4,1.7,0.9,0.5,0.4,0.2,0.3,1.3,1.3,5.1,-3.9,320,104.0,103.3,103.3,115.8,116.3,116.3,-11.8,-13.0,-13.0,0.086,1.7,14.6,0.019,0.098,0.058,8.6,8.6,0.513,0.5650000000000001,0.147,0.151,99.23,99.37,82.8,99.37,0.06,1829,101,230,1.7,3.9,2024,71.0,87.0,79.0,77.0,73.0,55.0,40.0,74.0,40.0,80.0,42.0,42.0,42.0,55.0,78.0,37.0,66.0,40.0,51.0,65.0,60.0,65.0,74.0,48.0,81.0,85.0,75.0,80.0,52.0,74.0,72.0,50.0,35.0,35.0,52.0,75.0
Buddy Hield,PHI,84,46,38,0.548,25.7,4.4,10.1,0.436,2.6,6.8,0.386,0.6000000000000001,0.7000000000000001,0.881,0.7000000000000001,2.5,3.2,2.8,1.2,0.8,0.5,0.4,2.0,0.5,12.1,0.8,34,115.5,116.9,116.9,115.0,115.7,115.7,0.5,1.1,1.1,0.143,2.29,19.5,0.027,0.098,0.062,8.5,8.5,0.5650000000000001,0.578,0.186,0.191,102.59,101.65,84.71,101.65,0.083,4579,371,850,4.4,10.1,2024,79.0,88.0,80.0,88.0,82.0,55.0,85.0,75.0,25.0,65.0,28.0,45.0,48.0,59.0,94.0,48.0,69.0,46.0,56.0,54.0,60.0,50.0,75.0,41.0,78.0,90.0,60.0,82.0,70.0,79.0,74.0,70.0,57.0,40.0,52.0,78.0
Cade Cunningham,DET,62,9,53,0.145,33.5,8.5,18.8,0.449,1.9,5.4,0.355,3.8,4.4,0.869,0.5,3.8,4.3,7.5,3.4,0.9,0.4,1.5,2.5,3.1,22.7,-5.6,85,108.3,109.9,109.9,116.7,117.8,117.8,-8.4,-7.9,-7.9,0.359,2.19,23.8,0.016,0.115,0.064,10.9,10.8,0.5,0.546,0.298,0.305,101.99,100.77,83.97,100.77,0.126,4351,524,1167,8.5,18.8,2024,86.0,85.0,92.0,82.0,88.0,70.0,98.0,88.0,40.0,75.0,60.0,62.0,60.0,88.0,98.0,59.0,75.0,41.0,47.0,75.0,76.0,75.0,83.0,62.0,80.0,94.0,90.0,80.0,67.0,86.0,83.0,84.0,84.0,33.0,57.0,83.0
Caleb Houstan,ORL,59,31,28,0.525,13.8,1.4,3.5,0.388,1.2,3.3,0.373,0.4,0.4,0.808,0.5,0.9,1.4,0.5,0.3,0.3,0.1,0.0,1.0,0.3,4.3,-0.5,181,109.7,109.4,109.4,110.0,111.2,111.2,-0.3,-1.8,-1.8,0.051,1.81,11.2,0.034,0.067,0.05,6.2,6.1,0.5630000000000001,0.582,0.122,0.127,97.0,96.61,80.51,96.61,0.051,1641,80,206,1.4,3.5,2024,72.0,74.0,76.0,81.0,78.0,70.0,50.0,70.0,25.0,25.0,32.0,32.0,32.0,44.0,80.0,47.0,80.0,36.0,37.0,78.0,68.0,80.0,78.0,40.0,72.0,86.0,70.0,80.0,62.0,70.0,72.0,65.0,29.0,45.0,45.0,82.0
Caleb Martin,MIA,64,36,28,0.5630000000000001,27.4,3.8,8.7,0.431,1.3,3.6,0.349,1.2,1.5,0.778,1.2,3.2,4.4,2.2,1.2,0.7000000000000001,0.5,0.6000000000000001,2.0,1.7,10.0,1.0,170,112.1,113.0,113.0,109.9,111.1,111.1,2.2,1.9,1.9,0.118,1.86,17.4,0.042,0.119,0.08,9.4,9.4,0.504,0.531,0.168,0.173,97.32,96.41,80.34,96.41,0.075,3527,241,559,3.8,8.7,2024,76.0,91.0,70.0,80.0,66.0,70.0,80.0,84.0,25.0,70.0,55.0,54.0,54.0,69.0,75.0,68.0,75.0,41.0,56.0,74.0,72.0,70.0,68.0,58.0,74.0,85.0,90.0,80.0,62.0,69.0,59.0,69.0,44.0,48.0,60.0,74.0
Cam Reddish,LAL,48,27,21,0.5630000000000001,20.5,1.9,4.9,0.389,0.8,2.3,0.336,0.9,1.1,0.759,0.6000000000000001,1.5,2.1,1.0,0.6000000000000001,1.0,0.3,0.4,1.3,0.9,5.4,-1.0,271,109.3,109.7,109.7,111.8,112.5,112.5,-2.5,-2.8,-2.8,0.062,1.55,14.2,0.028,0.071,0.05,9.2,9.2,0.468,0.504,0.123,0.125,103.84,103.36,86.13,103.36,0.044,2123,91,234,1.9,4.9,2024,73.0,62.0,60.0,77.0,85.0,45.0,85.0,78.0,50.0,80.0,43.0,52.0,47.0,70.0,95.0,55.0,79.0,78.0,51.0,79.0,78.0,75.0,85.0,52.0,84.0,90.0,65.0,80.0,68.0,81.0,79.0,69.0,31.0,41.0,44.0,85.0
Cam Thomas,BKN,66,23,43,0.348,31.4,8.0,18.0,0.442,2.2,6.0,0.364,4.3,5.1,0.856,0.4,2.8,3.2,2.9,1.9,0.7000000000000001,0.2,1.2,2.1,4.1,22.5,-3.0,62,110.7,111.5,111.5,116.0,116.7,116.7,-5.3,-5.2,-5.2,0.151,1.55,11.7,0.013,0.089,0.05,7.6,7.5,0.503,0.554,0.296,0.303,100.42,99.74,83.12,99.74,0.105,4321,526,1190,8.0,18.0,2024,81.0,88.0,82.0,81.0,84.0,70.0,98.0,90.0,50.0,75.0,58.0,70.0,75.0,85.0,74.0,41.0,59.0,38.0,42.0,59.0,58.0,40.0,77.0,54.0,79.0,86.0,75.0,80.0,59.0,82.0,70.0,52.0,61.0,32.0,50.0,77.0
Cam Whitmore,HOU,47,19,28,0.404,18.7,4.5,9.9,0.454,1.7,4.7,0.359,1.6,2.4,0.679,0.9,2.9,3.8,0.7000000000000001,1.0,0.6000000000000001,0.4,0.7000000000000001,1.4,1.6,12.3,-0.6000000000000001,111,109.6,110.6,110.6,112.2,111.6,111.6,-2.6,-1.0,-1.0,0.058,0.72,5.5,0.044,0.148,0.094,7.7,7.7,0.539,0.561,0.255,0.26,103.86,103.65,86.38,103.65,0.11,1897,212,467,4.5,9.9,2024,78.0,86.0,83.0,79.0,70.0,65.0,75.0,81.0,40.0,85.0,57.0,59.0,59.0,58.0,79.0,57.0,67.0,49.0,57.0,57.0,58.0,50.0,84.0,68.0,84.0,88.0,80.0,80.0,68.0,86.0,84.0,69.0,31.0,51.0,67.0,84.0
Cameron Johnson,BKN,58,21,37,0.362,27.6,4.8,10.7,0.446,2.4,6.1,0.391,1.5,1.9,0.789,0.9,3.4,4.3,2.4,1.0,0.8,0.3,0.6000000000000001,1.8,1.6,13.4,-1.3,47,110.8,111.5,111.5,115.1,114.9,114.9,-4.3,-3.4,-3.4,0.129,2.42,16.1,0.032,0.124,0.076,6.7,6.6,0.557,0.582,0.19,0.195,98.79,98.52,82.1,98.52,0.097,3297,276,619,4.8,10.7,2024,79.0,77.0,81.0,83.0,82.0,70.0,90.0,79.0,60.0,60.0,69.0,69.0,69.0,64.0,57.0,65.0,69.0,43.0,45.0,64.0,68.0,65.0,70.0,60.0,79.0,85.0,86.0,78.0,59.0,59.0,43.0,66.0,49.0,43.0,60.0,70.0
Cameron Payne,PHI,78,46,32,0.59,16.7,2.7,6.2,0.432,1.3,3.4,0.39,0.7000000000000001,0.9,0.866,0.3,1.2,1.5,2.6,0.8,0.5,0.1,0.3,1.6,0.8,7.4,-0.1,159,113.1,112.4,112.4,113.0,113.2,113.2,0.1,-0.8,-0.8,0.222,3.11,26.3,0.016,0.073,0.044,8.5,8.4,0.541,0.5660000000000001,0.185,0.191,100.34,100.61,83.84,100.61,0.083,2738,208,481,2.7,6.2,2024,75.0,89.0,90.0,83.0,85.0,60.0,75.0,83.0,25.0,25.0,25.0,36.0,31.0,75.0,72.0,31.0,60.0,46.0,45.0,51.0,52.0,40.0,75.0,39.0,72.0,82.0,75.0,84.0,75.0,86.0,75.0,79.0,70.0,34.0,45.0,75.0
Caris LeVert,CLE,68,38,30,0.559,28.8,5.1,12.1,0.421,1.6,4.9,0.325,2.3,3.0,0.766,0.6000000000000001,3.5,4.1,5.1,1.7,1.1,0.5,0.7000000000000001,1.8,2.3,14.0,1.8,126,113.5,113.9,113.9,110.0,111.2,111.2,3.5,2.8,2.8,0.258,2.96,25.1,0.02,0.121,0.071,8.5,8.5,0.487,0.524,0.224,0.229,100.45,99.71,83.09,99.71,0.107,4071,345,820,5.1,12.1,2024,77.0,78.0,71.0,75.0,74.0,70.0,70.0,84.0,60.0,75.0,52.0,54.0,49.0,79.0,95.0,45.0,74.0,56.0,56.0,70.0,68.0,60.0,75.0,54.0,80.0,92.0,80.0,78.0,75.0,86.0,72.0,84.0,72.0,36.0,60.0,77.0
Cason Wallace,OKC,82,57,25,0.6950000000000001,20.6,2.6,5.4,0.491,1.2,2.9,0.419,0.4,0.5,0.784,0.6000000000000001,1.6,2.3,1.5,0.5,0.9,0.5,0.3,1.6,0.5,6.8,1.5,187,114.9,113.9,113.9,108.9,110.0,110.0,6.0,3.9,3.9,0.092,2.67,19.2,0.032,0.077,0.056,7.2,7.2,0.602,0.612,0.127,0.131,101.64,101.56,84.64,101.56,0.071,3574,217,442,2.6,5.4,2024,76.0,82.0,81.0,85.0,76.0,75.0,75.0,85.0,25.0,70.0,31.0,37.0,37.0,50.0,95.0,48.0,81.0,66.0,60.0,75.0,84.0,70.0,75.0,55.0,72.0,90.0,85.0,80.0,75.0,78.0,75.0,75.0,37.0,42.0,46.0,87.0
Charles Bassey,SAS,19,3,16,0.158,10.8,1.5,2.1,0.725,0.0,0.1,0.0,0.3,0.3,0.833,1.2,2.8,4.0,1.1,0.8,0.4,0.9,0.1,1.6,0.5,3.3,-2.4,498,105.9,105.1,105.1,117.1,116.7,116.7,-11.2,-11.6,-11.6,0.136,1.4,26.9,0.102,0.265,0.178,19.2,19.1,0.725,0.739,0.11,0.115,105.11,105.69,88.08,105.69,0.116,455,29,40,1.5,2.1,2024,73.0,83.0,69.0,62.0,60.0,40.0,35.0,70.0,75.0,75.0,50.0,50.0,50.0,40.0,70.0,69.0,57.0,53.0,88.0,68.0,50.0,60.0,77.0,69.0,82.0,80.0,95.0,80.0,35.0,42.0,54.0,48.0,56.0,79.0,90.0,77.0
Chet Holmgren,OKC,82,57,25,0.6950000000000001,29.4,6.2,11.6,0.53,1.6,4.3,0.37,2.7,3.4,0.793,1.6,6.3,7.9,2.4,1.6,0.6000000000000001,2.3,0.8,2.4,3.0,16.5,5.2,128,118.0,118.2,118.2,109.4,109.2,109.2,8.6,9.0,9.0,0.112,1.53,14.3,0.056,0.198,0.132,9.3,9.3,0.598,0.632,0.21,0.216,102.74,102.8,85.67,102.8,0.133,5150,505,953,6.2,11.6,2024,87.0,97.0,86.0,83.0,87.0,80.0,90.0,79.0,75.0,75.0,72.0,74.0,68.0,85.0,95.0,90.0,75.0,38.0,92.0,88.0,78.0,85.0,75.0,45.0,75.0,87.0,90.0,80.0,60.0,65.0,67.0,59.0,43.0,64.0,83.0,75.0
Chris Boucher,TOR,50,16,34,0.32,14.1,2.2,4.3,0.507,0.6000000000000001,1.9,0.33,1.4,1.8,0.772,1.2,2.9,4.1,0.5,0.6000000000000001,0.3,0.5,0.3,1.4,1.7,6.4,0.6000000000000001,313,115.3,116.0,116.0,112.4,113.6,113.6,2.9,2.4,2.4,0.044,0.8200000000000001,7.5,0.084,0.202,0.142,9.1,9.1,0.578,0.625,0.167,0.172,100.17,99.35,82.79,99.35,0.106,1456,110,217,2.2,4.3,2024,74.0,82.0,71.0,76.0,78.0,55.0,40.0,74.0,85.0,80.0,72.0,64.0,72.0,50.0,85.0,76.0,37.0,38.0,72.0,78.0,50.0,60.0,57.0,80.0,74.0,89.0,80.0,77.0,33.0,41.0,25.0,59.0,28.0,68.0,81.0,55.0
Chris Duarte,SAC,59,35,24,0.593,12.2,1.4,3.6,0.381,0.7000000000000001,2.2,0.346,0.4,0.6000000000000001,0.788,0.4,1.4,1.8,0.7000000000000001,0.4,0.5,0.1,0.2,1.4,0.8,3.9,-1.1,281,110.4,110.4,110.4,113.7,113.5,113.5,-3.3,-3.1,-3.1,0.082,1.69,14.9,0.034,0.113,0.072,8.8,8.8,0.486,0.512,0.146,0.15,99.74,99.83,83.19,99.83,0.052,1487,80,210,1.4,3.6,2024,72.0,73.0,53.0,79.0,79.0,50.0,50.0,79.0,40.0,70.0,44.0,46.0,46.0,69.0,95.0,50.0,69.0,56.0,50.0,68.0,69.0,65.0,65.0,59.0,63.0,92.0,92.0,80.0,77.0,75.0,60.0,78.0,34.0,45.0,57.0,68.0
Chris Livingston,MIL,21,13,8,0.619,4.3,0.5,1.0,0.5,0.0,0.2,0.2,0.1,0.2,0.75,0.1,0.9,1.0,0.2,0.2,0.1,0.0,0.1,0.7000000000000001,0.2,1.2,-1.3,485,110.2,102.5,102.5,119.8,116.8,116.8,-9.6,-14.3,-14.3,0.075,1.0,14.7,0.037,0.222,0.13,14.7,14.8,0.523,0.547,0.136,0.146,99.28,104.18,86.82,104.18,0.053,197,11,22,0.5,1.0,2024,69.0,76.0,68.0,70.0,72.0,60.0,35.0,76.0,50.0,80.0,39.0,44.0,40.0,37.0,79.0,52.0,64.0,47.0,48.0,52.0,62.0,40.0,80.0,54.0,83.0,85.0,65.0,80.0,65.0,69.0,68.0,52.0,34.0,52.0,51.0,80.0
Chris Paul,GSW,58,33,25,0.5690000000000001,26.4,3.6,8.1,0.441,1.3,3.6,0.371,0.7000000000000001,0.9,0.8270000000000001,0.3,3.6,3.9,6.8,1.3,1.2,0.1,0.2,1.9,1.0,9.2,1.9,157,114.1,113.7,113.7,109.6,111.0,111.0,4.5,2.8,2.8,0.342,5.17,41.1,0.011,0.126,0.07,7.9,7.9,0.525,0.544,0.154,0.16,100.14,99.68,83.06,99.68,0.116,3189,206,467,3.6,8.1,2024,81.0,97.0,79.0,82.0,91.0,85.0,45.0,86.0,25.0,27.0,40.0,55.0,70.0,50.0,85.0,61.0,81.0,66.0,35.0,80.0,75.0,75.0,80.0,62.0,75.0,80.0,75.0,77.0,87.0,87.0,80.0,87.0,83.0,31.0,62.0,81.0
Christian Braun,DEN,82,57,25,0.6950000000000001,20.2,2.7,5.9,0.46,0.8,2.0,0.384,1.1,1.6,0.6940000000000001,1.0,2.8,3.7,1.6,0.7000000000000001,0.5,0.4,0.6000000000000001,1.7,1.0,7.3,-0.2,274,109.8,110.0,110.0,109.0,109.3,109.3,0.8,0.7000000000000001,0.7000000000000001,0.109,2.4,18.1,0.046,0.126,0.087,7.5,7.5,0.525,0.554,0.152,0.157,99.13,98.91,82.43,98.91,0.084,3394,222,483,2.7,5.9,2024,76.0,67.0,56.0,82.0,76.0,75.0,70.0,79.0,25.0,80.0,25.0,55.0,36.0,45.0,72.0,40.0,79.0,41.0,57.0,78.0,80.0,80.0,83.0,46.0,83.0,93.0,90.0,80.0,69.0,69.0,74.0,68.0,40.0,52.0,63.0,83.0
Christian Wood,LAL,50,28,22,0.56,17.4,2.5,5.3,0.466,0.7000000000000001,2.3,0.307,1.3,1.9,0.7020000000000001,0.8,4.3,5.1,1.0,1.0,0.3,0.7000000000000001,0.2,1.4,1.6,6.9,0.1,295,110.5,109.9,109.9,108.6,109.9,109.9,1.8,0.0,0.0,0.079,0.98,12.1,0.048,0.226,0.144,12.3,12.4,0.532,0.5680000000000001,0.173,0.179,102.03,101.73,84.78,101.73,0.101,1849,123,264,2.5,5.3,2024,74.0,82.0,71.0,73.0,77.0,25.0,65.0,82.0,90.0,85.0,81.0,79.0,81.0,65.0,95.0,60.0,60.0,35.0,72.0,74.0,62.0,50.0,56.0,74.0,66.0,93.0,85.0,83.0,30.0,60.0,44.0,40.0,34.0,51.0,87.0,62.0
Clint Capela,ATL,73,33,40,0.452,25.8,4.8,8.5,0.5710000000000001,0.0,0.0,0.0,1.8,2.8,0.631,4.6,6.0,10.6,1.2,1.0,0.6000000000000001,1.5,0.9,2.2,2.3,11.5,-0.2,498,114.2,115.5,115.5,115.4,115.6,115.6,-1.2,-0.1,-0.1,0.067,1.23,10.4,0.157,0.232,0.192,8.5,8.5,0.5710000000000001,0.59,0.167,0.169,102.44,101.78,84.82,101.78,0.121,3987,353,618,4.8,8.5,2024,80.0,86.0,50.0,25.0,64.0,70.0,50.0,70.0,95.0,80.0,71.0,48.0,69.0,74.0,70.0,84.0,53.0,38.0,85.0,86.0,74.0,80.0,58.0,85.0,80.0,92.0,97.0,83.0,34.0,48.0,30.0,35.0,33.0,96.0,88.0,60.0
Coby White,CHI,79,37,42,0.468,36.5,6.8,15.3,0.447,2.6,7.0,0.376,2.8,3.3,0.838,0.6000000000000001,4.0,4.5,5.1,2.1,0.7000000000000001,0.2,0.8,2.4,3.7,19.1,-0.4,33,114.2,115.0,115.0,114.5,115.8,115.8,-0.2,-0.7000000000000001,-0.7000000000000001,0.204,2.44,21.4,0.015,0.11,0.062,8.8,8.8,0.534,0.5700000000000001,0.224,0.228,98.43,97.52,81.27,97.52,0.099,5857,541,1209,6.8,15.3,2024,81.0,82.0,72.0,81.0,82.0,70.0,98.0,84.0,30.0,65.0,34.0,45.0,49.0,84.0,95.0,49.0,64.0,36.0,40.0,66.0,64.0,55.0,85.0,56.0,81.0,90.0,85.0,80.0,79.0,86.0,84.0,84.0,70.0,33.0,56.0,85.0
Cody Martin,CHA,28,7,21,0.25,26.9,2.9,7.7,0.381,1.0,3.1,0.314,0.7000000000000001,1.2,0.606,0.7000000000000001,3.2,3.9,3.7,1.6,1.1,0.6000000000000001,0.7000000000000001,1.7,1.5,7.5,-5.6,233,105.6,106.5,106.5,115.5,117.0,117.0,-9.9,-10.5,-10.5,0.192,2.36,27.6,0.024,0.124,0.072,11.7,11.7,0.444,0.46,0.157,0.161,99.09,98.04,81.7,98.04,0.066,1540,82,215,2.9,7.7,2024,76.0,75.0,42.0,78.0,73.0,75.0,80.0,85.0,25.0,75.0,59.0,59.0,55.0,79.0,75.0,48.0,69.0,59.0,58.0,69.0,69.0,60.0,68.0,58.0,75.0,90.0,90.0,80.0,74.0,73.0,68.0,78.0,66.0,39.0,58.0,72.0
Cody Zeller,NOP,43,26,17,0.605,7.4,0.6000000000000001,1.4,0.419,0.0,0.1,0.333,0.5,0.9,0.605,1.1,1.5,2.6,0.9,0.4,0.2,0.1,0.2,1.0,0.9,1.8,1.1,491,115.6,114.3,114.3,108.6,108.0,108.0,7.0,6.3,6.3,0.149,2.44,29.1,0.133,0.185,0.158,11.9,12.0,0.427,0.483,0.116,0.12,104.06,104.95,87.46,104.95,0.075,700,26,62,0.6000000000000001,1.4,2024,73.0,80.0,70.0,38.0,69.0,60.0,60.0,65.0,75.0,75.0,67.0,65.0,67.0,65.0,79.0,60.0,37.0,36.0,47.0,76.0,60.0,55.0,70.0,75.0,80.0,89.0,95.0,84.0,68.0,40.0,31.0,64.0,58.0,79.0,77.0,54.0
Colby Jones,SAC,30,15,15,0.5,6.4,0.9,2.4,0.394,0.1,0.7000000000000001,0.091,0.2,0.4,0.545,0.6000000000000001,0.8,1.3,0.7000000000000001,0.3,0.2,0.2,0.1,1.0,0.3,2.1,0.3,480,107.8,104.8,104.8,104.7,103.3,103.3,3.1,1.5,1.5,0.159,2.0,19.0,0.076,0.12,0.097,9.5,9.4,0.408,0.422,0.178,0.189,97.42,99.51,82.93,99.51,0.053,399,28,71,0.9,2.4,2024,71.0,93.0,68.0,62.0,67.0,75.0,65.0,75.0,25.0,75.0,38.0,40.0,39.0,44.0,75.0,49.0,71.0,70.0,37.0,54.0,47.0,50.0,74.0,48.0,72.0,90.0,85.0,80.0,67.0,68.0,68.0,70.0,58.0,59.0,60.0,75.0
Cole Anthony,ORL,81,47,34,0.58,22.4,4.1,9.4,0.435,1.1,3.4,0.338,2.2,2.7,0.8260000000000001,0.8,3.0,3.8,2.9,1.6,0.8,0.5,0.4,2.2,2.0,11.6,1.4,198,111.5,112.6,112.6,109.0,110.0,110.0,2.5,2.6,2.6,0.2,1.87,19.4,0.036,0.14,0.088,10.3,10.3,0.496,0.545,0.232,0.238,98.38,97.46,81.22,97.46,0.109,3696,332,763,4.1,9.4,2024,78.0,92.0,74.0,77.0,84.0,60.0,90.0,84.0,40.0,85.0,49.0,58.0,44.0,82.0,98.0,45.0,69.0,49.0,58.0,55.0,52.0,45.0,84.0,59.0,77.0,88.0,85.0,98.0,82.0,84.0,84.0,82.0,69.0,45.0,66.0,84.0
Cole Swider,MIA,18,8,10,0.444,4.8,0.8,2.1,0.395,0.6000000000000001,1.7,0.333,0.1,0.1,1.0,0.1,0.3,0.4,0.3,0.4,0.1,0.1,0.0,0.2,0.1,2.3,-1.1,326,99.4,98.9,98.9,115.0,110.0,110.0,-15.6,-11.1,-11.1,0.102,0.63,9.6,0.011,0.075,0.04,15.4,15.4,0.526,0.54,0.226,0.234,97.12,99.54,82.95,99.54,0.057,180,15,38,0.8,2.1,2024,67.0,70.0,72.0,76.0,80.0,50.0,40.0,65.0,55.0,60.0,52.0,55.0,55.0,40.0,70.0,75.0,42.0,37.0,35.0,75.0,50.0,55.0,52.0,54.0,63.0,85.0,65.0,80.0,55.0,42.0,47.0,59.0,38.0,44.0,51.0,52.0
Colin Castleton,LAL,16,9,7,0.5630000000000001,3.7,0.6000000000000001,1.0,0.5630000000000001,0.0,0.0,0.0,0.4,0.4,1.0,0.4,0.4,0.8,0.2,0.2,0.1,0.0,0.1,0.7000000000000001,0.2,1.5,-2.8,498,85.7,82.4,82.4,125.3,117.6,117.6,-39.6,-35.2,-35.2,0.107,1.0,12.0,0.094,0.118,0.104,12.0,12.2,0.5630000000000001,0.644,0.157,0.162,96.49,101.56,84.63,101.56,0.078,125,9,16,0.6000000000000001,1.0,2024,68.0,73.0,64.0,40.0,73.0,50.0,40.0,64.0,65.0,65.0,60.0,61.0,62.0,38.0,80.0,62.0,32.0,32.0,70.0,62.0,54.0,50.0,58.0,63.0,63.0,80.0,75.0,80.0,50.0,57.0,33.0,60.0,38.0,64.0,65.0,54.0
Collin Gillespie,DEN,24,15,9,0.625,9.4,1.3,2.9,0.464,0.6000000000000001,1.6,0.395,0.3,0.5,0.667,0.0,0.8,0.9,1.1,0.6000000000000001,0.5,0.0,0.1,1.0,0.5,3.6,0.6000000000000001,307,114.1,111.7,111.7,108.7,109.2,109.2,5.4,2.5,2.5,0.164,1.93,23.5,0.004,0.085,0.045,12.2,12.1,0.5720000000000001,0.586,0.166,0.173,98.97,99.78,83.15,99.78,0.071,470,32,69,1.3,2.9,2024,69.0,74.0,75.0,82.0,87.0,50.0,65.0,74.0,40.0,54.0,31.0,46.0,40.0,37.0,95.0,33.0,62.0,38.0,56.0,60.0,58.0,55.0,82.0,33.0,72.0,85.0,80.0,80.0,79.0,77.0,82.0,75.0,57.0,27.0,53.0,82.0
Collin Sexton,UTA,78,29,49,0.372,26.6,6.5,13.3,0.487,1.6,4.2,0.394,4.1,4.7,0.859,0.9,1.7,2.6,4.9,2.1,0.8,0.2,1.4,2.0,3.8,18.7,-1.8,117,115.2,117.0,117.0,119.7,120.4,120.4,-4.5,-3.4,-3.4,0.283,2.32,22.0,0.033,0.064,0.049,9.5,9.4,0.549,0.607,0.267,0.273,102.85,101.71,84.76,101.71,0.12,4399,506,1038,6.5,13.3,2024,80.0,88.0,82.0,84.0,88.0,60.0,98.0,82.0,30.0,75.0,25.0,38.0,28.0,80.0,90.0,45.0,67.0,42.0,45.0,67.0,69.0,50.0,88.0,58.0,84.0,95.0,90.0,81.0,75.0,86.0,87.0,75.0,74.0,43.0,42.0,88.0
Corey Kispert,WAS,80,15,65,0.188,25.8,4.8,9.9,0.486,2.3,6.0,0.383,1.4,2.0,0.726,0.4,2.4,2.8,2.0,1.2,0.5,0.2,0.6000000000000001,1.8,1.5,13.4,-5.6,55,107.8,108.7,108.7,118.1,119.4,119.4,-10.3,-10.7,-10.7,0.111,1.6,14.1,0.014,0.091,0.052,8.8,8.8,0.602,0.62,0.191,0.196,104.6,103.61,86.34,103.61,0.084,4477,386,794,4.8,9.9,2024,78.0,94.0,89.0,83.0,75.0,90.0,70.0,73.0,40.0,60.0,38.0,39.0,39.0,45.0,85.0,54.0,70.0,36.0,40.0,69.0,67.0,65.0,76.0,60.0,69.0,84.0,80.0,80.0,66.0,71.0,66.0,69.0,41.0,32.0,50.0,76.0
Cory Joseph,GSW,26,10,16,0.385,11.4,0.9,2.5,0.359,0.5,1.6,0.31,0.2,0.3,0.5710000000000001,0.2,0.9,1.2,1.6,0.5,0.2,0.1,0.1,1.0,0.3,2.4,-0.5,339,115.4,114.2,114.2,117.2,117.2,117.2,-1.8,-3.0,-3.0,0.174,3.5,34.7,0.019,0.083,0.05,9.9,9.9,0.461,0.47,0.108,0.112,101.66,102.2,85.17,102.2,0.042,633,23,64,0.9,2.5,2024,72.0,88.0,75.0,82.0,79.0,70.0,60.0,72.0,25.0,30.0,27.0,39.0,29.0,55.0,85.0,54.0,75.0,38.0,50.0,68.0,59.0,65.0,72.0,40.0,65.0,88.0,70.0,84.0,80.0,84.0,72.0,80.0,70.0,31.0,41.0,80.0
D.J. Carton,TOR,4,2,2,0.5,8.9,0.8,2.0,0.375,0.3,1.0,0.25,1.0,1.3,0.8,0.5,0.5,1.0,0.8,0.3,0.3,0.0,0.0,0.8,0.8,2.8,-7.8,417,86.8,81.5,81.5,122.9,122.8,122.8,-36.1,-41.3,-41.3,0.15,3.0,21.4,0.051,0.043,0.047,7.1,7.0,0.438,0.539,0.125,0.137,104.66,108.07,90.06,108.07,0.06,81,3,8,0.8,2.0,2024,68.0,75.0,73.0,79.0,78.0,50.0,55.0,74.0,25.0,75.0,28.0,38.0,35.0,52.0,85.0,45.0,66.0,45.0,30.0,55.0,60.0,40.0,82.0,49.0,85.0,85.0,85.0,80.0,75.0,79.0,82.0,63.0,63.0,40.0,43.0,80.0
Daishen Nix,MIN,15,11,4,0.733,3.3,0.6000000000000001,1.6,0.375,0.4,1.1,0.353,0.2,0.4,0.5,0.1,0.1,0.2,0.4,0.3,0.3,0.0,0.2,0.1,0.2,1.8,1.9,375,125.0,119.3,119.3,101.2,99.1,99.1,23.7,20.2,20.2,0.14,1.2,15.8,0.018,0.043,0.029,13.2,13.3,0.5,0.507,0.241,0.256,109.07,112.81,94.01,112.81,0.068,119,9,24,0.6000000000000001,1.6,2024,70.0,74.0,60.0,74.0,67.0,65.0,70.0,75.0,40.0,75.0,35.0,51.0,42.0,40.0,80.0,37.0,60.0,46.0,42.0,52.0,58.0,40.0,90.0,63.0,75.0,80.0,85.0,80.0,72.0,75.0,87.0,74.0,68.0,35.0,49.0,86.0
Dalano Banton,POR,54,24,30,0.444,19.4,3.7,9.3,0.404,1.1,3.7,0.296,1.7,2.2,0.783,0.8,2.5,3.3,2.4,1.4,0.6000000000000001,0.4,0.6000000000000001,1.2,1.6,10.3,-4.1,205,103.3,104.5,104.5,114.7,114.7,114.7,-11.4,-10.2,-10.2,0.2,1.65,16.8,0.036,0.13,0.081,10.2,10.2,0.463,0.504,0.25,0.255,99.06,98.51,82.09,98.51,0.1,2147,202,500,3.7,9.3,2024,75.0,78.0,72.0,73.0,71.0,70.0,85.0,79.0,30.0,65.0,30.0,45.0,48.0,79.0,80.0,40.0,68.0,46.0,56.0,60.0,62.0,60.0,76.0,66.0,75.0,80.0,75.0,80.0,78.0,76.0,72.0,79.0,68.0,46.0,64.0,76.0
Dalen Terry,CHI,59,27,32,0.458,11.5,1.2,2.7,0.439,0.3,1.3,0.23,0.4,0.7000000000000001,0.581,0.5,1.4,1.9,1.4,0.5,0.5,0.3,0.1,1.4,0.6000000000000001,3.1,0.6000000000000001,409,113.9,112.9,112.9,110.6,110.7,110.7,3.3,2.2,2.2,0.151,2.53,27.9,0.042,0.124,0.083,11.0,11.1,0.494,0.512,0.127,0.131,98.95,99.32,82.77,99.32,0.063,1411,69,157,1.2,2.7,2024,73.0,87.0,72.0,70.0,67.0,70.0,65.0,77.0,25.0,80.0,40.0,46.0,42.0,54.0,85.0,43.0,69.0,59.0,67.0,69.0,70.0,65.0,76.0,58.0,69.0,85.0,85.0,80.0,76.0,80.0,74.0,78.0,61.0,48.0,61.0,76.0
Damian Lillard,MIL,73,48,25,0.658,35.3,7.4,17.5,0.424,3.0,8.5,0.354,6.5,7.0,0.92,0.5,3.9,4.4,7.0,2.6,1.0,0.2,1.2,1.8,4.9,24.3,5.3,18,118.1,119.4,119.4,110.5,112.4,112.4,7.5,6.9,6.9,0.284,2.63,23.2,0.014,0.102,0.06,8.8,8.8,0.51,0.59,0.274,0.281,103.48,102.06,85.05,102.06,0.132,5486,541,1277,7.4,17.5,2024,89.0,72.0,88.0,85.0,92.0,80.0,95.0,92.0,25.0,85.0,30.0,38.0,42.0,96.0,98.0,31.0,69.0,41.0,40.0,72.0,77.0,60.0,87.0,63.0,89.0,97.0,95.0,98.0,92.0,95.0,86.0,93.0,74.0,33.0,54.0,87.0
Daniel Gafford,DAL,74,30,44,0.405,24.5,4.7,6.5,0.725,0.0,0.0,0.0,1.6,2.4,0.674,2.6,5.0,7.6,1.6,1.0,0.9,2.1,0.5,3.1,2.2,11.0,-1.4,498,112.9,113.9,113.9,114.2,116.0,116.0,-1.3,-2.2,-2.2,0.083,1.55,15.4,0.105,0.186,0.147,9.9,9.9,0.725,0.731,0.145,0.147,104.58,103.3,86.08,103.3,0.121,3897,348,480,4.7,6.5,2024,81.0,97.0,65.0,29.0,69.0,75.0,85.0,82.0,85.0,75.0,69.0,67.0,70.0,75.0,70.0,83.0,57.0,49.0,92.0,83.0,50.0,80.0,75.0,73.0,80.0,80.0,89.0,80.0,37.0,35.0,44.0,37.0,37.0,77.0,81.0,70.0
Daniel Theis,LAC,60,38,22,0.633,16.9,2.6,4.9,0.532,0.4,1.2,0.366,0.6000000000000001,0.8,0.76,1.4,2.7,4.1,1.0,0.7000000000000001,0.4,0.9,0.5,2.1,1.0,6.3,1.0,365,115.2,115.6,115.6,111.8,113.2,113.2,3.3,2.4,2.4,0.081,1.45,14.6,0.084,0.15,0.117,10.0,10.0,0.577,0.597,0.15,0.153,100.63,99.85,83.21,99.85,0.084,2116,156,293,2.6,4.9,2024,74.0,88.0,76.0,80.0,70.0,65.0,30.0,70.0,79.0,78.0,74.0,54.0,73.0,35.0,85.0,79.0,53.0,37.0,82.0,83.0,57.0,80.0,57.0,82.0,75.0,90.0,87.0,65.0,69.0,49.0,42.0,54.0,35.0,69.0,68.0,67.0
Dante Exum,DAL,55,36,19,0.655,19.8,2.9,5.5,0.533,1.0,2.0,0.491,1.0,1.2,0.779,0.5,2.3,2.7,2.9,0.9,0.4,0.1,0.3,1.5,1.4,7.8,4.3,234,120.6,120.7,120.7,109.9,110.5,110.5,10.7,10.3,10.3,0.181,3.2,29.1,0.023,0.108,0.067,9.1,9.1,0.621,0.645,0.148,0.152,102.22,101.9,84.92,101.9,0.093,2310,161,302,2.9,5.5,2024,75.0,85.0,73.0,86.0,70.0,70.0,75.0,75.0,25.0,60.0,28.0,55.0,40.0,63.0,85.0,27.0,76.0,37.0,35.0,76.0,74.0,75.0,79.0,48.0,77.0,80.0,85.0,83.0,75.0,75.0,79.0,77.0,68.0,37.0,56.0,82.0
Dario Saric,GSW,64,35,29,0.547,17.2,2.8,6.1,0.466,1.2,3.1,0.376,1.2,1.5,0.849,1.1,3.3,4.4,2.3,1.2,0.5,0.2,0.4,1.8,1.5,8.0,-0.3,195,112.4,113.7,113.7,114.7,115.3,115.3,-2.3,-1.6,-1.6,0.187,1.85,22.1,0.063,0.192,0.126,12.0,12.0,0.562,0.6000000000000001,0.19,0.195,100.83,100.0,83.33,100.0,0.111,2294,181,388,2.8,6.1,2024,76.0,93.0,71.0,81.0,83.0,50.0,60.0,82.0,45.0,70.0,81.0,79.0,81.0,50.0,92.0,80.0,66.0,43.0,45.0,80.0,55.0,75.0,63.0,65.0,60.0,82.0,86.0,81.0,75.0,69.0,57.0,84.0,66.0,62.0,79.0,69.0
Dariq Whitehead,BKN,2,1,1,0.5,12.0,0.5,2.5,0.2,0.0,1.5,0.0,0.5,1.0,0.5,0.0,2.0,2.0,1.5,0.0,0.0,0.5,0.5,0.0,0.5,1.5,-11.0,498,108.6,110.9,110.9,161.5,153.7,153.7,-52.9,-42.8,-42.8,0.143,0.0,33.3,0.0,0.19,0.078,0.0,0.0,0.2,0.255,0.094,0.093,107.63,109.08,90.9,109.08,0.035,55,1,5,0.5,2.5,2024,71.0,77.0,76.0,79.0,79.0,60.0,40.0,70.0,50.0,80.0,44.0,51.0,47.0,37.0,80.0,40.0,65.0,64.0,52.0,67.0,67.0,45.0,79.0,52.0,82.0,90.0,70.0,77.0,67.0,78.0,76.0,66.0,44.0,37.0,48.0,79.0
Darius Garland,CLE,57,31,26,0.544,33.3,6.6,14.8,0.446,2.3,6.2,0.371,2.6,3.1,0.834,0.5,2.1,2.7,6.5,3.1,1.3,0.1,0.8,1.7,2.9,18.0,2.0,54,112.7,113.5,113.5,111.1,111.4,111.4,1.6,2.1,2.1,0.295,2.12,25.5,0.017,0.064,0.041,12.0,12.0,0.524,0.56,0.249,0.255,98.51,98.02,81.69,98.02,0.104,3894,375,841,6.6,14.8,2024,82.0,88.0,86.0,82.0,84.0,65.0,75.0,90.0,25.0,40.0,32.0,37.0,42.0,74.0,90.0,31.0,69.0,56.0,32.0,69.0,66.0,50.0,88.0,40.0,84.0,95.0,95.0,80.0,92.0,89.0,88.0,95.0,74.0,34.0,42.0,88.0
David Duke Jr.,SAS,4,3,1,0.75,12.8,2.5,4.5,0.556,0.8,1.5,0.5,0.8,0.8,1.0,0.5,2.0,2.5,1.3,0.8,0.5,0.0,0.0,1.0,1.0,6.5,1.5,277,116.7,115.3,115.3,112.0,110.9,110.9,4.7,4.4,4.4,0.132,1.67,18.5,0.042,0.14,0.095,11.1,11.0,0.639,0.673,0.179,0.188,102.15,103.29,86.08,103.29,0.114,111,10,18,2.5,4.5,2024,69.0,68.0,73.0,69.0,79.0,70.0,75.0,70.0,40.0,60.0,30.0,40.0,39.0,70.0,70.0,40.0,60.0,63.0,35.0,55.0,37.0,35.0,83.0,55.0,72.0,80.0,45.0,83.0,62.0,73.0,78.0,60.0,50.0,52.0,46.0,83.0
David Roddy,PHX,65,25,40,0.385,18.1,2.5,6.3,0.403,0.7000000000000001,2.5,0.293,0.7000000000000001,1.0,0.6910000000000001,0.8,2.4,3.2,1.2,0.9,0.4,0.2,0.5,1.1,0.9,6.5,-3.5,283,103.5,104.3,104.3,113.1,113.6,113.6,-9.6,-9.3,-9.3,0.102,1.4,13.9,0.042,0.134,0.087,9.9,9.9,0.462,0.484,0.177,0.182,101.7,101.1,84.25,101.1,0.068,2482,165,409,2.5,6.3,2024,73.0,72.0,72.0,71.0,71.0,70.0,80.0,77.0,50.0,60.0,62.0,62.0,62.0,59.0,81.0,64.0,65.0,38.0,47.0,69.0,62.0,55.0,75.0,73.0,66.0,88.0,85.0,80.0,62.0,66.0,54.0,60.0,40.0,48.0,64.0,74.0
Davion Mitchell,SAC,72,41,31,0.5690000000000001,15.3,2.0,4.5,0.452,0.8,2.2,0.361,0.4,0.6000000000000001,0.714,0.3,1.1,1.3,1.9,0.6000000000000001,0.2,0.0,0.1,1.2,0.7000000000000001,5.3,-0.6000000000000001,267,110.8,109.5,109.5,113.1,112.1,112.1,-2.3,-2.6,-2.6,0.168,3.12,25.9,0.017,0.071,0.043,8.3,8.3,0.54,0.555,0.147,0.153,99.01,100.05,83.37,100.05,0.064,2302,146,323,2.0,4.5,2024,72.0,90.0,81.0,80.0,81.0,25.0,30.0,70.0,25.0,40.0,30.0,30.0,30.0,30.0,95.0,44.0,87.0,33.0,30.0,85.0,82.0,85.0,82.0,60.0,70.0,90.0,95.0,80.0,74.0,86.0,82.0,74.0,62.0,34.0,44.0,88.0
DeAndre Jordan,DEN,36,24,12,0.667,11.0,1.6,2.6,0.624,0.0,0.0,0.0,0.7000000000000001,1.5,0.491,1.5,2.9,4.4,0.7000000000000001,0.6000000000000001,0.2,0.4,0.3,1.6,1.3,3.9,-2.4,498,105.0,105.2,105.2,114.2,115.9,115.9,-9.2,-10.7,-10.7,0.098,1.13,15.8,0.126,0.237,0.182,13.9,13.9,0.624,0.61,0.147,0.152,98.34,97.52,81.27,97.52,0.11,803,58,93,1.6,2.6,2024,74.0,74.0,25.0,25.0,36.0,75.0,25.0,57.0,75.0,75.0,35.0,37.0,35.0,44.0,90.0,70.0,57.0,40.0,72.0,67.0,55.0,55.0,65.0,85.0,83.0,92.0,80.0,94.0,25.0,30.0,33.0,66.0,40.0,91.0,90.0,62.0
DeMar DeRozan,CHI,79,37,42,0.468,37.8,8.2,17.2,0.48,0.9,2.8,0.333,6.6,7.7,0.853,0.5,3.8,4.3,5.3,1.7,1.1,0.6000000000000001,0.9,2.0,5.6,24.0,-0.8,236,113.3,113.5,113.5,113.9,114.6,114.6,-0.6000000000000001,-1.0,-1.0,0.22,3.12,19.4,0.014,0.101,0.057,6.2,6.2,0.507,0.584,0.252,0.26,98.32,97.94,81.62,97.94,0.129,6098,650,1355,8.2,17.2,2024,87.0,96.0,93.0,76.0,82.0,80.0,95.0,88.0,55.0,80.0,65.0,78.0,87.0,83.0,85.0,50.0,70.0,43.0,55.0,70.0,59.0,65.0,82.0,73.0,88.0,88.0,80.0,91.0,73.0,83.0,80.0,75.0,70.0,33.0,53.0,82.0
Dean Wade,CLE,54,36,18,0.667,20.5,1.8,4.3,0.414,1.5,3.7,0.391,0.4,0.5,0.769,0.7000000000000001,3.4,4.0,0.8,0.4,0.7000000000000001,0.5,0.1,1.7,0.7000000000000001,5.4,3.3,143,113.0,111.9,111.9,102.2,103.5,103.5,10.8,8.3,8.3,0.052,2.15,14.0,0.033,0.154,0.094,6.5,6.5,0.584,0.598,0.101,0.104,100.07,99.94,83.28,99.94,0.073,2300,96,232,1.8,4.3,2024,72.0,78.0,70.0,83.0,65.0,70.0,65.0,60.0,80.0,75.0,60.0,60.0,64.0,44.0,70.0,50.0,67.0,56.0,55.0,70.0,68.0,60.0,62.0,60.0,83.0,80.0,85.0,79.0,38.0,60.0,43.0,55.0,29.0,43.0,70.0,68.0
Deandre Ayton,POR,55,14,41,0.255,32.4,7.8,13.6,0.5700000000000001,0.0,0.2,0.1,1.2,1.4,0.8230000000000001,3.2,7.9,11.1,1.6,1.8,1.0,0.8,0.7000000000000001,2.0,1.4,16.7,-5.8,493,105.4,106.6,106.6,113.8,115.3,115.3,-8.4,-8.7,-8.7,0.086,0.91,9.3,0.096,0.25,0.171,10.2,10.2,0.5710000000000001,0.587,0.211,0.215,98.97,97.76,81.47,97.76,0.141,3631,427,749,7.8,13.6,2024,83.0,96.0,92.0,59.0,80.0,75.0,90.0,79.0,90.0,75.0,85.0,75.0,85.0,74.0,82.0,78.0,49.0,43.0,61.0,78.0,69.0,65.0,75.0,85.0,82.0,90.0,76.0,81.0,53.0,61.0,55.0,70.0,37.0,72.0,90.0,65.0
Dejounte Murray,ATL,78,34,44,0.436,35.7,8.6,18.8,0.459,2.6,7.1,0.363,2.7,3.4,0.794,0.8,4.5,5.3,6.4,2.6,1.4,0.3,0.9,1.8,2.5,22.5,-2.0,36,114.9,116.8,116.8,118.3,119.5,119.5,-3.4,-2.7,-2.7,0.274,2.5,22.1,0.021,0.13,0.072,8.8,8.8,0.528,0.555,0.259,0.263,102.73,101.33,84.45,101.33,0.122,5879,672,1463,8.6,18.8,2024,86.0,95.0,96.0,80.0,86.0,80.0,95.0,92.0,40.0,75.0,40.0,48.0,49.0,84.0,95.0,53.0,85.0,74.0,45.0,85.0,85.0,85.0,83.0,40.0,60.0,90.0,90.0,80.0,85.0,88.0,83.0,84.0,73.0,36.0,62.0,85.0
Delon Wright,MIA,47,16,31,0.34,15.8,1.6,4.0,0.394,0.5,1.4,0.368,0.8,1.0,0.8220000000000001,0.4,1.4,1.8,2.5,0.3,1.1,0.2,0.2,0.7000000000000001,0.9,4.5,0.3,331,110.7,110.7,110.7,109.8,109.7,109.7,0.9,1.0,1.0,0.213,8.5,34.8,0.025,0.089,0.057,4.1,4.1,0.46,0.505,0.127,0.13,100.98,101.07,84.23,101.07,0.093,1560,74,188,1.6,4.0,2024,75.0,69.0,68.0,80.0,85.0,60.0,40.0,74.0,25.0,60.0,25.0,46.0,27.0,65.0,85.0,49.0,84.0,96.0,52.0,84.0,80.0,80.0,73.0,58.0,69.0,90.0,85.0,84.0,80.0,86.0,72.0,75.0,70.0,38.0,50.0,84.0
Deni Avdija,WAS,75,14,61,0.187,30.1,5.4,10.7,0.506,1.2,3.1,0.374,2.7,3.6,0.74,1.1,6.1,7.2,3.8,2.1,0.8,0.5,1.0,2.5,3.3,14.7,-4.4,192,109.3,109.7,109.7,115.6,116.2,116.2,-6.3,-6.5,-6.5,0.174,1.79,21.0,0.036,0.192,0.115,11.8,11.7,0.56,0.597,0.196,0.203,105.47,105.06,87.55,105.06,0.109,4936,406,803,5.4,10.7,2024,80.0,84.0,66.0,83.0,84.0,70.0,85.0,84.0,40.0,75.0,57.0,54.0,59.0,59.0,85.0,62.0,80.0,40.0,52.0,78.0,77.0,80.0,73.0,65.0,79.0,89.0,85.0,84.0,79.0,78.0,69.0,79.0,66.0,44.0,81.0,79.0
Dereck Lively II,DAL,55,35,20,0.636,23.5,4.0,5.4,0.747,0.0,0.0,0.0,0.7000000000000001,1.5,0.506,2.5,4.4,6.9,1.1,0.9,0.7000000000000001,1.4,0.4,2.6,1.4,8.8,2.6,498,120.4,120.6,120.6,113.7,115.6,115.6,6.6,5.0,5.0,0.06,1.2,13.6,0.106,0.179,0.144,11.4,11.3,0.747,0.728,0.124,0.128,101.87,100.89,84.08,100.89,0.102,2724,221,296,4.0,5.4,2024,81.0,95.0,60.0,52.0,59.0,80.0,85.0,82.0,85.0,83.0,59.0,54.0,59.0,55.0,90.0,78.0,57.0,41.0,85.0,75.0,54.0,65.0,50.0,70.0,67.0,80.0,95.0,80.0,69.0,52.0,40.0,68.0,32.0,77.0,77.0,57.0
Derrick Jones Jr.,DAL,76,47,29,0.618,23.5,3.1,6.5,0.483,1.1,3.1,0.343,1.3,1.8,0.713,1.1,2.2,3.3,1.0,0.9,0.7000000000000001,0.7000000000000001,0.3,1.6,1.6,8.6,0.7000000000000001,208,114.0,114.0,114.0,111.3,112.3,112.3,2.7,1.7,1.7,0.055,1.15,10.8,0.045,0.089,0.067,9.4,9.4,0.5660000000000001,0.592,0.146,0.15,102.36,101.9,84.92,101.9,0.068,3781,239,495,3.1,6.5,2024,77.0,93.0,68.0,77.0,74.0,60.0,65.0,79.0,85.0,94.0,50.0,52.0,52.0,66.0,90.0,67.0,79.0,42.0,65.0,78.0,72.0,75.0,77.0,59.0,93.0,83.0,95.0,78.0,65.0,68.0,61.0,54.0,30.0,50.0,50.0,79.0
Derrick White,BOS,73,58,15,0.795,32.6,5.3,11.5,0.461,2.7,6.8,0.396,1.9,2.1,0.901,0.7000000000000001,3.5,4.2,5.2,1.5,1.0,1.2,0.4,2.1,2.1,15.2,8.5,30,121.2,122.4,122.4,108.5,109.9,109.9,12.7,12.5,12.5,0.209,3.37,27.1,0.022,0.1,0.063,8.1,8.0,0.578,0.611,0.183,0.187,100.59,99.48,82.9,99.48,0.106,4935,387,839,5.3,11.5,2024,86.0,94.0,84.0,85.0,89.0,85.0,90.0,85.0,40.0,55.0,35.0,51.0,35.0,83.0,90.0,58.0,93.0,81.0,72.0,92.0,78.0,95.0,88.0,46.0,75.0,85.0,95.0,81.0,88.0,86.0,87.0,82.0,70.0,36.0,53.0,93.0
Desmond Bane,MEM,42,14,28,0.333,34.4,8.6,18.5,0.464,3.3,8.6,0.381,3.3,3.8,0.87,0.9,3.5,4.4,5.5,2.7,1.0,0.5,1.5,2.9,3.0,23.7,-4.8,9,106.2,108.2,108.2,113.7,115.4,115.4,-7.6,-7.2,-7.2,0.272,2.05,19.5,0.023,0.104,0.062,9.5,9.4,0.552,0.589,0.273,0.28,102.51,100.82,84.01,100.82,0.128,3038,360,776,8.6,18.5,2024,83.0,80.0,85.0,88.0,86.0,50.0,95.0,86.0,35.0,75.0,49.0,61.0,56.0,83.0,84.0,59.0,80.0,43.0,53.0,78.0,78.0,80.0,74.0,56.0,78.0,92.0,85.0,78.0,80.0,82.0,70.0,80.0,74.0,37.0,54.0,80.0
Devin Booker,PHX,68,43,25,0.632,36.0,9.4,19.2,0.492,2.2,6.1,0.364,6.0,6.7,0.886,0.8,3.7,4.5,6.9,2.6,0.9,0.4,0.7000000000000001,3.0,5.2,27.1,4.6,58,117.8,119.3,119.3,112.4,113.5,113.5,5.4,5.8,5.8,0.299,2.65,22.1,0.024,0.098,0.063,8.3,8.3,0.55,0.611,0.289,0.297,101.12,99.96,83.3,99.96,0.142,5103,642,1305,9.4,19.2,2024,93.0,97.0,94.0,87.0,91.0,80.0,98.0,96.0,30.0,75.0,74.0,79.0,85.0,97.0,98.0,58.0,77.0,40.0,50.0,74.0,75.0,70.0,83.0,59.0,79.0,95.0,95.0,81.0,95.0,93.0,83.0,96.0,86.0,38.0,52.0,80.0
Devin Vassell,SAS,68,17,51,0.25,33.1,7.3,15.5,0.472,2.4,6.6,0.372,2.4,3.0,0.801,0.4,3.4,3.8,4.1,1.6,1.1,0.3,0.5,1.1,2.2,19.5,-4.3,44,106.8,108.5,108.5,113.9,114.6,114.6,-7.1,-6.0,-6.0,0.192,2.56,18.3,0.012,0.102,0.056,7.1,7.1,0.55,0.578,0.229,0.235,103.5,102.42,85.35,102.42,0.112,4795,498,1056,7.3,15.5,2024,81.0,95.0,91.0,81.0,79.0,50.0,95.0,79.0,40.0,60.0,51.0,65.0,65.0,70.0,95.0,62.0,83.0,43.0,45.0,81.0,85.0,80.0,72.0,60.0,77.0,89.0,85.0,82.0,76.0,82.0,65.0,79.0,68.0,31.0,53.0,83.0
Dillon Brooks,HOU,72,36,36,0.5,30.9,4.6,10.7,0.428,1.8,5.1,0.359,1.7,2.0,0.844,0.7000000000000001,2.7,3.4,1.7,1.2,0.9,0.1,0.4,3.3,1.7,12.7,-0.3,93,112.2,113.6,113.6,111.9,113.6,113.6,0.3,0.0,0.0,0.074,1.35,11.4,0.023,0.084,0.053,8.4,8.5,0.515,0.549,0.176,0.178,101.41,100.0,83.33,100.0,0.056,4630,329,768,4.6,10.7,2024,79.0,76.0,86.0,79.0,84.0,50.0,40.0,74.0,35.0,75.0,55.0,59.0,64.0,78.0,85.0,67.0,91.0,58.0,35.0,90.0,90.0,90.0,75.0,65.0,75.0,88.0,95.0,85.0,59.0,74.0,69.0,58.0,34.0,37.0,48.0,91.0
Domantas Sabonis,SAC,82,46,36,0.561,35.7,7.7,13.0,0.594,0.4,1.1,0.379,3.6,5.1,0.704,3.6,10.1,13.7,8.2,3.3,0.9,0.6000000000000001,1.0,3.0,4.6,19.4,0.8,374,114.2,116.0,116.0,114.0,115.2,115.2,0.1,0.8,0.8,0.334,2.47,30.8,0.097,0.295,0.192,12.4,12.4,0.609,0.637,0.22,0.223,100.93,99.61,83.01,99.61,0.169,6085,634,1068,7.7,13.0,2024,88.0,97.0,81.0,81.0,73.0,85.0,98.0,84.0,75.0,75.0,93.0,93.0,93.0,90.0,98.0,70.0,49.0,40.0,55.0,69.0,45.0,60.0,48.0,82.0,54.0,95.0,98.0,86.0,82.0,60.0,43.0,85.0,85.0,84.0,94.0,49.0
Dominick Barlow,SAS,33,7,26,0.212,12.7,1.7,3.4,0.496,0.1,0.3,0.333,0.9,1.3,0.6900000000000001,1.4,2.1,3.4,1.1,0.3,0.4,0.4,0.2,1.4,0.9,4.4,-1.0,472,114.1,113.3,113.3,116.8,117.8,117.8,-2.7,-4.5,-4.5,0.114,4.0,20.2,0.098,0.167,0.13,5.1,5.1,0.509,0.548,0.139,0.142,101.29,101.2,84.33,101.2,0.084,888,56,113,1.7,3.4,2024,70.0,84.0,73.0,72.0,72.0,55.0,80.0,65.0,60.0,75.0,52.0,50.0,52.0,35.0,75.0,50.0,47.0,42.0,67.0,57.0,49.0,40.0,68.0,62.0,75.0,80.0,85.0,80.0,51.0,69.0,64.0,52.0,44.0,77.0,69.0,68.0
Donovan Mitchell,CLE,55,36,19,0.655,35.3,9.1,19.8,0.462,3.3,9.0,0.368,5.0,5.8,0.865,0.8,4.3,5.1,6.1,2.8,1.8,0.5,1.0,2.1,4.3,26.6,5.9,7,115.1,115.9,115.9,107.4,108.6,108.6,7.7,7.3,7.3,0.268,2.16,19.5,0.024,0.116,0.071,9.0,9.0,0.545,0.595,0.301,0.307,100.79,99.82,83.19,99.82,0.15,4054,503,1089,9.1,19.8,2024,92.0,88.0,94.0,85.0,88.0,80.0,90.0,97.0,50.0,92.0,37.0,49.0,44.0,89.0,98.0,68.0,75.0,80.0,53.0,79.0,79.0,75.0,95.0,60.0,97.0,96.0,95.0,80.0,84.0,90.0,86.0,92.0,74.0,38.0,59.0,90.0
Donte DiVincenzo,NYK,81,50,31,0.617,29.1,5.5,12.4,0.443,3.5,8.7,0.401,1.1,1.4,0.754,0.8,2.9,3.7,2.7,1.4,1.3,0.4,0.4,2.0,1.5,15.5,2.0,4,115.8,117.9,117.9,114.2,114.2,114.2,1.6,3.7,3.7,0.133,1.91,15.7,0.026,0.102,0.063,8.2,8.2,0.584,0.597,0.209,0.213,98.01,97.11,80.93,97.11,0.098,4770,445,1004,5.5,12.4,2024,80.0,88.0,81.0,84.0,72.0,80.0,85.0,75.0,25.0,75.0,28.0,45.0,38.0,64.0,70.0,58.0,82.0,70.0,53.0,84.0,88.0,80.0,87.0,60.0,95.0,90.0,85.0,81.0,77.0,79.0,81.0,74.0,53.0,40.0,52.0,87.0
Dorian Finney-Smith,BKN,68,28,40,0.412,28.4,3.2,7.5,0.421,1.7,4.9,0.348,0.5,0.7000000000000001,0.717,1.6,3.1,4.7,1.6,0.9,0.8,0.6000000000000001,0.3,2.2,0.7000000000000001,8.5,-1.6,108,110.7,111.0,111.0,112.2,113.2,113.2,-1.6,-2.2,-2.2,0.077,1.81,15.3,0.053,0.107,0.079,8.4,8.5,0.535,0.546,0.132,0.134,98.85,98.25,81.88,98.25,0.062,3951,215,511,3.2,7.5,2024,76.0,70.0,71.0,79.0,76.0,90.0,75.0,80.0,40.0,84.0,54.0,50.0,54.0,58.0,72.0,72.0,83.0,42.0,57.0,74.0,74.0,75.0,67.0,62.0,83.0,80.0,80.0,81.0,65.0,60.0,44.0,68.0,34.0,55.0,55.0,82.0
Draymond Green,GSW,55,33,22,0.6000000000000001,27.1,3.4,6.8,0.497,0.9,2.3,0.395,1.0,1.3,0.73,1.4,5.9,7.2,6.0,2.5,1.0,0.9,0.3,3.0,2.2,8.6,3.1,241,115.1,115.6,115.6,110.1,110.7,110.7,5.0,4.9,4.9,0.276,2.46,38.1,0.05,0.2,0.127,15.5,15.5,0.5660000000000001,0.587,0.148,0.152,103.69,103.22,86.02,103.22,0.108,3211,185,372,3.4,6.8,2024,83.0,94.0,61.0,80.0,83.0,55.0,55.0,70.0,55.0,65.0,60.0,59.0,63.0,40.0,85.0,88.0,86.0,53.0,68.0,93.0,84.0,95.0,73.0,85.0,66.0,85.0,90.0,88.0,83.0,78.0,69.0,92.0,74.0,52.0,83.0,82.0
Drew Eubanks,PHX,75,42,33,0.56,15.6,2.0,3.4,0.601,0.0,0.0,1.0,1.0,1.2,0.774,1.4,2.9,4.3,0.8,0.8,0.4,0.8,0.3,1.5,1.2,5.1,-1.4,486,108.4,108.3,108.3,112.5,112.3,112.3,-4.1,-4.1,-4.1,0.079,1.03,15.0,0.09,0.176,0.135,14.6,14.6,0.607,0.645,0.129,0.133,99.55,99.66,83.05,99.66,0.099,2423,152,253,2.0,3.4,2024,74.0,92.0,73.0,54.0,86.0,88.0,85.0,69.0,75.0,70.0,74.0,74.0,74.0,54.0,75.0,60.0,47.0,38.0,82.0,59.0,50.0,45.0,61.0,68.0,75.0,80.0,85.0,83.0,42.0,37.0,38.0,55.0,33.0,72.0,76.0,62.0
Dru Smith,MIA,9,7,2,0.778,14.5,1.7,3.7,0.455,0.8,1.9,0.412,0.2,0.2,1.0,0.7000000000000001,0.9,1.6,1.6,0.6000000000000001,1.0,0.3,0.1,1.3,0.7000000000000001,4.3,-4.8,270,98.0,97.4,97.4,110.4,112.5,112.5,-12.4,-15.0,-15.0,0.187,2.8,26.4,0.041,0.058,0.049,9.4,9.5,0.561,0.5760000000000001,0.128,0.13,100.35,99.74,83.12,99.74,0.083,271,15,33,1.7,3.7,2024,71.0,57.0,74.0,76.0,84.0,75.0,70.0,79.0,40.0,45.0,38.0,37.0,40.0,40.0,80.0,40.0,63.0,88.0,62.0,65.0,68.0,50.0,70.0,43.0,62.0,85.0,75.0,80.0,74.0,76.0,70.0,74.0,58.0,51.0,42.0,70.0
Duncan Robinson,MIA,68,38,30,0.559,28.0,4.5,9.9,0.45,2.8,7.0,0.395,1.2,1.3,0.889,0.2,2.3,2.5,2.8,1.4,0.7000000000000001,0.2,0.4,2.4,1.1,12.9,0.6000000000000001,25,110.6,111.5,111.5,110.6,111.0,111.0,0.0,0.5,0.5,0.151,2.02,19.3,0.008,0.084,0.046,9.5,9.5,0.589,0.612,0.184,0.189,98.63,98.06,81.71,98.06,0.082,3901,304,675,4.5,9.9,2024,77.0,89.0,81.0,86.0,80.0,85.0,90.0,75.0,30.0,70.0,40.0,44.0,35.0,64.0,90.0,50.0,52.0,40.0,45.0,50.0,50.0,30.0,59.0,35.0,72.0,85.0,75.0,83.0,66.0,72.0,56.0,70.0,60.0,29.0,48.0,65.0
Duop Reath,POR,68,17,51,0.25,17.9,3.4,7.3,0.461,1.3,3.6,0.359,1.0,1.4,0.742,1.4,2.3,3.7,1.0,0.8,0.5,0.6000000000000001,0.5,2.4,1.4,9.1,-2.8,163,107.4,109.6,109.6,116.1,116.8,116.8,-8.6,-7.1,-7.1,0.088,1.29,10.2,0.069,0.138,0.101,7.9,7.9,0.549,0.5710000000000001,0.202,0.206,99.71,98.42,82.02,98.42,0.088,2485,230,499,3.4,7.3,2024,74.0,85.0,68.0,80.0,80.0,95.0,80.0,68.0,50.0,60.0,55.0,55.0,55.0,60.0,74.0,62.0,37.0,41.0,67.0,68.0,50.0,45.0,59.0,73.0,75.0,83.0,90.0,80.0,40.0,52.0,46.0,44.0,37.0,65.0,64.0,52.0
Dwight Powell,DAL,63,38,25,0.603,13.3,1.1,1.7,0.679,0.0,0.0,0.333,1.0,1.4,0.708,1.5,1.9,3.4,1.3,0.5,0.4,0.3,0.2,1.8,1.7,3.3,0.0,494,114.3,114.7,114.7,114.6,114.4,114.4,-0.3,0.3,0.3,0.128,2.63,32.2,0.109,0.139,0.124,12.3,12.3,0.684,0.716,0.087,0.09,102.63,102.57,85.47,102.57,0.079,1786,72,106,1.1,1.7,2024,73.0,92.0,65.0,78.0,81.0,30.0,50.0,70.0,75.0,65.0,77.0,79.0,79.0,83.0,90.0,74.0,45.0,43.0,61.0,68.0,74.0,65.0,71.0,80.0,67.0,90.0,95.0,83.0,55.0,60.0,44.0,64.0,47.0,83.0,64.0,58.0
Dyson Daniels,NOP,61,34,27,0.557,22.3,2.3,5.1,0.447,0.7000000000000001,2.2,0.311,0.6000000000000001,0.9,0.642,1.0,2.9,3.9,2.7,1.0,1.4,0.4,0.2,1.7,0.7000000000000001,5.8,1.2,297,116.4,115.0,115.0,111.0,111.7,111.7,5.4,3.3,3.3,0.157,2.78,29.4,0.046,0.126,0.086,10.6,10.6,0.514,0.529,0.123,0.127,99.71,100.03,83.36,100.03,0.08,2821,139,311,2.3,5.1,2024,74.0,94.0,72.0,73.0,67.0,60.0,65.0,81.0,25.0,75.0,44.0,55.0,47.0,44.0,85.0,57.0,79.0,96.0,57.0,78.0,78.0,75.0,79.0,52.0,75.0,89.0,85.0,80.0,82.0,86.0,79.0,82.0,61.0,50.0,61.0,84.0
Emoni Bates,CLE,15,8,7,0.533,8.9,1.0,3.3,0.306,0.7000000000000001,2.2,0.303,0.1,0.3,0.25,0.1,0.9,0.9,0.7000000000000001,0.5,0.1,0.1,0.2,0.3,0.5,2.7,-5.6,299,94.5,93.3,93.3,125.6,124.0,124.0,-31.1,-30.7,-30.7,0.12,1.25,14.5,0.007,0.11,0.054,11.6,11.6,0.408,0.404,0.196,0.201,96.55,97.76,81.47,97.76,0.03,270,15,49,1.0,3.3,2024,68.0,77.0,80.0,77.0,78.0,50.0,50.0,74.0,45.0,65.0,40.0,42.0,42.0,47.0,75.0,43.0,53.0,40.0,30.0,52.0,40.0,30.0,69.0,42.0,73.0,85.0,50.0,80.0,55.0,77.0,68.0,52.0,33.0,46.0,52.0,69.0
Eric Gordon,PHX,68,41,27,0.603,27.8,4.0,9.1,0.443,2.2,5.8,0.378,0.8,0.9,0.797,0.2,1.6,1.8,2.0,1.1,1.0,0.4,0.6000000000000001,1.2,0.9,11.0,1.9,59,115.2,115.6,115.6,110.7,112.2,112.2,4.5,3.5,3.5,0.1,1.9,16.2,0.009,0.052,0.032,8.5,8.5,0.5650000000000001,0.58,0.162,0.166,101.29,100.41,83.67,100.41,0.07,3956,274,618,4.0,9.1,2024,76.0,81.0,82.0,83.0,79.0,60.0,80.0,79.0,30.0,70.0,35.0,63.0,50.0,60.0,94.0,42.0,73.0,49.0,53.0,73.0,68.0,50.0,79.0,60.0,82.0,92.0,85.0,78.0,69.0,79.0,78.0,73.0,40.0,30.0,40.0,79.0
Evan Mobley,CLE,50,29,21,0.58,30.6,6.4,11.0,0.58,0.4,1.2,0.373,2.5,3.4,0.719,2.2,7.1,9.4,3.2,1.8,0.9,1.4,0.8,2.7,2.7,15.7,0.7000000000000001,361,111.7,111.2,111.2,109.5,110.1,110.1,2.2,1.2,1.2,0.155,1.78,18.2,0.074,0.221,0.15,10.3,10.3,0.6000000000000001,0.626,0.2,0.205,100.65,100.58,83.82,100.58,0.139,3209,320,552,6.4,11.0,2024,86.0,85.0,69.0,74.0,72.0,70.0,65.0,82.0,85.0,80.0,75.0,72.0,75.0,65.0,90.0,92.0,82.0,43.0,81.0,94.0,85.0,95.0,72.0,74.0,81.0,97.0,85.0,80.0,69.0,60.0,66.0,84.0,62.0,65.0,87.0,79.0
Franz Wagner,ORL,72,44,28,0.611,32.5,7.3,15.2,0.482,1.3,4.6,0.281,3.8,4.4,0.85,1.0,4.3,5.3,3.7,1.9,1.1,0.4,1.1,2.3,3.8,19.7,2.8,161,111.1,112.5,112.5,106.9,108.2,108.2,4.3,4.3,4.3,0.183,1.96,16.5,0.031,0.137,0.084,8.4,8.3,0.525,0.5750000000000001,0.25,0.256,99.72,98.46,82.05,98.46,0.131,4794,528,1096,7.3,15.2,2024,86.0,94.0,70.0,74.0,87.0,75.0,98.0,93.0,55.0,80.0,57.0,59.0,59.0,95.0,95.0,56.0,73.0,46.0,51.0,74.0,73.0,70.0,70.0,65.0,75.0,85.0,85.0,80.0,80.0,85.0,68.0,84.0,67.0,42.0,65.0,73.0
Fred VanVleet,HOU,73,38,35,0.521,36.8,5.8,13.9,0.416,3.1,8.0,0.387,2.7,3.1,0.86,0.5,3.4,3.8,8.1,1.7,1.4,0.8,0.4,2.5,2.8,17.4,2.5,14,113.1,114.6,114.6,110.1,111.6,111.6,3.0,3.0,3.0,0.312,4.67,32.4,0.012,0.089,0.05,6.9,6.9,0.527,0.5680000000000001,0.194,0.2,100.8,99.44,82.86,99.44,0.118,5568,423,1018,5.8,13.9,2024,84.0,81.0,92.0,82.0,86.0,75.0,95.0,74.0,25.0,35.0,30.0,32.0,28.0,80.0,98.0,27.0,83.0,53.0,60.0,79.0,74.0,80.0,83.0,42.0,75.0,95.0,94.0,82.0,89.0,86.0,83.0,92.0,76.0,31.0,49.0,83.0
Gabe Vincent,LAL,11,7,4,0.636,19.8,1.4,4.5,0.306,0.3,2.5,0.107,0.1,0.2,0.5,0.4,0.5,0.8,1.9,0.5,0.8,0.0,0.2,1.7,0.4,3.1,2.8,412,109.4,109.8,109.8,103.0,103.0,103.0,6.4,6.8,6.8,0.126,4.2,27.6,0.019,0.022,0.02,6.6,6.6,0.337,0.341,0.105,0.108,103.77,103.55,86.29,103.55,0.014,469,15,49,1.4,4.5,2024,74.0,91.0,93.0,75.0,87.0,70.0,70.0,76.0,25.0,45.0,26.0,32.0,26.0,49.0,80.0,37.0,60.0,59.0,25.0,60.0,57.0,45.0,73.0,40.0,66.0,85.0,69.0,82.0,78.0,80.0,70.0,79.0,43.0,35.0,31.0,73.0
Garrett Temple,TOR,27,5,22,0.185,10.7,1.1,2.9,0.372,0.4,1.5,0.3,0.7000000000000001,0.8,0.8180000000000001,0.7000000000000001,1.0,1.7,1.0,0.5,0.4,0.1,0.2,1.0,0.7000000000000001,3.3,-2.9,356,100.0,100.3,100.3,114.8,113.4,113.4,-14.8,-13.1,-13.1,0.14,2.0,21.4,0.058,0.093,0.075,10.7,10.8,0.449,0.502,0.147,0.15,101.21,101.65,84.71,101.65,0.059,612,29,78,1.1,2.9,2024,70.0,82.0,55.0,72.0,79.0,70.0,40.0,70.0,25.0,30.0,37.0,55.0,46.0,40.0,85.0,46.0,78.0,59.0,47.0,77.0,74.0,70.0,57.0,44.0,69.0,85.0,79.0,82.0,75.0,75.0,57.0,74.0,47.0,58.0,51.0,76.0
Garrison Mathews,ATL,66,29,37,0.439,15.0,1.6,3.4,0.456,1.3,2.9,0.44,0.5,0.6000000000000001,0.81,0.3,1.1,1.4,0.6000000000000001,0.3,0.3,0.1,0.1,1.7,1.0,4.9,-1.5,164,111.3,111.8,111.8,116.2,115.8,115.8,-4.9,-4.0,-4.0,0.049,1.95,12.5,0.017,0.079,0.047,6.4,6.3,0.644,0.665,0.11,0.115,101.73,101.65,84.71,101.65,0.047,2095,103,226,1.6,3.4,2024,72.0,74.0,81.0,88.0,91.0,60.0,75.0,79.0,45.0,55.0,36.0,47.0,48.0,54.0,95.0,42.0,59.0,37.0,42.0,58.0,52.0,45.0,50.0,44.0,65.0,89.0,88.0,79.0,71.0,76.0,47.0,82.0,29.0,34.0,46.0,60.0
Gary Harris,ORL,54,35,19,0.648,24.0,2.4,5.5,0.441,1.4,3.8,0.371,0.6000000000000001,0.8,0.756,0.4,1.2,1.7,1.6,0.6000000000000001,0.9,0.3,0.1,1.7,0.7000000000000001,6.9,1.7,150,112.3,113.6,113.6,110.1,110.3,110.3,2.3,3.3,3.3,0.09,2.81,20.2,0.019,0.055,0.037,7.2,7.1,0.5690000000000001,0.587,0.114,0.118,99.17,98.53,82.11,98.53,0.057,2664,131,297,2.4,5.5,2024,75.0,93.0,79.0,81.0,79.0,60.0,60.0,84.0,40.0,50.0,28.0,51.0,47.0,60.0,85.0,68.0,82.0,56.0,50.0,80.0,55.0,80.0,75.0,53.0,78.0,85.0,80.0,83.0,75.0,76.0,70.0,75.0,37.0,36.0,40.0,80.0
Gary Payton II,GSW,44,27,17,0.614,15.5,2.3,4.2,0.5630000000000001,0.5,1.3,0.364,0.3,0.5,0.609,1.0,1.5,2.6,1.1,0.6000000000000001,0.9,0.4,0.3,1.8,0.6000000000000001,5.5,1.9,353,116.0,114.7,114.7,108.8,108.9,108.9,7.2,5.8,5.8,0.094,1.78,17.9,0.066,0.097,0.081,10.1,10.1,0.617,0.621,0.13,0.135,103.02,103.5,86.25,103.5,0.078,1465,103,183,2.3,4.2,2024,75.0,94.0,65.0,79.0,66.0,25.0,45.0,79.0,35.0,75.0,30.0,42.0,42.0,75.0,89.0,79.0,83.0,86.0,63.0,76.0,91.0,95.0,81.0,48.0,85.0,85.0,80.0,83.0,75.0,78.0,81.0,72.0,38.0,62.0,51.0,83.0
Gary Trent Jr.,TOR,71,24,47,0.338,28.1,5.1,11.9,0.426,2.5,6.4,0.393,1.0,1.4,0.771,0.4,2.3,2.6,1.7,0.7000000000000001,1.1,0.1,0.4,1.4,1.1,13.7,-2.7,38,112.1,113.7,113.7,117.2,118.2,118.2,-5.1,-4.6,-4.6,0.084,2.53,11.4,0.012,0.083,0.047,4.5,4.5,0.531,0.548,0.195,0.201,101.35,100.18,83.49,100.18,0.077,4159,361,847,5.1,11.9,2024,78.0,83.0,76.0,83.0,59.0,70.0,90.0,84.0,40.0,75.0,44.0,57.0,46.0,84.0,73.0,50.0,61.0,56.0,35.0,60.0,64.0,35.0,85.0,58.0,90.0,80.0,70.0,82.0,70.0,79.0,77.0,71.0,36.0,32.0,47.0,85.0
Georges Niang,CLE,82,48,34,0.585,22.3,3.5,7.7,0.449,1.8,4.8,0.376,0.6000000000000001,0.7000000000000001,0.85,0.3,3.1,3.4,1.2,0.9,0.4,0.2,0.2,2.3,0.7000000000000001,9.4,0.4,95,113.6,114.4,114.4,112.8,113.9,113.9,0.8,0.6000000000000001,0.6000000000000001,0.075,1.36,11.9,0.012,0.138,0.076,8.7,8.7,0.5670000000000001,0.583,0.173,0.177,99.45,98.61,82.18,98.61,0.069,3766,284,632,3.5,7.7,2024,73.0,90.0,84.0,81.0,88.0,60.0,50.0,77.0,25.0,50.0,70.0,71.0,70.0,40.0,74.0,60.0,55.0,35.0,47.0,62.0,60.0,40.0,44.0,60.0,72.0,88.0,80.0,84.0,65.0,67.0,44.0,70.0,34.0,32.0,65.0,55.0
Giannis Antetokounmpo,MIL,73,45,28,0.616,35.2,11.5,18.8,0.611,0.5,1.7,0.274,7.0,10.7,0.657,2.7,8.8,11.5,6.5,3.4,1.2,1.1,1.2,2.9,8.3,30.4,4.6,351,118.7,119.8,119.8,112.5,113.2,113.2,6.2,6.6,6.6,0.314,1.9,19.6,0.077,0.237,0.159,10.3,10.2,0.624,0.649,0.32,0.327,102.89,102.1,85.09,102.1,0.197,5451,837,1369,11.5,18.8,2024,97.0,96.0,72.0,68.0,67.0,85.0,98.0,98.0,85.0,91.0,79.0,74.0,87.0,97.0,95.0,90.0,87.0,76.0,80.0,92.0,88.0,95.0,89.0,94.0,85.0,98.0,95.0,91.0,84.0,87.0,80.0,95.0,77.0,66.0,88.0,86.0
Goga Bitadze,ORL,62,34,28,0.548,15.4,2.0,3.4,0.603,0.0,0.2,0.143,0.9,1.4,0.655,1.8,2.9,4.6,1.3,0.7000000000000001,0.5,1.2,0.3,1.7,1.3,5.0,0.4,487,108.8,112.1,112.1,109.7,110.3,110.3,-0.9,1.8,1.8,0.117,1.8,21.4,0.11,0.187,0.148,11.9,11.9,0.608,0.629,0.129,0.13,99.6,97.85,81.54,97.85,0.113,1947,126,209,2.0,3.4,2024,73.0,84.0,62.0,65.0,71.0,65.0,50.0,50.0,75.0,65.0,72.0,67.0,74.0,40.0,85.0,64.0,25.0,43.0,92.0,80.0,40.0,55.0,53.0,84.0,63.0,80.0,75.0,80.0,54.0,60.0,52.0,69.0,43.0,86.0,80.0,54.0
Gradey Dick,TOR,60,18,42,0.3,21.1,3.2,7.4,0.425,1.5,4.0,0.365,0.7000000000000001,0.9,0.863,0.5,1.8,2.2,1.1,0.8,0.6000000000000001,0.0,0.4,1.5,0.8,8.5,-6.3,141,104.5,105.1,105.1,118.6,119.1,119.1,-14.1,-13.9,-13.9,0.078,1.36,11.6,0.02,0.085,0.051,8.6,8.5,0.524,0.546,0.167,0.172,102.48,102.01,85.01,102.01,0.059,2693,189,445,3.2,7.4,2024,76.0,84.0,73.0,82.0,85.0,70.0,80.0,82.0,35.0,75.0,36.0,47.0,40.0,44.0,80.0,55.0,73.0,41.0,27.0,69.0,73.0,50.0,73.0,54.0,78.0,89.0,85.0,80.0,70.0,77.0,70.0,68.0,34.0,36.0,48.0,74.0
Grant Williams,CHA,76,34,42,0.447,28.0,3.6,8.0,0.456,1.7,4.4,0.375,1.4,1.8,0.757,1.1,3.1,4.2,2.3,1.4,0.6000000000000001,0.5,0.4,3.0,2.3,10.3,-3.2,113,110.7,110.8,110.8,115.1,116.6,116.6,-4.3,-5.7,-5.7,0.114,1.6,18.4,0.04,0.11,0.075,11.5,11.5,0.56,0.588,0.157,0.161,100.44,99.74,83.12,99.74,0.065,4429,276,605,3.6,8.0,2024,76.0,81.0,73.0,81.0,77.0,70.0,70.0,79.0,50.0,60.0,59.0,58.0,66.0,60.0,90.0,68.0,68.0,37.0,56.0,69.0,60.0,65.0,58.0,73.0,66.0,88.0,95.0,80.0,69.0,66.0,54.0,72.0,43.0,47.0,55.0,70.0
Grayson Allen,PHX,75,45,30,0.6000000000000001,33.5,4.5,9.1,0.499,2.7,5.9,0.461,1.7,2.0,0.878,0.6000000000000001,3.3,3.9,3.0,1.3,0.9,0.6000000000000001,0.3,2.1,1.9,13.5,3.5,28,117.7,119.0,119.0,112.7,113.9,113.9,5.0,5.1,5.1,0.117,2.39,21.3,0.021,0.094,0.059,8.9,8.9,0.649,0.679,0.143,0.145,101.07,99.96,83.3,99.96,0.087,5232,340,682,4.5,9.1,2024,78.0,87.0,70.0,93.0,91.0,60.0,65.0,85.0,25.0,70.0,31.0,43.0,42.0,69.0,78.0,35.0,72.0,41.0,56.0,70.0,74.0,45.0,84.0,44.0,81.0,85.0,80.0,82.0,70.0,78.0,79.0,78.0,45.0,36.0,51.0,78.0
Gui Santos,GSW,23,17,6,0.739,8.4,1.2,2.4,0.509,0.4,1.2,0.37,0.7000000000000001,0.7000000000000001,0.941,0.7000000000000001,1.4,2.1,0.6000000000000001,0.3,0.2,0.1,0.2,1.0,0.5,3.6,0.7000000000000001,364,112.8,113.4,113.4,111.7,110.1,110.1,1.1,3.4,3.4,0.097,2.0,16.7,0.079,0.153,0.115,8.3,8.4,0.6000000000000001,0.656,0.142,0.146,101.51,101.95,84.96,101.95,0.101,409,28,55,1.2,2.4,2024,71.0,73.0,69.0,79.0,65.0,70.0,60.0,72.0,50.0,65.0,52.0,53.0,57.0,45.0,69.0,66.0,69.0,58.0,52.0,70.0,57.0,50.0,73.0,50.0,74.0,80.0,60.0,86.0,57.0,62.0,69.0,55.0,33.0,53.0,58.0,72.0
Harrison Barnes,SAC,82,46,36,0.561,29.0,4.2,8.9,0.474,1.8,4.7,0.387,1.9,2.4,0.801,0.8,2.2,3.0,1.2,0.7000000000000001,0.7000000000000001,0.1,0.3,1.2,2.0,12.2,-1.0,95,112.9,114.1,114.1,115.0,115.7,115.7,-2.1,-1.7,-1.7,0.056,1.71,10.3,0.027,0.079,0.052,6.0,5.9,0.5760000000000001,0.611,0.154,0.158,101.55,100.69,83.91,100.69,0.073,4996,347,732,4.2,8.9,2024,77.0,96.0,87.0,82.0,83.0,50.0,60.0,84.0,55.0,80.0,48.0,65.0,83.0,40.0,88.0,67.0,75.0,38.0,37.0,65.0,65.0,60.0,77.0,70.0,95.0,92.0,75.0,82.0,72.0,78.0,73.0,75.0,31.0,40.0,47.0,75.0
Harry Giles III,LAL,23,11,12,0.478,4.3,1.0,2.2,0.46,0.1,0.6000000000000001,0.214,0.3,0.6000000000000001,0.538,0.5,0.8,1.3,0.3,0.3,0.1,0.1,0.1,0.7000000000000001,0.4,2.4,-1.8,451,107.0,107.5,107.5,127.9,123.3,123.3,-20.8,-15.8,-15.8,0.088,1.0,9.0,0.103,0.178,0.138,9.0,8.9,0.49,0.503,0.233,0.241,102.1,103.76,86.47,103.76,0.081,213,23,50,1.0,2.2,2024,69.0,75.0,79.0,61.0,77.0,40.0,40.0,74.0,80.0,75.0,70.0,68.0,70.0,45.0,80.0,65.0,40.0,38.0,70.0,70.0,55.0,35.0,68.0,65.0,75.0,75.0,80.0,79.0,65.0,40.0,39.0,74.0,43.0,68.0,84.0,67.0
Haywood Highsmith,MIA,66,39,27,0.591,20.7,2.3,5.0,0.465,1.2,2.9,0.396,0.3,0.5,0.639,1.0,2.2,3.2,1.1,0.5,0.8,0.5,0.2,1.8,0.6000000000000001,6.1,0.1,197,109.5,110.1,110.1,108.7,109.0,109.0,0.7000000000000001,1.1,1.1,0.074,2.06,15.6,0.048,0.107,0.078,7.6,7.6,0.581,0.587,0.121,0.124,98.14,97.7,81.42,97.7,0.067,2769,153,329,2.3,5.0,2024,74.0,92.0,70.0,83.0,81.0,80.0,75.0,68.0,35.0,50.0,52.0,54.0,52.0,44.0,80.0,60.0,79.0,56.0,61.0,78.0,77.0,75.0,70.0,50.0,79.0,80.0,65.0,86.0,55.0,70.0,64.0,55.0,33.0,51.0,55.0,81.0
Henri Drell,CHI,4,2,2,0.5,7.5,1.0,2.5,0.4,0.5,1.5,0.333,0.3,0.5,0.5,0.3,0.8,1.0,1.0,0.5,0.5,0.3,0.3,1.5,0.3,2.8,1.5,339,128.3,120.6,120.6,115.5,113.4,113.4,12.8,7.2,7.2,0.154,2.0,23.5,0.029,0.111,0.065,11.8,11.8,0.5,0.506,0.155,0.163,104.07,108.3,90.25,108.3,0.043,68,4,10,1.0,2.5,2024,67.0,71.0,72.0,72.0,70.0,50.0,40.0,68.0,50.0,60.0,48.0,48.0,48.0,45.0,69.0,45.0,61.0,38.0,42.0,54.0,52.0,35.0,63.0,40.0,65.0,80.0,60.0,86.0,52.0,67.0,60.0,58.0,33.0,54.0,59.0,61.0
Herbert Jones,NOP,76,46,30,0.605,30.5,3.9,7.7,0.498,1.5,3.6,0.418,1.8,2.1,0.867,1.0,2.6,3.6,2.6,1.2,1.4,0.8,0.6000000000000001,2.9,1.8,11.0,3.0,137,115.9,116.4,116.4,109.5,111.0,111.0,6.5,5.5,5.5,0.112,2.14,20.9,0.033,0.084,0.059,9.8,9.8,0.595,0.636,0.141,0.143,99.72,98.85,82.37,98.85,0.076,4767,293,588,3.9,7.7,2024,82.0,76.0,78.0,85.0,86.0,75.0,85.0,79.0,55.0,75.0,62.0,62.0,62.0,55.0,85.0,62.0,94.0,80.0,66.0,88.0,88.0,90.0,74.0,59.0,72.0,82.0,85.0,80.0,69.0,75.0,69.0,75.0,43.0,42.0,48.0,93.0
Hunter Tyson,DEN,18,14,4,0.778,2.7,0.4,1.1,0.4,0.2,0.8,0.286,0.0,0.0,0.0,0.1,0.4,0.5,0.1,0.1,0.1,0.0,0.0,0.6000000000000001,0.0,1.1,0.4,424,108.9,100.9,100.9,104.1,98.1,98.1,4.8,2.7,2.7,0.059,1.0,8.3,0.022,0.148,0.09,8.3,8.3,0.5,0.5,0.186,0.204,103.33,110.55,92.13,110.55,0.038,113,8,20,0.4,1.1,2024,70.0,72.0,76.0,75.0,80.0,70.0,50.0,70.0,60.0,75.0,49.0,49.0,49.0,50.0,70.0,58.0,62.0,57.0,55.0,58.0,54.0,40.0,68.0,52.0,77.0,88.0,75.0,80.0,65.0,68.0,60.0,65.0,48.0,55.0,57.0,68.0
Immanuel Quickley,TOR,68,28,40,0.412,29.2,5.7,13.1,0.434,2.5,6.4,0.395,3.1,3.6,0.853,0.3,3.6,3.8,4.9,1.5,0.7000000000000001,0.1,0.7000000000000001,1.8,2.8,17.0,-0.5,37,112.1,113.2,113.2,113.2,114.2,114.2,-1.1,-1.0,-1.0,0.245,3.28,23.1,0.008,0.12,0.064,7.1,7.0,0.53,0.577,0.233,0.238,101.37,100.43,83.69,100.43,0.119,4157,388,894,5.7,13.1,2024,81.0,85.0,71.0,83.0,89.0,75.0,98.0,86.0,40.0,55.0,50.0,51.0,45.0,86.0,98.0,37.0,80.0,40.0,37.0,78.0,64.0,75.0,82.0,54.0,79.0,89.0,85.0,79.0,84.0,86.0,76.0,84.0,72.0,29.0,60.0,82.0
Isaac Okoro,CLE,69,41,28,0.594,27.3,3.4,7.0,0.49,1.2,3.1,0.391,1.3,2.0,0.679,1.0,2.0,3.0,1.9,0.8,0.8,0.5,0.5,2.0,1.7,9.4,0.6000000000000001,183,112.6,113.1,113.1,109.3,110.7,110.7,3.3,2.4,2.4,0.095,2.44,18.3,0.036,0.072,0.054,7.5,7.4,0.577,0.599,0.136,0.14,99.07,98.24,81.86,98.24,0.067,3838,235,480,3.4,7.0,2024,76.0,80.0,60.0,81.0,69.0,70.0,60.0,84.0,45.0,75.0,47.0,49.0,50.0,50.0,95.0,68.0,84.0,43.0,56.0,80.0,82.0,85.0,77.0,67.0,80.0,89.0,80.0,82.0,69.0,72.0,73.0,69.0,38.0,45.0,45.0,85.0
Isaiah Hartenstein,NYK,75,47,28,0.627,25.3,3.1,4.9,0.644,0.0,0.0,0.333,1.5,2.1,0.707,3.3,5.1,8.3,2.5,1.2,1.2,1.1,0.4,2.8,1.8,7.8,5.4,497,118.0,120.3,120.3,109.7,110.3,110.3,8.3,10.0,10.0,0.127,2.02,26.6,0.129,0.201,0.165,13.2,13.0,0.645,0.67,0.116,0.119,99.09,97.89,81.58,97.89,0.113,3876,235,365,3.1,4.9,2024,81.0,95.0,70.0,55.0,67.0,75.0,60.0,77.0,75.0,65.0,56.0,57.0,59.0,72.0,75.0,43.0,41.0,70.0,81.0,72.0,54.0,60.0,62.0,84.0,70.0,80.0,95.0,77.0,50.0,56.0,42.0,60.0,52.0,90.0,82.0,62.0
Isaiah Jackson,IND,60,37,23,0.617,12.8,2.6,3.9,0.665,0.0,0.1,0.0,1.2,1.7,0.716,1.6,2.4,4.0,0.8,0.7000000000000001,0.6000000000000001,1.0,0.4,2.3,1.6,6.4,0.5,498,114.0,114.5,114.5,112.2,111.7,111.7,1.7,2.7,2.7,0.085,1.28,13.7,0.121,0.187,0.154,10.7,10.6,0.665,0.6890000000000001,0.165,0.17,104.64,104.64,87.2,104.64,0.122,1673,155,233,2.6,3.9,2024,76.0,82.0,69.0,59.0,71.0,55.0,60.0,79.0,85.0,80.0,59.0,48.0,55.0,56.0,80.0,70.0,54.0,63.0,89.0,66.0,49.0,55.0,73.0,65.0,81.0,82.0,80.0,80.0,40.0,59.0,54.0,44.0,35.0,89.0,79.0,73.0
Isaiah Joe,OKC,78,54,24,0.6920000000000001,18.5,2.8,6.2,0.458,1.9,4.5,0.416,0.6000000000000001,0.7000000000000001,0.865,0.4,1.9,2.3,1.3,0.6000000000000001,0.6000000000000001,0.3,0.2,1.1,1.2,8.2,4.5,88,116.8,116.6,116.6,108.2,107.5,107.5,8.6,9.1,9.1,0.093,2.11,15.2,0.022,0.098,0.061,7.2,7.2,0.609,0.626,0.157,0.162,102.98,103.43,86.19,103.43,0.09,3144,222,485,2.8,6.2,2024,78.0,81.0,94.0,85.0,84.0,80.0,85.0,81.0,40.0,60.0,35.0,38.0,30.0,85.0,85.0,42.0,69.0,43.0,53.0,61.0,52.0,55.0,72.0,47.0,79.0,80.0,75.0,87.0,67.0,74.0,63.0,69.0,37.0,37.0,52.0,77.0
Isaiah Mobley,CLE,10,2,8,0.2,7.2,1.0,2.4,0.417,0.3,1.0,0.3,0.0,0.1,0.0,0.3,0.7000000000000001,1.0,0.6000000000000001,0.2,0.2,0.0,0.2,0.6000000000000001,0.2,2.3,-3.0,404,96.6,93.8,93.8,118.5,113.8,113.8,-21.9,-20.0,-20.0,0.14,3.0,18.8,0.041,0.115,0.074,6.3,6.2,0.479,0.471,0.16,0.171,93.09,96.44,80.37,96.44,0.058,144,10,24,1.0,2.4,2024,69.0,68.0,70.0,70.0,68.0,65.0,55.0,60.0,60.0,71.0,58.0,57.0,58.0,58.0,90.0,61.0,44.0,41.0,69.0,55.0,44.0,45.0,58.0,62.0,69.0,87.0,65.0,80.0,68.0,49.0,44.0,75.0,54.0,60.0,81.0,58.0
Isaiah Stewart,DET,46,9,37,0.196,30.9,4.0,8.3,0.487,1.5,3.8,0.383,1.4,1.8,0.753,1.6,5.0,6.6,1.6,1.4,0.4,0.8,0.4,2.2,1.8,10.9,-2.9,144,109.4,110.3,110.3,113.9,114.5,114.5,-4.5,-4.2,-4.2,0.069,1.11,13.1,0.053,0.161,0.107,11.8,11.8,0.5750000000000001,0.6000000000000001,0.143,0.146,101.31,100.63,83.86,100.63,0.081,2979,186,382,4.0,8.3,2024,76.0,93.0,76.0,82.0,79.0,75.0,75.0,76.0,75.0,70.0,75.0,64.0,80.0,70.0,79.0,70.0,54.0,32.0,62.0,72.0,42.0,50.0,63.0,86.0,70.0,89.0,87.0,77.0,44.0,34.0,52.0,50.0,33.0,53.0,71.0,62.0
Ivica Zubac,LAC,68,42,26,0.618,26.4,5.0,7.6,0.649,0.0,0.0,0.0,1.8,2.4,0.723,2.9,6.3,9.2,1.4,1.2,0.3,1.2,0.6000000000000001,2.6,2.0,11.7,2.7,498,115.7,117.1,117.1,110.8,112.4,112.4,4.9,4.7,4.7,0.075,1.18,12.1,0.117,0.235,0.179,10.3,10.3,0.649,0.671,0.165,0.166,98.14,96.89,80.74,96.89,0.125,3628,337,519,5.0,7.6,2024,82.0,98.0,74.0,26.0,70.0,80.0,90.0,84.0,85.0,75.0,81.0,54.0,88.0,75.0,82.0,77.0,34.0,32.0,81.0,75.0,40.0,45.0,26.0,80.0,75.0,80.0,90.0,80.0,70.0,35.0,26.0,47.0,34.0,84.0,87.0,45.0
JD Davison,BOS,8,8,0,1.0,4.9,0.6000000000000001,1.5,0.417,0.4,0.9,0.429,0.4,0.5,0.75,0.3,1.0,1.3,1.3,0.3,0.1,0.1,0.0,0.5,0.4,2.0,2.9,381,118.6,112.8,112.8,83.3,83.1,83.1,35.2,29.6,29.6,0.303,5.0,38.5,0.048,0.16,0.109,7.7,7.8,0.542,0.581,0.16,0.166,104.96,107.66,89.72,107.66,0.145,86,5,12,0.6000000000000001,1.5,2024,69.0,70.0,73.0,71.0,73.0,50.0,50.0,72.0,25.0,85.0,30.0,31.0,38.0,40.0,80.0,25.0,56.0,69.0,61.0,55.0,54.0,45.0,85.0,54.0,84.0,88.0,45.0,80.0,72.0,86.0,84.0,75.0,72.0,36.0,55.0,85.0
Ja Morant,MEM,9,6,3,0.667,35.3,8.9,18.9,0.471,1.6,5.7,0.275,5.8,7.1,0.8130000000000001,0.7000000000000001,4.9,5.6,8.1,3.0,0.8,0.6000000000000001,1.8,2.1,5.3,25.1,1.2,130,109.9,111.0,111.0,109.7,111.1,111.1,0.2,-0.2,-0.2,0.384,2.7,24.5,0.019,0.134,0.077,9.1,9.1,0.512,0.5700000000000001,0.296,0.305,102.22,101.08,84.23,101.08,0.157,675,80,170,8.9,18.9,2024,90.0,89.0,90.0,75.0,76.0,70.0,98.0,97.0,25.0,97.0,54.0,54.0,54.0,95.0,98.0,49.0,72.0,60.0,55.0,79.0,78.0,75.0,95.0,52.0,97.0,97.0,98.0,80.0,96.0,96.0,95.0,95.0,90.0,41.0,66.0,95.0
Jabari Smith Jr.,HOU,76,39,37,0.513,31.9,5.0,11.0,0.454,1.8,5.0,0.363,2.0,2.4,0.811,1.8,6.3,8.1,1.6,1.2,0.7000000000000001,0.8,0.7000000000000001,2.6,1.8,13.7,-1.1,97,110.6,111.9,111.9,113.2,113.8,113.8,-2.5,-1.9,-1.9,0.071,1.36,10.8,0.053,0.191,0.121,7.9,7.9,0.537,0.5710000000000001,0.174,0.177,100.68,99.8,83.17,99.8,0.099,5045,378,833,5.0,11.0,2024,80.0,92.0,80.0,80.0,74.0,70.0,80.0,75.0,75.0,85.0,74.0,75.0,75.0,54.0,85.0,70.0,69.0,37.0,62.0,67.0,67.0,55.0,76.0,60.0,75.0,89.0,85.0,80.0,65.0,75.0,69.0,66.0,33.0,70.0,79.0,76.0
Jabari Walker,POR,72,18,54,0.25,23.6,3.3,7.1,0.46,0.6000000000000001,1.9,0.295,1.8,2.4,0.754,2.1,5.0,7.1,1.0,0.9,0.6000000000000001,0.3,0.9,2.4,1.9,8.9,-4.7,322,104.7,107.1,107.1,116.2,116.5,116.5,-11.5,-9.5,-9.5,0.062,1.08,9.9,0.082,0.222,0.147,9.2,9.2,0.5,0.546,0.159,0.162,99.71,98.44,82.03,98.44,0.093,3484,234,509,3.3,7.1,2024,74.0,72.0,70.0,71.0,77.0,65.0,60.0,79.0,45.0,75.0,67.0,68.0,68.0,65.0,80.0,68.0,68.0,40.0,51.0,67.0,65.0,60.0,75.0,46.0,79.0,80.0,70.0,80.0,52.0,60.0,71.0,54.0,32.0,68.0,86.0,75.0
Jacob Toppin,NYK,9,2,7,0.222,4.2,0.6000000000000001,1.0,0.556,0.1,0.4,0.25,0.2,0.2,1.0,0.3,0.4,0.8,0.3,0.1,0.0,0.1,0.1,0.3,0.1,1.4,-1.8,460,95.9,98.7,98.7,128.3,118.4,118.4,-32.4,-19.8,-19.8,0.143,3.0,21.4,0.077,0.148,0.106,7.1,7.2,0.611,0.658,0.133,0.132,92.67,94.99,79.16,94.99,0.09,75,5,9,0.6000000000000001,1.0,2024,67.0,70.0,69.0,69.0,67.0,50.0,35.0,68.0,65.0,85.0,44.0,48.0,58.0,40.0,69.0,67.0,65.0,38.0,51.0,68.0,60.0,60.0,68.0,62.0,82.0,85.0,75.0,80.0,50.0,68.0,64.0,50.0,44.0,47.0,62.0,68.0
Jaden Hardy,DAL,73,44,29,0.603,13.6,2.7,6.6,0.407,1.1,3.1,0.362,0.8,1.0,0.776,0.3,1.5,1.8,1.5,0.8,0.3,0.1,0.4,1.1,1.1,7.3,-1.7,203,109.2,108.1,108.1,114.6,114.5,114.5,-5.4,-6.5,-6.5,0.17,1.76,15.9,0.019,0.11,0.064,9.1,9.1,0.492,0.517,0.238,0.246,102.82,103.38,86.15,103.38,0.081,2136,195,479,2.7,6.6,2024,73.0,71.0,82.0,80.0,67.0,60.0,85.0,80.0,40.0,80.0,47.0,49.0,49.0,66.0,85.0,34.0,55.0,38.0,35.0,50.0,51.0,50.0,83.0,39.0,85.0,84.0,85.0,80.0,75.0,83.0,76.0,75.0,61.0,36.0,55.0,83.0
Jaden Ivey,DET,77,14,63,0.182,28.8,5.4,12.6,0.429,1.6,4.8,0.336,2.9,3.9,0.749,1.1,2.3,3.4,3.8,2.5,0.7000000000000001,0.5,1.1,2.6,2.9,15.4,-4.5,121,109.0,109.9,109.9,116.6,117.7,117.7,-7.6,-7.7,-7.7,0.196,1.56,18.6,0.038,0.081,0.059,11.9,11.9,0.492,0.536,0.244,0.248,102.62,101.74,84.78,101.74,0.076,4706,417,973,5.4,12.6,2024,78.0,79.0,83.0,77.0,79.0,60.0,80.0,84.0,30.0,85.0,44.0,42.0,44.0,82.0,90.0,59.0,71.0,40.0,56.0,70.0,69.0,65.0,91.0,54.0,85.0,92.0,85.0,80.0,84.0,86.0,90.0,84.0,70.0,46.0,47.0,91.0
Jaden McDaniels,MIN,72,48,24,0.667,29.2,4.3,8.7,0.489,1.2,3.5,0.337,0.8,1.1,0.722,0.8,2.3,3.1,1.4,1.2,0.9,0.6000000000000001,0.4,3.0,1.3,10.5,2.2,188,113.5,114.2,114.2,108.8,110.4,110.4,4.7,3.8,3.8,0.067,1.16,11.9,0.028,0.078,0.054,10.2,10.2,0.557,0.5710000000000001,0.156,0.159,98.37,97.36,81.13,97.36,0.056,4268,307,628,4.3,8.7,2024,80.0,95.0,72.0,78.0,74.0,50.0,60.0,84.0,40.0,75.0,52.0,56.0,54.0,52.0,85.0,83.0,92.0,80.0,57.0,88.0,88.0,90.0,79.0,60.0,80.0,85.0,85.0,90.0,44.0,78.0,70.0,40.0,33.0,41.0,46.0,93.0
Jaden Springer,BOS,49,32,17,0.653,10.3,1.2,3.0,0.399,0.2,1.0,0.208,0.7000000000000001,0.9,0.833,0.7000000000000001,0.9,1.6,0.9,0.7000000000000001,0.7000000000000001,0.3,0.3,1.3,0.8,3.3,-0.6000000000000001,430,113.5,112.4,112.4,113.5,112.9,112.9,0.0,-0.5,-0.5,0.121,1.29,17.9,0.064,0.093,0.078,13.8,13.9,0.432,0.49,0.167,0.172,99.27,99.98,83.31,99.98,0.055,1046,59,148,1.2,3.0,2024,71.0,67.0,73.0,53.0,81.0,50.0,60.0,74.0,25.0,50.0,28.0,45.0,32.0,55.0,80.0,44.0,75.0,90.0,67.0,75.0,67.0,75.0,82.0,49.0,72.0,85.0,70.0,80.0,75.0,81.0,82.0,75.0,43.0,60.0,49.0,82.0
Jaime Jaquez Jr.,MIA,75,44,31,0.587,28.2,4.5,9.3,0.489,0.9,2.7,0.322,1.9,2.3,0.811,1.1,2.7,3.8,2.6,1.5,1.0,0.3,0.8,2.2,1.8,11.9,1.4,244,112.5,113.1,113.1,109.0,110.4,110.4,3.5,2.8,2.8,0.137,1.77,18.1,0.039,0.094,0.067,10.2,10.2,0.536,0.5740000000000001,0.181,0.185,99.13,98.22,81.85,98.22,0.084,4319,341,697,4.5,9.3,2024,79.0,93.0,84.0,76.0,86.0,80.0,70.0,74.0,55.0,88.0,60.0,64.0,63.0,45.0,80.0,68.0,72.0,53.0,47.0,75.0,72.0,75.0,67.0,68.0,82.0,88.0,90.0,80.0,70.0,73.0,64.0,74.0,54.0,47.0,52.0,75.0
Jake LaRavia,MEM,35,8,27,0.229,23.0,3.4,8.7,0.389,1.5,4.5,0.34,2.6,3.1,0.8260000000000001,1.5,2.2,3.7,1.7,1.3,0.8,0.3,0.7000000000000001,2.0,2.1,10.8,-3.3,135,103.5,105.2,105.2,110.3,111.9,111.9,-6.8,-6.7,-6.7,0.116,1.29,12.8,0.056,0.093,0.074,9.9,9.9,0.477,0.54,0.201,0.205,100.97,99.45,82.88,99.45,0.083,1668,118,303,3.4,8.7,2024,74.0,70.0,76.0,77.0,78.0,85.0,80.0,73.0,60.0,75.0,60.0,60.0,60.0,68.0,70.0,69.0,43.0,53.0,53.0,66.0,58.0,40.0,59.0,62.0,72.0,88.0,85.0,80.0,69.0,68.0,57.0,68.0,42.0,58.0,52.0,69.0
Jakob Poeltl,TOR,50,21,29,0.42,26.4,5.0,7.6,0.656,0.0,0.0,0.0,1.2,2.1,0.551,2.9,5.7,8.6,2.5,1.5,0.7000000000000001,1.5,0.7000000000000001,3.0,2.0,11.1,-0.3,498,112.6,113.6,113.6,113.0,114.2,114.2,-0.3,-0.6000000000000001,-0.6000000000000001,0.131,1.65,20.3,0.11,0.214,0.162,12.3,12.2,0.656,0.653,0.16,0.162,101.51,100.54,83.78,100.54,0.117,2763,248,378,5.0,7.6,2024,80.0,96.0,59.0,45.0,51.0,70.0,80.0,73.0,75.0,60.0,86.0,79.0,86.0,69.0,85.0,81.0,45.0,40.0,85.0,79.0,67.0,80.0,51.0,80.0,57.0,80.0,90.0,80.0,69.0,38.0,31.0,62.0,48.0,75.0,85.0,37.0
Jalen Brunson,NYK,77,49,28,0.636,35.4,10.3,21.4,0.479,2.7,6.8,0.401,5.5,6.5,0.847,0.6000000000000001,3.1,3.6,6.7,2.4,0.9,0.2,0.8,1.9,6.2,28.7,6.6,27,117.9,121.2,121.2,111.9,112.6,112.6,6.0,8.6,8.6,0.315,2.79,20.5,0.015,0.088,0.051,7.4,7.2,0.543,0.592,0.311,0.321,98.3,96.68,80.56,96.68,0.156,5508,790,1648,10.3,21.4,2024,93.0,98.0,93.0,86.0,87.0,90.0,98.0,98.0,40.0,35.0,50.0,56.0,50.0,98.0,98.0,55.0,73.0,41.0,35.0,72.0,70.0,75.0,84.0,60.0,75.0,98.0,95.0,81.0,96.0,95.0,84.0,98.0,83.0,34.0,49.0,84.0
Jalen Duren,DET,61,13,48,0.213,29.1,5.7,9.2,0.619,0.0,0.1,0.0,2.3,3.0,0.79,3.1,8.5,11.6,2.4,2.1,0.5,0.8,0.8,3.1,2.4,13.8,-5.1,498,107.5,109.3,109.3,115.7,117.0,117.0,-8.2,-7.6,-7.6,0.123,1.14,16.0,0.105,0.285,0.194,14.1,14.0,0.619,0.653,0.181,0.184,102.43,101.02,84.19,101.02,0.137,3730,349,564,5.7,9.2,2024,81.0,97.0,55.0,35.0,57.0,75.0,85.0,79.0,80.0,80.0,75.0,62.0,77.0,79.0,80.0,72.0,62.0,36.0,62.0,72.0,66.0,60.0,73.0,81.0,84.0,89.0,90.0,80.0,59.0,59.0,59.0,50.0,48.0,79.0,95.0,73.0
Jalen Green,HOU,82,41,41,0.5,31.7,6.9,16.2,0.423,2.5,7.4,0.332,3.5,4.3,0.804,0.5,4.7,5.2,3.5,2.3,0.8,0.3,1.3,1.4,3.4,19.6,0.4,42,112.1,113.8,113.8,112.8,113.8,113.8,-0.7000000000000001,0.0,0.0,0.17,1.52,14.8,0.015,0.143,0.078,9.7,9.7,0.498,0.541,0.27,0.276,101.47,100.26,83.55,100.26,0.111,5448,563,1332,6.9,16.2,2024,84.0,79.0,83.0,80.0,80.0,70.0,98.0,89.0,40.0,91.0,56.0,56.0,56.0,89.0,95.0,45.0,73.0,40.0,50.0,70.0,68.0,60.0,88.0,55.0,92.0,88.0,85.0,80.0,77.0,86.0,84.0,79.0,65.0,33.0,65.0,88.0
Jalen Hood-Schifino,LAL,21,10,11,0.476,5.2,0.5,2.1,0.222,0.1,0.7000000000000001,0.133,0.6000000000000001,1.0,0.6000000000000001,0.1,0.5,0.6000000000000001,0.4,0.4,0.1,0.1,0.2,0.6000000000000001,0.5,1.6,-2.6,469,91.4,88.9,88.9,114.9,111.9,111.9,-23.5,-23.0,-23.0,0.129,0.89,11.1,0.017,0.096,0.057,12.5,12.7,0.244,0.316,0.242,0.251,100.76,103.5,86.25,103.5,-0.018,235,10,45,0.5,2.1,2024,72.0,73.0,79.0,65.0,77.0,70.0,60.0,74.0,35.0,65.0,49.0,49.0,52.0,44.0,90.0,52.0,74.0,40.0,45.0,60.0,59.0,55.0,79.0,48.0,72.0,85.0,85.0,80.0,78.0,82.0,79.0,77.0,68.0,31.0,49.0,79.0
Jalen Johnson,ATL,56,27,29,0.482,33.7,6.4,12.5,0.511,1.3,3.6,0.355,1.9,2.6,0.728,1.3,7.4,8.7,3.6,1.8,1.2,0.8,0.9,2.4,2.2,16.0,-1.4,167,113.5,113.3,113.3,114.8,115.2,115.2,-1.3,-1.9,-1.9,0.154,2.01,19.0,0.036,0.211,0.122,9.5,9.4,0.562,0.584,0.184,0.19,103.84,103.77,86.48,103.77,0.117,4084,359,702,6.4,12.5,2024,80.0,92.0,76.0,79.0,76.0,75.0,80.0,88.0,75.0,83.0,66.0,74.0,69.0,68.0,80.0,66.0,66.0,49.0,62.0,60.0,57.0,50.0,76.0,68.0,82.0,85.0,80.0,80.0,68.0,58.0,74.0,69.0,61.0,45.0,86.0,76.0
Jalen McDaniels,TOR,50,12,38,0.24,10.8,1.3,3.8,0.344,0.2,1.4,0.169,0.5,0.7000000000000001,0.73,0.4,1.2,1.6,0.7000000000000001,0.6000000000000001,0.4,0.1,0.4,1.0,0.5,3.4,-3.2,421,101.6,100.9,100.9,115.6,115.0,115.0,-14.0,-14.1,-14.1,0.105,1.23,13.7,0.031,0.11,0.069,11.1,11.0,0.376,0.412,0.179,0.186,101.19,101.84,84.87,101.84,0.036,1141,65,189,1.3,3.8,2024,72.0,87.0,80.0,60.0,84.0,70.0,70.0,76.0,60.0,65.0,62.0,68.0,59.0,52.0,68.0,59.0,55.0,49.0,50.0,55.0,50.0,35.0,73.0,60.0,73.0,80.0,80.0,80.0,55.0,69.0,69.0,59.0,37.0,42.0,57.0,73.0
Jalen Pickett,DEN,27,20,7,0.741,4.5,0.6000000000000001,1.3,0.429,0.3,0.9,0.36,0.1,0.1,0.75,0.0,0.5,0.5,0.8,0.3,0.1,0.0,0.0,0.5,0.1,1.6,0.0,392,107.3,102.3,102.3,109.2,104.8,104.8,-1.9,-2.4,-2.4,0.25,2.33,31.3,0.009,0.1,0.057,13.4,13.5,0.557,0.5710000000000001,0.164,0.175,95.91,100.31,83.59,100.31,0.076,257,15,35,0.6000000000000001,1.3,2024,70.0,76.0,68.0,76.0,76.0,75.0,60.0,75.0,25.0,60.0,55.0,58.0,58.0,50.0,81.0,47.0,62.0,47.0,48.0,62.0,65.0,45.0,72.0,59.0,67.0,88.0,70.0,79.0,72.0,75.0,72.0,74.0,67.0,52.0,60.0,72.0
Jalen Smith,IND,61,36,25,0.59,17.2,3.8,6.5,0.592,1.0,2.4,0.424,1.2,1.7,0.6920000000000001,1.8,3.7,5.5,1.0,0.7000000000000001,0.3,0.6000000000000001,0.2,2.0,1.6,9.9,-0.2,221,118.1,119.5,119.5,118.9,118.6,118.6,-0.7000000000000001,1.0,1.0,0.078,1.43,11.6,0.104,0.219,0.16,8.1,8.0,0.67,0.682,0.187,0.193,103.47,102.98,85.82,102.98,0.124,2231,234,395,3.8,6.5,2024,77.0,97.0,72.0,83.0,74.0,70.0,60.0,69.0,85.0,80.0,68.0,66.0,67.0,47.0,80.0,70.0,48.0,35.0,68.0,73.0,44.0,55.0,69.0,65.0,86.0,82.0,75.0,80.0,29.0,38.0,49.0,40.0,35.0,80.0,85.0,68.0
Jalen Suggs,ORL,75,43,32,0.5730000000000001,27.0,4.5,9.5,0.471,2.0,5.1,0.397,1.6,2.1,0.756,0.6000000000000001,2.4,3.1,2.7,1.8,1.4,0.6000000000000001,0.3,2.7,2.4,12.6,0.6000000000000001,74,110.6,111.8,111.8,109.3,110.8,110.8,1.3,1.0,1.0,0.147,1.55,18.3,0.024,0.095,0.058,11.8,11.8,0.578,0.602,0.191,0.194,101.05,99.85,83.21,99.85,0.088,4212,336,714,4.5,9.5,2024,82.0,91.0,73.0,83.0,77.0,70.0,95.0,89.0,40.0,80.0,39.0,38.0,74.0,78.0,84.0,55.0,93.0,80.0,62.0,84.0,82.0,85.0,88.0,59.0,90.0,88.0,85.0,80.0,78.0,86.0,88.0,84.0,60.0,38.0,51.0,93.0
Jalen Williams,OKC,71,51,20,0.718,31.3,7.5,14.0,0.54,1.5,3.4,0.427,2.5,3.1,0.8140000000000001,0.5,3.5,4.0,4.5,1.7,1.1,0.6000000000000001,0.7000000000000001,2.5,2.6,19.1,5.4,145,117.5,117.7,117.7,108.6,108.9,108.9,9.0,8.8,8.8,0.202,2.62,21.0,0.017,0.102,0.062,8.0,8.0,0.592,0.621,0.232,0.236,103.18,102.94,85.78,102.94,0.123,4752,536,993,7.5,14.0,2024,86.0,96.0,96.0,88.0,83.0,88.0,98.0,93.0,25.0,80.0,52.0,59.0,59.0,75.0,87.0,55.0,77.0,49.0,58.0,77.0,78.0,75.0,87.0,50.0,83.0,90.0,90.0,80.0,78.0,86.0,83.0,78.0,70.0,48.0,64.0,87.0
Jalen Wilson,BKN,43,14,29,0.326,15.5,1.8,4.2,0.425,0.6000000000000001,1.7,0.324,0.9,1.1,0.8260000000000001,1.1,2.0,3.0,1.0,0.4,0.3,0.1,0.3,1.1,0.8,5.0,-0.1,325,111.4,111.4,111.4,111.9,113.0,113.0,-0.5,-1.6,-1.6,0.095,2.37,17.2,0.068,0.128,0.097,7.3,7.2,0.492,0.537,0.138,0.143,97.48,97.01,80.84,97.01,0.075,1351,76,179,1.8,4.2,2024,71.0,77.0,72.0,75.0,79.0,75.0,50.0,68.0,30.0,75.0,35.0,34.0,30.0,50.0,90.0,35.0,57.0,35.0,37.0,50.0,52.0,40.0,82.0,30.0,75.0,80.0,84.0,80.0,64.0,68.0,73.0,63.0,38.0,62.0,61.0,79.0
Jamal Cain,MIA,26,14,12,0.538,10.0,1.3,3.0,0.43,0.4,1.2,0.355,0.7000000000000001,0.9,0.783,0.6000000000000001,0.8,1.4,0.4,0.3,0.4,0.2,0.1,0.8,0.6000000000000001,3.7,-1.0,368,106.8,105.4,105.4,109.7,108.8,108.8,-2.9,-3.4,-3.4,0.056,1.25,9.3,0.058,0.087,0.072,7.4,7.5,0.5,0.544,0.158,0.163,99.64,100.78,83.99,100.78,0.068,540,34,79,1.3,3.0,2024,70.0,77.0,59.0,76.0,77.0,75.0,65.0,80.0,65.0,70.0,59.0,55.0,57.0,40.0,75.0,60.0,68.0,73.0,57.0,55.0,50.0,50.0,66.0,60.0,75.0,80.0,70.0,83.0,44.0,53.0,60.0,49.0,27.0,57.0,48.0,68.0
Jamal Murray,DEN,59,44,15,0.746,31.5,8.0,16.7,0.481,2.5,5.8,0.425,2.7,3.1,0.853,0.7000000000000001,3.4,4.1,6.5,2.1,1.0,0.7000000000000001,0.9,1.8,2.7,21.2,5.3,41,119.5,120.7,120.7,111.8,112.4,112.4,7.7,8.2,8.2,0.296,3.07,24.6,0.024,0.105,0.066,8.0,7.9,0.554,0.586,0.273,0.282,98.5,97.75,81.46,97.75,0.137,3790,474,986,8.0,16.7,2024,87.0,87.0,93.0,86.0,92.0,70.0,98.0,90.0,30.0,82.0,38.0,46.0,74.0,78.0,84.0,35.0,77.0,43.0,57.0,74.0,70.0,70.0,80.0,54.0,80.0,95.0,85.0,78.0,84.0,89.0,79.0,85.0,76.0,37.0,53.0,80.0
James Harden,LAC,72,46,26,0.639,34.3,4.9,11.4,0.428,2.6,6.8,0.381,4.2,4.8,0.878,0.5,4.7,5.1,8.5,2.6,1.1,0.8,0.6000000000000001,1.8,3.3,16.6,4.0,35,118.9,120.9,120.9,113.4,115.2,115.2,5.5,5.6,5.6,0.338,3.32,35.1,0.015,0.134,0.077,10.6,10.4,0.541,0.612,0.202,0.208,98.46,96.87,80.72,96.87,0.131,4988,352,822,4.9,11.4,2024,84.0,75.0,81.0,85.0,87.0,45.0,80.0,92.0,35.0,84.0,60.0,74.0,69.0,94.0,98.0,62.0,70.0,43.0,61.0,63.0,82.0,65.0,85.0,71.0,87.0,98.0,97.0,95.0,82.0,95.0,85.0,94.0,78.0,33.0,63.0,85.0
James Johnson,IND,9,4,5,0.444,5.2,0.3,1.1,0.3,0.0,0.2,0.0,0.2,0.2,1.0,0.1,0.3,0.4,0.9,0.6000000000000001,0.6000000000000001,0.1,0.2,1.0,0.2,0.9,0.6000000000000001,498,117.8,112.6,112.6,109.6,108.8,108.8,8.1,3.8,3.8,0.186,1.6,33.3,0.021,0.075,0.045,20.8,20.9,0.3,0.368,0.137,0.142,101.56,104.25,86.87,104.25,0.019,103,3,10,0.3,1.1,2024,70.0,77.0,60.0,68.0,63.0,30.0,40.0,72.0,60.0,75.0,59.0,63.0,73.0,45.0,95.0,74.0,74.0,63.0,72.0,75.0,80.0,65.0,67.0,80.0,72.0,84.0,94.0,83.0,70.0,74.0,60.0,70.0,48.0,46.0,69.0,74.0
James Wiseman,DET,63,9,54,0.143,17.3,3.0,4.8,0.613,0.0,0.0,0.0,1.1,1.6,0.706,1.7,3.6,5.3,0.9,1.0,0.2,0.6000000000000001,0.3,2.2,1.3,7.1,-5.2,498,104.2,104.8,104.8,118.1,118.2,118.2,-13.8,-13.4,-13.4,0.077,0.8200000000000001,11.6,0.096,0.207,0.15,14.1,14.0,0.613,0.637,0.158,0.163,102.46,102.13,85.11,102.13,0.097,2315,187,305,3.0,4.8,2024,75.0,94.0,67.0,67.0,70.0,55.0,40.0,71.0,80.0,75.0,72.0,64.0,71.0,50.0,85.0,74.0,50.0,31.0,71.0,78.0,54.0,65.0,70.0,70.0,68.0,87.0,85.0,87.0,54.0,66.0,54.0,64.0,33.0,75.0,84.0,70.0
Jarace Walker,IND,33,18,15,0.545,10.3,1.4,3.3,0.409,0.7000000000000001,1.7,0.4,0.2,0.3,0.889,0.4,1.5,1.9,1.2,0.5,0.5,0.3,0.0,0.9,0.4,3.6,0.6000000000000001,299,119.1,117.3,117.3,116.0,114.6,114.6,3.1,2.7,2.7,0.138,2.35,23.4,0.036,0.159,0.096,9.9,9.9,0.509,0.527,0.155,0.162,102.98,104.41,87.01,104.41,0.08,740,45,110,1.4,3.3,2024,74.0,80.0,80.0,78.0,66.0,65.0,40.0,80.0,80.0,87.0,57.0,58.0,58.0,40.0,80.0,70.0,67.0,70.0,76.0,65.0,62.0,65.0,81.0,80.0,90.0,90.0,85.0,80.0,69.0,62.0,70.0,68.0,54.0,45.0,68.0,81.0
Jared Butler,WAS,40,6,34,0.15,14.1,2.5,5.0,0.488,0.6000000000000001,2.0,0.308,0.8,0.9,0.861,0.2,1.2,1.5,3.2,1.3,0.7000000000000001,0.2,0.3,1.5,1.1,6.3,-1.2,317,107.4,107.6,107.6,112.6,111.4,111.4,-5.3,-3.8,-3.8,0.321,2.52,32.1,0.015,0.083,0.049,12.8,12.7,0.547,0.579,0.194,0.2,102.91,103.36,86.13,103.36,0.103,1217,98,201,2.5,5.0,2024,71.0,90.0,65.0,73.0,82.0,70.0,75.0,74.0,25.0,65.0,28.0,41.0,37.0,60.0,95.0,30.0,60.0,73.0,51.0,55.0,47.0,50.0,80.0,50.0,78.0,83.0,80.0,80.0,69.0,82.0,80.0,68.0,75.0,33.0,48.0,80.0
Jared Rhoden,DET,17,2,15,0.118,14.4,1.9,3.9,0.5,0.7000000000000001,1.8,0.387,0.3,0.5,0.625,0.2,1.8,1.9,0.8,0.4,0.2,0.8,0.2,1.6,0.4,4.9,-2.3,293,107.5,105.7,105.7,115.2,115.0,115.0,-7.7,-9.4,-9.4,0.085,2.0,15.4,0.012,0.123,0.068,7.7,7.7,0.591,0.597,0.135,0.141,98.79,99.72,83.1,99.72,0.068,513,33,66,1.9,3.9,2024,70.0,56.0,80.0,77.0,80.0,70.0,40.0,70.0,65.0,70.0,42.0,44.0,37.0,44.0,75.0,47.0,68.0,32.0,74.0,62.0,65.0,55.0,68.0,62.0,70.0,80.0,80.0,82.0,55.0,69.0,63.0,54.0,35.0,54.0,61.0,72.0
Jaren Jackson Jr.,MEM,66,22,44,0.333,32.2,7.8,17.6,0.444,1.8,5.5,0.32,5.1,6.3,0.808,1.3,4.2,5.5,2.3,2.4,1.2,1.6,1.8,3.6,5.7,22.5,-5.2,104,104.9,106.6,106.6,112.7,113.9,113.9,-7.8,-7.3,-7.3,0.133,0.96,9.3,0.037,0.132,0.083,9.7,9.6,0.495,0.553,0.302,0.306,101.39,100.01,83.35,100.01,0.111,4418,516,1161,7.8,17.6,2024,87.0,88.0,68.0,78.0,84.0,90.0,95.0,82.0,85.0,80.0,85.0,83.0,86.0,75.0,80.0,90.0,80.0,53.0,83.0,95.0,71.0,95.0,63.0,82.0,75.0,90.0,80.0,94.0,45.0,60.0,33.0,50.0,50.0,46.0,63.0,80.0
Jarred Vanderbilt,LAL,29,14,15,0.483,20.0,2.0,3.9,0.518,0.3,0.9,0.296,0.8,1.2,0.667,1.4,3.3,4.8,1.2,1.0,1.2,0.2,0.4,1.5,1.4,5.2,1.5,411,113.6,113.6,113.6,109.0,109.4,109.4,4.7,4.2,4.2,0.077,1.29,18.7,0.073,0.164,0.12,14.5,14.4,0.553,0.578,0.111,0.115,104.08,103.85,86.54,103.85,0.077,1253,59,114,2.0,3.9,2024,78.0,85.0,69.0,66.0,69.0,65.0,80.0,75.0,75.0,75.0,40.0,32.0,50.0,50.0,85.0,83.0,83.0,85.0,45.0,82.0,88.0,80.0,75.0,70.0,80.0,75.0,95.0,78.0,60.0,65.0,65.0,38.0,34.0,65.0,73.0,83.0
Jarrett Allen,CLE,77,46,31,0.597,31.7,6.7,10.6,0.634,0.0,0.1,0.0,3.0,4.1,0.742,3.2,7.4,10.5,2.7,1.6,0.7000000000000001,1.1,1.0,1.9,4.3,16.5,2.6,498,114.9,115.5,115.5,109.9,110.7,110.7,5.0,4.8,4.8,0.128,1.74,16.3,0.103,0.231,0.168,9.4,9.4,0.634,0.664,0.191,0.195,99.26,98.66,82.22,98.66,0.149,5002,519,819,6.7,10.6,2024,84.0,97.0,82.0,63.0,70.0,80.0,90.0,79.0,85.0,80.0,82.0,63.0,82.0,74.0,95.0,89.0,72.0,38.0,70.0,88.0,67.0,85.0,75.0,84.0,79.0,92.0,80.0,82.0,25.0,35.0,35.0,48.0,50.0,78.0,87.0,72.0
Jason Preston,UTA,7,2,5,0.286,10.2,0.9,2.7,0.316,0.0,0.4,0.0,0.0,0.0,0.0,0.9,1.6,2.4,2.3,0.3,0.3,0.1,0.3,0.4,0.0,1.7,3.3,498,121.8,120.4,120.4,106.5,105.3,105.3,15.3,15.1,15.1,0.25,8.0,43.2,0.082,0.133,0.109,5.4,5.4,0.316,0.316,0.121,0.123,101.37,102.57,85.47,102.57,0.079,152,6,19,0.9,2.7,2024,69.0,71.0,70.0,75.0,62.0,50.0,70.0,70.0,40.0,45.0,58.0,57.0,57.0,33.0,80.0,40.0,64.0,35.0,25.0,65.0,68.0,55.0,82.0,52.0,75.0,85.0,85.0,80.0,84.0,75.0,80.0,84.0,75.0,68.0,67.0,82.0
Javonte Green,CHI,9,5,4,0.556,25.6,5.0,8.3,0.6000000000000001,1.1,3.0,0.37,1.1,1.4,0.769,2.2,5.2,7.4,0.6000000000000001,0.8,1.1,0.9,0.4,2.1,1.0,12.2,3.1,202,117.6,117.8,117.8,111.5,112.8,112.8,6.2,5.0,5.0,0.027,0.71,5.5,0.09,0.219,0.154,7.7,7.5,0.667,0.681,0.159,0.164,98.77,98.13,81.77,98.13,0.121,473,45,75,5.0,8.3,2024,74.0,73.0,70.0,82.0,67.0,60.0,75.0,79.0,25.0,85.0,52.0,52.0,52.0,60.0,95.0,74.0,77.0,66.0,75.0,74.0,80.0,75.0,72.0,46.0,85.0,80.0,75.0,82.0,60.0,72.0,69.0,68.0,28.0,68.0,83.0,74.0
Jaxson Hayes,LAL,70,41,29,0.586,12.5,1.8,2.5,0.72,0.0,0.1,0.0,0.7000000000000001,1.2,0.622,1.0,2.0,3.0,0.5,0.6000000000000001,0.5,0.4,0.2,1.8,1.1,4.3,-1.5,498,110.7,109.6,109.6,114.8,114.4,114.4,-4.1,-4.7,-4.7,0.051,0.77,11.6,0.083,0.149,0.118,15.1,15.0,0.72,0.718,0.121,0.126,102.47,103.15,85.96,103.15,0.079,1877,126,175,1.8,2.5,2024,73.0,92.0,68.0,60.0,56.0,45.0,60.0,71.0,85.0,80.0,68.0,54.0,65.0,52.0,90.0,78.0,48.0,53.0,68.0,79.0,45.0,65.0,58.0,72.0,75.0,80.0,95.0,80.0,29.0,38.0,41.0,40.0,30.0,67.0,68.0,64.0
Jay Huff,DEN,20,16,4,0.8,2.5,0.5,0.8,0.6000000000000001,0.2,0.5,0.333,0.1,0.1,1.0,0.1,0.5,0.6000000000000001,0.1,0.1,0.1,0.2,0.0,0.5,0.1,1.2,-0.5,444,98.3,90.4,90.4,106.7,98.2,98.2,-8.4,-7.9,-7.9,0.071,2.0,10.5,0.041,0.167,0.107,5.3,5.3,0.7000000000000001,0.724,0.14,0.155,102.06,110.94,92.45,110.94,0.117,114,9,15,0.5,0.8,2024,67.0,77.0,72.0,77.0,77.0,50.0,40.0,64.0,65.0,60.0,62.0,62.0,62.0,38.0,80.0,62.0,32.0,32.0,69.0,62.0,54.0,50.0,48.0,62.0,62.0,80.0,85.0,77.0,50.0,43.0,33.0,60.0,38.0,64.0,68.0,47.0
Jaylen Brown,BOS,70,52,18,0.743,33.5,9.0,17.9,0.499,2.1,5.9,0.354,3.0,4.3,0.7030000000000001,1.2,4.3,5.5,3.6,2.4,1.2,0.5,1.0,2.6,3.4,23.0,5.9,69,118.9,120.2,120.2,110.3,111.6,111.6,8.6,8.7,8.7,0.165,1.5,13.9,0.037,0.119,0.08,9.3,9.2,0.557,0.58,0.283,0.289,101.08,99.94,83.29,99.94,0.116,4873,627,1256,9.0,17.9,2024,92.0,93.0,96.0,83.0,72.0,80.0,98.0,94.0,40.0,89.0,67.0,69.0,80.0,93.0,95.0,70.0,87.0,53.0,53.0,86.0,87.0,85.0,79.0,69.0,84.0,95.0,95.0,82.0,78.0,86.0,76.0,84.0,64.0,45.0,59.0,87.0
Jaylen Nowell,SAC,13,3,10,0.231,16.4,2.6,6.0,0.436,0.5,2.2,0.207,0.5,0.7000000000000001,0.778,0.5,1.4,1.8,1.5,0.5,0.3,0.2,0.2,1.2,0.6000000000000001,6.2,-2.5,352,103.6,103.6,103.6,109.3,111.0,111.0,-5.8,-7.4,-7.4,0.137,2.71,17.6,0.026,0.082,0.053,6.5,6.5,0.474,0.494,0.176,0.181,101.13,100.37,83.64,100.37,0.066,447,34,78,2.6,6.0,2024,74.0,91.0,85.0,71.0,78.0,85.0,90.0,84.0,25.0,65.0,27.0,40.0,38.0,79.0,78.0,29.0,60.0,46.0,32.0,55.0,58.0,40.0,81.0,39.0,79.0,85.0,80.0,80.0,64.0,75.0,77.0,68.0,62.0,41.0,54.0,80.0
Jaylin Williams,OKC,69,48,21,0.6960000000000001,13.0,1.4,3.3,0.417,0.8,2.1,0.368,0.5,0.6000000000000001,0.805,0.5,2.9,3.4,1.6,0.5,0.4,0.4,0.1,1.4,0.8,4.0,1.8,275,115.3,114.7,114.7,108.2,107.9,107.9,7.0,6.8,6.8,0.162,3.24,28.2,0.041,0.216,0.131,8.7,8.7,0.533,0.561,0.133,0.137,100.87,101.25,84.38,101.25,0.096,1890,95,228,1.4,3.3,2024,75.0,79.0,76.0,80.0,70.0,85.0,65.0,69.0,70.0,70.0,68.0,61.0,68.0,65.0,75.0,74.0,45.0,43.0,67.0,72.0,65.0,70.0,50.0,60.0,62.0,78.0,85.0,80.0,62.0,59.0,38.0,69.0,60.0,48.0,84.0,57.0
Jayson Tatum,BOS,74,57,17,0.77,35.7,9.1,19.3,0.471,3.1,8.2,0.376,5.6,6.7,0.833,0.9,7.2,8.1,4.9,2.5,1.0,0.6000000000000001,0.8,2.0,4.6,26.9,8.2,15,120.4,121.7,121.7,109.4,110.5,110.5,11.0,11.2,11.2,0.211,1.94,16.7,0.026,0.187,0.11,8.6,8.6,0.552,0.604,0.296,0.304,99.67,98.64,82.2,98.64,0.155,5436,672,1426,9.1,19.3,2024,95.0,92.0,96.0,87.0,79.0,98.0,98.0,95.0,50.0,89.0,74.0,84.0,83.0,97.0,98.0,81.0,87.0,42.0,53.0,89.0,84.0,85.0,82.0,71.0,83.0,95.0,98.0,80.0,78.0,86.0,79.0,84.0,70.0,39.0,78.0,88.0
Jeff Green,HOU,78,39,39,0.5,16.8,2.1,4.7,0.456,0.7000000000000001,2.1,0.331,1.6,1.9,0.8190000000000001,0.6000000000000001,1.7,2.3,0.9,0.6000000000000001,0.2,0.4,0.2,1.3,1.3,6.5,-1.0,298,109.8,109.7,109.7,111.9,112.7,112.7,-2.1,-2.9,-2.9,0.079,1.52,12.8,0.033,0.099,0.065,8.4,8.4,0.529,0.59,0.152,0.157,101.09,100.77,83.97,100.77,0.076,2746,167,366,2.1,4.7,2024,74.0,88.0,75.0,76.0,82.0,50.0,55.0,79.0,65.0,80.0,70.0,68.0,72.0,68.0,85.0,69.0,70.0,32.0,62.0,68.0,54.0,60.0,63.0,70.0,84.0,89.0,85.0,82.0,69.0,74.0,50.0,70.0,33.0,43.0,52.0,75.0
Jerami Grant,POR,54,17,37,0.315,33.9,7.1,15.7,0.451,2.1,5.1,0.402,4.7,5.8,0.8170000000000001,0.7000000000000001,2.9,3.5,2.8,2.1,0.8,0.6000000000000001,1.2,2.2,3.9,21.0,-6.5,71,105.9,107.8,107.8,115.1,117.5,117.5,-9.2,-9.6,-9.6,0.138,1.31,12.2,0.019,0.087,0.052,9.3,9.2,0.516,0.5730000000000001,0.255,0.261,100.15,98.26,81.88,98.26,0.1,3751,383,850,7.1,15.7,2024,82.0,81.0,88.0,84.0,83.0,70.0,80.0,89.0,80.0,85.0,62.0,59.0,69.0,75.0,95.0,70.0,69.0,37.0,58.0,77.0,72.0,75.0,77.0,69.0,78.0,95.0,94.0,82.0,69.0,76.0,72.0,70.0,51.0,35.0,50.0,77.0
Jeremiah Robinson-Earl,NOP,39,22,17,0.5640000000000001,8.6,1.2,2.4,0.474,0.3,1.0,0.333,0.3,0.4,0.75,0.6000000000000001,1.4,1.9,0.5,0.4,0.3,0.1,0.1,0.6000000000000001,0.4,2.9,-0.6000000000000001,392,108.3,106.2,106.2,110.4,108.1,108.1,-2.1,-1.9,-1.9,0.091,1.31,15.1,0.067,0.151,0.109,11.5,11.5,0.542,0.5640000000000001,0.144,0.15,100.31,102.37,85.31,102.37,0.09,709,45,95,1.2,2.4,2024,72.0,87.0,66.0,76.0,83.0,75.0,65.0,79.0,75.0,75.0,64.0,65.0,66.0,50.0,70.0,66.0,40.0,40.0,51.0,66.0,52.0,45.0,62.0,60.0,69.0,80.0,85.0,80.0,65.0,69.0,55.0,66.0,34.0,63.0,69.0,62.0
Jeremy Sochan,SAS,74,18,56,0.243,29.6,4.6,10.5,0.438,0.9,3.1,0.308,1.5,1.9,0.771,1.9,4.6,6.4,3.4,1.9,0.8,0.5,0.9,2.3,1.8,11.6,-4.6,239,106.6,108.1,108.1,114.1,115.0,115.0,-7.5,-7.0,-7.0,0.161,1.78,20.3,0.06,0.153,0.106,11.4,11.4,0.483,0.513,0.187,0.189,103.06,101.92,84.93,101.92,0.082,4648,340,776,4.6,10.5,2024,77.0,73.0,67.0,74.0,78.0,80.0,85.0,80.0,60.0,80.0,48.0,52.0,53.0,79.0,70.0,65.0,74.0,41.0,55.0,69.0,68.0,65.0,70.0,60.0,74.0,90.0,85.0,80.0,79.0,79.0,65.0,82.0,62.0,58.0,67.0,74.0
Jericho Sims,NYK,45,30,15,0.667,13.0,0.8,1.2,0.6910000000000001,0.0,0.0,0.0,0.4,0.5,0.667,1.2,2.0,3.3,0.6000000000000001,0.4,0.2,0.4,0.0,1.0,0.6000000000000001,2.0,-0.2,498,108.1,109.0,109.0,110.0,109.7,109.7,-1.9,-0.7000000000000001,-0.7000000000000001,0.059,1.56,23.8,0.092,0.153,0.122,15.2,15.0,0.6910000000000001,0.7020000000000001,0.06,0.063,93.96,93.66,78.05,93.66,0.074,1140,38,55,0.8,1.2,2024,72.0,68.0,69.0,26.0,52.0,60.0,65.0,64.0,80.0,89.0,60.0,60.0,60.0,40.0,80.0,66.0,40.0,33.0,70.0,66.0,55.0,40.0,80.0,65.0,83.0,85.0,90.0,80.0,30.0,35.0,34.0,32.0,30.0,73.0,69.0,80.0
Jermaine Samuels Jr.,HOU,14,8,6,0.5710000000000001,4.3,0.6000000000000001,1.0,0.643,0.0,0.1,0.0,0.1,0.1,1.0,0.2,0.7000000000000001,0.9,0.2,0.0,0.1,0.1,0.1,0.4,0.2,1.4,-0.9,498,110.0,104.4,104.4,120.8,114.0,114.0,-10.8,-9.6,-9.6,0.06,0.0,16.7,0.05,0.167,0.108,0.0,0.0,0.643,0.672,0.098,0.103,102.77,108.56,90.47,108.56,0.096,136,9,14,0.6000000000000001,1.0,2024,68.0,66.0,66.0,69.0,63.0,50.0,40.0,65.0,70.0,85.0,58.0,58.0,59.0,40.0,70.0,63.0,63.0,42.0,47.0,60.0,50.0,40.0,81.0,66.0,82.0,85.0,85.0,80.0,52.0,62.0,68.0,52.0,35.0,66.0,65.0,78.0
Jett Howard,ORL,18,9,9,0.5,3.7,0.6000000000000001,1.7,0.333,0.4,1.4,0.28,0.1,0.2,0.5,0.1,0.3,0.4,0.3,0.2,0.1,0.1,0.0,0.2,0.2,1.6,0.2,379,99.8,95.2,95.2,97.7,91.9,91.9,2.1,3.3,3.3,0.162,2.0,14.6,0.016,0.082,0.051,7.3,7.4,0.45,0.457,0.22,0.23,100.84,106.44,88.7,106.44,0.067,147,10,30,0.6000000000000001,1.7,2024,71.0,74.0,78.0,79.0,80.0,55.0,50.0,74.0,35.0,65.0,50.0,54.0,54.0,47.0,85.0,55.0,67.0,43.0,56.0,72.0,52.0,45.0,69.0,58.0,72.0,90.0,80.0,80.0,69.0,73.0,66.0,65.0,44.0,43.0,58.0,69.0
Jevon Carter,CHI,72,35,37,0.486,13.9,1.9,5.1,0.378,1.1,3.3,0.329,0.1,0.1,0.5710000000000001,0.2,0.7000000000000001,0.8,1.3,0.5,0.5,0.2,0.1,1.0,0.2,5.0,0.4,212,109.6,110.0,110.0,108.5,108.6,108.6,1.1,1.4,1.4,0.129,2.61,18.9,0.01,0.049,0.029,7.2,7.2,0.484,0.485,0.168,0.173,99.65,99.43,82.86,99.43,0.053,2078,138,365,1.9,5.1,2024,73.0,92.0,89.0,76.0,82.0,80.0,80.0,75.0,25.0,35.0,32.0,34.0,30.0,40.0,80.0,34.0,79.0,53.0,56.0,72.0,75.0,70.0,76.0,60.0,71.0,85.0,76.0,81.0,75.0,79.0,76.0,70.0,49.0,31.0,38.0,83.0
Jock Landale,HOU,56,28,28,0.5,13.6,1.9,3.7,0.515,0.2,0.7000000000000001,0.25,0.9,1.2,0.8,1.6,1.5,3.1,1.2,0.6000000000000001,0.4,0.6000000000000001,0.4,1.3,1.1,4.9,2.9,438,114.5,114.9,114.9,105.9,105.3,105.3,8.6,9.6,9.6,0.113,2.1,19.6,0.106,0.102,0.104,9.4,9.4,0.539,0.584,0.139,0.142,102.16,102.23,85.19,102.23,0.092,1628,106,206,1.9,3.7,2024,76.0,94.0,75.0,63.0,75.0,75.0,80.0,75.0,65.0,65.0,60.0,60.0,86.0,66.0,80.0,65.0,48.0,41.0,80.0,62.0,60.0,45.0,54.0,64.0,75.0,80.0,75.0,80.0,58.0,52.0,45.0,64.0,44.0,81.0,54.0,54.0
Joe Ingles,ORL,68,42,26,0.618,17.2,1.5,3.3,0.436,1.0,2.4,0.435,0.4,0.5,0.8240000000000001,0.3,1.8,2.1,3.0,1.0,0.6000000000000001,0.1,0.1,1.3,0.5,4.4,2.4,217,114.5,116.1,116.1,109.7,110.3,110.3,4.9,5.8,5.8,0.217,3.03,40.1,0.017,0.111,0.064,13.2,13.1,0.59,0.612,0.111,0.116,99.53,98.58,82.15,98.58,0.081,2412,99,227,1.5,3.3,2024,74.0,64.0,75.0,86.0,86.0,60.0,35.0,80.0,40.0,45.0,50.0,55.0,48.0,40.0,70.0,58.0,80.0,53.0,35.0,78.0,78.0,75.0,66.0,64.0,60.0,92.0,70.0,80.0,75.0,70.0,60.0,75.0,71.0,34.0,56.0,80.0
Joel Embiid,PHI,39,31,8,0.795,33.6,11.5,21.8,0.529,1.4,3.6,0.388,10.2,11.6,0.883,2.4,8.6,11.0,5.6,3.8,1.2,1.7,1.3,2.9,7.6,34.7,6.8,153,118.4,119.8,119.8,108.4,109.5,109.5,10.0,10.3,10.3,0.315,1.46,15.4,0.074,0.239,0.16,10.6,10.6,0.561,0.644,0.387,0.393,102.2,101.09,84.24,101.09,0.225,2750,450,851,11.5,21.8,2024,96.0,97.0,96.0,82.0,89.0,80.0,98.0,89.0,90.0,80.0,97.0,96.0,96.0,98.0,98.0,92.0,68.0,49.0,82.0,94.0,64.0,90.0,69.0,96.0,69.0,95.0,90.0,76.0,74.0,57.0,62.0,82.0,77.0,83.0,94.0,69.0
John Collins,UTA,68,27,41,0.397,28.0,5.8,11.0,0.532,1.3,3.4,0.371,2.2,2.7,0.795,2.3,6.1,8.5,1.1,1.4,0.6000000000000001,0.9,1.1,2.8,2.4,15.1,-4.5,171,112.8,114.2,114.2,121.0,121.7,121.7,-8.1,-7.5,-7.5,0.06,0.79,7.7,0.079,0.222,0.149,9.8,9.8,0.59,0.621,0.199,0.203,102.26,101.3,84.42,101.3,0.111,4010,397,746,5.8,11.0,2024,80.0,95.0,69.0,81.0,75.0,60.0,70.0,84.0,90.0,90.0,77.0,75.0,83.0,52.0,85.0,74.0,49.0,37.0,68.0,74.0,38.0,60.0,71.0,75.0,85.0,92.0,85.0,84.0,37.0,60.0,50.0,66.0,31.0,67.0,85.0,65.0
John Konchar,MEM,55,18,37,0.327,21.3,1.6,3.8,0.423,0.7000000000000001,2.2,0.317,0.4,0.5,0.84,1.3,3.4,4.7,2.0,0.8,0.9,0.9,0.2,1.4,0.7000000000000001,4.3,-2.7,296,105.0,106.3,106.3,111.2,112.2,112.2,-6.1,-5.9,-5.9,0.13,2.39,29.3,0.058,0.164,0.108,12.3,12.3,0.514,0.537,0.096,0.098,99.76,98.73,82.28,98.73,0.082,2410,88,208,1.6,3.8,2024,72.0,73.0,76.0,76.0,78.0,65.0,60.0,77.0,40.0,55.0,44.0,47.0,47.0,40.0,85.0,54.0,62.0,63.0,80.0,50.0,60.0,45.0,62.0,40.0,70.0,93.0,90.0,84.0,74.0,76.0,60.0,79.0,50.0,57.0,70.0,69.0
Johnny Davis,WAS,50,8,42,0.16,12.3,1.2,3.1,0.403,0.3,0.8,0.35,0.3,0.5,0.583,0.4,1.1,1.4,0.6000000000000001,0.3,0.4,0.2,0.3,1.1,0.5,3.0,-3.0,410,104.5,104.9,104.9,115.6,115.2,115.2,-11.1,-10.3,-10.3,0.068,2.46,15.3,0.027,0.088,0.056,6.2,6.2,0.448,0.462,0.117,0.121,105.36,105.31,87.76,105.31,0.036,1341,62,154,1.2,3.1,2024,70.0,70.0,60.0,76.0,70.0,60.0,50.0,80.0,40.0,70.0,49.0,51.0,47.0,69.0,80.0,68.0,73.0,42.0,52.0,68.0,55.0,60.0,78.0,54.0,75.0,85.0,70.0,80.0,70.0,82.0,70.0,70.0,32.0,40.0,48.0,79.0
Johnny Juzang,UTA,20,5,15,0.25,18.6,2.6,5.5,0.464,1.6,3.9,0.416,0.5,0.7000000000000001,0.714,0.4,1.5,1.8,1.2,0.7000000000000001,0.2,0.1,0.2,1.5,0.6000000000000001,7.2,-0.4,124,111.5,114.3,114.3,115.3,116.1,116.1,-3.7,-1.8,-1.8,0.086,1.77,15.1,0.018,0.073,0.046,8.6,8.5,0.609,0.62,0.147,0.15,98.03,96.5,80.42,96.5,0.064,750,51,110,2.6,5.5,2024,69.0,84.0,73.0,79.0,84.0,40.0,35.0,71.0,35.0,75.0,55.0,59.0,64.0,44.0,85.0,50.0,58.0,31.0,37.0,52.0,50.0,50.0,70.0,55.0,72.0,85.0,75.0,80.0,59.0,72.0,66.0,62.0,36.0,35.0,46.0,70.0
Jonathan Isaac,ORL,58,35,23,0.603,15.8,2.5,4.9,0.51,0.7000000000000001,1.9,0.375,1.0,1.4,0.72,1.3,3.2,4.5,0.5,0.5,0.7000000000000001,1.2,0.3,1.1,1.2,6.8,3.1,287,113.6,113.0,113.0,102.3,102.1,102.1,11.4,10.9,10.9,0.047,1.11,8.0,0.083,0.201,0.144,7.2,7.1,0.584,0.61,0.16,0.168,98.34,98.72,82.26,98.72,0.136,1870,146,286,2.5,4.9,2024,78.0,71.0,73.0,81.0,81.0,50.0,75.0,67.0,60.0,82.0,62.0,68.0,75.0,35.0,68.0,83.0,83.0,70.0,92.0,83.0,78.0,85.0,73.0,70.0,80.0,75.0,90.0,67.0,65.0,76.0,66.0,55.0,29.0,68.0,85.0,80.0
Jonathan Kuminga,GSW,74,40,34,0.541,26.3,6.2,11.6,0.529,0.7000000000000001,2.2,0.321,3.0,4.0,0.746,1.2,3.6,4.8,2.2,1.6,0.7000000000000001,0.5,1.0,2.3,2.9,16.1,1.7,290,115.0,115.1,115.1,110.9,112.2,112.2,4.0,2.9,2.9,0.123,1.34,12.8,0.047,0.126,0.087,9.6,9.5,0.56,0.598,0.237,0.243,102.63,101.96,84.96,101.96,0.109,4143,456,862,6.2,11.6,2024,80.0,95.0,80.0,75.0,71.0,70.0,98.0,90.0,65.0,85.0,49.0,50.0,50.0,84.0,85.0,73.0,73.0,42.0,56.0,70.0,69.0,50.0,84.0,73.0,90.0,88.0,80.0,80.0,69.0,67.0,75.0,60.0,47.0,51.0,62.0,84.0
Jordan Clarkson,UTA,55,22,33,0.4,30.6,6.1,14.8,0.413,1.7,5.6,0.294,3.2,3.7,0.881,0.9,2.5,3.4,5.0,2.7,0.6000000000000001,0.1,0.9,1.5,2.5,17.1,-3.5,114,112.2,113.9,113.9,119.0,119.7,119.7,-6.8,-5.7,-5.7,0.247,1.9,21.0,0.028,0.083,0.055,11.1,11.0,0.469,0.521,0.255,0.261,101.85,100.77,83.98,100.77,0.09,3537,337,816,6.1,14.8,2024,78.0,91.0,81.0,79.0,83.0,70.0,80.0,90.0,25.0,75.0,30.0,37.0,38.0,80.0,98.0,43.0,65.0,37.0,32.0,58.0,49.0,40.0,79.0,54.0,85.0,80.0,80.0,83.0,79.0,88.0,79.0,81.0,72.0,41.0,47.0,82.0
Jordan Goodwin,MEM,57,30,27,0.526,18.5,2.5,6.7,0.369,0.7000000000000001,2.5,0.298,0.8,1.0,0.746,1.5,2.9,4.4,2.7,1.0,0.8,0.3,0.5,1.3,0.9,6.5,-1.6,284,105.0,105.6,105.6,109.5,109.7,109.7,-4.5,-4.1,-4.1,0.219,2.77,25.0,0.077,0.151,0.113,9.0,9.0,0.424,0.451,0.182,0.187,99.15,98.75,82.29,98.75,0.097,2170,141,382,2.5,6.7,2024,74.0,69.0,71.0,72.0,87.0,75.0,80.0,78.0,25.0,35.0,33.0,43.0,48.0,66.0,80.0,47.0,71.0,66.0,56.0,70.0,65.0,70.0,75.0,49.0,55.0,80.0,85.0,80.0,78.0,78.0,68.0,78.0,70.0,70.0,70.0,76.0
Jordan Hawkins,NOP,67,38,29,0.5670000000000001,17.3,2.6,6.8,0.382,1.6,4.4,0.366,1.0,1.2,0.838,0.4,1.8,2.2,1.0,0.6000000000000001,0.3,0.1,0.3,1.1,0.6000000000000001,7.8,0.2,120,113.1,113.4,113.4,113.9,114.3,114.3,-0.8,-0.9,-0.9,0.084,1.75,11.7,0.024,0.1,0.061,6.7,6.7,0.501,0.533,0.188,0.194,101.0,100.73,83.94,100.73,0.067,2450,174,456,2.6,6.8,2024,73.0,80.0,73.0,83.0,87.0,80.0,80.0,77.0,25.0,60.0,37.0,48.0,44.0,55.0,80.0,45.0,65.0,35.0,40.0,67.0,64.0,50.0,70.0,48.0,67.0,89.0,80.0,80.0,72.0,75.0,68.0,75.0,35.0,38.0,53.0,72.0
Jordan McLaughlin,MIN,56,35,21,0.625,11.2,1.3,2.6,0.483,0.8,1.6,0.472,0.2,0.3,0.722,0.3,1.0,1.3,2.0,0.3,0.6000000000000001,0.1,0.1,0.6000000000000001,0.5,3.5,2.8,277,112.8,111.1,111.1,100.3,100.1,100.1,12.5,11.0,11.0,0.229,5.79,38.9,0.029,0.087,0.058,6.7,6.7,0.628,0.638,0.119,0.123,99.28,100.16,83.47,100.16,0.108,1312,70,145,1.3,2.6,2024,74.0,73.0,74.0,84.0,75.0,95.0,70.0,84.0,25.0,65.0,25.0,25.0,25.0,49.0,70.0,25.0,73.0,86.0,50.0,52.0,74.0,60.0,72.0,52.0,74.0,80.0,70.0,83.0,83.0,84.0,70.0,80.0,71.0,41.0,48.0,74.0
Jordan Miller,LAC,8,5,3,0.625,3.5,0.6000000000000001,1.1,0.556,0.1,0.3,0.5,0.3,0.3,1.0,0.4,0.3,0.6000000000000001,0.0,0.1,0.0,0.0,0.3,0.3,0.1,1.6,-1.6,453,102.0,95.2,95.2,116.8,119.7,119.7,-14.9,-24.4,-24.4,0.0,0.0,0.0,0.103,0.057,0.078,9.1,9.2,0.611,0.658,0.153,0.163,103.28,105.56,87.97,105.56,0.084,63,5,9,0.6000000000000001,1.1,2024,68.0,67.0,70.0,72.0,74.0,50.0,35.0,70.0,40.0,80.0,54.0,52.0,58.0,40.0,65.0,54.0,65.0,57.0,67.0,60.0,40.0,45.0,84.0,52.0,81.0,85.0,70.0,80.0,60.0,69.0,72.0,62.0,47.0,37.0,42.0,78.0
Jordan Poole,WAS,78,15,63,0.192,30.1,6.3,15.2,0.413,2.4,7.2,0.326,2.5,2.8,0.877,0.4,2.3,2.7,4.4,2.4,1.1,0.3,1.0,3.1,2.7,17.4,-7.1,50,107.8,108.4,108.4,117.9,119.5,119.5,-10.1,-11.1,-11.1,0.212,1.82,19.1,0.013,0.074,0.043,10.4,10.4,0.491,0.529,0.256,0.263,105.73,104.7,87.25,104.7,0.076,5123,490,1186,6.3,15.2,2024,79.0,81.0,78.0,80.0,86.0,65.0,80.0,92.0,45.0,60.0,29.0,47.0,44.0,84.0,80.0,47.0,65.0,49.0,47.0,65.0,55.0,30.0,81.0,61.0,73.0,80.0,65.0,80.0,83.0,89.0,80.0,82.0,70.0,32.0,46.0,81.0
Jordan Walsh,BOS,9,9,0,1.0,9.3,0.7000000000000001,1.7,0.4,0.2,1.0,0.222,0.1,0.2,0.5,0.6000000000000001,1.7,2.2,0.6000000000000001,0.3,0.6000000000000001,0.1,0.0,1.2,0.3,1.7,5.2,424,123.2,120.1,120.1,93.3,90.2,90.2,29.9,29.9,29.9,0.068,1.67,20.8,0.053,0.153,0.104,12.5,12.6,0.467,0.472,0.092,0.095,95.43,98.33,81.94,98.33,0.058,169,6,15,0.7000000000000001,1.7,2024,70.0,67.0,65.0,68.0,71.0,50.0,35.0,68.0,40.0,80.0,57.0,54.0,44.0,40.0,85.0,63.0,75.0,62.0,54.0,75.0,74.0,65.0,77.0,54.0,86.0,89.0,85.0,80.0,63.0,68.0,68.0,62.0,47.0,44.0,47.0,77.0
Jose Alvarado,NOP,56,38,18,0.679,18.4,2.5,6.2,0.412,1.4,3.7,0.377,0.6000000000000001,0.9,0.673,0.4,1.8,2.3,2.1,0.7000000000000001,1.1,0.3,0.4,1.6,0.8,7.1,4.3,152,117.4,117.3,117.3,104.9,105.2,105.2,12.6,12.0,12.0,0.154,2.93,22.2,0.024,0.096,0.061,7.6,7.6,0.525,0.54,0.168,0.172,100.24,100.12,83.43,100.12,0.081,2137,142,345,2.5,6.2,2024,76.0,79.0,73.0,81.0,60.0,75.0,60.0,83.0,25.0,30.0,35.0,30.0,30.0,40.0,85.0,31.0,85.0,90.0,53.0,85.0,85.0,85.0,76.0,42.0,78.0,80.0,79.0,80.0,75.0,73.0,75.0,68.0,60.0,38.0,52.0,86.0
Josh Giddey,OKC,80,56,24,0.7000000000000001,25.1,5.0,10.6,0.475,1.0,3.0,0.337,1.3,1.6,0.806,1.4,5.0,6.4,4.8,2.1,0.7000000000000001,0.6000000000000001,0.9,1.4,1.2,12.3,4.7,218,118.7,119.6,119.6,110.9,111.5,111.5,7.8,8.2,8.2,0.252,2.3,26.6,0.058,0.19,0.127,11.6,11.5,0.523,0.547,0.223,0.227,102.99,102.32,85.27,102.32,0.122,4299,402,847,5.0,10.6,2024,79.0,85.0,85.0,77.0,78.0,45.0,75.0,89.0,45.0,65.0,55.0,58.0,55.0,80.0,90.0,50.0,69.0,40.0,60.0,69.0,66.0,65.0,79.0,60.0,74.0,88.0,90.0,80.0,96.0,89.0,79.0,95.0,73.0,57.0,80.0,79.0
Josh Green,DAL,57,32,25,0.561,26.4,3.1,6.6,0.479,1.3,3.3,0.385,0.7000000000000001,1.0,0.684,0.7000000000000001,2.5,3.2,2.3,1.1,0.8,0.2,0.5,1.9,1.3,8.2,-1.8,172,115.8,116.7,116.7,117.8,118.8,118.8,-2.0,-2.1,-2.1,0.111,2.17,22.1,0.026,0.096,0.061,10.2,10.2,0.5750000000000001,0.588,0.129,0.132,102.25,101.44,84.53,101.44,0.063,3166,179,374,3.1,6.6,2024,76.0,69.0,77.0,82.0,62.0,50.0,65.0,75.0,30.0,80.0,35.0,34.0,30.0,69.0,95.0,35.0,79.0,43.0,37.0,79.0,78.0,75.0,86.0,60.0,80.0,89.0,90.0,83.0,70.0,70.0,72.0,70.0,42.0,39.0,51.0,86.0
Josh Hart,NYK,81,49,32,0.605,33.4,3.6,8.4,0.434,1.0,3.2,0.31,1.1,1.4,0.791,1.6,6.8,8.3,4.1,1.5,0.9,0.3,0.7000000000000001,2.1,1.5,9.4,4.3,230,114.7,117.2,117.2,110.0,110.6,110.6,4.7,6.6,6.6,0.164,2.81,28.1,0.046,0.205,0.123,10.0,10.0,0.493,0.522,0.133,0.135,97.08,95.77,79.81,95.77,0.1,5397,295,679,3.6,8.4,2024,82.0,74.0,72.0,79.0,75.0,65.0,95.0,86.0,25.0,70.0,39.0,58.0,42.0,78.0,95.0,78.0,86.0,42.0,45.0,80.0,78.0,85.0,81.0,64.0,69.0,99.0,99.0,82.0,73.0,79.0,79.0,80.0,63.0,80.0,84.0,86.0
Josh Minott,MIN,32,23,9,0.719,2.9,0.5,1.1,0.472,0.1,0.3,0.4,0.4,0.4,0.857,0.1,0.4,0.5,0.3,0.1,0.2,0.2,0.1,0.3,0.3,1.6,0.6000000000000001,453,110.2,105.5,105.5,103.4,99.5,99.5,6.7,6.0,6.0,0.119,4.0,15.7,0.039,0.141,0.088,3.9,3.8,0.528,0.593,0.173,0.191,108.09,112.61,93.84,112.61,0.124,218,17,36,0.5,1.1,2024,70.0,74.0,65.0,74.0,75.0,50.0,30.0,75.0,65.0,80.0,51.0,55.0,52.0,40.0,75.0,48.0,63.0,63.0,74.0,60.0,65.0,60.0,72.0,62.0,80.0,80.0,80.0,80.0,62.0,63.0,68.0,60.0,44.0,66.0,69.0,72.0
Josh Okogie,PHX,60,37,23,0.617,16.0,1.4,3.4,0.417,0.5,1.6,0.309,1.3,1.7,0.745,1.2,1.3,2.6,1.1,0.6000000000000001,0.8,0.4,0.3,1.1,1.6,4.6,0.1,347,112.3,112.8,112.8,111.2,111.5,111.5,1.2,1.3,1.3,0.091,1.78,18.2,0.079,0.081,0.08,10.3,10.3,0.488,0.552,0.125,0.128,101.29,100.88,84.07,100.88,0.068,2008,86,206,1.4,3.4,2024,74.0,84.0,78.0,73.0,77.0,80.0,60.0,77.0,30.0,75.0,42.0,44.0,44.0,49.0,70.0,50.0,81.0,76.0,62.0,81.0,84.0,75.0,89.0,46.0,92.0,80.0,95.0,82.0,69.0,76.0,81.0,62.0,35.0,67.0,48.0,89.0
Josh Richardson,MIA,43,24,19,0.558,25.6,3.6,8.1,0.444,1.5,4.4,0.347,1.2,1.3,0.944,0.4,2.4,2.8,2.4,0.8,0.6000000000000001,0.3,0.2,1.8,1.2,9.9,-2.5,132,108.4,108.7,108.7,112.4,113.7,113.7,-4.0,-5.0,-5.0,0.144,2.92,20.7,0.017,0.094,0.056,7.1,7.0,0.539,0.5730000000000001,0.159,0.165,99.3,98.56,82.13,98.56,0.08,2267,154,347,3.6,8.1,2024,75.0,94.0,82.0,78.0,90.0,70.0,70.0,75.0,50.0,78.0,30.0,48.0,32.0,45.0,80.0,69.0,81.0,38.0,51.0,80.0,80.0,80.0,80.0,57.0,72.0,95.0,80.0,83.0,69.0,78.0,79.0,68.0,54.0,34.0,52.0,81.0
Jrue Holiday,BOS,69,53,16,0.768,32.8,4.8,10.0,0.48,2.0,4.7,0.429,0.9,1.0,0.833,1.2,4.2,5.4,4.8,1.8,0.9,0.8,0.4,1.6,1.2,12.5,6.2,78,119.8,120.6,120.6,109.8,110.9,110.9,9.9,9.7,9.7,0.196,2.69,28.3,0.038,0.117,0.079,10.5,10.5,0.581,0.597,0.161,0.164,99.76,98.91,82.43,98.91,0.099,4653,331,689,4.8,10.0,2024,87.0,96.0,71.0,86.0,83.0,80.0,80.0,85.0,25.0,65.0,30.0,72.0,40.0,49.0,98.0,66.0,95.0,81.0,61.0,89.0,93.0,95.0,79.0,49.0,68.0,90.0,92.0,80.0,84.0,86.0,79.0,85.0,68.0,46.0,58.0,96.0
Julian Champagnie,SAS,74,19,55,0.257,19.8,2.2,5.4,0.408,1.4,3.7,0.365,1.0,1.2,0.8150000000000001,0.6000000000000001,2.2,2.8,1.4,0.8,0.6000000000000001,0.6000000000000001,0.3,1.0,0.9,6.8,-1.9,155,109.5,109.1,109.1,112.8,113.5,113.5,-3.3,-4.5,-4.5,0.093,1.81,17.2,0.028,0.111,0.069,9.5,9.5,0.534,0.5700000000000001,0.14,0.144,103.22,103.07,85.89,103.07,0.068,3152,164,402,2.2,5.4,2024,73.0,65.0,74.0,80.0,78.0,75.0,70.0,74.0,40.0,60.0,43.0,44.0,52.0,41.0,73.0,45.0,67.0,46.0,63.0,55.0,66.0,40.0,69.0,37.0,67.0,85.0,75.0,80.0,66.0,68.0,65.0,64.0,38.0,40.0,55.0,69.0
Julian Phillips,CHI,40,20,20,0.5,8.1,0.8,1.9,0.416,0.3,1.0,0.316,0.3,0.5,0.684,0.3,0.6000000000000001,0.9,0.3,0.3,0.2,0.2,0.2,1.0,0.5,2.2,-0.1,404,113.2,112.1,112.1,113.8,111.7,111.7,-0.6000000000000001,0.4,0.4,0.052,1.3,12.1,0.035,0.077,0.055,9.3,9.2,0.494,0.521,0.121,0.126,99.51,100.9,84.08,100.9,0.03,675,32,77,0.8,1.9,2024,70.0,67.0,68.0,74.0,82.0,70.0,40.0,67.0,45.0,80.0,35.0,38.0,38.0,55.0,75.0,50.0,68.0,28.0,72.0,60.0,62.0,60.0,73.0,40.0,80.0,85.0,90.0,80.0,60.0,66.0,67.0,57.0,30.0,45.0,46.0,78.0
Julian Strawther,DEN,50,34,16,0.68,10.9,1.6,4.4,0.369,0.8,2.8,0.297,0.4,0.6000000000000001,0.71,0.1,1.1,1.2,0.9,0.5,0.3,0.1,0.2,1.1,0.8,4.5,-2.1,255,106.5,105.6,105.6,115.6,115.4,115.4,-9.1,-9.8,-9.8,0.123,2.04,15.4,0.008,0.096,0.052,7.5,7.5,0.462,0.482,0.193,0.201,101.48,102.0,85.0,102.0,0.055,1164,82,222,1.6,4.4,2024,73.0,85.0,74.0,75.0,75.0,80.0,80.0,79.0,35.0,60.0,40.0,40.0,40.0,44.0,95.0,44.0,65.0,49.0,51.0,60.0,65.0,55.0,63.0,53.0,64.0,90.0,75.0,80.0,64.0,74.0,57.0,65.0,40.0,30.0,51.0,70.0
Julius Randle,NYK,46,29,17,0.63,35.4,8.6,18.2,0.472,1.7,5.3,0.311,5.1,6.6,0.781,2.2,7.0,9.2,5.0,3.5,0.5,0.3,1.4,2.7,4.8,24.0,4.7,115,116.8,119.7,119.7,113.2,113.8,113.8,3.6,6.0,6.0,0.217,1.44,16.9,0.059,0.198,0.128,11.7,11.7,0.518,0.5690000000000001,0.287,0.291,100.35,98.84,82.36,98.84,0.134,3364,395,836,8.6,18.2,2024,85.0,89.0,85.0,73.0,74.0,65.0,95.0,85.0,85.0,80.0,79.0,60.0,86.0,92.0,85.0,77.0,73.0,35.0,42.0,73.0,52.0,75.0,73.0,87.0,69.0,95.0,90.0,84.0,74.0,80.0,68.0,84.0,71.0,58.0,81.0,76.0
Justin Champagnie,WAS,15,3,12,0.2,15.7,2.1,5.2,0.41,0.9,3.0,0.289,0.8,1.0,0.8,1.3,2.3,3.5,1.3,0.7000000000000001,0.7000000000000001,0.6000000000000001,0.4,0.9,0.7000000000000001,5.9,-3.9,244,105.9,106.4,106.4,119.7,117.5,117.5,-13.9,-11.1,-11.1,0.112,1.9,16.7,0.07,0.141,0.103,8.8,8.8,0.494,0.526,0.162,0.165,104.18,104.86,87.38,104.86,0.088,512,32,78,2.1,5.2,2024,71.0,70.0,67.0,72.0,71.0,75.0,65.0,74.0,65.0,75.0,48.0,44.0,40.0,45.0,75.0,49.0,52.0,59.0,71.0,55.0,52.0,40.0,73.0,40.0,78.0,80.0,92.0,80.0,62.0,65.0,66.0,62.0,41.0,66.0,65.0,73.0
Justin Minaya,POR,34,3,31,0.088,11.2,0.6000000000000001,2.2,0.297,0.4,1.4,0.245,0.1,0.3,0.556,0.9,0.8,1.6,0.6000000000000001,0.3,0.3,0.3,0.1,1.0,0.4,1.8,-2.4,389,98.7,99.9,99.9,110.5,108.4,108.4,-11.7,-8.6,-8.6,0.08,2.33,19.4,0.066,0.072,0.068,8.3,8.3,0.378,0.391,0.093,0.096,97.28,97.64,81.37,97.64,0.027,768,22,74,0.6000000000000001,2.2,2024,69.0,55.0,70.0,71.0,50.0,65.0,60.0,64.0,35.0,55.0,44.0,47.0,47.0,37.0,85.0,62.0,69.0,40.0,63.0,72.0,52.0,60.0,70.0,55.0,75.0,85.0,80.0,81.0,65.0,70.0,65.0,65.0,33.0,65.0,45.0,71.0
Karl-Anthony Towns,MIN,62,42,20,0.677,32.7,7.7,15.3,0.504,2.2,5.3,0.416,4.1,4.7,0.873,1.5,6.8,8.3,3.0,2.9,0.7000000000000001,0.7000000000000001,1.1,3.3,4.2,21.8,5.2,61,114.9,116.3,116.3,108.1,109.1,109.1,6.8,7.2,7.2,0.147,1.07,13.2,0.05,0.204,0.131,12.3,12.2,0.5750000000000001,0.625,0.268,0.274,99.41,98.37,81.97,98.37,0.14,4161,479,951,7.7,15.3,2024,88.0,93.0,85.0,87.0,90.0,75.0,95.0,78.0,90.0,75.0,85.0,84.0,85.0,70.0,98.0,69.0,50.0,37.0,56.0,79.0,55.0,55.0,76.0,87.0,70.0,98.0,80.0,82.0,60.0,65.0,66.0,79.0,58.0,52.0,82.0,76.0
Kawhi Leonard,LAC,68,44,24,0.647,34.3,9.0,17.1,0.525,2.1,4.9,0.417,3.7,4.2,0.885,1.2,4.9,6.1,3.6,1.8,1.6,0.9,0.4,1.4,4.2,23.7,5.8,70,117.9,119.3,119.3,109.4,111.1,111.1,8.4,8.2,8.2,0.165,2.05,14.9,0.039,0.138,0.091,7.3,7.2,0.585,0.626,0.261,0.267,99.12,97.77,81.47,97.77,0.154,4747,610,1162,9.0,17.1,2024,92.0,97.0,90.0,85.0,87.0,80.0,98.0,90.0,55.0,80.0,65.0,88.0,85.0,84.0,98.0,81.0,90.0,80.0,62.0,91.0,90.0,90.0,84.0,79.0,79.0,87.0,95.0,82.0,79.0,86.0,83.0,82.0,64.0,46.0,65.0,90.0
Keegan Murray,SAC,77,43,34,0.558,33.6,5.8,12.7,0.454,2.4,6.6,0.358,1.3,1.6,0.8310000000000001,1.4,4.1,5.5,1.7,0.8,1.0,0.8,0.5,2.7,1.3,15.2,1.8,48,114.2,116.2,116.2,112.5,113.4,113.4,1.7,2.7,2.7,0.068,2.02,10.6,0.039,0.126,0.081,5.2,5.2,0.548,0.5690000000000001,0.178,0.181,101.01,99.78,83.15,99.78,0.082,5377,443,975,5.8,12.7,2024,80.0,95.0,83.0,83.0,85.0,60.0,80.0,77.0,60.0,80.0,69.0,69.0,69.0,45.0,80.0,68.0,78.0,43.0,61.0,64.0,75.0,75.0,76.0,60.0,79.0,85.0,86.0,80.0,65.0,70.0,73.0,66.0,33.0,47.0,61.0,79.0
Keita Bates-Diop,BKN,53,29,24,0.547,12.5,1.4,3.1,0.434,0.4,1.3,0.304,0.6000000000000001,0.8,0.762,0.6000000000000001,1.5,2.1,0.7000000000000001,0.3,0.5,0.4,0.3,0.7000000000000001,0.5,3.7,-1.0,378,110.7,109.3,109.3,114.0,113.1,113.1,-3.3,-3.8,-3.8,0.084,2.53,16.1,0.049,0.118,0.085,6.4,6.3,0.497,0.534,0.128,0.134,97.72,98.77,82.31,98.77,0.078,1366,72,166,1.4,3.1,2024,72.0,76.0,74.0,73.0,72.0,70.0,80.0,77.0,55.0,65.0,54.0,63.0,60.0,50.0,70.0,63.0,63.0,53.0,68.0,60.0,60.0,35.0,77.0,60.0,72.0,80.0,70.0,76.0,58.0,66.0,66.0,56.0,33.0,55.0,57.0,77.0
Keldon Johnson,SAS,69,17,52,0.246,29.5,5.7,12.5,0.454,1.8,5.3,0.346,2.5,3.2,0.792,1.4,4.1,5.5,2.8,1.4,0.7000000000000001,0.3,0.8,2.2,2.4,15.7,-5.0,94,107.7,108.5,108.5,115.8,116.1,116.1,-8.2,-7.7,-7.7,0.142,1.95,15.6,0.043,0.135,0.088,8.0,8.0,0.527,0.5650000000000001,0.212,0.217,104.21,103.68,86.4,103.68,0.098,4399,391,862,5.7,12.5,2024,79.0,89.0,83.0,78.0,77.0,50.0,85.0,87.0,65.0,75.0,59.0,62.0,62.0,84.0,95.0,67.0,73.0,40.0,45.0,69.0,64.0,65.0,76.0,70.0,71.0,90.0,95.0,80.0,74.0,79.0,73.0,74.0,55.0,50.0,63.0,78.0
Kelly Olynyk,TOR,78,31,47,0.397,22.5,3.5,6.4,0.555,0.8,2.0,0.387,1.9,2.3,0.833,1.4,3.9,5.3,4.4,1.9,0.9,0.4,0.3,2.9,2.6,9.8,-3.4,272,110.2,111.7,111.7,118.5,119.1,119.1,-8.4,-7.3,-7.3,0.275,2.28,32.3,0.061,0.169,0.116,14.1,14.1,0.616,0.661,0.171,0.174,102.93,102.01,85.0,102.01,0.116,3743,276,497,3.5,6.4,2024,79.0,97.0,85.0,82.0,90.0,75.0,90.0,75.0,70.0,60.0,79.0,79.0,79.0,79.0,78.0,70.0,50.0,59.0,55.0,66.0,45.0,65.0,31.0,70.0,55.0,89.0,90.0,82.0,60.0,42.0,25.0,66.0,73.0,58.0,73.0,35.0
Kelly Oubre Jr.,PHI,68,40,28,0.588,30.2,5.7,12.9,0.441,1.5,4.8,0.311,2.6,3.4,0.75,1.4,3.6,5.0,1.5,1.3,1.1,0.7000000000000001,1.3,2.9,2.6,15.4,-0.4,139,112.4,114.1,114.1,112.9,114.0,114.0,-0.5,0.1,0.1,0.072,1.16,8.7,0.043,0.121,0.081,7.5,7.4,0.498,0.535,0.22,0.224,100.5,99.3,82.75,99.3,0.081,4239,387,878,5.7,12.9,2024,79.0,74.0,65.0,74.0,76.0,75.0,85.0,79.0,40.0,84.0,45.0,53.0,52.0,84.0,88.0,49.0,74.0,53.0,61.0,70.0,75.0,55.0,72.0,58.0,95.0,90.0,75.0,84.0,73.0,74.0,69.0,75.0,33.0,50.0,60.0,82.0
Kendall Brown,IND,15,10,5,0.667,4.2,0.5,1.0,0.533,0.0,0.1,0.0,0.3,0.5,0.625,0.2,0.1,0.3,0.3,0.1,0.0,0.0,0.0,0.6000000000000001,0.4,1.4,-1.6,498,90.3,84.3,84.3,105.5,103.8,103.8,-15.2,-19.5,-19.5,0.135,2.5,19.2,0.045,0.033,0.04,7.7,7.8,0.533,0.5670000000000001,0.135,0.141,97.91,102.13,85.11,102.13,0.04,134,8,15,0.5,1.0,2024,69.0,70.0,68.0,73.0,69.0,80.0,40.0,67.0,57.0,80.0,39.0,38.0,40.0,34.0,80.0,59.0,68.0,55.0,52.0,65.0,65.0,60.0,74.0,44.0,84.0,85.0,81.0,80.0,70.0,71.0,67.0,69.0,50.0,39.0,47.0,74.0
Kenneth Lofton Jr.,UTA,21,7,14,0.333,9.4,1.7,3.7,0.462,0.3,1.1,0.292,0.8,1.2,0.654,0.6000000000000001,1.2,1.8,1.6,0.7000000000000001,0.3,0.2,0.3,1.1,0.9,4.6,-0.5,392,109.0,109.4,109.4,111.9,111.2,111.2,-2.9,-1.8,-1.8,0.25,2.36,24.4,0.056,0.122,0.089,10.4,10.3,0.506,0.537,0.207,0.217,103.33,103.48,86.23,103.48,0.096,426,36,78,1.7,3.7,2024,73.0,87.0,76.0,71.0,59.0,70.0,50.0,74.0,55.0,75.0,70.0,68.0,70.0,50.0,80.0,57.0,38.0,43.0,62.0,57.0,52.0,50.0,64.0,82.0,70.0,85.0,90.0,80.0,60.0,62.0,58.0,64.0,72.0,67.0,62.0,64.0
Kenrich Williams,OKC,69,49,20,0.71,14.9,1.9,4.1,0.468,0.8,2.0,0.397,0.1,0.2,0.5,0.9,2.1,3.0,1.3,0.5,0.6000000000000001,0.1,0.3,1.5,0.5,4.7,2.2,260,116.7,115.2,115.2,106.4,106.7,106.7,10.4,8.4,8.4,0.12,2.91,22.6,0.062,0.14,0.102,7.8,7.8,0.5680000000000001,0.5680000000000001,0.132,0.136,100.68,101.18,84.31,101.18,0.079,2155,131,280,1.9,4.1,2024,73.0,81.0,65.0,82.0,44.0,75.0,80.0,79.0,40.0,65.0,40.0,52.0,54.0,55.0,90.0,68.0,75.0,53.0,45.0,74.0,75.0,75.0,66.0,63.0,72.0,80.0,90.0,80.0,69.0,69.0,63.0,69.0,43.0,59.0,64.0,75.0
Kentavious Caldwell-Pope,DEN,76,54,22,0.711,31.6,3.6,7.7,0.46,1.6,4.1,0.406,1.3,1.5,0.894,0.4,2.0,2.4,2.4,1.0,1.3,0.6000000000000001,0.2,2.0,1.3,10.1,7.5,116,120.7,122.4,122.4,109.6,111.0,111.0,11.1,11.3,11.3,0.09,2.44,20.7,0.014,0.062,0.039,8.5,8.4,0.5660000000000001,0.602,0.126,0.129,99.31,97.99,81.66,97.99,0.061,4910,270,587,3.6,7.7,2024,78.0,86.0,94.0,87.0,90.0,50.0,60.0,76.0,35.0,73.0,35.0,58.0,35.0,40.0,90.0,45.0,87.0,59.0,55.0,82.0,82.0,85.0,85.0,60.0,69.0,92.0,85.0,84.0,75.0,75.0,80.0,82.0,38.0,32.0,41.0,84.0
Keon Ellis,SAC,57,33,24,0.579,17.2,1.9,4.1,0.461,1.2,2.9,0.417,0.5,0.6000000000000001,0.743,0.6000000000000001,1.6,2.2,1.5,0.6000000000000001,0.9,0.5,0.1,2.0,0.8,5.4,1.6,180,114.8,114.4,114.4,109.6,109.0,109.0,5.2,5.5,5.5,0.115,2.3,23.0,0.031,0.094,0.062,10.0,10.0,0.612,0.627,0.123,0.127,98.83,99.24,82.7,99.24,0.068,2015,107,232,1.9,4.1,2024,77.0,87.0,74.0,83.0,74.0,70.0,70.0,77.0,25.0,65.0,27.0,40.0,38.0,54.0,78.0,58.0,84.0,83.0,67.0,82.0,80.0,80.0,81.0,48.0,79.0,85.0,80.0,80.0,64.0,74.0,77.0,65.0,42.0,42.0,52.0,84.0
Keon Johnson,BKN,5,0,5,0.0,12.3,1.6,4.2,0.381,0.8,2.0,0.4,2.2,2.4,0.917,0.6000000000000001,0.8,1.4,0.6000000000000001,1.0,0.6000000000000001,0.2,0.2,1.0,1.6,6.2,-5.0,262,116.1,114.8,114.8,134.4,134.4,134.4,-18.3,-19.5,-19.5,0.071,0.6000000000000001,8.6,0.044,0.078,0.059,14.3,14.6,0.476,0.59,0.212,0.215,99.52,100.06,83.39,100.06,0.061,128,8,21,1.6,4.2,2024,69.0,60.0,68.0,78.0,66.0,60.0,35.0,70.0,35.0,85.0,35.0,35.0,35.0,45.0,80.0,45.0,70.0,66.0,52.0,69.0,68.0,65.0,93.0,40.0,98.0,88.0,85.0,80.0,75.0,72.0,83.0,70.0,70.0,40.0,47.0,84.0
Kessler Edwards,SAC,54,32,22,0.593,5.1,0.6000000000000001,1.5,0.415,0.4,1.0,0.385,0.1,0.2,0.556,0.2,0.6000000000000001,0.8,0.3,0.1,0.2,0.1,0.1,0.5,0.2,1.7,-0.8,384,103.2,98.3,98.3,107.5,104.6,104.6,-4.3,-6.3,-6.3,0.084,3.75,14.3,0.029,0.126,0.074,3.8,3.8,0.537,0.541,0.134,0.143,98.68,102.55,85.46,102.55,0.073,583,34,82,0.6000000000000001,1.5,2024,69.0,64.0,72.0,82.0,80.0,40.0,30.0,68.0,60.0,65.0,50.0,50.0,50.0,45.0,80.0,59.0,75.0,36.0,56.0,74.0,75.0,75.0,72.0,77.0,70.0,80.0,75.0,80.0,50.0,64.0,59.0,64.0,31.0,42.0,60.0,74.0
Kevin Durant,PHX,75,44,31,0.587,37.2,10.0,19.1,0.523,2.2,5.4,0.413,4.8,5.6,0.856,0.5,6.1,6.6,5.0,3.3,0.9,1.2,0.7000000000000001,1.8,4.8,27.1,3.9,57,116.7,118.1,118.1,111.8,113.3,113.3,5.0,4.8,4.8,0.213,1.55,16.9,0.016,0.155,0.089,10.9,10.9,0.581,0.626,0.283,0.288,101.52,100.24,83.53,100.24,0.148,5832,751,1436,10.0,19.1,2024,94.0,97.0,97.0,92.0,87.0,78.0,98.0,96.0,60.0,85.0,74.0,86.0,86.0,97.0,98.0,75.0,84.0,40.0,68.0,85.0,75.0,85.0,80.0,63.0,77.0,94.0,90.0,88.0,78.0,92.0,80.0,88.0,71.0,33.0,69.0,84.0
Kevin Huerter,SAC,64,37,27,0.578,24.4,3.9,8.8,0.443,1.9,5.3,0.361,0.6000000000000001,0.7000000000000001,0.766,0.6000000000000001,2.9,3.5,2.6,0.8,0.7000000000000001,0.4,0.2,2.1,0.7000000000000001,10.2,1.2,84,116.2,117.5,117.5,114.5,115.0,115.0,1.7,2.5,2.5,0.138,3.13,20.8,0.024,0.124,0.073,6.6,6.6,0.553,0.5640000000000001,0.173,0.175,101.9,101.06,84.21,101.06,0.077,3286,248,560,3.9,8.8,2024,75.0,95.0,69.0,81.0,76.0,60.0,80.0,87.0,30.0,65.0,25.0,58.0,35.0,50.0,90.0,44.0,64.0,42.0,52.0,63.0,64.0,60.0,84.0,50.0,75.0,85.0,85.0,83.0,74.0,79.0,72.0,76.0,57.0,38.0,60.0,78.0
Kevin Knox II,POR,31,4,27,0.129,18.1,2.8,6.0,0.462,1.0,3.0,0.33,0.6000000000000001,0.7000000000000001,0.909,0.6000000000000001,1.8,2.4,0.7000000000000001,0.7000000000000001,0.4,0.2,0.4,1.6,0.7000000000000001,7.2,-2.7,221,109.1,109.4,109.4,115.8,117.2,117.2,-6.7,-7.8,-7.8,0.057,1.05,9.6,0.03,0.108,0.066,9.2,9.1,0.546,0.5700000000000001,0.157,0.162,103.92,103.16,85.96,103.16,0.062,1208,86,186,2.8,6.0,2024,72.0,88.0,61.0,79.0,77.0,70.0,40.0,67.0,65.0,75.0,59.0,52.0,68.0,49.0,78.0,57.0,69.0,40.0,52.0,68.0,69.0,40.0,75.0,70.0,80.0,90.0,73.0,82.0,59.0,75.0,72.0,60.0,31.0,40.0,53.0,75.0
Kevin Love,MIA,55,31,24,0.5640000000000001,16.8,2.9,6.5,0.44,1.5,4.4,0.344,1.5,2.0,0.787,1.1,5.1,6.1,2.1,0.9,0.3,0.2,0.2,1.8,1.8,8.8,2.0,133,114.7,114.7,114.7,108.2,108.2,108.2,6.5,6.5,6.5,0.189,2.4,20.1,0.062,0.295,0.178,8.4,8.4,0.557,0.597,0.21,0.215,99.7,99.69,83.07,99.69,0.144,1912,158,359,2.9,6.5,2024,76.0,95.0,73.0,80.0,82.0,50.0,45.0,72.0,70.0,50.0,77.0,84.0,84.0,50.0,95.0,69.0,50.0,37.0,51.0,75.0,57.0,50.0,66.0,82.0,70.0,70.0,80.0,77.0,65.0,52.0,33.0,77.0,68.0,61.0,95.0,54.0
Kevon Harris,ORL,2,1,1,0.5,3.0,1.0,1.5,0.667,0.0,0.0,0.0,0.0,0.0,0.0,0.0,1.0,1.0,0.5,0.5,0.0,0.0,0.0,1.5,0.0,2.0,0.0,498,156.7,142.9,142.9,142.0,133.3,133.3,14.7,9.5,9.5,0.2,1.0,20.0,0.0,0.286,0.2,20.0,20.0,0.667,0.667,0.286,0.313,106.47,115.04,95.87,115.04,0.053,14,2,3,1.0,1.5,2024,68.0,75.0,72.0,81.0,76.0,40.0,60.0,75.0,40.0,75.0,33.0,56.0,45.0,49.0,79.0,60.0,62.0,53.0,51.0,45.0,60.0,45.0,71.0,58.0,78.0,85.0,84.0,80.0,64.0,69.0,69.0,65.0,29.0,59.0,51.0,71.0
Kevon Looney,GSW,74,43,31,0.581,16.1,1.9,3.1,0.597,0.0,0.0,0.0,0.8,1.1,0.675,1.9,3.7,5.7,1.8,0.7000000000000001,0.4,0.4,0.3,2.1,1.0,4.5,0.5,498,114.9,115.4,115.4,113.7,114.0,114.0,1.2,1.4,1.4,0.148,2.66,29.4,0.116,0.222,0.169,11.1,11.0,0.597,0.62,0.11,0.114,99.81,99.5,82.92,99.5,0.102,2477,139,233,1.9,3.1,2024,76.0,97.0,68.0,69.0,69.0,50.0,60.0,78.0,75.0,70.0,55.0,52.0,62.0,52.0,66.0,72.0,46.0,38.0,62.0,74.0,64.0,65.0,58.0,74.0,63.0,85.0,96.0,84.0,55.0,61.0,48.0,66.0,55.0,85.0,85.0,69.0
Keyontae Johnson,OKC,9,7,2,0.778,7.4,0.6000000000000001,1.8,0.313,0.1,0.3,0.333,0.0,0.0,0.0,0.4,0.7000000000000001,1.1,0.4,0.4,0.1,0.0,0.2,0.6000000000000001,0.0,1.2,-0.8,460,100.2,100.0,100.0,108.2,105.8,105.8,-8.0,-5.8,-5.8,0.085,1.0,16.7,0.065,0.095,0.08,16.7,16.7,0.344,0.344,0.128,0.131,99.19,100.42,83.69,100.42,0.015,139,5,16,0.6000000000000001,1.8,2024,68.0,76.0,68.0,76.0,71.0,50.0,35.0,76.0,50.0,75.0,52.0,52.0,50.0,37.0,60.0,52.0,62.0,48.0,50.0,60.0,58.0,45.0,81.0,60.0,81.0,85.0,80.0,80.0,52.0,64.0,68.0,58.0,42.0,59.0,69.0,78.0
Keyonte George,UTA,75,27,48,0.36,27.0,4.3,10.9,0.391,2.0,5.9,0.334,2.5,3.0,0.848,0.2,2.6,2.8,4.4,2.5,0.5,0.1,0.7000000000000001,1.2,2.7,13.0,-5.0,81,108.3,109.6,109.6,118.4,118.9,118.9,-10.1,-9.3,-9.3,0.244,1.77,23.3,0.007,0.095,0.051,13.2,13.1,0.482,0.533,0.224,0.23,101.82,100.98,84.15,100.98,0.081,4264,319,815,4.3,10.9,2024,78.0,86.0,72.0,79.0,82.0,75.0,85.0,83.0,40.0,65.0,47.0,49.0,48.0,65.0,90.0,34.0,65.0,36.0,32.0,57.0,58.0,50.0,79.0,55.0,72.0,84.0,85.0,80.0,85.0,87.0,78.0,85.0,71.0,29.0,51.0,78.0
Khris Middleton,MIL,55,31,24,0.5640000000000001,27.0,5.8,11.7,0.493,1.7,4.5,0.381,1.8,2.2,0.833,0.7000000000000001,3.9,4.7,5.3,2.3,0.9,0.3,0.5,2.6,2.0,15.1,2.3,109,117.4,118.0,118.0,113.6,114.6,114.6,3.7,3.4,3.4,0.272,2.3,26.3,0.027,0.134,0.083,11.4,11.4,0.5660000000000001,0.595,0.23,0.235,102.79,102.11,85.1,102.11,0.117,3172,317,643,5.8,11.7,2024,85.0,94.0,97.0,82.0,82.0,60.0,90.0,89.0,40.0,65.0,67.0,80.0,83.0,65.0,85.0,72.0,84.0,46.0,47.0,83.0,80.0,80.0,71.0,73.0,66.0,92.0,80.0,90.0,78.0,77.0,71.0,78.0,74.0,40.0,65.0,84.0
Killian Hayes,DET,42,7,35,0.167,24.0,2.8,6.7,0.413,0.5,1.8,0.297,0.8,1.2,0.66,0.3,2.6,2.8,4.9,1.2,0.9,0.5,0.3,1.8,1.3,6.9,-5.8,334,106.4,106.5,106.5,116.8,117.6,117.6,-10.4,-11.1,-11.1,0.268,4.02,36.8,0.011,0.107,0.059,9.2,9.1,0.452,0.474,0.147,0.152,102.88,102.49,85.41,102.49,0.077,2149,117,283,2.8,6.7,2024,74.0,89.0,79.0,73.0,70.0,70.0,65.0,74.0,25.0,60.0,35.0,55.0,60.0,45.0,85.0,49.0,73.0,59.0,56.0,69.0,70.0,65.0,79.0,56.0,70.0,89.0,85.0,83.0,82.0,83.0,75.0,84.0,72.0,31.0,55.0,79.0
Kira Lewis Jr.,UTA,28,10,18,0.357,9.4,1.2,3.3,0.37,0.1,1.2,0.121,0.6000000000000001,0.7000000000000001,0.85,0.3,0.6000000000000001,0.9,1.3,0.5,0.3,0.1,0.2,0.5,0.6000000000000001,3.2,-2.4,445,101.7,99.6,99.6,110.9,111.1,111.1,-9.3,-11.4,-11.4,0.223,2.64,24.5,0.031,0.056,0.044,9.3,9.2,0.391,0.441,0.178,0.185,102.22,103.18,85.98,103.18,0.068,567,34,92,1.2,3.3,2024,71.0,88.0,66.0,60.0,86.0,65.0,70.0,73.0,25.0,45.0,25.0,45.0,32.0,50.0,86.0,34.0,67.0,49.0,42.0,68.0,65.0,40.0,89.0,49.0,70.0,85.0,80.0,84.0,75.0,86.0,82.0,75.0,67.0,43.0,42.0,89.0
Klay Thompson,GSW,77,41,36,0.532,29.7,6.4,14.7,0.432,3.5,9.0,0.387,1.6,1.8,0.927,0.5,2.8,3.3,2.3,1.5,0.6000000000000001,0.5,0.4,1.6,1.2,17.9,0.1,5,114.8,115.8,115.8,115.5,116.1,116.1,-0.7000000000000001,-0.3,-0.3,0.11,1.5,11.9,0.015,0.093,0.054,7.9,7.9,0.551,0.5760000000000001,0.234,0.241,102.58,101.9,84.91,101.9,0.09,4858,490,1133,6.4,14.7,2024,81.0,93.0,90.0,89.0,91.0,70.0,65.0,70.0,35.0,65.0,35.0,65.0,64.0,36.0,85.0,70.0,80.0,38.0,53.0,80.0,80.0,80.0,71.0,62.0,67.0,91.0,85.0,94.0,67.0,70.0,71.0,67.0,42.0,33.0,50.0,80.0
Kobe Brown,LAC,44,27,17,0.614,9.0,0.8,2.0,0.411,0.3,1.1,0.292,0.0,0.0,0.5,0.5,1.0,1.4,0.6000000000000001,0.2,0.3,0.1,0.1,1.1,0.1,2.0,-2.1,400,107.8,105.7,105.7,114.6,116.2,116.2,-6.8,-10.5,-10.5,0.085,2.78,20.0,0.046,0.105,0.075,7.2,7.2,0.489,0.49,0.104,0.108,100.22,100.45,83.71,100.45,0.043,822,37,90,0.8,2.0,2024,70.0,80.0,72.0,72.0,79.0,50.0,60.0,72.0,60.0,65.0,64.0,64.0,64.0,50.0,80.0,62.0,62.0,43.0,53.0,60.0,57.0,45.0,60.0,74.0,66.0,88.0,85.0,80.0,62.0,60.0,57.0,64.0,35.0,54.0,53.0,62.0
Kobe Bufkin,ATL,17,8,9,0.471,11.5,2.0,5.4,0.37,0.5,2.4,0.225,0.2,0.5,0.5,0.4,1.6,1.9,1.6,0.6000000000000001,0.4,0.3,0.4,1.2,0.5,4.8,-2.1,332,95.3,97.1,97.1,106.5,105.0,105.0,-11.2,-7.9,-7.9,0.233,2.7,20.5,0.028,0.13,0.078,7.6,7.5,0.418,0.424,0.221,0.23,102.41,102.12,85.1,102.12,0.077,416,34,92,2.0,5.4,2024,72.0,80.0,79.0,70.0,83.0,60.0,55.0,80.0,30.0,75.0,42.0,44.0,43.0,40.0,90.0,48.0,64.0,49.0,42.0,54.0,52.0,40.0,86.0,40.0,80.0,95.0,80.0,80.0,72.0,87.0,86.0,73.0,68.0,41.0,49.0,86.0
Kris Dunn,UTA,66,25,41,0.379,18.9,2.2,4.7,0.47,0.6000000000000001,1.7,0.369,0.3,0.5,0.6880000000000001,0.8,2.1,2.9,3.8,1.2,1.0,0.4,0.3,2.0,0.5,5.4,0.2,312,116.5,117.6,117.6,116.5,117.2,117.2,0.0,0.4,0.4,0.25,3.22,38.4,0.039,0.109,0.074,12.0,12.0,0.535,0.546,0.132,0.134,103.23,102.44,85.37,102.44,0.078,2667,147,313,2.2,4.7,2024,75.0,93.0,79.0,80.0,77.0,50.0,50.0,70.0,40.0,55.0,39.0,60.0,42.0,44.0,80.0,40.0,83.0,80.0,60.0,83.0,82.0,80.0,83.0,56.0,83.0,85.0,90.0,84.0,75.0,86.0,82.0,84.0,73.0,47.0,55.0,83.0
Kris Murray,POR,62,12,50,0.194,21.7,2.3,5.9,0.396,0.8,3.0,0.268,0.6000000000000001,0.9,0.661,1.4,2.2,3.6,1.3,0.9,0.9,0.3,0.4,1.5,0.9,6.1,-2.6,269,104.4,106.1,106.1,111.3,112.1,112.1,-6.8,-6.0,-6.0,0.083,1.45,15.3,0.057,0.107,0.08,10.5,10.5,0.463,0.481,0.136,0.138,100.02,98.81,82.34,98.81,0.059,2777,145,366,2.3,5.9,2024,73.0,75.0,70.0,72.0,73.0,75.0,70.0,70.0,60.0,75.0,50.0,52.0,52.0,50.0,80.0,60.0,66.0,56.0,53.0,65.0,66.0,50.0,68.0,60.0,75.0,90.0,80.0,80.0,60.0,69.0,62.0,60.0,36.0,58.0,56.0,73.0
Kyle Anderson,MIN,79,55,24,0.6960000000000001,22.6,2.5,5.5,0.46,0.1,0.6000000000000001,0.229,1.2,1.7,0.708,0.8,2.7,3.5,4.2,1.2,0.9,0.6000000000000001,0.3,1.6,1.3,6.4,2.1,448,110.6,110.1,110.1,105.3,105.1,105.1,5.3,5.1,5.1,0.264,3.64,36.1,0.034,0.116,0.076,9.9,9.9,0.472,0.513,0.14,0.145,99.62,99.95,83.29,99.95,0.097,3701,199,433,2.5,5.5,2024,76.0,88.0,86.0,60.0,69.0,60.0,60.0,79.0,55.0,45.0,45.0,48.0,41.0,49.0,70.0,60.0,79.0,59.0,62.0,78.0,75.0,75.0,66.0,62.0,66.0,85.0,64.0,83.0,78.0,81.0,65.0,79.0,72.0,45.0,58.0,80.0
Kyle Kuzma,WAS,70,13,57,0.186,32.6,8.7,18.8,0.463,2.2,6.4,0.336,2.7,3.4,0.775,0.9,5.7,6.6,4.2,2.7,0.5,0.7000000000000001,0.7000000000000001,2.2,2.7,22.2,-8.0,63,108.8,109.7,109.7,118.5,120.8,120.8,-9.7,-11.0,-11.0,0.201,1.54,15.6,0.026,0.17,0.098,10.1,10.1,0.521,0.547,0.295,0.3,105.03,103.56,86.3,103.56,0.114,4913,608,1313,8.7,18.8,2024,83.0,88.0,69.0,80.0,76.0,80.0,98.0,92.0,75.0,75.0,66.0,65.0,66.0,89.0,95.0,66.0,67.0,35.0,57.0,65.0,49.0,60.0,74.0,74.0,75.0,85.0,95.0,83.0,66.0,77.0,67.0,78.0,70.0,38.0,74.0,74.0
Kyle Lowry,PHI,60,32,28,0.533,28.2,2.7,6.3,0.432,1.6,4.2,0.392,1.1,1.3,0.84,0.6000000000000001,2.7,3.2,4.2,1.4,1.0,0.4,0.3,2.4,1.7,8.1,0.0,118,110.6,111.4,111.4,110.0,111.6,111.6,0.7000000000000001,-0.3,-0.3,0.212,2.98,33.9,0.02,0.098,0.058,11.4,11.4,0.562,0.594,0.128,0.13,98.27,97.21,81.01,97.21,0.077,3427,163,377,2.7,6.3,2024,76.0,90.0,85.0,83.0,83.0,70.0,65.0,70.0,25.0,25.0,38.0,44.0,40.0,45.0,95.0,60.0,80.0,55.0,51.0,80.0,80.0,80.0,84.0,67.0,72.0,96.0,97.0,79.0,75.0,79.0,84.0,80.0,70.0,36.0,52.0,84.0
Kyrie Irving,DAL,58,39,19,0.672,35.0,9.7,19.5,0.497,3.0,7.3,0.411,3.3,3.6,0.905,0.8,4.2,5.0,5.2,1.8,1.3,0.5,0.7000000000000001,1.9,3.1,25.6,4.8,19,118.0,119.6,119.6,111.7,112.6,112.6,6.3,6.9,6.9,0.225,2.82,18.5,0.021,0.116,0.069,6.6,6.5,0.5730000000000001,0.608,0.274,0.281,102.0,100.89,84.08,100.89,0.144,4258,562,1131,9.7,19.5,2024,92.0,97.0,98.0,87.0,90.0,88.0,98.0,97.0,25.0,30.0,35.0,70.0,64.0,85.0,96.0,32.0,73.0,49.0,51.0,75.0,86.0,60.0,85.0,37.0,81.0,97.0,87.0,80.0,88.0,99.0,85.0,89.0,71.0,36.0,58.0,85.0
LaMelo Ball,CHA,22,7,15,0.318,32.3,8.3,19.2,0.433,3.2,9.0,0.355,4.1,4.7,0.865,1.3,3.8,5.1,8.0,3.8,1.8,0.2,0.6000000000000001,3.6,4.1,23.9,-6.3,11,111.3,111.8,111.8,119.5,120.2,120.2,-8.1,-8.4,-8.4,0.395,2.12,24.3,0.038,0.122,0.078,11.5,11.4,0.515,0.561,0.315,0.324,103.56,103.0,85.84,103.0,0.133,1522,183,423,8.3,19.2,2024,87.0,86.0,78.0,83.0,86.0,85.0,95.0,85.0,45.0,75.0,52.0,58.0,52.0,82.0,98.0,45.0,70.0,83.0,37.0,79.0,89.0,75.0,84.0,50.0,79.0,93.0,89.0,82.0,93.0,88.0,84.0,93.0,89.0,46.0,61.0,84.0
Larry Nance Jr.,NOP,61,34,27,0.557,19.9,2.3,4.0,0.5730000000000001,0.4,1.1,0.415,0.8,1.0,0.77,1.5,3.5,5.0,1.9,0.8,1.0,0.3,0.2,1.6,1.2,5.7,1.2,359,112.8,111.7,111.7,108.5,108.4,108.4,4.3,3.3,3.3,0.129,2.31,26.3,0.079,0.176,0.128,11.4,11.4,0.629,0.653,0.112,0.115,99.35,99.9,83.25,99.9,0.103,2525,138,241,2.3,4.0,2024,76.0,93.0,74.0,79.0,70.0,70.0,60.0,72.0,85.0,85.0,58.0,54.0,69.0,60.0,78.0,74.0,61.0,76.0,55.0,78.0,89.0,65.0,65.0,69.0,86.0,88.0,85.0,83.0,69.0,64.0,49.0,70.0,45.0,66.0,74.0,61.0
Lauri Markkanen,UTA,55,22,33,0.4,33.1,7.8,16.2,0.48,3.2,8.0,0.399,4.5,5.0,0.899,2.2,5.9,8.2,2.0,1.4,0.9,0.5,0.8,1.8,4.4,23.2,0.4,11,116.5,117.6,117.6,116.9,116.9,116.9,-0.5,0.6000000000000001,0.6000000000000001,0.09,1.43,9.2,0.065,0.176,0.121,6.4,6.4,0.578,0.631,0.241,0.246,102.96,102.49,85.41,102.49,0.136,3884,427,890,7.8,16.2,2024,86.0,94.0,80.0,84.0,83.0,75.0,98.0,79.0,75.0,75.0,83.0,83.0,86.0,88.0,95.0,66.0,65.0,41.0,52.0,66.0,64.0,65.0,63.0,61.0,62.0,85.0,85.0,80.0,55.0,65.0,42.0,75.0,38.0,62.0,75.0,65.0
LeBron James,LAL,71,41,30,0.577,35.3,9.6,17.9,0.54,2.1,5.1,0.41,4.3,5.7,0.75,0.9,6.4,7.3,8.3,3.5,1.3,0.5,0.8,1.1,4.3,25.7,3.1,67,116.1,117.4,117.4,112.3,113.6,113.6,3.8,3.8,3.8,0.358,2.4,26.0,0.026,0.172,0.104,10.8,10.7,0.599,0.63,0.285,0.292,102.64,101.54,84.62,101.54,0.169,5304,685,1269,9.6,17.9,2024,95.0,89.0,78.0,85.0,73.0,98.0,98.0,98.0,80.0,89.0,82.0,90.0,84.0,96.0,98.0,79.0,79.0,65.0,75.0,78.0,90.0,60.0,87.0,89.0,89.0,99.0,93.0,97.0,90.0,87.0,85.0,97.0,84.0,50.0,74.0,87.0
Leaky Black,CHA,26,2,24,0.077,10.9,1.0,2.0,0.481,0.3,0.8,0.45,0.4,0.6000000000000001,0.667,0.3,1.5,1.8,0.9,0.2,0.3,0.4,0.2,0.7000000000000001,0.5,2.7,-1.0,391,105.2,105.1,105.1,111.3,109.2,109.2,-6.1,-4.0,-4.0,0.117,4.0,27.0,0.031,0.132,0.081,6.7,6.8,0.5670000000000001,0.589,0.099,0.101,98.46,99.44,82.86,99.44,0.079,587,25,52,1.0,2.0,2024,70.0,67.0,65.0,75.0,74.0,75.0,25.0,66.0,40.0,80.0,42.0,38.0,40.0,38.0,70.0,59.0,69.0,48.0,65.0,70.0,65.0,55.0,75.0,50.0,77.0,85.0,80.0,80.0,55.0,60.0,63.0,50.0,32.0,42.0,66.0,73.0
Leonard Miller,MIN,17,13,4,0.765,3.1,0.8,1.2,0.65,0.1,0.3,0.4,0.1,0.1,0.5,0.3,0.9,1.2,0.5,0.1,0.1,0.1,0.1,0.3,0.1,1.7,0.5,458,108.3,104.9,104.9,105.2,101.7,101.7,3.1,3.2,3.2,0.2,8.0,26.7,0.089,0.3,0.189,3.3,3.3,0.7000000000000001,0.6940000000000001,0.157,0.167,107.27,110.84,92.37,110.84,0.178,123,13,20,0.8,1.2,2024,70.0,74.0,70.0,72.0,79.0,60.0,50.0,75.0,65.0,85.0,59.0,54.0,55.0,37.0,80.0,57.0,63.0,52.0,57.0,60.0,59.0,40.0,73.0,55.0,82.0,90.0,75.0,80.0,51.0,70.0,70.0,52.0,43.0,52.0,71.0,73.0
Lindy Waters III,OKC,38,25,13,0.658,7.4,1.3,2.7,0.471,1.0,2.2,0.435,0.1,0.1,1.0,0.2,0.9,1.1,0.6000000000000001,0.2,0.1,0.2,0.0,0.6000000000000001,0.1,3.6,-0.9,232,105.7,103.7,103.7,112.7,111.4,111.4,-7.1,-7.7,-7.7,0.132,3.43,17.8,0.024,0.113,0.069,5.2,5.2,0.649,0.653,0.167,0.176,99.87,101.41,84.51,101.41,0.1,597,49,104,1.3,2.7,2024,74.0,74.0,77.0,85.0,80.0,95.0,80.0,70.0,25.0,65.0,28.0,54.0,34.0,65.0,70.0,53.0,67.0,36.0,62.0,62.0,62.0,40.0,60.0,33.0,67.0,83.0,70.0,80.0,69.0,69.0,50.0,67.0,43.0,39.0,56.0,69.0
Lonnie Walker IV,BKN,58,23,35,0.397,17.4,3.6,8.5,0.423,1.8,4.7,0.384,0.8,1.0,0.763,0.2,2.0,2.2,1.3,0.9,0.6000000000000001,0.3,0.4,1.2,0.8,9.7,0.1,102,111.1,111.3,111.3,111.1,111.8,111.8,0.0,-0.6000000000000001,-0.6000000000000001,0.113,1.45,11.5,0.013,0.11,0.061,7.9,7.9,0.528,0.545,0.235,0.242,100.68,100.24,83.53,100.24,0.09,2119,208,492,3.6,8.5,2024,74.0,76.0,72.0,82.0,76.0,65.0,75.0,82.0,40.0,75.0,48.0,53.0,48.0,67.0,75.0,55.0,74.0,46.0,57.0,62.0,65.0,35.0,89.0,64.0,83.0,85.0,65.0,82.0,70.0,78.0,77.0,67.0,43.0,32.0,57.0,89.0
Luguentz Dort,OKC,79,54,25,0.684,28.4,3.6,8.3,0.438,2.0,5.0,0.394,1.6,2.0,0.8260000000000001,0.9,2.7,3.6,1.4,0.9,0.9,0.6000000000000001,0.4,2.9,2.2,10.9,4.4,79,119.5,119.9,119.9,110.8,112.1,112.1,8.7,7.8,7.8,0.061,1.53,12.4,0.035,0.089,0.063,8.1,8.1,0.557,0.593,0.152,0.154,102.77,101.99,84.99,101.99,0.06,4762,288,657,3.6,8.3,2024,80.0,82.0,71.0,83.0,82.0,45.0,50.0,87.0,50.0,85.0,40.0,38.0,44.0,60.0,85.0,75.0,92.0,80.0,58.0,90.0,88.0,90.0,79.0,70.0,87.0,92.0,94.0,80.0,62.0,72.0,76.0,62.0,32.0,43.0,50.0,92.0
Luka Garza,MIN,25,17,8,0.68,4.9,1.4,3.0,0.48,0.4,1.3,0.281,0.7000000000000001,1.0,0.72,0.8,0.5,1.2,0.2,0.2,0.2,0.0,0.2,1.0,0.8,4.0,0.3,387,111.1,107.9,107.9,111.8,108.5,108.5,-0.6000000000000001,-0.6000000000000001,-0.6000000000000001,0.05,0.67,4.2,0.129,0.105,0.119,6.3,6.3,0.54,0.5760000000000001,0.278,0.296,105.18,108.34,90.28,108.34,0.098,279,36,75,1.4,3.0,2024,74.0,93.0,70.0,71.0,79.0,55.0,85.0,69.0,60.0,45.0,69.0,69.0,69.0,59.0,85.0,54.0,30.0,32.0,42.0,52.0,56.0,30.0,40.0,69.0,48.0,80.0,85.0,80.0,55.0,35.0,34.0,55.0,44.0,96.0,51.0,40.0
Luke Kennard,MEM,39,15,24,0.385,25.6,3.6,8.1,0.448,2.7,6.1,0.45,1.0,1.2,0.889,0.3,2.6,2.9,3.5,1.4,0.5,0.1,0.3,1.0,0.8,11.0,-4.8,26,105.5,106.4,106.4,115.5,115.2,115.2,-10.0,-8.8,-8.8,0.212,2.52,26.2,0.011,0.105,0.057,10.4,10.3,0.617,0.641,0.166,0.172,99.86,99.53,82.94,99.53,0.099,2069,141,315,3.6,8.1,2024,76.0,77.0,80.0,89.0,94.0,80.0,85.0,70.0,30.0,60.0,28.0,50.0,35.0,49.0,95.0,35.0,51.0,37.0,30.0,50.0,50.0,45.0,69.0,40.0,60.0,92.0,85.0,80.0,76.0,78.0,66.0,79.0,70.0,31.0,53.0,68.0
Luke Kornet,BOS,63,48,15,0.762,15.6,2.3,3.2,0.7000000000000001,0.0,0.0,1.0,0.8,0.9,0.907,1.9,2.3,4.1,1.1,0.3,0.4,1.0,0.2,1.2,1.1,5.3,3.5,494,120.5,121.8,121.8,111.0,109.7,109.7,9.5,12.1,12.1,0.089,3.19,21.3,0.117,0.141,0.129,6.7,6.7,0.7020000000000001,0.736,0.107,0.11,96.81,96.92,80.77,96.92,0.113,1976,142,203,2.3,3.2,2024,76.0,79.0,56.0,70.0,82.0,90.0,75.0,60.0,75.0,60.0,69.0,68.0,69.0,58.0,85.0,74.0,32.0,40.0,86.0,76.0,54.0,70.0,38.0,66.0,62.0,85.0,85.0,77.0,50.0,43.0,33.0,60.0,37.0,87.0,63.0,37.0
Malachi Flynn,DET,69,28,41,0.406,12.7,2.0,4.7,0.418,0.8,2.4,0.331,0.8,1.0,0.732,0.3,1.3,1.7,1.9,0.9,0.6000000000000001,0.1,0.3,1.0,0.8,5.5,-2.6,260,105.2,104.8,104.8,114.0,114.6,114.6,-8.8,-9.8,-9.8,0.231,2.06,23.7,0.022,0.106,0.062,11.5,11.5,0.505,0.533,0.199,0.207,99.71,99.65,83.04,99.65,0.088,1820,136,325,2.0,4.7,2024,74.0,86.0,84.0,76.0,77.0,75.0,80.0,84.0,25.0,25.0,25.0,37.0,25.0,69.0,73.0,27.0,69.0,63.0,45.0,69.0,68.0,55.0,73.0,44.0,65.0,83.0,70.0,82.0,74.0,76.0,73.0,73.0,70.0,37.0,55.0,76.0
Malaki Branham,SAS,75,18,57,0.24,21.3,3.6,8.4,0.432,1.2,3.6,0.347,0.7000000000000001,0.8,0.873,0.4,1.6,2.0,2.1,1.2,0.4,0.1,0.5,1.3,0.8,9.2,-5.0,176,105.8,105.9,105.9,115.8,117.0,117.0,-10.1,-11.1,-11.1,0.142,1.71,17.3,0.016,0.074,0.044,10.1,10.1,0.506,0.526,0.192,0.197,104.34,103.72,86.43,103.72,0.062,3449,271,628,3.6,8.4,2024,75.0,74.0,81.0,78.0,88.0,75.0,85.0,80.0,60.0,75.0,47.0,44.0,49.0,62.0,95.0,45.0,63.0,35.0,35.0,54.0,52.0,45.0,82.0,55.0,75.0,86.0,70.0,80.0,59.0,69.0,74.0,59.0,54.0,34.0,45.0,82.0
Malcolm Brogdon,POR,39,15,24,0.385,28.7,5.6,12.7,0.44,2.1,5.1,0.412,2.4,3.0,0.8190000000000001,0.7000000000000001,3.1,3.8,5.5,1.5,0.7000000000000001,0.2,0.7000000000000001,1.5,2.4,15.7,-2.1,65,109.7,110.7,110.7,113.1,114.5,114.5,-3.4,-3.7,-3.7,0.301,3.57,26.1,0.024,0.108,0.065,7.3,7.3,0.522,0.56,0.226,0.232,100.57,99.51,82.92,99.51,0.122,2326,218,496,5.6,12.7,2024,80.0,78.0,74.0,86.0,77.0,70.0,90.0,87.0,40.0,70.0,44.0,45.0,40.0,92.0,92.0,65.0,77.0,40.0,40.0,77.0,74.0,65.0,77.0,56.0,72.0,93.0,95.0,84.0,89.0,86.0,77.0,92.0,76.0,38.0,57.0,80.0
Malik Beasley,MIL,79,46,33,0.582,29.6,4.1,9.1,0.443,2.8,6.9,0.413,0.3,0.4,0.714,0.5,3.2,3.7,1.4,0.7000000000000001,0.7000000000000001,0.1,0.3,2.0,0.5,11.3,3.7,23,117.7,118.3,118.3,111.2,112.6,112.6,6.5,5.8,5.8,0.059,2.0,12.0,0.017,0.098,0.059,6.0,6.0,0.598,0.603,0.142,0.145,103.17,102.26,85.22,102.26,0.065,4981,320,722,4.1,9.1,2024,75.0,91.0,82.0,87.0,77.0,60.0,60.0,80.0,45.0,78.0,63.0,65.0,41.0,50.0,76.0,48.0,66.0,40.0,32.0,60.0,54.0,45.0,75.0,55.0,79.0,93.0,85.0,84.0,69.0,79.0,68.0,70.0,31.0,35.0,53.0,75.0
Malik Monk,SAC,72,42,30,0.583,26.0,5.5,12.4,0.443,2.1,5.9,0.35,2.4,2.8,0.8290000000000001,0.4,2.6,2.9,5.1,2.1,0.6000000000000001,0.5,0.8,2.2,2.3,15.4,0.1,71,113.5,115.2,115.2,115.5,115.1,115.1,-1.9,0.1,0.1,0.29,2.47,24.8,0.014,0.101,0.056,10.0,10.0,0.526,0.5640000000000001,0.247,0.254,102.46,101.92,84.93,101.92,0.11,3978,396,893,5.5,12.4,2024,80.0,91.0,90.0,82.0,90.0,60.0,80.0,82.0,40.0,80.0,25.0,62.0,45.0,64.0,95.0,45.0,68.0,40.0,58.0,69.0,68.0,45.0,80.0,48.0,88.0,88.0,72.0,80.0,75.0,79.0,76.0,78.0,74.0,33.0,53.0,81.0
MarJon Beauchamp,MIL,48,30,18,0.625,12.7,1.7,3.5,0.488,0.6000000000000001,1.6,0.4,0.4,0.6000000000000001,0.679,0.5,1.6,2.1,0.6000000000000001,0.6000000000000001,0.3,0.1,0.4,1.1,0.4,4.4,-0.3,307,114.0,113.5,113.5,113.5,114.5,114.5,0.5,-1.0,-1.0,0.067,1.15,13.1,0.037,0.123,0.081,11.4,11.4,0.578,0.592,0.141,0.145,103.77,103.51,86.26,103.51,0.064,1311,81,166,1.7,3.5,2024,73.0,88.0,81.0,83.0,68.0,55.0,60.0,79.0,40.0,70.0,29.0,42.0,44.0,65.0,74.0,54.0,69.0,36.0,45.0,65.0,69.0,45.0,76.0,52.0,82.0,89.0,70.0,80.0,65.0,70.0,70.0,67.0,32.0,47.0,57.0,76.0
Marcus Sasser,DET,71,11,60,0.155,19.0,3.1,7.2,0.428,1.3,3.4,0.375,0.8,0.9,0.879,0.2,1.6,1.8,3.3,1.3,0.6000000000000001,0.2,0.3,1.5,1.0,8.3,-3.5,168,106.4,107.0,107.0,116.0,115.7,115.7,-9.5,-8.7,-8.7,0.263,2.62,27.2,0.008,0.085,0.045,10.4,10.4,0.516,0.542,0.195,0.199,102.2,102.01,85.01,102.01,0.086,2871,219,512,3.1,7.2,2024,74.0,90.0,83.0,81.0,87.0,75.0,70.0,80.0,25.0,50.0,32.0,37.0,37.0,47.0,75.0,35.0,70.0,46.0,45.0,67.0,67.0,65.0,75.0,47.0,69.0,85.0,85.0,80.0,74.0,80.0,75.0,74.0,72.0,29.0,48.0,83.0
Marcus Smart,MEM,20,7,13,0.35,30.2,5.1,11.9,0.43,2.1,6.7,0.313,2.2,2.8,0.768,0.3,2.4,2.7,4.3,3.1,2.1,0.3,0.3,2.7,2.9,14.5,-1.0,66,106.8,108.5,108.5,106.6,109.2,109.2,0.2,-0.8,-0.8,0.211,1.39,21.0,0.009,0.073,0.041,15.1,15.1,0.519,0.552,0.225,0.228,104.71,102.65,85.54,102.65,0.083,1289,102,237,5.1,11.9,2024,80.0,95.0,90.0,74.0,81.0,65.0,40.0,70.0,25.0,50.0,25.0,58.0,78.0,27.0,70.0,74.0,91.0,96.0,45.0,90.0,91.0,90.0,75.0,73.0,83.0,89.0,90.0,83.0,75.0,74.0,74.0,75.0,71.0,30.0,45.0,93.0
Mark Williams,CHA,19,7,12,0.368,26.8,5.2,7.9,0.649,0.0,0.0,0.0,2.4,3.4,0.719,4.0,5.7,9.7,1.2,0.9,0.8,1.1,0.9,2.6,2.8,12.7,-1.1,498,114.7,115.2,115.2,114.0,116.4,116.4,0.7000000000000001,-1.2,-1.2,0.059,1.29,10.0,0.143,0.209,0.176,7.7,7.8,0.649,0.675,0.162,0.163,101.25,100.03,83.36,100.03,0.129,1056,98,151,5.2,7.9,2024,80.0,84.0,60.0,36.0,75.0,60.0,85.0,77.0,85.0,75.0,60.0,60.0,60.0,73.0,85.0,79.0,44.0,43.0,74.0,78.0,60.0,70.0,65.0,80.0,75.0,85.0,88.0,80.0,44.0,35.0,32.0,52.0,32.0,92.0,85.0,64.0
Markieff Morris,DAL,26,15,11,0.577,8.3,0.9,2.6,0.338,0.6000000000000001,1.6,0.357,0.2,0.2,0.833,0.2,1.3,1.5,0.6000000000000001,0.5,0.2,0.1,0.1,0.5,0.3,2.5,-2.2,319,101.5,99.8,99.8,113.8,115.1,115.1,-12.3,-15.3,-15.3,0.106,1.33,16.2,0.017,0.152,0.083,12.1,12.2,0.449,0.467,0.153,0.159,104.4,104.7,87.25,104.7,0.063,479,23,68,0.9,2.6,2024,70.0,83.0,75.0,80.0,74.0,50.0,65.0,67.0,65.0,67.0,68.0,77.0,75.0,40.0,70.0,75.0,42.0,40.0,40.0,75.0,50.0,55.0,57.0,84.0,63.0,91.0,77.0,92.0,44.0,42.0,34.0,78.0,39.0,40.0,70.0,50.0
Marvin Bagley III,WAS,50,7,43,0.14,21.1,4.8,8.2,0.586,0.2,0.5,0.391,1.9,2.5,0.762,2.6,3.6,6.2,1.1,1.2,0.4,0.7000000000000001,0.8,1.6,2.1,11.7,-2.7,437,108.7,109.5,109.5,116.2,115.5,115.5,-7.6,-6.0,-6.0,0.079,0.93,9.5,0.119,0.175,0.146,10.2,10.2,0.597,0.629,0.204,0.208,102.99,102.87,85.73,102.87,0.122,2257,239,408,4.8,8.2,2024,76.0,87.0,74.0,75.0,84.0,40.0,80.0,82.0,80.0,80.0,80.0,78.0,81.0,70.0,80.0,70.0,49.0,36.0,66.0,70.0,65.0,55.0,73.0,80.0,86.0,85.0,80.0,87.0,47.0,62.0,64.0,60.0,35.0,85.0,73.0,74.0
Mason Jones,SAC,5,3,2,0.6000000000000001,5.5,0.4,1.6,0.25,0.4,1.4,0.286,0.2,0.4,0.5,0.2,0.8,1.0,1.0,0.4,0.2,0.0,0.2,0.6000000000000001,0.4,1.4,-1.4,375,89.3,87.7,87.7,96.9,96.6,96.6,-7.5,-8.9,-8.9,0.278,2.5,31.3,0.026,0.143,0.076,12.5,12.6,0.375,0.394,0.155,0.16,99.53,100.57,83.8,100.57,0.065,57,2,8,0.4,1.6,2024,69.0,71.0,84.0,80.0,65.0,70.0,70.0,70.0,25.0,65.0,44.0,40.0,40.0,64.0,78.0,54.0,69.0,40.0,25.0,64.0,62.0,45.0,64.0,46.0,57.0,80.0,70.0,80.0,62.0,71.0,64.0,60.0,66.0,34.0,73.0,74.0
Mason Plumlee,LAC,46,29,17,0.63,14.7,1.9,3.3,0.5690000000000001,0.0,0.1,0.0,1.5,2.2,0.707,1.3,3.8,5.1,1.2,0.8,0.3,0.4,0.3,1.5,1.8,5.3,0.2,498,115.6,115.8,115.8,115.1,115.5,115.5,0.5,0.3,0.3,0.107,1.53,19.0,0.09,0.244,0.17,12.5,12.5,0.5690000000000001,0.621,0.147,0.149,101.01,100.71,83.93,100.71,0.108,1417,87,153,1.9,3.3,2024,77.0,90.0,60.0,58.0,54.0,75.0,65.0,81.0,85.0,80.0,75.0,70.0,70.0,60.0,81.0,74.0,46.0,37.0,62.0,77.0,68.0,75.0,57.0,80.0,75.0,78.0,92.0,83.0,75.0,37.0,50.0,72.0,42.0,72.0,90.0,48.0
Matisse Thybulle,POR,65,18,47,0.277,22.9,1.9,4.9,0.397,1.2,3.6,0.346,0.3,0.4,0.759,0.5,1.6,2.1,1.4,0.6000000000000001,1.7,0.8,0.2,1.4,0.6000000000000001,5.4,-3.6,179,106.6,107.7,107.7,113.4,115.1,115.1,-6.8,-7.4,-7.4,0.083,2.25,19.6,0.019,0.074,0.046,8.7,8.7,0.524,0.537,0.105,0.108,100.68,99.41,82.84,99.41,0.061,3078,126,317,1.9,4.9,2024,74.0,79.0,48.0,78.0,68.0,50.0,25.0,74.0,35.0,70.0,30.0,30.0,30.0,25.0,70.0,60.0,89.0,98.0,70.0,85.0,97.0,85.0,76.0,59.0,70.0,85.0,90.0,80.0,55.0,65.0,69.0,35.0,35.0,35.0,46.0,89.0
Matt Ryan,NOP,28,14,14,0.5,13.9,1.8,4.0,0.434,1.5,3.3,0.451,0.5,0.5,0.929,0.2,1.2,1.4,0.6000000000000001,0.7000000000000001,0.2,0.0,0.0,1.1,0.6000000000000001,5.4,0.5,142,108.1,107.9,107.9,107.1,106.5,106.5,1.0,1.4,1.4,0.064,0.95,11.6,0.014,0.079,0.047,12.3,12.2,0.615,0.638,0.144,0.148,103.45,103.84,86.53,103.84,0.062,845,49,113,1.8,4.0,2024,71.0,77.0,65.0,88.0,90.0,60.0,60.0,74.0,40.0,55.0,40.0,40.0,40.0,37.0,95.0,42.0,64.0,35.0,32.0,55.0,50.0,40.0,55.0,54.0,69.0,89.0,70.0,79.0,65.0,67.0,52.0,68.0,32.0,34.0,47.0,64.0
Max Christie,LAL,67,38,29,0.5670000000000001,14.1,1.5,3.6,0.427,0.6000000000000001,1.8,0.356,0.5,0.7000000000000001,0.783,0.2,1.9,2.1,0.9,0.5,0.3,0.3,0.3,0.9,0.4,4.2,-0.3,306,111.0,109.2,109.2,110.1,110.3,110.3,0.9,-1.1,-1.1,0.084,1.71,16.8,0.017,0.122,0.073,9.8,9.8,0.515,0.544,0.132,0.137,103.45,104.25,86.88,104.25,0.063,2054,103,241,1.5,3.6,2024,73.0,90.0,80.0,79.0,75.0,70.0,70.0,70.0,35.0,80.0,39.0,42.0,42.0,41.0,90.0,44.0,63.0,37.0,56.0,60.0,57.0,50.0,87.0,55.0,82.0,98.0,80.0,80.0,68.0,70.0,78.0,66.0,35.0,34.0,61.0,87.0
Max Strus,CLE,70,43,27,0.614,32.0,4.3,10.4,0.418,2.4,6.8,0.351,1.1,1.4,0.794,0.9,3.9,4.8,4.0,1.6,0.9,0.4,0.6000000000000001,2.4,1.7,12.2,3.6,46,114.6,115.3,115.3,108.4,109.7,109.7,6.2,5.6,5.6,0.166,2.53,24.4,0.03,0.117,0.074,9.6,9.6,0.533,0.553,0.167,0.171,100.61,99.71,83.09,99.71,0.081,4649,304,728,4.3,10.4,2024,77.0,78.0,85.0,82.0,81.0,85.0,80.0,68.0,35.0,65.0,48.0,58.0,54.0,68.0,85.0,45.0,57.0,42.0,51.0,50.0,50.0,35.0,76.0,40.0,74.0,98.0,80.0,85.0,72.0,69.0,74.0,78.0,65.0,41.0,60.0,76.0
Maxi Kleber,DAL,43,27,16,0.628,20.3,1.5,3.4,0.432,0.7000000000000001,2.1,0.348,0.8,1.1,0.7020000000000001,0.7000000000000001,2.6,3.3,1.6,0.7000000000000001,0.4,0.7000000000000001,0.1,1.8,1.3,4.4,2.9,282,116.9,116.5,116.5,110.0,109.9,109.9,6.9,6.6,6.6,0.099,2.43,25.9,0.035,0.125,0.082,10.6,10.7,0.541,0.5730000000000001,0.096,0.098,101.83,102.07,85.06,102.07,0.057,1854,63,146,1.5,3.4,2024,74.0,71.0,70.0,78.0,71.0,60.0,35.0,73.0,75.0,75.0,67.0,67.0,64.0,40.0,80.0,80.0,78.0,36.0,70.0,78.0,78.0,80.0,45.0,79.0,56.0,85.0,85.0,80.0,70.0,64.0,45.0,68.0,38.0,43.0,61.0,77.0
Maxwell Lewis,LAL,34,18,16,0.529,3.0,0.1,0.6000000000000001,0.19,0.0,0.3,0.111,0.1,0.1,0.667,0.1,0.1,0.1,0.2,0.3,0.1,0.0,0.1,0.1,0.1,0.3,-2.1,489,76.8,73.1,73.1,114.0,105.8,105.8,-37.2,-32.6,-32.6,0.109,0.6000000000000001,15.8,0.018,0.019,0.019,26.3,26.1,0.214,0.246,0.127,0.137,99.38,105.73,88.11,105.73,-0.031,227,4,21,0.1,0.6000000000000001,2024,69.0,70.0,70.0,77.0,79.0,70.0,40.0,70.0,35.0,70.0,30.0,38.0,26.0,42.0,76.0,25.0,68.0,43.0,47.0,60.0,52.0,50.0,67.0,44.0,75.0,85.0,80.0,80.0,60.0,70.0,62.0,64.0,42.0,33.0,42.0,75.0
Micah Potter,UTA,16,3,13,0.188,11.6,1.2,2.5,0.475,0.6000000000000001,1.3,0.429,0.4,0.5,0.75,0.6000000000000001,2.1,2.7,0.4,0.3,0.3,0.4,0.1,0.9,0.5,3.3,-1.8,323,107.1,105.9,105.9,112.1,114.4,114.4,-5.1,-8.4,-8.4,0.046,1.2,11.1,0.051,0.168,0.11,9.3,9.2,0.588,0.609,0.109,0.114,99.79,99.32,82.77,99.32,0.08,387,19,40,1.2,2.5,2024,68.0,66.0,70.0,78.0,80.0,60.0,40.0,60.0,75.0,65.0,51.0,50.0,52.0,40.0,76.0,52.0,37.0,37.0,68.0,48.0,47.0,30.0,43.0,70.0,60.0,80.0,70.0,81.0,54.0,42.0,32.0,55.0,29.0,55.0,74.0,43.0
Michael Porter Jr.,DEN,81,57,24,0.704,31.7,6.4,13.3,0.484,2.7,6.8,0.397,1.1,1.4,0.836,1.3,5.7,7.0,1.5,1.1,0.5,0.7000000000000001,0.5,1.8,1.2,16.7,5.8,29,118.5,120.2,120.2,111.4,112.1,112.1,7.1,8.1,8.1,0.064,1.33,9.1,0.042,0.177,0.111,6.9,6.9,0.586,0.601,0.202,0.205,98.88,97.81,81.51,97.81,0.106,5247,522,1079,6.4,13.3,2024,83.0,92.0,96.0,87.0,75.0,70.0,98.0,92.0,60.0,80.0,50.0,62.0,68.0,55.0,80.0,60.0,64.0,35.0,57.0,60.0,68.0,40.0,80.0,68.0,88.0,88.0,80.0,66.0,65.0,78.0,77.0,62.0,32.0,48.0,74.0,81.0
Mikal Bridges,BKN,82,32,50,0.39,34.8,6.9,15.8,0.436,2.7,7.2,0.372,3.1,3.9,0.8140000000000001,0.8,3.7,4.5,3.6,2.0,1.0,0.4,0.7000000000000001,1.4,3.1,19.6,-2.3,31,109.8,111.0,111.0,113.1,114.3,114.3,-3.3,-3.3,-3.3,0.163,1.82,15.9,0.022,0.105,0.063,8.7,8.6,0.521,0.56,0.238,0.244,99.38,98.35,81.96,98.35,0.105,5852,564,1294,6.9,15.8,2024,84.0,85.0,76.0,82.0,86.0,75.0,75.0,75.0,40.0,75.0,55.0,57.0,57.0,80.0,80.0,69.0,88.0,42.0,47.0,82.0,86.0,85.0,80.0,68.0,85.0,92.0,95.0,84.0,78.0,82.0,72.0,88.0,63.0,37.0,55.0,89.0
Mike Conley,MIN,76,53,23,0.6970000000000001,28.9,3.9,8.5,0.457,2.4,5.3,0.442,1.3,1.5,0.911,0.5,2.4,2.9,5.9,1.3,1.2,0.2,0.2,1.7,1.6,11.4,3.6,51,112.6,113.7,113.7,107.0,108.0,108.0,5.6,5.7,5.7,0.29,4.4,36.2,0.018,0.081,0.051,8.2,8.2,0.595,0.627,0.157,0.161,98.29,97.38,81.15,97.38,0.115,4460,294,644,3.9,8.5,2024,81.0,91.0,67.0,89.0,95.0,80.0,70.0,76.0,25.0,30.0,25.0,40.0,29.0,60.0,84.0,31.0,83.0,59.0,42.0,83.0,80.0,80.0,83.0,40.0,92.0,85.0,80.0,82.0,90.0,89.0,83.0,90.0,74.0,35.0,47.0,84.0
Miles Bridges,CHA,69,17,52,0.246,37.4,8.1,17.5,0.462,2.3,6.5,0.349,2.5,3.1,0.8250000000000001,1.0,6.3,7.3,3.3,2.0,0.9,0.5,0.9,1.7,2.5,21.0,-9.2,56,107.3,108.0,108.0,118.8,120.1,120.1,-11.4,-12.1,-12.1,0.146,1.67,13.9,0.027,0.176,0.099,8.3,8.3,0.527,0.556,0.242,0.248,99.32,98.46,82.05,98.46,0.111,5298,559,1210,8.1,17.5,2024,81.0,82.0,73.0,78.0,86.0,80.0,85.0,88.0,60.0,90.0,59.0,60.0,80.0,88.0,79.0,60.0,59.0,40.0,51.0,62.0,68.0,45.0,75.0,73.0,82.0,88.0,75.0,85.0,69.0,76.0,71.0,74.0,58.0,40.0,75.0,76.0
Miles McBride,NYK,68,42,26,0.618,19.5,3.0,6.7,0.452,1.6,3.9,0.41,0.6000000000000001,0.7000000000000001,0.86,0.5,1.0,1.5,1.7,0.4,0.7000000000000001,0.1,0.3,1.6,0.8,8.3,-0.2,123,109.3,110.6,110.6,110.9,110.6,110.6,-1.6,0.0,0.0,0.131,3.8,18.4,0.022,0.053,0.037,4.9,4.8,0.5720000000000001,0.59,0.164,0.168,95.83,95.4,79.5,95.4,0.08,2632,205,454,3.0,6.7,2024,76.0,69.0,89.0,85.0,67.0,75.0,80.0,79.0,25.0,65.0,25.0,58.0,48.0,55.0,80.0,40.0,81.0,56.0,37.0,78.0,74.0,75.0,86.0,44.0,80.0,85.0,85.0,80.0,70.0,88.0,80.0,60.0,46.0,37.0,39.0,86.0
Mitchell Robinson,NYK,31,19,12,0.613,24.8,2.4,4.1,0.5750000000000001,0.0,0.0,0.0,0.9,2.1,0.409,4.6,3.9,8.5,0.6000000000000001,0.8,1.2,1.1,0.5,1.8,1.9,5.6,0.4,498,115.1,117.3,117.3,116.8,116.2,116.2,-1.7,1.1,1.1,0.031,0.72,9.0,0.17,0.173,0.171,12.4,12.6,0.5750000000000001,0.554,0.099,0.1,97.35,96.67,80.56,96.67,0.082,1545,73,127,2.4,4.1,2024,80.0,75.0,68.0,32.0,37.0,85.0,50.0,79.0,90.0,80.0,65.0,52.0,50.0,64.0,80.0,83.0,49.0,73.0,81.0,87.0,65.0,80.0,48.0,84.0,83.0,85.0,95.0,80.0,70.0,40.0,25.0,54.0,28.0,97.0,69.0,65.0
Mo Bamba,PHI,57,30,27,0.526,13.0,1.7,3.5,0.49,0.4,1.1,0.391,0.6000000000000001,0.9,0.68,1.4,2.8,4.2,0.7000000000000001,0.7000000000000001,0.4,1.1,0.2,1.8,0.9,4.4,-0.8,362,106.5,107.5,107.5,110.9,110.5,110.5,-4.3,-3.0,-3.0,0.083,1.05,13.7,0.095,0.218,0.153,13.0,13.0,0.553,0.5750000000000001,0.149,0.152,98.06,97.77,81.47,97.77,0.098,1507,97,198,1.7,3.5,2024,73.0,75.0,65.0,79.0,66.0,45.0,50.0,60.0,75.0,70.0,69.0,64.0,69.0,45.0,80.0,75.0,48.0,43.0,93.0,77.0,64.0,60.0,75.0,68.0,75.0,78.0,75.0,81.0,35.0,46.0,32.0,51.0,34.0,76.0,85.0,64.0
Monte Morris,MIN,33,21,12,0.636,14.4,1.9,4.6,0.405,0.8,2.1,0.386,0.4,0.6000000000000001,0.684,0.2,1.5,1.7,2.1,0.2,0.6000000000000001,0.3,0.2,0.4,0.5,5.0,2.6,256,113.6,113.5,113.5,103.6,104.1,104.1,10.0,9.4,9.4,0.199,9.86,29.1,0.014,0.105,0.059,3.0,2.9,0.493,0.508,0.151,0.156,99.65,99.42,82.85,99.42,0.094,983,62,153,1.9,4.6,2024,75.0,76.0,90.0,82.0,83.0,60.0,50.0,79.0,25.0,50.0,28.0,45.0,32.0,70.0,80.0,44.0,62.0,59.0,56.0,52.0,55.0,35.0,83.0,41.0,72.0,85.0,80.0,81.0,94.0,86.0,83.0,94.0,70.0,33.0,53.0,83.0
Moritz Wagner,ORL,80,46,34,0.5750000000000001,17.7,4.2,6.9,0.601,0.5,1.4,0.33,2.1,2.6,0.8140000000000001,1.5,2.9,4.3,1.2,1.2,0.5,0.3,0.5,2.0,2.4,10.9,1.2,348,113.1,113.9,113.9,110.2,110.8,110.8,2.8,3.1,3.1,0.109,0.99,11.6,0.087,0.168,0.128,11.7,11.6,0.636,0.676,0.22,0.228,99.33,98.73,82.28,98.73,0.139,2911,332,552,4.2,6.9,2024,77.0,91.0,78.0,76.0,77.0,85.0,85.0,75.0,75.0,65.0,67.0,67.0,68.0,50.0,76.0,58.0,40.0,42.0,53.0,58.0,54.0,35.0,73.0,78.0,75.0,85.0,85.0,81.0,54.0,42.0,53.0,55.0,42.0,68.0,74.0,67.0
Moses Moody,GSW,66,38,28,0.5760000000000001,17.5,2.9,6.4,0.462,1.1,3.0,0.36,1.1,1.4,0.785,1.0,2.0,3.0,0.9,0.7000000000000001,0.6000000000000001,0.4,0.5,1.4,1.2,8.1,1.5,206,112.6,113.3,113.3,110.2,110.2,110.2,2.3,3.1,3.1,0.07,1.3,10.2,0.052,0.108,0.079,7.9,7.8,0.548,0.578,0.176,0.182,100.84,100.54,83.78,100.54,0.087,2432,194,420,2.9,6.4,2024,76.0,94.0,74.0,80.0,74.0,60.0,75.0,80.0,40.0,70.0,44.0,48.0,49.0,70.0,80.0,68.0,71.0,53.0,58.0,69.0,60.0,65.0,73.0,68.0,70.0,88.0,80.0,80.0,65.0,74.0,70.0,64.0,32.0,56.0,55.0,77.0
Mouhamed Gueye,ATL,6,2,4,0.333,12.1,1.3,3.8,0.348,0.5,1.5,0.333,0.8,1.0,0.833,1.7,2.0,3.7,0.7000000000000001,0.2,0.8,0.7000000000000001,0.5,2.2,0.8,4.0,-6.8,339,87.0,89.9,89.9,119.9,115.1,115.1,-32.9,-25.2,-25.2,0.091,4.0,12.9,0.111,0.188,0.143,3.2,3.3,0.413,0.468,0.144,0.145,104.11,104.51,87.09,104.51,0.079,158,8,23,1.3,3.8,2024,70.0,68.0,67.0,66.0,63.0,60.0,40.0,65.0,70.0,75.0,52.0,51.0,52.0,58.0,80.0,60.0,48.0,52.0,60.0,57.0,50.0,45.0,67.0,63.0,75.0,88.0,80.0,80.0,60.0,60.0,52.0,62.0,44.0,86.0,65.0,67.0
Myles Turner,IND,77,45,32,0.584,27.0,6.2,11.8,0.524,1.5,4.2,0.358,3.2,4.1,0.773,1.5,5.5,6.9,1.3,1.4,0.5,1.9,0.5,3.0,3.4,17.1,2.9,136,118.6,120.6,120.6,114.4,115.5,115.5,4.2,5.1,5.1,0.065,0.92,8.0,0.056,0.198,0.128,8.7,8.7,0.587,0.626,0.234,0.237,103.86,102.52,85.43,102.52,0.116,4432,476,909,6.2,11.8,2024,84.0,94.0,93.0,82.0,77.0,70.0,85.0,79.0,80.0,65.0,76.0,80.0,88.0,55.0,95.0,86.0,70.0,36.0,86.0,90.0,70.0,85.0,56.0,80.0,69.0,95.0,80.0,83.0,31.0,35.0,32.0,68.0,32.0,56.0,82.0,66.0
Naji Marshall,NOP,66,41,25,0.621,19.0,2.6,5.6,0.463,0.9,2.3,0.387,1.0,1.3,0.791,0.8,2.8,3.6,1.9,1.0,0.7000000000000001,0.2,0.3,1.4,1.0,7.1,3.1,243,116.5,115.4,115.4,107.1,106.8,106.8,9.5,8.7,8.7,0.139,1.97,21.4,0.042,0.142,0.093,10.9,10.9,0.542,0.5760000000000001,0.158,0.163,100.06,100.71,83.92,100.71,0.092,2627,170,367,2.6,5.6,2024,75.0,88.0,80.0,82.0,81.0,70.0,70.0,83.0,45.0,70.0,60.0,60.0,63.0,69.0,80.0,52.0,60.0,56.0,47.0,62.0,64.0,40.0,62.0,60.0,75.0,85.0,70.0,80.0,67.0,74.0,62.0,71.0,52.0,48.0,66.0,65.0
Nate Hinton,HOU,15,8,7,0.533,5.0,0.7000000000000001,1.7,0.423,0.5,0.9,0.5,0.3,0.3,0.8,0.5,1.0,1.5,0.7000000000000001,0.2,0.2,0.1,0.1,0.7000000000000001,0.3,2.2,0.9,349,116.2,109.3,109.3,107.5,100.0,100.0,8.6,9.3,9.3,0.159,3.33,24.4,0.086,0.169,0.129,7.3,7.3,0.558,0.585,0.156,0.167,104.48,111.71,93.09,111.71,0.111,172,11,26,0.7000000000000001,1.7,2024,67.0,60.0,70.0,76.0,76.0,60.0,40.0,70.0,40.0,75.0,49.0,51.0,58.0,42.0,80.0,40.0,62.0,36.0,56.0,58.0,54.0,35.0,80.0,57.0,84.0,80.0,75.0,80.0,60.0,66.0,70.0,62.0,31.0,57.0,60.0,80.0
Nate Williams,HOU,22,11,11,0.5,5.9,1.2,2.3,0.54,0.1,0.2,0.4,0.3,0.6000000000000001,0.538,0.5,0.5,1.0,0.3,0.2,0.2,0.0,0.4,0.5,0.4,2.9,1.0,472,112.6,111.1,111.1,104.8,104.2,104.2,7.7,6.9,6.9,0.07,1.75,10.6,0.081,0.071,0.075,6.1,6.0,0.56,0.5650000000000001,0.173,0.182,104.94,105.92,88.26,105.92,0.09,287,27,50,1.2,2.3,2024,69.0,70.0,79.0,75.0,85.0,50.0,50.0,72.0,40.0,70.0,37.0,45.0,48.0,40.0,80.0,40.0,52.0,40.0,53.0,50.0,47.0,40.0,68.0,52.0,70.0,80.0,65.0,83.0,65.0,71.0,65.0,66.0,45.0,67.0,50.0,68.0
Naz Reid,MIN,81,56,25,0.6910000000000001,24.2,5.0,10.5,0.477,2.1,5.0,0.414,1.3,1.8,0.736,0.9,4.3,5.2,1.3,1.4,0.8,0.9,0.8,2.1,1.4,13.5,3.1,68,111.2,111.1,111.1,104.5,105.5,105.5,6.7,5.7,5.7,0.085,0.95,9.4,0.038,0.17,0.106,9.8,9.8,0.5760000000000001,0.595,0.223,0.23,100.27,99.83,83.19,99.83,0.115,4092,406,851,5.0,10.5,2024,81.0,82.0,76.0,85.0,92.0,50.0,80.0,82.0,80.0,80.0,81.0,70.0,80.0,87.0,94.0,81.0,54.0,46.0,72.0,80.0,65.0,80.0,50.0,87.0,75.0,88.0,95.0,80.0,59.0,58.0,49.0,65.0,35.0,47.0,74.0,54.0
Neemias Queta,BOS,28,24,4,0.857,11.9,2.4,3.7,0.644,0.0,0.0,0.0,0.7000000000000001,1.0,0.714,1.9,2.5,4.4,0.7000000000000001,0.5,0.5,0.8,0.4,1.8,0.9,5.5,4.8,498,128.7,128.7,128.7,109.9,108.3,108.3,18.7,20.4,20.4,0.078,1.54,13.4,0.157,0.195,0.177,8.7,8.7,0.644,0.662,0.16,0.164,97.93,98.67,82.23,98.67,0.123,683,67,104,2.4,3.7,2024,71.0,80.0,57.0,40.0,71.0,50.0,60.0,61.0,70.0,65.0,62.0,60.0,62.0,40.0,75.0,70.0,45.0,46.0,77.0,70.0,48.0,55.0,59.0,76.0,65.0,80.0,90.0,80.0,52.0,38.0,30.0,62.0,33.0,90.0,65.0,59.0
Nic Claxton,BKN,71,27,44,0.38,29.8,5.2,8.2,0.629,0.0,0.1,0.2,1.5,2.8,0.551,2.7,7.2,9.9,2.1,1.3,0.6000000000000001,2.1,0.6000000000000001,2.5,3.4,11.8,-3.9,496,108.4,108.4,108.4,113.3,114.1,114.1,-4.9,-5.6,-5.6,0.107,1.58,16.2,0.088,0.239,0.162,10.3,10.2,0.63,0.629,0.156,0.16,98.8,98.42,82.02,98.42,0.128,4323,366,582,5.2,8.2,2024,81.0,85.0,74.0,64.0,63.0,65.0,50.0,75.0,80.0,75.0,72.0,64.0,72.0,55.0,80.0,89.0,79.0,38.0,89.0,90.0,64.0,85.0,69.0,71.0,79.0,90.0,89.0,80.0,40.0,49.0,44.0,48.0,41.0,69.0,89.0,77.0
Nick Richards,CHA,67,14,53,0.209,26.2,3.9,5.6,0.6910000000000001,0.0,0.0,0.0,2.0,2.7,0.737,2.6,5.5,8.0,0.8,1.1,0.4,1.1,0.6000000000000001,2.6,2.4,9.7,-6.4,498,105.2,106.3,106.3,117.1,118.2,118.2,-11.9,-11.9,-11.9,0.046,0.74,9.3,0.097,0.218,0.156,12.5,12.5,0.6910000000000001,0.717,0.131,0.133,98.5,97.53,81.27,97.53,0.108,3572,260,376,3.9,5.6,2024,77.0,95.0,59.0,25.0,82.0,75.0,80.0,62.0,80.0,80.0,52.0,47.0,52.0,55.0,80.0,75.0,47.0,33.0,78.0,78.0,40.0,70.0,72.0,65.0,75.0,81.0,85.0,84.0,37.0,35.0,49.0,36.0,29.0,73.0,85.0,70.0
Nick Smith Jr.,CHA,51,9,42,0.176,14.3,2.2,5.7,0.391,1.2,2.9,0.432,0.3,0.3,0.867,0.4,1.1,1.4,1.2,0.8,0.2,0.1,0.2,1.1,0.3,5.9,-3.8,177,101.2,102.4,102.4,115.8,114.9,114.9,-14.6,-12.4,-12.4,0.134,1.51,15.0,0.023,0.078,0.049,9.9,9.9,0.5,0.511,0.202,0.206,97.9,97.72,81.43,97.72,0.056,1479,113,289,2.2,5.7,2024,72.0,83.0,57.0,84.0,74.0,80.0,70.0,79.0,40.0,80.0,37.0,39.0,38.0,62.0,80.0,33.0,63.0,33.0,47.0,57.0,50.0,40.0,84.0,48.0,86.0,89.0,75.0,80.0,70.0,79.0,84.0,72.0,45.0,38.0,46.0,84.0
Nickeil Alexander-Walker,MIN,82,56,26,0.683,23.4,2.9,6.6,0.439,1.6,4.1,0.391,0.6000000000000001,0.8,0.8,0.4,1.6,2.0,2.5,0.9,0.8,0.5,0.4,1.7,1.0,8.0,3.8,125,114.3,113.1,113.1,104.8,105.5,105.5,9.5,7.6,7.6,0.145,2.68,24.1,0.019,0.066,0.043,9.0,9.0,0.56,0.578,0.143,0.149,99.8,99.98,83.31,99.98,0.071,4005,236,538,2.9,6.6,2024,77.0,88.0,74.0,83.0,62.0,70.0,80.0,85.0,40.0,60.0,54.0,58.0,64.0,67.0,88.0,52.0,84.0,76.0,58.0,80.0,80.0,80.0,72.0,60.0,70.0,90.0,75.0,80.0,75.0,81.0,72.0,76.0,57.0,36.0,43.0,84.0
Nicolas Batum,PHI,60,36,24,0.6000000000000001,25.5,1.9,4.3,0.453,1.2,3.1,0.395,0.3,0.4,0.714,1.2,3.0,4.1,2.1,0.7000000000000001,0.8,0.6000000000000001,0.0,1.8,0.4,5.3,3.0,184,116.7,117.6,117.6,110.3,111.9,111.9,6.4,5.6,5.6,0.105,3.2,29.6,0.046,0.115,0.08,9.2,9.2,0.596,0.603,0.085,0.087,99.58,98.51,82.09,98.51,0.065,3139,116,256,1.9,4.3,2024,75.0,88.0,79.0,84.0,71.0,65.0,70.0,74.0,55.0,60.0,40.0,63.0,62.0,35.0,80.0,66.0,73.0,43.0,62.0,68.0,50.0,65.0,68.0,65.0,82.0,88.0,85.0,83.0,70.0,71.0,68.0,73.0,41.0,50.0,58.0,75.0
Noah Clowney,BKN,23,10,13,0.435,16.1,2.2,4.0,0.538,0.5,1.4,0.364,0.9,1.3,0.7000000000000001,1.1,2.4,3.5,0.8,0.7000000000000001,0.3,0.7000000000000001,0.3,1.1,1.2,5.8,-2.3,336,105.8,104.8,104.8,111.8,111.7,111.7,-6.0,-6.9,-6.9,0.074,1.2,12.9,0.066,0.146,0.105,10.8,10.8,0.602,0.626,0.137,0.141,99.12,99.61,83.0,99.61,0.097,767,50,93,2.2,4.0,2024,74.0,72.0,69.0,75.0,70.0,75.0,60.0,72.0,80.0,80.0,60.0,59.0,60.0,65.0,85.0,68.0,57.0,38.0,78.0,67.0,66.0,55.0,64.0,64.0,75.0,90.0,85.0,80.0,57.0,59.0,57.0,68.0,33.0,62.0,67.0,64.0
Norman Powell,LAC,76,48,28,0.632,26.2,4.9,10.1,0.486,2.2,5.1,0.435,1.9,2.3,0.8310000000000001,0.2,2.4,2.6,1.1,0.9,0.6000000000000001,0.3,0.5,1.8,2.0,13.9,2.8,60,116.8,118.0,118.0,111.8,113.0,113.0,5.0,5.1,5.1,0.059,1.24,8.3,0.008,0.085,0.048,6.7,6.7,0.594,0.626,0.193,0.198,101.4,100.37,83.64,100.37,0.087,4162,373,768,4.9,10.1,2024,79.0,91.0,85.0,88.0,86.0,75.0,80.0,85.0,25.0,80.0,30.0,32.0,28.0,78.0,88.0,50.0,79.0,38.0,50.0,77.0,74.0,75.0,79.0,46.0,80.0,92.0,90.0,82.0,74.0,79.0,77.0,75.0,31.0,29.0,49.0,83.0
OG Anunoby,NYK,50,31,19,0.62,34.0,5.6,11.5,0.489,2.0,5.3,0.382,1.3,1.8,0.753,0.9,3.2,4.2,2.1,1.6,1.4,0.7000000000000001,0.8,2.4,1.5,14.7,7.8,74,116.5,118.2,118.2,106.5,107.2,107.2,9.9,10.9,10.9,0.084,1.32,13.4,0.028,0.091,0.061,10.1,10.1,0.577,0.595,0.173,0.176,99.73,98.71,82.25,98.71,0.081,3503,282,577,5.6,11.5,2024,84.0,72.0,91.0,82.0,68.0,70.0,70.0,70.0,60.0,85.0,38.0,37.0,36.0,60.0,90.0,81.0,90.0,85.0,58.0,89.0,89.0,95.0,81.0,68.0,85.0,85.0,85.0,81.0,58.0,72.0,71.0,52.0,37.0,40.0,51.0,91.0
Obi Toppin,IND,82,47,35,0.5730000000000001,21.1,4.0,7.1,0.5730000000000001,1.2,3.1,0.403,0.9,1.2,0.77,1.0,2.9,3.9,1.6,0.8,0.6000000000000001,0.5,0.4,1.7,1.1,10.3,1.7,173,119.4,120.2,120.2,116.0,116.6,116.6,3.4,3.6,3.6,0.091,1.86,15.7,0.049,0.137,0.093,8.4,8.4,0.661,0.677,0.16,0.165,105.59,104.97,87.47,104.97,0.101,3786,332,579,4.0,7.1,2024,80.0,96.0,76.0,82.0,78.0,70.0,75.0,88.0,85.0,90.0,67.0,67.0,69.0,60.0,90.0,66.0,48.0,41.0,60.0,62.0,47.0,40.0,70.0,74.0,90.0,88.0,70.0,88.0,55.0,60.0,56.0,59.0,38.0,52.0,64.0,69.0
Ochai Agbaji,TOR,78,31,47,0.397,21.0,2.3,5.6,0.411,0.8,2.7,0.294,0.5,0.7000000000000001,0.661,0.9,1.8,2.8,1.1,0.8,0.6000000000000001,0.6000000000000001,0.5,1.5,0.7000000000000001,5.8,-3.2,265,109.0,110.1,110.1,116.5,117.2,117.2,-7.5,-7.1,-7.1,0.068,1.3,13.8,0.044,0.083,0.063,10.6,10.6,0.483,0.497,0.131,0.134,102.37,101.56,84.64,101.56,0.046,3472,178,433,2.3,5.6,2024,73.0,67.0,80.0,71.0,81.0,70.0,50.0,70.0,65.0,80.0,52.0,52.0,52.0,40.0,78.0,57.0,80.0,42.0,63.0,79.0,75.0,70.0,88.0,64.0,85.0,90.0,90.0,80.0,60.0,75.0,78.0,60.0,32.0,49.0,48.0,88.0
Olivier-Maxence Prosper,DAL,40,24,16,0.6000000000000001,8.4,1.0,2.6,0.385,0.3,1.1,0.289,0.7000000000000001,1.0,0.683,0.6000000000000001,1.4,2.0,0.6000000000000001,0.2,0.2,0.1,0.2,0.5,0.7000000000000001,3.0,-2.2,399,102.5,99.6,99.6,114.3,112.8,112.8,-11.8,-13.2,-13.2,0.095,2.75,14.4,0.062,0.153,0.104,5.2,5.3,0.447,0.496,0.153,0.159,102.47,104.65,87.21,104.65,0.082,738,40,104,1.0,2.6,2024,72.0,71.0,68.0,71.0,65.0,50.0,40.0,72.0,40.0,85.0,47.0,45.0,45.0,58.0,80.0,67.0,74.0,30.0,45.0,64.0,58.0,60.0,79.0,60.0,88.0,88.0,80.0,80.0,65.0,60.0,66.0,61.0,42.0,65.0,69.0,81.0
Onuralp Bitim,CHI,23,11,12,0.478,11.7,1.4,3.7,0.381,0.5,1.9,0.273,0.2,0.2,0.8,0.3,1.1,1.4,0.6000000000000001,0.4,0.1,0.1,0.2,1.0,0.3,3.5,-2.0,336,108.5,106.6,106.6,115.1,115.1,115.1,-6.6,-8.5,-8.5,0.069,1.3,11.9,0.022,0.096,0.058,9.2,9.2,0.452,0.464,0.149,0.156,99.07,99.94,83.29,99.94,0.035,559,32,84,1.4,3.7,2024,70.0,70.0,75.0,75.0,75.0,65.0,60.0,70.0,40.0,65.0,50.0,51.0,49.0,50.0,82.0,50.0,57.0,32.0,45.0,59.0,50.0,35.0,62.0,65.0,69.0,84.0,80.0,80.0,66.0,69.0,60.0,69.0,32.0,37.0,52.0,64.0
Onyeka Okongwu,ATL,55,23,32,0.418,25.5,4.1,6.6,0.611,0.4,1.3,0.333,1.7,2.1,0.793,2.6,4.2,6.8,1.3,0.8,0.5,1.1,0.5,2.9,1.7,10.2,-0.6000000000000001,372,116.8,118.1,118.1,118.5,119.0,119.0,-1.8,-0.9,-0.9,0.071,1.64,13.9,0.099,0.169,0.132,8.4,8.4,0.642,0.674,0.134,0.136,104.1,103.28,86.07,103.28,0.094,3020,223,365,4.1,6.6,2024,80.0,97.0,88.0,76.0,85.0,70.0,80.0,80.0,85.0,80.0,54.0,55.0,57.0,52.0,80.0,79.0,64.0,35.0,77.0,83.0,65.0,65.0,74.0,70.0,75.0,88.0,95.0,83.0,51.0,54.0,60.0,50.0,33.0,83.0,71.0,74.0
Orlando Robinson,MIA,36,20,16,0.556,8.4,1.0,2.0,0.5,0.2,0.4,0.533,0.5,0.7000000000000001,0.76,0.8,1.6,2.3,0.9,0.5,0.2,0.2,0.2,1.0,0.7000000000000001,2.8,0.3,424,112.5,113.1,113.1,111.1,109.6,109.6,1.4,3.5,3.5,0.161,1.89,25.2,0.099,0.189,0.145,13.3,13.3,0.556,0.596,0.143,0.147,97.99,98.39,81.99,98.39,0.097,618,36,72,1.0,2.0,2024,71.0,81.0,69.0,77.0,71.0,75.0,75.0,60.0,70.0,60.0,49.0,48.0,50.0,38.0,85.0,62.0,36.0,40.0,72.0,60.0,54.0,60.0,49.0,64.0,64.0,80.0,85.0,77.0,52.0,40.0,35.0,54.0,62.0,69.0,82.0,49.0
Oscar Tshiebwe,IND,8,2,6,0.25,5.2,1.3,2.5,0.5,0.0,0.0,0.0,0.8,1.0,0.75,1.0,1.0,2.0,0.3,0.0,0.3,0.1,0.5,0.4,0.6000000000000001,3.3,1.8,498,115.0,114.9,114.9,102.9,98.9,98.9,12.1,15.9,15.9,0.065,0.0,7.7,0.167,0.229,0.193,0.0,0.0,0.5,0.553,0.205,0.207,106.04,108.21,90.18,108.21,0.165,94,10,20,1.3,2.5,2024,69.0,70.0,69.0,37.0,70.0,45.0,30.0,62.0,75.0,75.0,54.0,48.0,48.0,37.0,95.0,69.0,48.0,31.0,72.0,69.0,40.0,55.0,75.0,69.0,75.0,80.0,90.0,80.0,42.0,40.0,39.0,55.0,37.0,80.0,80.0,67.0
Ousmane Dieng,OKC,33,21,12,0.636,11.1,1.5,3.5,0.422,0.6000000000000001,2.1,0.3,0.4,0.5,0.875,0.3,1.2,1.5,1.1,0.6000000000000001,0.2,0.2,0.1,0.7000000000000001,0.4,4.0,0.0,304,109.7,110.1,110.1,108.3,109.0,109.0,1.4,1.1,1.1,0.144,1.95,20.7,0.027,0.105,0.067,10.6,10.6,0.513,0.54,0.167,0.17,100.97,100.42,83.68,100.42,0.074,760,49,116,1.5,3.5,2024,73.0,76.0,73.0,72.0,65.0,90.0,60.0,69.0,45.0,75.0,45.0,48.0,48.0,47.0,90.0,54.0,62.0,28.0,25.0,54.0,52.0,40.0,78.0,49.0,79.0,88.0,80.0,80.0,69.0,70.0,75.0,70.0,42.0,41.0,57.0,78.0
P.J. Tucker,LAC,31,13,18,0.419,15.7,0.6000000000000001,1.6,0.36,0.4,1.1,0.371,0.1,0.1,1.0,0.9,1.8,2.7,0.5,0.3,0.5,0.2,0.1,1.7,0.4,1.7,-0.8,371,113.2,112.4,112.4,113.3,113.7,113.7,-0.1,-1.3,-1.3,0.041,2.0,21.3,0.059,0.116,0.088,10.7,10.6,0.49,0.507,0.052,0.054,98.23,98.41,82.0,98.41,0.031,992,18,50,0.6000000000000001,1.6,2024,71.0,88.0,74.0,78.0,83.0,40.0,25.0,55.0,50.0,60.0,49.0,48.0,50.0,36.0,81.0,77.0,80.0,46.0,52.0,74.0,75.0,80.0,63.0,82.0,66.0,88.0,90.0,91.0,70.0,65.0,44.0,69.0,28.0,58.0,57.0,80.0
P.J. Washington,DAL,73,30,43,0.411,30.4,4.8,11.1,0.436,1.8,5.7,0.32,1.4,2.0,0.683,1.2,4.5,5.6,1.9,1.3,1.0,0.8,0.6000000000000001,2.3,1.6,12.9,-1.8,98,112.1,112.8,112.8,114.4,115.6,115.6,-2.3,-2.8,-2.8,0.087,1.47,12.7,0.037,0.147,0.091,8.7,8.6,0.518,0.537,0.185,0.189,101.31,100.49,83.74,100.49,0.079,4648,354,811,4.8,11.1,2024,79.0,88.0,79.0,75.0,72.0,80.0,95.0,75.0,65.0,80.0,68.0,70.0,71.0,74.0,95.0,62.0,52.0,46.0,63.0,64.0,62.0,40.0,75.0,68.0,69.0,85.0,85.0,79.0,55.0,70.0,63.0,60.0,38.0,46.0,67.0,75.0
Paolo Banchero,ORL,80,46,34,0.5750000000000001,35.0,8.0,17.6,0.455,1.5,4.4,0.339,5.1,7.0,0.725,1.0,5.9,6.9,5.4,3.1,0.9,0.6000000000000001,1.1,1.9,4.8,22.6,0.0,138,109.9,111.9,111.9,110.1,111.9,111.9,-0.2,0.0,0.0,0.254,1.74,18.5,0.029,0.178,0.101,10.6,10.6,0.497,0.546,0.292,0.295,99.91,98.2,81.83,98.2,0.135,5727,640,1407,8.0,17.6,2024,89.0,88.0,86.0,81.0,68.0,85.0,98.0,88.0,75.0,85.0,84.0,84.0,84.0,89.0,95.0,68.0,66.0,41.0,56.0,64.0,67.0,45.0,80.0,77.0,83.0,90.0,85.0,80.0,74.0,76.0,74.0,78.0,72.0,65.0,76.0,80.0
Pascal Siakam,IND,80,38,42,0.475,33.2,8.5,15.9,0.536,1.1,3.1,0.346,3.6,5.0,0.732,1.7,5.3,7.1,4.3,1.8,0.8,0.3,0.6000000000000001,2.4,4.1,21.7,1.4,213,116.0,117.6,117.6,114.6,115.3,115.3,1.4,2.2,2.2,0.189,2.43,17.8,0.052,0.159,0.105,7.4,7.3,0.5690000000000001,0.601,0.25,0.255,102.04,100.99,84.16,100.99,0.132,5587,681,1271,8.5,15.9,2024,88.0,98.0,85.0,80.0,74.0,85.0,98.0,80.0,80.0,80.0,88.0,88.0,88.0,68.0,90.0,86.0,79.0,38.0,50.0,86.0,82.0,80.0,76.0,70.0,79.0,95.0,80.0,82.0,72.0,79.0,69.0,79.0,68.0,65.0,80.0,78.0
Pat Connaughton,MIL,76,45,31,0.592,22.1,2.0,4.6,0.435,1.1,3.1,0.345,0.6000000000000001,0.8,0.759,0.7000000000000001,2.5,3.1,2.1,0.6000000000000001,0.5,0.3,0.1,1.3,0.8,5.6,-0.2,208,114.6,115.1,115.1,115.5,115.9,115.9,-0.9,-0.8,-0.8,0.123,3.29,27.7,0.03,0.112,0.071,8.4,8.4,0.553,0.5740000000000001,0.106,0.109,101.74,101.34,84.45,101.34,0.066,3545,151,347,2.0,4.6,2024,74.0,68.0,69.0,80.0,66.0,70.0,45.0,84.0,30.0,86.0,35.0,34.0,30.0,66.0,90.0,35.0,75.0,38.0,50.0,74.0,75.0,70.0,77.0,45.0,95.0,80.0,90.0,83.0,69.0,78.0,65.0,78.0,45.0,41.0,55.0,78.0
Pat Spencer,GSW,6,4,2,0.667,4.3,0.3,0.7000000000000001,0.5,0.0,0.3,0.0,0.0,0.0,0.0,0.3,0.3,0.7000000000000001,0.8,0.2,0.0,0.0,0.0,0.2,0.0,0.7000000000000001,-1.0,498,102.4,96.4,96.4,115.7,111.1,111.1,-13.3,-14.7,-14.7,0.278,5.0,50.0,0.065,0.077,0.07,10.0,10.0,0.5,0.5,0.077,0.082,97.83,102.92,85.77,102.92,0.08,56,2,4,0.3,0.7000000000000001,2024,68.0,69.0,78.0,79.0,80.0,60.0,50.0,70.0,40.0,75.0,42.0,56.0,42.0,54.0,85.0,44.0,55.0,42.0,45.0,45.0,47.0,40.0,75.0,54.0,83.0,85.0,85.0,84.0,75.0,73.0,75.0,75.0,64.0,45.0,60.0,75.0
Patrick Baldwin Jr.,WAS,38,6,32,0.158,13.0,1.6,4.1,0.381,0.8,2.6,0.32,0.5,0.7000000000000001,0.679,0.4,2.8,3.2,0.8,0.5,0.5,0.4,0.1,1.5,0.7000000000000001,4.4,-0.6000000000000001,258,108.5,108.4,108.4,110.4,111.0,111.0,-1.9,-2.5,-2.5,0.078,1.53,13.6,0.032,0.201,0.116,8.9,8.8,0.481,0.502,0.153,0.159,104.99,104.75,87.29,104.75,0.072,1079,59,155,1.6,4.1,2024,71.0,70.0,72.0,75.0,74.0,70.0,75.0,74.0,55.0,70.0,54.0,52.0,52.0,52.0,80.0,56.0,59.0,49.0,65.0,55.0,54.0,40.0,57.0,69.0,62.0,85.0,70.0,80.0,55.0,58.0,55.0,60.0,34.0,42.0,84.0,64.0
Patrick Williams,CHI,43,19,24,0.442,27.3,3.7,8.3,0.443,1.4,3.4,0.399,1.2,1.5,0.788,1.1,2.8,3.9,1.5,1.3,0.9,0.8,0.7000000000000001,2.0,1.2,10.0,-0.3,154,114.1,114.3,114.3,113.9,115.5,115.5,0.1,-1.2,-1.2,0.077,1.16,12.9,0.039,0.105,0.071,11.1,11.2,0.525,0.553,0.163,0.166,98.33,97.59,81.32,97.59,0.066,2393,159,359,3.7,8.3,2024,76.0,77.0,79.0,83.0,85.0,50.0,75.0,68.0,60.0,65.0,44.0,42.0,40.0,45.0,80.0,70.0,76.0,46.0,70.0,80.0,65.0,65.0,70.0,64.0,77.0,88.0,75.0,81.0,60.0,70.0,64.0,62.0,34.0,47.0,54.0,74.0
Patty Mills,MIA,32,15,17,0.469,13.0,1.4,4.1,0.351,0.8,2.7,0.276,0.3,0.3,1.0,0.3,0.8,1.1,1.1,0.5,0.6000000000000001,0.0,0.1,1.0,0.6000000000000001,4.0,0.2,277,109.7,109.8,109.8,109.8,109.5,109.5,0.0,0.3,0.3,0.108,2.13,18.4,0.02,0.066,0.041,8.6,8.6,0.443,0.467,0.152,0.157,100.13,100.26,83.55,100.26,0.045,869,46,131,1.4,4.1,2024,72.0,64.0,87.0,72.0,83.0,75.0,70.0,79.0,25.0,25.0,25.0,37.0,25.0,50.0,73.0,27.0,65.0,73.0,30.0,61.0,61.0,40.0,83.0,51.0,66.0,82.0,70.0,82.0,79.0,86.0,83.0,84.0,42.0,36.0,42.0,83.0
Paul George,LAC,74,48,26,0.649,33.8,7.9,16.7,0.471,3.3,7.9,0.413,3.6,3.9,0.907,0.5,4.7,5.2,3.5,2.1,1.5,0.5,0.7000000000000001,2.7,3.2,22.6,6.2,8,119.5,121.2,121.2,110.4,112.1,112.1,9.1,9.1,9.1,0.157,1.71,14.8,0.016,0.138,0.08,8.7,8.6,0.5690000000000001,0.613,0.264,0.27,98.9,97.47,81.22,97.47,0.126,5080,582,1236,7.9,16.7,2024,89.0,94.0,87.0,85.0,93.0,75.0,90.0,89.0,55.0,85.0,40.0,70.0,75.0,75.0,80.0,79.0,87.0,66.0,52.0,88.0,80.0,85.0,79.0,70.0,88.0,95.0,75.0,93.0,78.0,87.0,79.0,75.0,62.0,33.0,64.0,87.0
Paul Reed,PHI,82,47,35,0.5730000000000001,19.4,3.2,5.9,0.54,0.3,0.7000000000000001,0.368,0.7000000000000001,1.0,0.718,2.4,3.6,6.0,1.3,0.8,0.8,1.0,0.5,2.4,1.2,7.3,1.2,415,114.5,116.3,116.3,111.3,112.0,112.0,3.2,4.2,4.2,0.095,1.63,15.8,0.117,0.194,0.154,9.7,9.7,0.561,0.58,0.156,0.159,98.89,97.81,81.51,97.81,0.104,3221,259,480,3.2,5.9,2024,75.0,83.0,79.0,76.0,75.0,60.0,60.0,69.0,80.0,75.0,70.0,70.0,70.0,64.0,85.0,69.0,43.0,63.0,83.0,66.0,58.0,40.0,49.0,62.0,65.0,80.0,95.0,80.0,48.0,52.0,41.0,44.0,39.0,86.0,78.0,52.0
Payton Pritchard,BOS,82,64,18,0.78,22.3,3.6,7.7,0.468,1.8,4.7,0.385,0.6000000000000001,0.7000000000000001,0.8210000000000001,0.9,2.4,3.2,3.4,0.7000000000000001,0.5,0.1,0.3,1.3,0.8,9.6,5.5,103,121.4,122.8,122.8,110.1,109.2,109.2,11.3,13.6,13.6,0.208,4.61,28.0,0.038,0.103,0.071,6.1,6.1,0.583,0.597,0.168,0.172,97.31,97.16,80.96,97.16,0.103,3673,297,635,3.6,7.7,2024,78.0,95.0,90.0,82.0,77.0,85.0,90.0,77.0,25.0,35.0,40.0,46.0,35.0,60.0,75.0,36.0,60.0,38.0,32.0,60.0,45.0,35.0,75.0,41.0,66.0,84.0,78.0,81.0,79.0,79.0,75.0,82.0,70.0,46.0,52.0,75.0
Pete Nance,CLE,8,3,5,0.375,3.4,0.1,0.8,0.167,0.1,0.1,1.0,0.0,0.3,0.0,0.0,0.4,0.4,0.0,0.1,0.1,0.0,0.0,0.3,0.1,0.4,-2.9,453,63.7,61.5,61.5,112.3,103.8,103.8,-48.6,-42.2,-42.2,0.0,0.0,0.0,0.0,0.136,0.061,12.5,12.7,0.25,0.218,0.138,0.145,87.01,92.14,76.78,92.14,-0.042,52,1,6,0.1,0.8,2024,67.0,73.0,70.0,73.0,76.0,50.0,35.0,70.0,75.0,75.0,70.0,54.0,60.0,40.0,70.0,60.0,48.0,50.0,61.0,60.0,60.0,40.0,63.0,69.0,75.0,85.0,85.0,83.0,47.0,52.0,49.0,50.0,35.0,64.0,70.0,57.0
Peyton Watson,DEN,80,56,24,0.7000000000000001,18.6,2.6,5.6,0.465,0.6000000000000001,1.9,0.296,0.9,1.3,0.67,0.7000000000000001,2.5,3.2,1.1,0.7000000000000001,0.5,1.1,0.4,1.8,1.0,6.7,-0.9,323,109.5,109.0,109.0,109.4,109.7,109.7,0.1,-0.7000000000000001,-0.7000000000000001,0.081,1.48,13.5,0.038,0.121,0.082,9.1,9.1,0.516,0.539,0.16,0.166,98.85,98.88,82.4,98.88,0.076,3043,208,447,2.6,5.6,2024,75.0,86.0,80.0,75.0,66.0,85.0,75.0,79.0,60.0,65.0,44.0,42.0,40.0,40.0,95.0,59.0,68.0,42.0,85.0,65.0,62.0,60.0,77.0,55.0,82.0,88.0,75.0,80.0,60.0,70.0,76.0,62.0,34.0,46.0,62.0,77.0
Precious Achiuwa,NYK,74,40,34,0.541,21.9,3.2,6.3,0.501,0.4,1.3,0.268,0.9,1.5,0.616,2.6,4.0,6.6,1.3,1.1,0.6000000000000001,0.9,0.5,1.9,1.1,7.6,-0.6000000000000001,390,110.4,111.2,111.2,111.9,112.3,112.3,-1.5,-1.0,-1.0,0.088,1.17,13.9,0.111,0.182,0.145,11.9,11.9,0.529,0.545,0.158,0.161,96.94,96.4,80.33,96.4,0.095,3255,235,469,3.2,6.3,2024,76.0,66.0,60.0,67.0,61.0,60.0,80.0,79.0,85.0,80.0,57.0,44.0,42.0,63.0,75.0,79.0,56.0,42.0,78.0,79.0,70.0,75.0,75.0,78.0,79.0,84.0,90.0,76.0,36.0,49.0,66.0,50.0,36.0,85.0,77.0,74.0
Quentin Grimes,DET,51,32,19,0.627,20.1,2.4,6.4,0.372,1.6,4.7,0.338,0.7000000000000001,0.9,0.756,0.3,1.7,2.0,1.3,0.5,0.7000000000000001,0.1,0.3,1.5,0.7000000000000001,7.0,-0.8,126,106.9,108.1,108.1,108.7,109.1,109.1,-1.8,-0.9,-0.9,0.094,2.36,15.0,0.013,0.08,0.046,6.3,6.3,0.495,0.516,0.155,0.159,98.5,97.78,81.49,97.78,0.059,2079,122,328,2.4,6.4,2024,74.0,72.0,68.0,79.0,80.0,75.0,75.0,75.0,25.0,70.0,39.0,58.0,42.0,65.0,80.0,46.0,83.0,46.0,32.0,80.0,78.0,80.0,86.0,63.0,75.0,85.0,80.0,80.0,70.0,74.0,79.0,65.0,34.0,33.0,47.0,86.0
Quenton Jackson,IND,3,3,0,1.0,3.5,0.0,0.3,0.0,0.0,0.0,0.0,0.7000000000000001,0.7000000000000001,1.0,0.0,1.3,1.3,0.7000000000000001,0.0,0.3,0.0,0.0,0.3,0.3,0.7000000000000001,0.0,498,86.8,79.2,79.2,80.0,79.2,79.2,6.9,0.0,0.0,0.286,0.0,50.0,0.0,0.308,0.182,0.0,0.0,0.0,0.532,0.083,0.086,103.99,109.37,91.14,109.37,0.2,24,0,1,0.0,0.3,2024,67.0,70.0,68.0,72.0,77.0,50.0,35.0,70.0,40.0,80.0,33.0,40.0,31.0,41.0,80.0,46.0,73.0,42.0,40.0,70.0,75.0,65.0,85.0,42.0,88.0,80.0,75.0,79.0,70.0,71.0,76.0,60.0,60.0,33.0,36.0,85.0
Rayan Rupert,POR,39,7,32,0.179,16.2,1.4,4.1,0.335,0.7000000000000001,2.0,0.359,0.5,0.6000000000000001,0.76,0.6000000000000001,1.7,2.4,1.6,0.8,0.3,0.1,0.5,1.4,0.5,4.0,-3.2,288,103.3,104.3,104.3,114.8,114.0,114.0,-11.5,-9.8,-9.8,0.131,2.0,23.3,0.034,0.115,0.07,11.7,11.7,0.422,0.451,0.131,0.133,99.78,99.68,83.07,99.68,0.043,1317,54,161,1.4,4.1,2024,70.0,66.0,63.0,79.0,74.0,80.0,55.0,68.0,45.0,70.0,40.0,44.0,42.0,40.0,70.0,53.0,70.0,36.0,35.0,70.0,70.0,65.0,67.0,52.0,69.0,88.0,85.0,80.0,68.0,72.0,65.0,68.0,52.0,45.0,57.0,72.0
Reggie Jackson,DEN,82,57,25,0.6950000000000001,22.2,4.0,9.2,0.431,1.2,3.5,0.359,1.0,1.2,0.806,0.4,1.5,1.9,3.8,1.3,0.5,0.1,0.4,1.8,1.2,10.2,1.0,173,111.8,112.0,112.0,111.0,110.6,110.6,0.8,1.4,1.4,0.24,2.91,25.4,0.018,0.063,0.041,8.7,8.7,0.499,0.521,0.209,0.216,99.51,99.58,82.98,99.58,0.081,3780,326,756,4.0,9.2,2024,74.0,85.0,77.0,79.0,72.0,60.0,60.0,79.0,25.0,65.0,25.0,48.0,28.0,44.0,88.0,49.0,74.0,40.0,40.0,70.0,74.0,70.0,84.0,48.0,85.0,95.0,85.0,84.0,82.0,86.0,84.0,75.0,71.0,35.0,42.0,84.0
Richaun Holmes,WAS,40,13,27,0.325,13.9,2.1,3.7,0.558,0.0,0.1,0.333,0.9,1.2,0.723,1.8,2.8,4.6,0.6000000000000001,0.6000000000000001,0.3,0.5,0.5,1.9,0.9,5.0,-2.3,490,107.8,108.1,108.1,115.1,115.8,115.8,-7.3,-7.7,-7.7,0.062,1.04,11.6,0.115,0.198,0.155,11.1,11.1,0.561,0.593,0.141,0.144,102.86,102.35,85.29,102.35,0.091,1182,82,147,2.1,3.7,2024,74.0,80.0,70.0,62.0,67.0,35.0,65.0,78.0,85.0,75.0,70.0,57.0,70.0,50.0,80.0,75.0,40.0,36.0,68.0,68.0,55.0,50.0,57.0,82.0,81.0,80.0,95.0,82.0,42.0,58.0,38.0,54.0,31.0,88.0,80.0,56.0
Ricky Council IV,PHI,32,15,17,0.469,9.0,1.7,3.5,0.482,0.4,1.0,0.375,1.7,2.2,0.746,0.4,1.0,1.4,0.5,0.2,0.3,0.0,0.2,0.5,1.4,5.4,0.4,381,111.9,112.5,112.5,111.4,109.8,109.8,0.5,2.7,2.7,0.08,3.2,9.8,0.046,0.115,0.078,3.0,3.0,0.536,0.604,0.208,0.215,102.66,103.1,85.92,103.1,0.111,618,54,112,1.7,3.5,2024,73.0,80.0,75.0,76.0,79.0,70.0,70.0,76.0,45.0,75.0,40.0,40.0,40.0,57.0,80.0,52.0,60.0,42.0,32.0,54.0,55.0,50.0,74.0,60.0,80.0,85.0,85.0,80.0,67.0,68.0,70.0,54.0,35.0,51.0,56.0,70.0
Robert Williams III,POR,6,2,4,0.333,19.8,2.8,4.3,0.654,0.0,0.0,0.0,1.2,1.5,0.778,1.8,4.5,6.3,0.8,1.2,1.2,1.2,0.7000000000000001,2.8,1.3,6.8,-5.0,498,102.2,101.6,101.6,113.3,114.9,114.9,-11.1,-13.3,-13.3,0.065,0.71,12.2,0.08,0.227,0.148,17.1,16.7,0.654,0.684,0.122,0.13,101.62,101.25,84.38,101.25,0.113,252,17,26,2.8,4.3,2024,80.0,96.0,69.0,25.0,61.0,60.0,65.0,82.0,90.0,75.0,60.0,50.0,65.0,54.0,75.0,86.0,40.0,80.0,86.0,88.0,85.0,85.0,71.0,83.0,75.0,80.0,90.0,81.0,57.0,48.0,38.0,62.0,32.0,69.0,89.0,64.0
Rudy Gobert,MIN,76,53,23,0.6970000000000001,34.1,5.3,8.1,0.661,0.0,0.0,0.0,3.3,5.1,0.638,3.8,9.2,12.9,1.3,1.6,0.7000000000000001,2.1,0.7000000000000001,3.1,5.1,14.0,5.4,498,114.0,114.6,114.6,105.3,106.6,106.6,8.7,8.0,8.0,0.057,0.86,10.1,0.118,0.256,0.191,11.7,11.7,0.661,0.675,0.152,0.156,98.1,97.22,81.01,97.22,0.136,5248,406,614,5.3,8.1,2024,85.0,81.0,54.0,25.0,61.0,70.0,70.0,60.0,90.0,75.0,65.0,58.0,65.0,70.0,85.0,95.0,64.0,37.0,86.0,95.0,74.0,95.0,48.0,87.0,57.0,90.0,95.0,81.0,68.0,35.0,25.0,58.0,31.0,85.0,91.0,65.0
Rui Hachimura,LAL,68,40,28,0.588,26.8,5.3,9.9,0.537,1.4,3.4,0.422,1.5,2.0,0.739,0.9,3.5,4.3,1.2,0.7000000000000001,0.6000000000000001,0.4,0.6000000000000001,1.5,1.4,13.6,1.8,147,115.8,116.1,116.1,112.1,113.5,113.5,3.7,2.5,2.5,0.061,1.76,9.4,0.034,0.121,0.081,5.3,5.3,0.609,0.628,0.182,0.187,102.77,102.01,85.01,102.01,0.095,3890,363,676,5.3,9.9,2024,79.0,81.0,90.0,82.0,77.0,70.0,85.0,73.0,80.0,80.0,74.0,70.0,72.0,60.0,85.0,60.0,54.0,38.0,51.0,59.0,50.0,35.0,72.0,79.0,80.0,90.0,85.0,80.0,51.0,72.0,67.0,54.0,32.0,43.0,60.0,74.0
Russell Westbrook,LAC,68,45,23,0.662,22.5,4.4,9.8,0.454,0.6000000000000001,2.3,0.273,1.6,2.4,0.6880000000000001,1.4,3.7,5.0,4.5,2.1,1.1,0.3,0.6000000000000001,1.8,1.8,11.1,1.5,314,116.4,116.5,116.5,111.6,112.8,112.8,4.7,3.7,3.7,0.285,2.13,25.8,0.062,0.154,0.109,12.2,12.2,0.486,0.514,0.239,0.245,102.73,102.17,85.14,102.17,0.113,3247,301,663,4.4,9.8,2024,77.0,70.0,70.0,68.0,61.0,55.0,70.0,80.0,30.0,80.0,45.0,66.0,66.0,50.0,85.0,42.0,74.0,73.0,53.0,70.0,55.0,70.0,89.0,75.0,92.0,92.0,85.0,92.0,80.0,86.0,89.0,82.0,74.0,60.0,69.0,89.0
Ryan Rollins,MIL,13,1,12,0.077,6.0,1.1,2.1,0.519,0.2,0.3,0.75,1.0,1.3,0.765,0.2,0.8,1.0,1.1,0.6000000000000001,0.8,0.2,0.2,0.6000000000000001,1.1,3.4,4.8,423,118.5,118.9,118.9,83.0,83.4,83.4,35.6,35.4,35.4,0.209,1.75,25.0,0.028,0.133,0.084,14.3,14.2,0.5740000000000001,0.638,0.214,0.223,108.34,107.9,89.92,107.9,0.16,175,14,27,1.1,2.1,2024,71.0,71.0,76.0,73.0,79.0,60.0,50.0,78.0,25.0,65.0,40.0,42.0,42.0,77.0,85.0,43.0,60.0,56.0,51.0,59.0,52.0,45.0,86.0,39.0,80.0,85.0,79.0,80.0,70.0,78.0,82.0,70.0,66.0,46.0,47.0,86.0
Saddiq Bey,ATL,63,28,35,0.444,32.7,4.6,11.1,0.416,1.8,5.7,0.316,2.7,3.2,0.837,2.7,3.9,6.5,1.5,0.9,0.8,0.2,0.8,1.4,2.2,13.7,-0.3,101,116.8,118.6,118.6,118.3,119.1,119.1,-1.6,-0.5,-0.5,0.058,1.7,9.9,0.075,0.119,0.096,5.8,5.8,0.497,0.549,0.163,0.166,103.18,102.06,85.05,102.06,0.079,4384,290,697,4.6,11.1,2024,77.0,71.0,71.0,74.0,80.0,75.0,85.0,80.0,45.0,60.0,43.0,42.0,52.0,84.0,84.0,64.0,75.0,40.0,37.0,77.0,72.0,70.0,63.0,69.0,70.0,87.0,90.0,81.0,64.0,76.0,57.0,75.0,31.0,66.0,59.0,79.0
Sam Hauser,BOS,79,62,17,0.785,22.0,3.2,7.1,0.446,2.5,5.9,0.424,0.2,0.2,0.895,0.6000000000000001,2.9,3.5,1.0,0.4,0.5,0.3,0.1,1.3,0.3,9.0,6.2,39,120.0,121.3,121.3,107.5,107.1,107.1,12.5,14.2,14.2,0.062,2.56,12.1,0.025,0.122,0.075,4.7,4.7,0.623,0.629,0.146,0.149,98.84,98.48,82.06,98.48,0.086,3564,249,558,3.2,7.1,2024,75.0,77.0,84.0,87.0,89.0,70.0,80.0,60.0,40.0,60.0,44.0,45.0,45.0,55.0,95.0,48.0,55.0,38.0,52.0,52.0,44.0,45.0,61.0,66.0,62.0,85.0,88.0,80.0,50.0,43.0,55.0,60.0,32.0,39.0,60.0,62.0
Sam Merrill,CLE,61,36,25,0.59,17.5,2.6,6.4,0.402,2.3,5.8,0.404,0.4,0.5,0.929,0.4,1.6,2.0,1.8,0.3,0.3,0.1,0.2,1.2,0.8,8.0,0.5,52,110.0,110.8,110.8,110.4,111.1,111.1,-0.5,-0.3,-0.3,0.149,5.68,20.4,0.02,0.091,0.055,3.6,3.6,0.584,0.598,0.17,0.176,98.16,97.47,81.22,97.47,0.09,2186,158,393,2.6,6.4,2024,74.0,70.0,81.0,86.0,89.0,75.0,95.0,64.0,30.0,45.0,30.0,44.0,48.0,55.0,80.0,42.0,60.0,36.0,32.0,52.0,62.0,45.0,62.0,44.0,60.0,80.0,60.0,79.0,74.0,76.0,60.0,79.0,55.0,36.0,50.0,64.0
Sandro Mamukelashvili,SAS,46,12,34,0.261,9.8,1.6,3.4,0.471,0.4,1.4,0.297,0.5,0.7000000000000001,0.735,1.0,2.2,3.2,1.1,0.4,0.2,0.3,0.2,0.8,0.6000000000000001,4.1,1.0,373,106.0,105.4,105.4,102.1,101.3,101.3,3.9,4.1,4.1,0.158,2.58,20.5,0.088,0.209,0.147,7.9,8.0,0.532,0.559,0.169,0.174,103.71,104.36,86.97,104.36,0.121,983,73,155,1.6,3.4,2024,73.0,85.0,69.0,72.0,68.0,60.0,45.0,69.0,65.0,65.0,62.0,60.0,63.0,54.0,85.0,65.0,50.0,33.0,62.0,68.0,52.0,45.0,59.0,73.0,69.0,85.0,85.0,80.0,62.0,59.0,49.0,69.0,61.0,73.0,85.0,59.0
Santi Aldama,MEM,61,23,38,0.377,26.5,4.0,9.3,0.435,1.7,5.0,0.349,0.9,1.4,0.621,1.2,4.6,5.8,2.3,1.1,0.7000000000000001,0.9,0.4,1.5,1.4,10.7,-4.5,106,104.6,106.2,106.2,113.7,114.6,114.6,-9.1,-8.3,-8.3,0.134,2.0,17.1,0.041,0.173,0.105,8.6,8.5,0.528,0.539,0.177,0.181,99.55,98.41,82.01,98.41,0.1,3318,247,568,4.0,9.3,2024,75.0,82.0,76.0,78.0,61.0,70.0,85.0,66.0,70.0,65.0,69.0,69.0,69.0,55.0,85.0,65.0,63.0,41.0,71.0,74.0,59.0,55.0,59.0,70.0,59.0,80.0,80.0,79.0,60.0,42.0,54.0,50.0,51.0,48.0,75.0,60.0
Scoot Henderson,POR,62,18,44,0.29,28.5,5.0,12.9,0.385,1.4,4.3,0.325,2.7,3.3,0.8190000000000001,0.9,2.3,3.1,5.4,3.4,0.8,0.2,0.8,3.1,3.4,14.0,-8.0,151,104.1,106.5,106.5,118.1,119.6,119.6,-14.0,-13.0,-13.0,0.3,1.58,23.4,0.027,0.083,0.054,14.8,14.8,0.44,0.489,0.26,0.263,100.95,99.15,82.62,99.15,0.067,3638,307,797,5.0,12.9,2024,78.0,72.0,77.0,76.0,77.0,65.0,70.0,83.0,35.0,94.0,44.0,44.0,44.0,49.0,95.0,41.0,66.0,41.0,42.0,65.0,67.0,50.0,95.0,53.0,95.0,95.0,80.0,80.0,79.0,86.0,95.0,77.0,74.0,41.0,48.0,89.0
Scottie Barnes,TOR,60,22,38,0.367,34.9,7.5,15.7,0.475,1.7,4.9,0.341,3.3,4.2,0.781,2.4,5.9,8.2,6.1,2.8,1.3,1.5,0.8,2.0,3.6,19.9,-2.4,110,111.9,112.6,112.6,114.6,115.8,115.8,-2.7,-3.2,-3.2,0.253,2.2,23.1,0.064,0.167,0.115,10.5,10.4,0.528,0.5660000000000001,0.24,0.247,101.98,101.17,84.31,101.17,0.132,4413,447,942,7.5,15.7,2024,85.0,83.0,88.0,79.0,73.0,80.0,95.0,86.0,80.0,80.0,60.0,62.0,62.0,84.0,95.0,80.0,80.0,49.0,76.0,80.0,78.0,85.0,82.0,74.0,92.0,88.0,90.0,80.0,77.0,79.0,77.0,80.0,72.0,60.0,71.0,82.0
Scotty Pippen Jr.,MEM,21,5,16,0.238,25.1,4.8,9.7,0.493,1.4,3.4,0.417,2.0,2.6,0.745,1.0,2.1,3.2,4.7,2.7,1.7,0.5,0.6000000000000001,2.9,3.1,12.9,-3.4,148,105.3,104.6,104.6,111.9,112.2,112.2,-6.7,-7.5,-7.5,0.31,1.75,25.7,0.039,0.088,0.063,14.7,14.7,0.5670000000000001,0.596,0.227,0.232,99.85,100.04,83.37,100.04,0.106,1103,100,203,4.8,9.7,2024,74.0,80.0,78.0,82.0,75.0,85.0,80.0,73.0,25.0,65.0,25.0,36.0,31.0,70.0,72.0,31.0,62.0,90.0,57.0,54.0,55.0,50.0,82.0,39.0,79.0,82.0,75.0,80.0,79.0,79.0,82.0,79.0,75.0,47.0,49.0,82.0
Seth Curry,CHA,44,25,19,0.5680000000000001,14.0,1.8,4.6,0.392,0.9,2.5,0.352,0.6000000000000001,0.7000000000000001,0.903,0.4,1.1,1.5,1.0,0.5,0.5,0.1,0.2,0.9,0.6000000000000001,5.1,1.4,247,110.3,110.6,110.6,107.4,107.5,107.5,2.9,3.1,3.1,0.1,2.1,15.9,0.028,0.078,0.053,7.6,7.4,0.485,0.519,0.159,0.167,100.96,100.77,83.98,100.77,0.067,1301,80,204,1.8,4.6,2024,73.0,86.0,73.0,80.0,93.0,70.0,80.0,85.0,25.0,36.0,27.0,35.0,30.0,35.0,69.0,25.0,57.0,59.0,42.0,54.0,55.0,35.0,78.0,41.0,68.0,89.0,80.0,80.0,75.0,78.0,77.0,75.0,37.0,42.0,48.0,78.0
Seth Lundy,ATL,9,2,7,0.222,5.8,0.4,1.9,0.235,0.3,1.4,0.231,0.3,0.4,0.75,0.1,0.7000000000000001,0.8,0.0,0.1,0.0,0.0,0.2,0.7000000000000001,0.3,1.6,-1.4,392,110.0,102.7,102.7,116.8,114.4,114.4,-6.8,-11.7,-11.7,0.0,0.0,0.0,0.022,0.118,0.072,5.0,5.1,0.324,0.373,0.168,0.179,98.04,102.49,85.41,102.49,-0.002,111,4,17,0.4,1.9,2024,68.0,72.0,76.0,70.0,82.0,50.0,35.0,76.0,25.0,60.0,47.0,48.0,47.0,44.0,80.0,44.0,65.0,57.0,40.0,57.0,57.0,40.0,85.0,55.0,75.0,85.0,66.0,80.0,62.0,67.0,74.0,60.0,29.0,54.0,59.0,77.0
Shaedon Sharpe,POR,32,8,24,0.25,33.1,5.5,13.6,0.406,1.9,5.6,0.333,3.1,3.7,0.8240000000000001,1.3,3.7,5.0,2.9,2.3,0.9,0.4,1.0,2.8,3.6,15.9,-7.7,91,103.6,105.8,105.8,114.0,116.0,116.0,-10.3,-10.3,-10.3,0.138,1.31,14.5,0.036,0.116,0.073,11.1,11.0,0.475,0.524,0.22,0.224,101.61,99.67,83.06,99.67,0.08,2190,176,434,5.5,13.6,2024,79.0,75.0,82.0,78.0,82.0,80.0,75.0,85.0,40.0,96.0,35.0,37.0,33.0,82.0,88.0,49.0,69.0,40.0,50.0,65.0,75.0,45.0,89.0,50.0,96.0,94.0,85.0,80.0,67.0,83.0,84.0,67.0,51.0,44.0,59.0,89.0
Shai Gilgeous-Alexander,OKC,75,55,20,0.733,34.0,10.6,19.8,0.535,1.3,3.6,0.353,7.6,8.7,0.874,0.9,4.7,5.5,6.2,2.2,2.0,0.9,1.0,2.5,6.4,30.1,8.2,169,120.0,121.0,121.0,108.5,109.7,109.7,11.6,11.3,11.3,0.287,2.87,19.5,0.026,0.128,0.08,6.8,6.8,0.5670000000000001,0.636,0.317,0.325,103.44,102.45,85.38,102.45,0.187,5447,796,1487,10.6,19.8,2024,96.0,98.0,95.0,82.0,92.0,98.0,98.0,97.0,40.0,75.0,66.0,73.0,72.0,98.0,98.0,68.0,88.0,95.0,66.0,88.0,95.0,85.0,86.0,60.0,85.0,97.0,98.0,80.0,97.0,94.0,85.0,98.0,90.0,48.0,68.0,86.0
Shake Milton,NYK,48,32,16,0.667,12.1,1.6,4.1,0.405,0.4,1.3,0.281,0.8,1.0,0.8160000000000001,0.3,1.3,1.6,1.3,0.6000000000000001,0.4,0.1,0.4,1.1,0.9,4.5,-1.0,381,106.3,104.6,104.6,110.1,109.4,109.4,-3.8,-4.8,-4.8,0.149,1.94,19.5,0.023,0.102,0.062,10.1,10.1,0.451,0.499,0.173,0.181,102.56,103.78,86.48,103.78,0.065,1263,79,195,1.6,4.1,2024,72.0,62.0,92.0,70.0,83.0,70.0,70.0,78.0,30.0,60.0,46.0,44.0,40.0,50.0,89.0,30.0,65.0,53.0,42.0,58.0,50.0,40.0,77.0,38.0,77.0,88.0,85.0,83.0,79.0,84.0,77.0,79.0,49.0,34.0,50.0,79.0
Sidy Cissoko,SAS,12,5,7,0.417,11.7,1.3,2.8,0.485,0.1,1.0,0.083,1.0,1.3,0.8,0.7000000000000001,1.2,1.8,0.8,0.3,0.6000000000000001,0.3,0.2,1.5,0.9,3.8,2.1,477,106.8,105.8,105.8,95.8,97.1,97.1,11.0,8.7,8.7,0.095,3.33,18.9,0.055,0.082,0.069,5.7,5.7,0.5,0.5680000000000001,0.124,0.128,105.5,105.25,87.71,105.25,0.071,308,16,33,1.3,2.8,2024,70.0,66.0,67.0,60.0,65.0,60.0,35.0,70.0,50.0,75.0,48.0,47.0,47.0,40.0,85.0,59.0,66.0,73.0,57.0,68.0,54.0,50.0,74.0,58.0,80.0,89.0,80.0,80.0,61.0,68.0,66.0,60.0,38.0,55.0,52.0,75.0
Simone Fontecchio,DET,66,29,37,0.439,24.9,3.8,8.3,0.46,2.0,5.1,0.401,0.8,1.0,0.8180000000000001,1.0,2.8,3.7,1.5,1.0,0.7000000000000001,0.3,0.5,1.7,0.9,10.5,-0.4,76,111.4,113.0,113.0,112.9,114.5,114.5,-1.5,-1.5,-1.5,0.084,1.49,13.6,0.037,0.107,0.071,9.1,9.1,0.582,0.6000000000000001,0.159,0.163,103.93,102.49,85.41,102.49,0.077,3521,252,548,3.8,8.3,2024,76.0,93.0,87.0,84.0,87.0,75.0,90.0,79.0,40.0,65.0,50.0,50.0,50.0,60.0,69.0,51.0,65.0,41.0,51.0,64.0,47.0,45.0,55.0,62.0,55.0,80.0,95.0,80.0,55.0,58.0,52.0,60.0,36.0,46.0,55.0,66.0
Spencer Dinwiddie,LAL,76,38,38,0.5,28.3,3.3,8.4,0.392,1.6,4.8,0.337,2.2,2.8,0.805,0.4,2.3,2.7,4.7,1.2,0.7000000000000001,0.3,0.2,1.8,1.9,10.5,0.9,119,116.1,116.8,116.8,114.3,115.2,115.2,1.7,1.6,1.6,0.217,3.91,30.3,0.014,0.077,0.046,7.7,7.7,0.489,0.543,0.161,0.165,101.2,100.46,83.72,100.46,0.076,4503,251,640,3.3,8.4,2024,74.0,83.0,52.0,77.0,79.0,50.0,60.0,83.0,35.0,55.0,49.0,52.0,52.0,80.0,98.0,42.0,74.0,40.0,47.0,68.0,59.0,70.0,82.0,45.0,75.0,95.0,85.0,77.0,88.0,88.0,82.0,90.0,71.0,32.0,47.0,82.0
Stanley Umude,DET,24,4,20,0.167,12.8,1.5,3.5,0.44,1.0,2.2,0.453,1.2,1.3,0.906,0.3,1.8,2.1,0.5,0.6000000000000001,0.3,0.3,0.2,1.7,0.9,5.3,-3.1,221,104.0,104.1,104.1,113.9,113.8,113.8,-9.8,-9.7,-9.7,0.053,0.79,9.1,0.027,0.13,0.081,11.6,11.4,0.583,0.647,0.15,0.157,103.75,103.78,86.48,103.78,0.072,659,37,84,1.5,3.5,2024,70.0,73.0,70.0,79.0,91.0,55.0,60.0,67.0,30.0,60.0,42.0,43.0,45.0,47.0,74.0,52.0,67.0,41.0,60.0,65.0,57.0,60.0,67.0,52.0,70.0,85.0,73.0,82.0,68.0,68.0,65.0,68.0,29.0,39.0,65.0,68.0
Stephen Curry,GSW,74,43,31,0.581,32.7,8.8,19.5,0.45,4.8,11.8,0.408,4.0,4.4,0.923,0.5,4.0,4.5,5.1,2.8,0.7000000000000001,0.4,0.7000000000000001,1.6,3.6,26.4,2.6,1,115.9,117.3,117.3,113.9,114.7,114.7,2.1,2.7,2.7,0.241,1.8,17.5,0.015,0.116,0.066,9.7,9.6,0.5730000000000001,0.616,0.302,0.31,102.87,101.9,84.91,101.9,0.14,5163,650,1445,8.8,19.5,2024,95.0,97.0,90.0,99.0,93.0,80.0,98.0,96.0,25.0,36.0,35.0,52.0,35.0,90.0,98.0,30.0,75.0,38.0,50.0,78.0,85.0,65.0,84.0,48.0,73.0,98.0,98.0,86.0,93.0,97.0,84.0,97.0,72.0,33.0,57.0,84.0
Svi Mykhailiuk,BOS,41,32,9,0.78,10.1,1.4,3.3,0.416,1.0,2.6,0.389,0.1,0.2,0.667,0.3,1.0,1.2,0.9,0.3,0.3,0.0,0.1,0.5,0.3,4.0,3.6,219,121.9,121.9,121.9,105.7,103.4,103.4,16.2,18.5,18.5,0.104,2.92,18.6,0.027,0.093,0.061,6.4,6.4,0.5690000000000001,0.5750000000000001,0.156,0.159,97.93,98.98,82.49,98.98,0.077,848,57,137,1.4,3.3,2024,72.0,86.0,80.0,82.0,67.0,70.0,75.0,74.0,40.0,55.0,42.0,47.0,38.0,49.0,94.0,37.0,55.0,41.0,30.0,50.0,54.0,30.0,82.0,54.0,69.0,81.0,65.0,79.0,69.0,64.0,75.0,64.0,42.0,40.0,50.0,82.0
T.J. McConnell,IND,71,40,31,0.5630000000000001,18.2,4.6,8.4,0.556,0.3,0.6000000000000001,0.409,0.7000000000000001,0.9,0.79,0.5,2.2,2.7,5.5,1.5,1.0,0.1,0.5,1.1,1.5,10.2,1.3,416,118.6,118.8,118.8,115.2,115.2,115.2,3.3,3.7,3.7,0.406,3.61,34.9,0.028,0.125,0.076,9.7,9.7,0.5720000000000001,0.586,0.229,0.237,103.71,103.62,86.35,103.62,0.152,2784,330,593,4.6,8.4,2024,79.0,97.0,90.0,79.0,74.0,85.0,85.0,76.0,25.0,25.0,44.0,58.0,38.0,40.0,79.0,49.0,82.0,80.0,37.0,70.0,87.0,80.0,76.0,44.0,65.0,85.0,92.0,83.0,88.0,79.0,73.0,86.0,88.0,41.0,60.0,82.0
Taj Gibson,DET,20,8,12,0.4,10.2,0.8,1.9,0.405,0.1,0.5,0.2,0.1,0.1,1.0,0.6000000000000001,1.3,1.9,0.6000000000000001,0.3,0.2,0.4,0.2,1.6,0.2,1.7,-1.5,466,102.4,101.9,101.9,110.0,107.1,107.1,-7.7,-5.3,-5.3,0.071,2.2,20.4,0.056,0.125,0.089,9.3,9.3,0.432,0.449,0.092,0.095,99.57,101.16,84.3,101.16,0.03,428,15,37,0.8,1.9,2024,71.0,83.0,82.0,50.0,71.0,50.0,45.0,65.0,75.0,65.0,81.0,80.0,79.0,52.0,77.0,69.0,58.0,43.0,61.0,78.0,62.0,60.0,49.0,83.0,58.0,75.0,85.0,83.0,33.0,35.0,32.0,54.0,38.0,63.0,60.0,57.0
Talen Horton-Tucker,UTA,51,14,37,0.275,19.8,3.6,9.1,0.396,1.2,3.6,0.33,1.7,2.1,0.807,0.4,2.0,2.4,3.5,1.3,0.9,0.4,0.5,1.8,1.6,10.1,-2.1,191,111.5,112.5,112.5,116.4,117.9,117.9,-4.9,-5.4,-5.4,0.265,2.72,23.5,0.02,0.094,0.057,8.6,8.6,0.46,0.503,0.234,0.241,101.63,100.57,83.81,100.57,0.089,2117,184,465,3.6,9.1,2024,75.0,78.0,42.0,76.0,80.0,90.0,80.0,82.0,30.0,80.0,52.0,60.0,57.0,78.0,95.0,44.0,74.0,66.0,56.0,70.0,70.0,50.0,70.0,69.0,73.0,85.0,85.0,80.0,84.0,82.0,68.0,84.0,72.0,36.0,52.0,78.0
Tari Eason,HOU,22,12,10,0.545,21.8,4.0,8.6,0.466,0.8,2.3,0.36,1.0,1.5,0.636,2.1,4.9,7.0,1.2,0.9,1.4,0.9,0.8,2.3,1.1,9.8,4.0,256,111.8,112.6,112.6,101.6,103.1,103.1,10.2,9.4,9.4,0.087,1.35,10.8,0.088,0.203,0.145,8.0,8.0,0.513,0.528,0.188,0.194,102.54,101.43,84.52,101.43,0.131,1011,88,189,4.0,8.6,2024,79.0,78.0,89.0,80.0,63.0,80.0,80.0,79.0,35.0,80.0,54.0,52.0,51.0,61.0,80.0,65.0,71.0,90.0,76.0,70.0,68.0,50.0,80.0,70.0,80.0,85.0,85.0,80.0,50.0,70.0,72.0,47.0,36.0,73.0,76.0,80.0
Taurean Prince,LAL,78,44,34,0.5640000000000001,27.0,3.2,7.3,0.442,1.8,4.6,0.396,0.6000000000000001,0.9,0.735,0.3,2.7,2.9,1.5,0.9,0.7000000000000001,0.4,0.4,1.9,0.9,8.9,-1.5,99,113.1,113.9,113.9,115.6,116.5,116.5,-2.5,-2.6,-2.6,0.073,1.63,15.0,0.01,0.095,0.054,9.2,9.2,0.5660000000000001,0.579,0.134,0.137,103.39,102.61,85.51,102.61,0.056,4506,253,572,3.2,7.3,2024,75.0,88.0,69.0,83.0,70.0,75.0,75.0,70.0,75.0,70.0,52.0,45.0,51.0,55.0,85.0,64.0,74.0,41.0,53.0,68.0,81.0,60.0,80.0,60.0,84.0,84.0,85.0,81.0,68.0,70.0,69.0,55.0,33.0,31.0,51.0,78.0
Taylor Hendricks,UTA,40,13,27,0.325,21.4,2.7,6.0,0.45,1.3,3.5,0.379,0.6000000000000001,0.7000000000000001,0.793,1.2,3.5,4.6,0.8,0.7000000000000001,0.7000000000000001,0.8,0.3,1.9,0.5,7.3,-3.8,160,108.5,110.2,110.2,117.9,118.2,118.2,-9.4,-8.1,-8.1,0.051,1.19,10.3,0.053,0.159,0.106,8.7,8.7,0.56,0.578,0.135,0.138,102.04,101.11,84.26,101.11,0.074,1802,108,240,2.7,6.0,2024,76.0,88.0,75.0,81.0,80.0,75.0,75.0,82.0,60.0,75.0,54.0,54.0,54.0,47.0,85.0,68.0,68.0,46.0,71.0,67.0,62.0,60.0,72.0,62.0,78.0,92.0,85.0,80.0,55.0,69.0,69.0,62.0,30.0,55.0,69.0,75.0
Terance Mann,LAC,75,47,28,0.627,25.0,3.4,6.6,0.515,0.9,2.7,0.348,1.1,1.3,0.8320000000000001,1.2,2.2,3.4,1.6,0.6000000000000001,0.6000000000000001,0.2,0.4,1.9,1.1,8.8,0.7000000000000001,238,116.7,116.7,116.7,114.3,114.8,114.8,2.4,1.9,1.9,0.086,2.48,17.0,0.05,0.088,0.07,6.8,6.8,0.587,0.615,0.135,0.139,97.93,97.71,81.42,97.71,0.071,3804,254,493,3.4,6.6,2024,76.0,91.0,63.0,78.0,68.0,80.0,85.0,83.0,45.0,75.0,47.0,50.0,50.0,72.0,75.0,54.0,66.0,38.0,42.0,62.0,59.0,50.0,71.0,50.0,79.0,85.0,90.0,80.0,79.0,79.0,70.0,83.0,36.0,52.0,49.0,73.0
Thomas Bryant,MIA,38,22,16,0.579,11.6,2.3,3.9,0.577,0.1,0.6000000000000001,0.182,1.1,1.2,0.872,1.1,2.7,3.7,0.6000000000000001,0.6000000000000001,0.3,0.4,0.3,1.2,0.9,5.7,0.3,463,113.0,112.8,112.8,110.8,110.7,110.7,2.3,2.1,2.1,0.079,1.1,10.7,0.093,0.233,0.163,9.8,9.8,0.591,0.639,0.187,0.192,98.68,98.8,82.34,98.8,0.124,905,86,149,2.3,3.9,2024,71.0,93.0,69.0,65.0,82.0,25.0,70.0,70.0,75.0,65.0,76.0,76.0,76.0,58.0,78.0,63.0,40.0,38.0,74.0,79.0,50.0,45.0,62.0,80.0,52.0,88.0,95.0,82.0,40.0,53.0,53.0,42.0,35.0,71.0,87.0,57.0
Tim Hardaway Jr.,DAL,79,49,30,0.62,26.8,5.0,12.4,0.402,2.7,7.6,0.353,1.8,2.1,0.852,0.3,2.9,3.2,1.8,0.9,0.5,0.1,0.4,1.3,2.0,14.4,0.2,32,114.8,115.7,115.7,114.8,115.8,115.8,0.0,-0.1,-0.1,0.094,2.01,11.1,0.01,0.106,0.058,5.5,5.5,0.51,0.542,0.22,0.226,102.91,102.05,85.04,102.05,0.083,4516,392,976,5.0,12.4,2024,76.0,76.0,82.0,79.0,88.0,75.0,65.0,86.0,35.0,78.0,36.0,53.0,38.0,70.0,71.0,45.0,70.0,37.0,30.0,63.0,58.0,40.0,68.0,55.0,78.0,85.0,83.0,83.0,75.0,78.0,68.0,84.0,37.0,30.0,54.0,75.0
Tobias Harris,PHI,70,41,29,0.586,33.8,6.6,13.6,0.487,1.3,3.7,0.353,2.7,3.0,0.878,1.1,5.3,6.5,3.1,1.3,1.0,0.7000000000000001,1.1,1.6,2.4,17.2,3.2,162,115.3,117.0,117.0,111.3,112.4,112.4,4.0,4.6,4.6,0.136,2.33,16.1,0.033,0.156,0.094,6.9,6.9,0.535,0.5760000000000001,0.203,0.207,100.14,98.94,82.45,98.94,0.116,4880,463,951,6.6,13.6,2024,80.0,89.0,85.0,80.0,90.0,60.0,80.0,82.0,65.0,75.0,70.0,70.0,86.0,68.0,95.0,59.0,58.0,43.0,57.0,66.0,64.0,60.0,75.0,73.0,79.0,97.0,73.0,82.0,77.0,79.0,56.0,78.0,53.0,43.0,69.0,67.0
Torrey Craig,CHI,53,22,31,0.415,19.8,2.0,4.7,0.43,1.1,2.9,0.392,0.5,0.7000000000000001,0.75,1.3,2.8,4.1,1.1,0.6000000000000001,0.6000000000000001,0.4,0.2,2.1,0.7000000000000001,5.7,-3.4,201,110.9,111.2,111.2,118.2,118.4,118.4,-7.3,-7.3,-7.3,0.074,1.81,16.3,0.062,0.148,0.102,9.0,9.0,0.55,0.5680000000000001,0.121,0.124,98.5,98.28,81.9,98.28,0.064,2136,108,251,2.0,4.7,2024,74.0,80.0,54.0,83.0,78.0,95.0,50.0,79.0,35.0,60.0,50.0,62.0,55.0,50.0,70.0,74.0,79.0,42.0,61.0,79.0,75.0,75.0,63.0,49.0,73.0,80.0,35.0,80.0,52.0,69.0,58.0,50.0,33.0,61.0,66.0,80.0
Tosan Evbuomwan,DET,17,1,16,0.059,21.6,2.1,4.2,0.507,0.7000000000000001,1.9,0.375,1.0,1.5,0.68,1.1,2.5,3.5,0.9,0.5,0.4,0.3,0.3,1.4,1.1,5.9,-7.5,293,103.3,103.6,103.6,118.7,119.2,119.2,-15.5,-15.6,-15.6,0.063,1.78,14.8,0.047,0.122,0.082,8.3,8.4,0.592,0.616,0.108,0.109,99.4,99.06,82.55,99.06,0.064,752,36,71,2.1,4.2,2024,70.0,84.0,72.0,79.0,80.0,60.0,50.0,66.0,40.0,65.0,52.0,52.0,58.0,35.0,69.0,57.0,57.0,35.0,51.0,47.0,55.0,50.0,64.0,58.0,68.0,88.0,95.0,85.0,69.0,75.0,60.0,69.0,31.0,60.0,58.0,60.0
Toumani Camara,POR,70,19,51,0.271,24.8,2.8,6.3,0.45,0.8,2.5,0.337,1.1,1.4,0.758,2.0,2.9,4.9,1.2,1.2,0.9,0.5,0.4,2.5,1.6,7.5,-2.7,254,105.1,106.9,106.9,110.7,111.5,111.5,-5.6,-4.6,-4.6,0.072,1.04,13.3,0.073,0.119,0.095,12.9,12.9,0.516,0.547,0.134,0.136,100.53,99.35,82.79,99.35,0.065,3589,197,438,2.8,6.3,2024,74.0,75.0,67.0,77.0,68.0,70.0,60.0,77.0,60.0,75.0,59.0,59.0,59.0,62.0,85.0,60.0,60.0,56.0,56.0,65.0,64.0,60.0,63.0,65.0,73.0,80.0,85.0,80.0,58.0,65.0,58.0,57.0,33.0,66.0,61.0,61.0
Trae Young,ATL,54,22,32,0.407,36.0,8.0,18.7,0.43,3.2,8.7,0.373,6.4,7.5,0.855,0.4,2.3,2.8,10.8,4.4,1.3,0.2,1.0,2.0,6.4,25.7,-2.1,10,116.3,116.6,116.6,118.5,119.1,119.1,-2.2,-2.5,-2.5,0.435,2.48,29.2,0.011,0.065,0.037,11.8,11.7,0.516,0.585,0.289,0.298,105.3,104.95,87.46,104.95,0.131,4241,433,1008,8.0,18.7,2024,89.0,92.0,86.0,83.0,89.0,85.0,98.0,94.0,25.0,30.0,28.0,60.0,34.0,96.0,80.0,31.0,55.0,56.0,37.0,58.0,70.0,30.0,84.0,50.0,78.0,95.0,75.0,86.0,82.0,96.0,84.0,97.0,94.0,31.0,43.0,84.0
Trayce Jackson-Davis,GSW,68,39,29,0.5740000000000001,16.6,3.4,4.9,0.7020000000000001,0.0,0.0,0.0,1.1,1.9,0.561,2.0,3.0,5.0,1.2,0.7000000000000001,0.4,1.1,0.6000000000000001,1.6,1.4,7.9,0.5,498,114.6,114.1,114.1,112.0,113.0,113.0,2.6,1.1,1.1,0.103,1.67,15.9,0.114,0.172,0.143,9.5,9.4,0.7020000000000001,0.6920000000000001,0.157,0.163,101.05,100.82,84.02,100.82,0.127,2377,233,332,3.4,4.9,2024,76.0,94.0,70.0,44.0,63.0,60.0,70.0,79.0,80.0,80.0,60.0,60.0,60.0,50.0,75.0,63.0,58.0,40.0,88.0,57.0,55.0,50.0,79.0,63.0,88.0,85.0,85.0,80.0,62.0,66.0,69.0,64.0,41.0,85.0,74.0,79.0
Tre Jones,SAS,77,21,56,0.273,27.8,3.9,7.8,0.505,0.8,2.5,0.335,1.3,1.5,0.856,0.8,3.0,3.8,6.2,1.5,1.0,0.1,0.4,1.2,1.7,10.0,-0.3,253,110.3,110.9,110.9,111.4,111.8,111.8,-1.1,-0.9,-0.9,0.298,4.12,38.4,0.026,0.104,0.065,9.3,9.3,0.558,0.591,0.149,0.152,103.13,102.72,85.6,102.72,0.109,4585,303,600,3.9,7.8,2024,78.0,91.0,70.0,76.0,84.0,75.0,85.0,86.0,25.0,35.0,32.0,34.0,30.0,74.0,80.0,34.0,75.0,49.0,32.0,70.0,76.0,65.0,80.0,60.0,71.0,85.0,75.0,81.0,85.0,84.0,80.0,85.0,75.0,39.0,54.0,80.0
Tre Mann,CHA,41,21,20,0.512,24.1,3.5,7.7,0.459,1.1,3.1,0.373,1.1,1.4,0.763,0.5,3.1,3.6,4.0,1.6,1.2,0.1,0.4,1.2,1.9,9.3,-3.1,199,107.7,107.2,107.2,113.4,114.1,114.1,-5.7,-7.0,-7.0,0.249,2.54,29.1,0.022,0.132,0.079,11.5,11.4,0.533,0.559,0.183,0.191,97.38,97.33,81.11,97.33,0.104,2007,145,316,3.5,7.7,2024,76.0,87.0,80.0,82.0,76.0,70.0,90.0,83.0,25.0,60.0,35.0,55.0,60.0,59.0,85.0,49.0,66.0,76.0,32.0,60.0,59.0,40.0,74.0,53.0,68.0,88.0,75.0,80.0,80.0,83.0,73.0,78.0,72.0,36.0,63.0,74.0
Trendon Watford,BKN,63,25,38,0.397,13.6,2.6,4.9,0.527,0.4,1.1,0.397,1.2,1.5,0.794,0.8,2.3,3.1,1.3,1.0,0.4,0.3,0.4,1.7,1.2,6.9,-1.2,366,108.7,109.0,109.0,113.0,112.8,112.8,-4.3,-3.8,-3.8,0.148,1.29,16.3,0.059,0.162,0.111,12.7,12.7,0.5710000000000001,0.611,0.203,0.209,98.89,98.86,82.38,98.86,0.11,1761,164,311,2.6,4.9,2024,74.0,94.0,68.0,80.0,82.0,60.0,85.0,79.0,75.0,80.0,69.0,69.0,69.0,69.0,70.0,66.0,52.0,41.0,60.0,52.0,50.0,40.0,63.0,79.0,80.0,85.0,80.0,80.0,59.0,50.0,57.0,62.0,58.0,57.0,72.0,63.0
Trevelin Queen,ORL,14,5,9,0.357,11.8,1.0,2.7,0.368,0.2,1.2,0.176,0.6000000000000001,0.9,0.75,0.2,1.2,1.4,1.3,0.5,0.5,0.4,0.0,1.1,0.8,2.9,-0.6000000000000001,428,111.0,107.8,107.8,106.2,107.6,107.6,4.8,0.2,0.2,0.165,2.57,26.5,0.021,0.101,0.065,10.3,10.3,0.408,0.462,0.137,0.143,97.61,98.34,81.95,98.34,0.059,333,14,38,1.0,2.7,2024,67.0,67.0,68.0,65.0,73.0,70.0,40.0,70.0,40.0,75.0,30.0,45.0,45.0,66.0,80.0,40.0,60.0,83.0,63.0,55.0,47.0,40.0,70.0,49.0,75.0,80.0,65.0,83.0,65.0,70.0,66.0,62.0,51.0,54.0,64.0,70.0
Trey Jemison III,MEM,25,5,20,0.2,23.0,3.0,5.4,0.551,0.0,0.0,0.0,0.8,1.0,0.84,2.6,2.8,5.4,1.1,1.4,0.5,1.1,0.6000000000000001,2.8,1.2,6.8,-4.4,498,103.6,106.5,106.5,114.3,113.8,113.8,-10.7,-7.3,-7.3,0.069,0.79,13.0,0.105,0.131,0.117,16.3,16.3,0.551,0.582,0.132,0.134,99.13,98.01,81.67,98.01,0.066,1161,75,136,3.0,5.4,2024,72.0,80.0,50.0,29.0,68.0,75.0,65.0,60.0,75.0,75.0,70.0,54.0,67.0,40.0,80.0,71.0,37.0,37.0,82.0,70.0,50.0,65.0,55.0,76.0,72.0,90.0,90.0,82.0,44.0,40.0,44.0,45.0,33.0,78.0,61.0,52.0
Trey Lyles,SAC,58,33,25,0.5690000000000001,20.0,2.5,5.5,0.445,1.4,3.8,0.384,0.8,1.2,0.7000000000000001,1.1,3.4,4.4,1.2,0.7000000000000001,0.3,0.3,0.3,1.5,1.2,7.2,3.1,146,116.7,117.9,117.9,110.6,110.2,110.2,6.1,7.7,7.7,0.079,1.89,15.7,0.052,0.166,0.109,8.3,8.2,0.5760000000000001,0.596,0.139,0.143,101.11,100.73,83.94,100.73,0.085,2427,143,321,2.5,5.5,2024,75.0,83.0,75.0,82.0,65.0,75.0,70.0,74.0,70.0,65.0,72.0,74.0,72.0,69.0,80.0,68.0,36.0,33.0,55.0,64.0,62.0,40.0,66.0,69.0,65.0,81.0,80.0,84.0,55.0,58.0,54.0,68.0,35.0,53.0,74.0,59.0
Trey Murphy III,NOP,57,35,22,0.614,29.7,4.8,10.9,0.443,3.0,7.8,0.38,2.2,2.6,0.8150000000000001,0.7000000000000001,4.2,4.9,2.2,0.6000000000000001,0.9,0.5,0.3,1.2,1.8,14.8,4.6,21,115.4,115.2,115.2,107.8,108.2,108.2,7.6,7.0,7.0,0.104,3.65,14.8,0.025,0.139,0.083,4.1,4.0,0.579,0.612,0.182,0.188,99.5,99.46,82.89,99.46,0.11,3511,275,621,4.8,10.9,2024,80.0,87.0,63.0,82.0,83.0,70.0,95.0,74.0,65.0,88.0,42.0,44.0,43.0,50.0,90.0,69.0,69.0,43.0,56.0,69.0,59.0,65.0,84.0,60.0,82.0,85.0,85.0,80.0,59.0,50.0,74.0,64.0,40.0,38.0,65.0,84.0
Tristan Thompson,CLE,49,28,21,0.5710000000000001,11.2,1.5,2.4,0.613,0.0,0.0,0.0,0.3,1.1,0.288,1.5,2.1,3.6,1.0,0.6000000000000001,0.2,0.3,0.2,1.2,1.2,3.3,-0.3,498,113.0,113.3,113.3,113.7,113.8,113.8,-0.6000000000000001,-0.5,-0.5,0.134,1.76,22.9,0.13,0.179,0.155,13.0,13.1,0.613,0.5670000000000001,0.132,0.136,98.16,97.98,81.65,97.98,0.091,1117,73,119,1.5,2.4,2024,70.0,92.0,67.0,62.0,38.0,25.0,25.0,65.0,85.0,75.0,69.0,40.0,55.0,40.0,70.0,75.0,54.0,38.0,62.0,79.0,52.0,45.0,63.0,74.0,74.0,80.0,85.0,90.0,31.0,39.0,30.0,70.0,48.0,91.0,75.0,64.0
Tristan Vukcevic,WAS,10,3,7,0.3,15.3,2.9,6.7,0.433,1.0,3.6,0.278,1.7,2.2,0.773,0.6000000000000001,3.0,3.6,1.3,1.0,0.5,0.7000000000000001,0.3,2.8,1.8,8.5,3.2,221,109.1,109.2,109.2,99.1,98.8,98.8,9.9,10.4,10.4,0.12,1.3,13.1,0.042,0.16,0.109,10.1,10.0,0.507,0.554,0.233,0.24,105.51,105.6,88.0,105.6,0.094,336,29,67,2.9,6.7,2024,70.0,78.0,71.0,72.0,81.0,55.0,75.0,69.0,70.0,65.0,66.0,67.0,69.0,40.0,78.0,59.0,44.0,43.0,76.0,57.0,37.0,45.0,57.0,72.0,65.0,89.0,80.0,80.0,45.0,51.0,50.0,55.0,45.0,45.0,80.0,55.0
Ty Jerome,CLE,2,1,1,0.5,7.4,1.0,2.0,0.5,0.0,0.5,0.0,0.0,0.0,0.0,0.5,0.0,0.5,1.5,0.5,0.0,0.0,0.0,1.0,0.0,2.0,-7.0,498,107.5,106.7,106.7,152.5,143.8,143.8,-45.0,-37.1,-37.1,0.273,3.0,37.5,0.067,0.0,0.04,12.5,12.5,0.5,0.5,0.147,0.153,97.06,100.43,83.69,100.43,0.034,30,2,4,1.0,2.0,2024,72.0,96.0,87.0,82.0,92.0,55.0,60.0,79.0,40.0,45.0,38.0,37.0,40.0,65.0,80.0,40.0,66.0,41.0,37.0,65.0,68.0,50.0,69.0,56.0,62.0,85.0,85.0,80.0,84.0,86.0,68.0,84.0,71.0,30.0,48.0,73.0
Tyler Herro,MIA,42,23,19,0.548,33.5,7.7,17.5,0.441,3.1,7.9,0.396,2.3,2.6,0.856,0.5,4.8,5.3,4.5,2.2,0.7000000000000001,0.1,1.0,1.5,2.1,20.8,0.7000000000000001,13,111.6,112.1,112.1,109.7,111.1,111.1,2.0,1.0,1.0,0.218,2.02,17.8,0.013,0.14,0.078,8.8,8.7,0.531,0.558,0.268,0.276,99.36,98.48,82.07,98.48,0.119,2888,324,735,7.7,17.5,2024,83.0,93.0,80.0,83.0,88.0,70.0,95.0,92.0,30.0,60.0,37.0,55.0,48.0,84.0,95.0,46.0,69.0,38.0,30.0,65.0,60.0,50.0,79.0,59.0,72.0,85.0,75.0,80.0,79.0,83.0,74.0,84.0,71.0,32.0,67.0,78.0
Tyrese Haliburton,IND,69,40,29,0.58,32.2,7.2,15.2,0.477,2.8,7.8,0.364,2.8,3.3,0.855,0.5,3.4,3.9,10.9,2.3,1.2,0.7000000000000001,0.8,1.1,2.4,20.1,4.3,24,119.9,122.4,122.4,115.0,116.2,116.2,4.9,6.2,6.2,0.444,4.73,37.0,0.016,0.102,0.06,7.8,7.7,0.5700000000000001,0.605,0.239,0.245,105.07,103.42,86.19,103.42,0.157,4789,500,1048,7.2,15.2,2024,90.0,97.0,97.0,82.0,88.0,80.0,90.0,90.0,40.0,65.0,42.0,49.0,40.0,92.0,95.0,60.0,77.0,53.0,56.0,78.0,75.0,75.0,83.0,59.0,70.0,95.0,90.0,80.0,98.0,92.0,83.0,98.0,97.0,34.0,55.0,83.0
Tyrese Maxey,PHI,70,43,27,0.614,37.5,9.1,20.3,0.45,3.0,8.1,0.373,4.7,5.4,0.868,0.5,3.2,3.7,6.2,1.7,1.0,0.5,1.3,2.2,4.1,25.9,4.3,17,116.1,118.3,118.3,111.9,113.2,113.2,4.3,5.2,5.2,0.257,3.73,20.5,0.014,0.085,0.049,5.5,5.4,0.524,0.5730000000000001,0.273,0.28,100.02,98.52,82.1,98.52,0.129,5400,638,1419,9.1,20.3,2024,89.0,82.0,86.0,85.0,89.0,85.0,98.0,94.0,25.0,70.0,45.0,60.0,47.0,94.0,98.0,52.0,79.0,41.0,51.0,69.0,68.0,65.0,90.0,44.0,80.0,98.0,95.0,77.0,85.0,89.0,90.0,89.0,79.0,32.0,48.0,90.0
Tyus Jones,WAS,66,11,55,0.167,29.3,4.9,10.1,0.489,1.6,3.9,0.414,0.5,0.6000000000000001,0.8,0.3,2.4,2.7,7.3,1.0,1.1,0.3,0.3,0.7000000000000001,0.7000000000000001,12.0,-7.5,122,109.5,110.6,110.6,120.4,122.5,122.5,-10.9,-11.9,-11.9,0.331,7.35,39.3,0.01,0.081,0.045,5.4,5.3,0.5690000000000001,0.578,0.161,0.163,105.8,104.37,86.98,104.37,0.111,4204,326,666,4.9,10.1,2024,78.0,95.0,93.0,85.0,77.0,65.0,80.0,89.0,25.0,30.0,28.0,40.0,35.0,74.0,78.0,30.0,67.0,49.0,45.0,60.0,80.0,50.0,71.0,34.0,57.0,92.0,87.0,84.0,84.0,86.0,69.0,88.0,79.0,30.0,47.0,71.0
Vasilije Micic,CHA,60,34,26,0.5670000000000001,19.6,2.7,6.2,0.43,0.7000000000000001,2.6,0.279,1.0,1.3,0.8130000000000001,0.2,1.2,1.5,4.4,1.7,0.5,0.1,0.6000000000000001,1.1,1.2,7.0,-1.2,289,111.5,111.7,111.7,114.2,114.8,114.8,-2.7,-3.1,-3.1,0.307,2.65,34.3,0.013,0.063,0.039,13.0,13.0,0.488,0.524,0.189,0.193,98.14,97.78,81.48,97.78,0.078,2395,159,370,2.7,6.2,2024,75.0,68.0,87.0,69.0,87.0,70.0,80.0,76.0,25.0,40.0,31.0,43.0,42.0,60.0,95.0,35.0,63.0,41.0,40.0,60.0,50.0,40.0,75.0,44.0,62.0,88.0,80.0,82.0,84.0,86.0,75.0,84.0,76.0,31.0,42.0,75.0
Victor Wembanyama,SAS,71,19,52,0.268,29.7,7.8,16.7,0.465,1.8,5.5,0.325,4.1,5.2,0.796,2.3,8.4,10.6,3.9,3.7,1.2,3.6,0.4,2.2,5.4,21.4,-2.0,100,107.9,107.9,107.9,111.4,111.2,111.2,-3.5,-3.2,-3.2,0.213,1.05,14.6,0.074,0.273,0.174,13.9,13.8,0.519,0.5650000000000001,0.312,0.322,103.31,103.4,86.16,103.4,0.162,4539,551,1186,7.8,16.7,2024,91.0,86.0,71.0,78.0,82.0,90.0,98.0,82.0,90.0,75.0,84.0,84.0,84.0,87.0,98.0,95.0,76.0,59.0,99.0,95.0,78.0,95.0,66.0,57.0,69.0,94.0,90.0,88.0,72.0,70.0,64.0,75.0,70.0,69.0,92.0,66.0
Vince Williams Jr.,MEM,52,18,34,0.346,27.6,3.3,7.3,0.446,1.5,4.0,0.378,2.0,2.5,0.8,1.1,4.4,5.6,3.4,1.8,0.9,0.7000000000000001,0.4,2.6,2.6,10.0,-1.8,134,106.3,108.4,108.4,110.5,111.4,111.4,-4.2,-3.0,-3.0,0.177,1.9,25.0,0.039,0.163,0.099,13.1,13.1,0.55,0.597,0.155,0.158,100.49,99.07,82.56,99.07,0.096,2964,169,379,3.3,7.3,2024,77.0,82.0,60.0,81.0,78.0,75.0,75.0,69.0,35.0,70.0,41.0,53.0,39.0,65.0,76.0,55.0,80.0,46.0,62.0,78.0,80.0,80.0,68.0,52.0,70.0,87.0,90.0,80.0,69.0,70.0,60.0,65.0,66.0,46.0,71.0,82.0
Walker Kessler,UTA,64,26,38,0.406,23.3,3.6,5.5,0.654,0.1,0.3,0.211,0.9,1.5,0.602,2.6,4.9,7.5,0.9,1.0,0.5,2.4,0.5,2.1,1.3,8.1,-2.3,483,110.5,111.4,111.4,116.0,116.0,116.0,-5.4,-4.5,-4.5,0.058,0.91,11.6,0.109,0.199,0.155,12.8,12.8,0.66,0.663,0.127,0.13,101.18,100.78,83.99,100.78,0.109,3132,229,350,3.6,5.5,2024,79.0,95.0,68.0,60.0,54.0,70.0,60.0,65.0,85.0,75.0,74.0,66.0,74.0,59.0,95.0,86.0,65.0,37.0,97.0,88.0,58.0,85.0,37.0,74.0,60.0,88.0,90.0,80.0,42.0,44.0,35.0,48.0,31.0,81.0,83.0,52.0
Wendell Carter Jr.,ORL,55,30,25,0.545,25.6,4.1,7.7,0.525,1.2,3.1,0.374,1.7,2.4,0.6940000000000001,2.0,4.9,6.9,1.7,1.2,0.6000000000000001,0.5,0.4,2.2,2.5,11.0,0.9,193,110.6,110.8,110.8,108.1,109.6,109.6,2.5,1.1,1.1,0.1,1.4,14.7,0.083,0.207,0.144,10.5,10.5,0.6000000000000001,0.623,0.172,0.175,98.2,97.46,81.22,97.46,0.113,2864,223,425,4.1,7.7,2024,80.0,81.0,82.0,81.0,72.0,65.0,80.0,78.0,80.0,75.0,82.0,82.0,81.0,75.0,85.0,78.0,47.0,40.0,58.0,80.0,70.0,70.0,68.0,82.0,68.0,85.0,90.0,81.0,56.0,50.0,47.0,70.0,39.0,68.0,82.0,55.0
Wendell Moore Jr.,MIN,25,18,7,0.72,3.0,0.4,0.7000000000000001,0.5,0.0,0.2,0.0,0.0,0.0,0.0,0.0,0.5,0.5,0.2,0.2,0.2,0.0,0.0,0.2,0.0,0.7000000000000001,-0.2,498,105.3,101.7,101.7,111.4,106.2,106.2,-6.1,-4.5,-4.5,0.094,1.5,21.4,0.0,0.16,0.075,14.3,14.3,0.5,0.5,0.106,0.114,109.68,114.36,95.3,114.36,0.069,180,9,18,0.4,0.7000000000000001,2024,70.0,66.0,70.0,76.0,81.0,60.0,45.0,71.0,50.0,80.0,52.0,52.0,52.0,52.0,72.0,66.0,72.0,76.0,67.0,70.0,72.0,60.0,70.0,58.0,83.0,85.0,90.0,80.0,57.0,67.0,68.0,54.0,60.0,40.0,50.0,82.0
Xavier Tillman,BOS,54,30,24,0.556,18.0,2.2,5.2,0.434,0.4,1.5,0.247,0.4,0.9,0.44,1.3,2.6,3.9,1.4,0.6000000000000001,0.9,0.8,0.4,1.4,0.8,5.3,-1.1,384,107.0,106.6,106.6,108.7,109.4,109.4,-1.7,-2.9,-2.9,0.116,2.26,18.6,0.066,0.149,0.105,8.2,8.3,0.47,0.472,0.146,0.15,99.45,99.29,82.75,99.29,0.078,2015,121,279,2.2,5.2,2024,74.0,82.0,63.0,62.0,45.0,65.0,50.0,70.0,75.0,65.0,70.0,70.0,70.0,46.0,95.0,78.0,66.0,80.0,81.0,80.0,84.0,75.0,46.0,72.0,69.0,82.0,94.0,80.0,62.0,61.0,37.0,68.0,43.0,63.0,66.0,67.0
Zach Collins,SAS,69,19,50,0.275,22.1,4.3,8.9,0.484,0.8,2.6,0.32,1.8,2.3,0.753,1.7,3.7,5.4,2.8,1.9,0.5,0.8,0.6000000000000001,3.0,2.2,11.2,-5.7,251,103.9,105.0,105.0,115.5,116.3,116.3,-11.6,-11.4,-11.4,0.196,1.47,19.2,0.073,0.162,0.117,13.0,13.0,0.531,0.5650000000000001,0.224,0.227,103.38,102.48,85.4,102.48,0.095,3247,298,616,4.3,8.9,2024,78.0,90.0,70.0,75.0,81.0,80.0,90.0,78.0,70.0,65.0,72.0,70.0,85.0,50.0,75.0,68.0,45.0,38.0,67.0,70.0,65.0,50.0,66.0,60.0,79.0,78.0,80.0,80.0,30.0,40.0,38.0,30.0,68.0,65.0,70.0,65.0
Zach LaVine,CHI,25,10,15,0.4,34.9,6.8,15.0,0.452,2.4,6.8,0.349,3.5,4.1,0.854,0.3,4.8,5.2,3.9,2.1,0.8,0.3,0.8,2.3,2.8,19.5,-3.7,49,109.0,109.9,109.9,113.8,115.3,115.3,-4.8,-5.4,-5.4,0.172,1.88,17.3,0.009,0.134,0.072,9.2,9.1,0.531,0.578,0.238,0.244,98.94,97.91,81.6,97.91,0.11,1780,170,376,6.8,15.0,2024,83.0,85.0,90.0,81.0,87.0,65.0,80.0,88.0,60.0,95.0,59.0,59.0,59.0,82.0,98.0,62.0,69.0,41.0,42.0,68.0,69.0,65.0,84.0,49.0,97.0,98.0,85.0,83.0,79.0,88.0,81.0,88.0,61.0,30.0,64.0,84.0
Zeke Nnaji,DEN,58,41,17,0.707,9.9,1.2,2.6,0.463,0.1,0.4,0.261,0.7000000000000001,1.1,0.677,1.1,1.1,2.2,0.6000000000000001,0.5,0.3,0.7000000000000001,0.4,1.4,1.3,3.2,-2.9,465,102.6,102.9,102.9,115.7,114.8,114.8,-13.1,-11.9,-11.9,0.08,1.19,13.6,0.099,0.103,0.101,11.4,11.5,0.483,0.528,0.15,0.155,99.02,99.31,82.76,99.31,0.063,1180,69,149,1.2,2.6,2024,72.0,70.0,76.0,69.0,62.0,65.0,45.0,77.0,80.0,70.0,69.0,67.0,67.0,69.0,77.0,69.0,54.0,41.0,87.0,57.0,42.0,45.0,77.0,70.0,82.0,80.0,89.0,83.0,33.0,37.0,52.0,42.0,33.0,80.0,55.0,77.0
Ziaire Williams,MEM,51,20,31,0.392,20.3,2.9,7.4,0.397,1.1,3.7,0.307,1.2,1.5,0.8270000000000001,0.7000000000000001,2.8,3.5,1.5,1.3,0.7000000000000001,0.2,0.5,1.7,1.5,8.2,-4.8,200,101.1,102.5,102.5,112.6,112.4,112.4,-11.6,-9.9,-9.9,0.118,1.14,13.6,0.031,0.138,0.082,12.0,12.0,0.474,0.511,0.192,0.197,101.02,100.4,83.67,100.4,0.074,2156,150,378,2.9,7.4,2024,73.0,56.0,66.0,73.0,77.0,40.0,35.0,82.0,65.0,80.0,48.0,44.0,58.0,55.0,75.0,60.0,73.0,41.0,52.0,70.0,71.0,65.0,87.0,40.0,82.0,90.0,88.0,80.0,50.0,79.0,82.0,54.0,42.0,43.0,67.0,87.0
Zion Williamson,NOP,70,42,28,0.6000000000000001,31.5,8.9,15.6,0.5700000000000001,0.1,0.3,0.333,5.0,7.1,0.7020000000000001,1.7,4.1,5.8,5.0,2.8,1.1,0.7000000000000001,1.7,2.3,5.2,22.9,2.0,476,114.4,114.5,114.5,111.4,111.6,111.6,3.0,2.9,2.9,0.256,1.82,19.1,0.055,0.127,0.091,10.5,10.4,0.5730000000000001,0.61,0.285,0.293,101.47,101.34,84.45,101.34,0.145,4663,624,1094,8.9,15.6,2024,88.0,84.0,79.0,73.0,64.0,80.0,90.0,93.0,90.0,95.0,90.0,80.0,87.0,90.0,95.0,59.0,55.0,49.0,61.0,64.0,70.0,40.0,85.0,92.0,99.0,83.0,95.0,60.0,65.0,78.0,74.0,72.0,73.0,56.0,61.0,85.0
A.J. Lawson,TOR,24,12,12,0.5,9.4,1.4,3.3,0.436,0.8,1.9,0.422,0.6000000000000001,0.8,0.778,0.4,1.4,1.8,0.3,0.3,0.5,0.2,0.2,1.1,0.6000000000000001,4.2,-0.4,316,109.8,107.6,107.6,110.6,110.7,110.7,-0.8,-3.1,-3.1,0.046,1.17,7.1,0.039,0.156,0.096,6.1,6.1,0.558,0.588,0.172,0.18,98.51,99.45,82.88,99.45,0.091,471,34,78,1.4,3.3,2026,74.0,75.0,68.0,82.0,66.0,85.0,65.0,80.0,45.0,75.0,52.0,52.0,55.0,54.0,75.0,48.0,60.0,41.0,53.0,60.0,65.0,50.0,74.0,34.0,80.0,85.0,80.0,80.0,69.0,69.0,69.0,64.0,34.0,46.0,68.0,79.0
AJ Green,MIL,78,31,47,0.397,29.1,3.4,7.9,0.424,3.0,7.1,0.419,0.7000000000000001,0.8,0.855,0.4,2.4,2.7,1.9,1.0,0.5,0.1,0.2,2.3,1.0,10.4,-1.9,18,112.1,113.1,113.1,115.9,116.7,116.7,-3.8,-3.6,-3.6,0.09,2.03,17.6,0.013,0.08,0.046,8.7,8.6,0.612,0.627,0.135,0.139,100.08,99.28,82.73,99.28,0.058,4704,262,618,3.4,7.9,2026,76.0,90.0,84.0,85.0,84.0,75.0,75.0,74.0,40.0,40.0,34.0,34.0,34.0,40.0,80.0,40.0,63.0,35.0,32.0,50.0,60.0,45.0,69.0,42.0,75.0,80.0,70.0,80.0,69.0,73.0,68.0,69.0,38.0,31.0,47.0,69.0
AJ Johnson,DAL,48,9,39,0.188,9.4,1.2,3.7,0.324,0.3,1.2,0.211,0.7000000000000001,0.8,0.85,0.3,0.9,1.1,1.0,0.6000000000000001,0.2,0.1,0.5,0.6000000000000001,0.6000000000000001,3.3,-1.1,456,104.9,105.7,105.7,113.1,112.1,112.1,-8.3,-6.4,-6.4,0.151,1.57,17.3,0.027,0.089,0.057,11.1,11.1,0.358,0.413,0.195,0.203,101.95,102.05,85.04,102.05,0.045,968,57,176,1.2,3.7,2026,72.0,52.0,74.0,68.0,83.0,60.0,60.0,80.0,30.0,80.0,30.0,30.0,30.0,44.0,80.0,49.0,56.0,37.0,37.0,48.0,47.0,30.0,83.0,39.0,76.0,80.0,75.0,80.0,70.0,86.0,79.0,72.0,67.0,38.0,53.0,79.0
Aaron Gordon,DEN,36,27,9,0.75,27.9,5.5,11.1,0.497,1.7,4.4,0.389,3.5,4.5,0.767,1.4,4.4,5.8,2.7,1.1,0.6000000000000001,0.3,0.4,1.7,3.4,16.2,7.6,128,123.4,124.7,124.7,112.0,112.0,112.0,11.4,12.7,12.7,0.13,2.53,15.9,0.052,0.148,0.102,6.3,6.3,0.5740000000000001,0.62,0.213,0.219,100.54,99.99,83.33,99.99,0.117,2096,198,398,5.5,11.1,2026,83.0,75.0,74.0,81.0,76.0,75.0,70.0,80.0,85.0,94.0,58.0,60.0,74.0,85.0,95.0,80.0,84.0,38.0,47.0,84.0,82.0,80.0,71.0,72.0,92.0,95.0,95.0,84.0,65.0,62.0,66.0,60.0,49.0,55.0,67.0,84.0
Aaron Holiday,HOU,57,38,19,0.667,13.7,1.8,4.4,0.417,1.2,3.0,0.394,0.6000000000000001,0.7000000000000001,0.854,0.2,0.8,1.0,1.1,0.7000000000000001,0.5,0.1,0.1,1.3,0.8,5.5,2.3,223,114.8,114.6,114.6,106.4,106.3,106.3,8.4,8.3,8.3,0.105,1.58,16.3,0.016,0.054,0.035,10.4,10.3,0.55,0.578,0.159,0.166,99.54,99.63,83.02,99.63,0.063,1618,105,252,1.8,4.4,2026,74.0,94.0,64.0,82.0,87.0,85.0,70.0,79.0,25.0,60.0,25.0,45.0,32.0,47.0,80.0,34.0,68.0,46.0,37.0,67.0,69.0,45.0,76.0,49.0,56.0,85.0,85.0,84.0,82.0,86.0,76.0,82.0,40.0,33.0,40.0,77.0
Aaron Nesmith,IND,45,10,35,0.222,29.7,4.7,11.4,0.414,2.3,6.2,0.379,2.0,2.5,0.8290000000000001,1.1,3.1,4.2,1.9,1.4,0.6000000000000001,0.5,0.8,2.8,2.6,13.8,-4.5,61,109.9,111.1,111.1,116.9,118.4,118.4,-7.0,-7.3,-7.3,0.091,1.37,12.2,0.034,0.102,0.067,9.0,8.9,0.517,0.554,0.19,0.196,104.33,103.09,85.91,103.09,0.067,2871,212,512,4.7,11.4,2026,80.0,90.0,70.0,82.0,83.0,85.0,70.0,77.0,35.0,55.0,53.0,57.0,57.0,78.0,85.0,72.0,76.0,36.0,55.0,76.0,57.0,75.0,78.0,52.0,79.0,87.0,85.0,81.0,69.0,70.0,64.0,65.0,38.0,43.0,53.0,76.0
Aaron Wiggins,OKC,65,50,15,0.769,21.8,3.6,8.2,0.431,1.5,4.2,0.356,0.8,1.1,0.736,0.6000000000000001,2.4,3.1,1.7,1.2,0.9,0.4,0.4,1.3,0.9,9.4,2.7,163,113.0,112.8,112.8,106.9,106.7,106.7,6.1,6.2,6.2,0.11,1.35,14.3,0.028,0.101,0.066,10.7,10.7,0.521,0.538,0.194,0.198,101.29,101.47,84.56,101.47,0.082,2986,231,536,3.6,8.2,2026,78.0,82.0,87.0,79.0,74.0,80.0,80.0,80.0,35.0,70.0,52.0,57.0,54.0,62.0,76.0,48.0,59.0,59.0,58.0,57.0,52.0,55.0,84.0,45.0,72.0,80.0,65.0,80.0,68.0,70.0,75.0,68.0,41.0,41.0,54.0,84.0
Ace Bailey,UTA,72,19,53,0.264,27.6,5.5,12.4,0.443,1.9,5.5,0.344,0.9,1.2,0.75,1.4,2.8,4.2,1.8,1.5,0.8,0.7000000000000001,0.4,2.7,1.2,13.8,-6.2,102,109.5,109.8,109.8,119.8,120.4,120.4,-10.3,-10.7,-10.7,0.098,1.22,11.2,0.048,0.097,0.072,9.2,9.2,0.52,0.533,0.21,0.215,104.98,104.58,87.15,104.58,0.069,4337,395,892,5.5,12.4,2026,81.0,97.0,74.0,78.0,77.0,90.0,90.0,74.0,60.0,80.0,59.0,62.0,60.0,59.0,80.0,59.0,68.0,42.0,62.0,67.0,68.0,60.0,85.0,61.0,79.0,88.0,80.0,80.0,66.0,75.0,79.0,66.0,39.0,52.0,52.0,84.0
Adama Bal,MEM,8,1,7,0.125,30.2,3.5,8.5,0.412,2.3,5.5,0.409,1.1,1.3,0.9,0.8,2.4,3.1,2.4,0.8,1.1,0.1,0.5,3.4,1.4,10.4,-20.8,66,99.1,99.6,99.6,127.9,130.0,130.0,-28.8,-30.3,-30.3,0.119,3.17,19.6,0.022,0.08,0.049,6.2,6.2,0.544,0.5730000000000001,0.134,0.137,106.93,105.82,88.18,105.82,0.052,530,28,68,3.5,8.5,2026,68.0,72.0,71.0,76.0,75.0,60.0,45.0,68.0,40.0,70.0,47.0,48.0,47.0,49.0,95.0,47.0,63.0,42.0,25.0,60.0,55.0,40.0,76.0,49.0,73.0,85.0,85.0,80.0,69.0,76.0,73.0,69.0,40.0,35.0,43.0,70.0
Adem Bona,PHI,71,41,30,0.577,17.4,1.8,3.1,0.595,0.0,0.1,0.333,1.1,1.6,0.708,1.8,2.5,4.3,0.5,0.8,0.4,1.2,0.4,2.2,1.4,4.8,-0.1,506,112.6,113.1,113.1,111.6,112.9,112.9,1.0,0.3,0.3,0.034,0.5700000000000001,8.9,0.099,0.138,0.119,15.6,15.7,0.6000000000000001,0.638,0.108,0.111,103.15,102.35,85.29,102.35,0.069,2625,131,220,1.8,3.1,2026,75.0,77.0,57.0,54.0,71.0,70.0,40.0,72.0,80.0,80.0,55.0,42.0,55.0,37.0,70.0,70.0,37.0,40.0,90.0,72.0,50.0,60.0,82.0,73.0,89.0,84.0,90.0,80.0,40.0,52.0,57.0,40.0,28.0,77.0,66.0,68.0
Adou Thiero,LAL,25,15,10,0.6000000000000001,6.0,0.6000000000000001,1.2,0.516,0.0,0.1,0.333,0.6000000000000001,0.9,0.636,0.4,0.8,1.1,0.4,0.4,0.3,0.1,0.2,0.8,0.6000000000000001,1.9,-1.3,502,112.7,109.2,109.2,124.1,122.4,122.4,-11.4,-13.2,-13.2,0.094,1.11,16.9,0.068,0.139,0.104,15.3,15.1,0.532,0.578,0.143,0.152,98.15,100.41,83.68,100.41,0.054,315,16,31,0.6000000000000001,1.2,2026,70.0,75.0,64.0,71.0,69.0,35.0,25.0,73.0,50.0,88.0,40.0,40.0,40.0,65.0,70.0,57.0,67.0,72.0,55.0,64.0,60.0,50.0,87.0,69.0,92.0,80.0,70.0,80.0,47.0,69.0,71.0,47.0,32.0,64.0,57.0,85.0
Ajay Mitchell,OKC,57,50,7,0.877,25.8,5.0,10.4,0.485,1.1,3.1,0.347,2.5,2.8,0.87,0.7000000000000001,2.6,3.3,3.6,1.4,1.2,0.3,0.5,2.1,2.6,13.6,8.8,251,118.4,118.2,118.2,102.6,102.5,102.5,15.8,15.6,15.6,0.194,2.54,21.8,0.027,0.093,0.062,8.6,8.5,0.536,0.585,0.21,0.217,102.33,102.48,85.4,102.48,0.116,3149,286,590,5.0,10.4,2026,84.0,95.0,79.0,80.0,87.0,90.0,90.0,94.0,35.0,70.0,30.0,37.0,38.0,79.0,80.0,43.0,77.0,70.0,52.0,78.0,75.0,75.0,83.0,53.0,65.0,87.0,75.0,80.0,74.0,82.0,79.0,75.0,69.0,40.0,52.0,80.0
Al Horford,GSW,45,22,23,0.489,21.5,3.1,7.2,0.426,1.6,4.6,0.361,0.5,0.6000000000000001,0.846,1.0,3.9,4.9,2.6,0.9,0.7000000000000001,1.1,0.2,1.1,0.5,8.3,-0.2,138,112.7,112.7,112.7,114.0,113.5,113.5,-1.3,-0.9,-0.9,0.171,2.76,23.5,0.043,0.184,0.111,8.5,8.5,0.54,0.554,0.163,0.168,100.89,101.08,84.24,101.08,0.104,2045,138,324,3.1,7.2,2026,79.0,92.0,79.0,80.0,85.0,65.0,50.0,65.0,70.0,65.0,76.0,79.0,79.0,37.0,84.0,82.0,68.0,46.0,84.0,85.0,78.0,85.0,53.0,91.0,69.0,95.0,85.0,78.0,79.0,50.0,33.0,84.0,64.0,50.0,77.0,67.0
Alex Antetokounmpo,MIL,6,2,4,0.333,3.4,0.5,1.3,0.375,0.3,1.2,0.286,1.8,2.5,0.733,0.3,0.7000000000000001,1.0,0.2,0.2,0.0,0.2,0.0,0.2,1.2,3.2,0.8,429,102.4,102.2,102.2,98.5,89.4,89.4,3.9,12.8,12.8,0.083,1.0,5.9,0.083,0.138,0.113,5.9,6.0,0.5,0.651,0.314,0.313,102.99,108.15,90.12,108.15,0.196,46,3,8,0.5,1.3,2026,68.0,70.0,67.0,66.0,61.0,60.0,30.0,72.0,65.0,80.0,51.0,47.0,50.0,40.0,80.0,57.0,64.0,52.0,52.0,50.0,47.0,50.0,64.0,57.0,75.0,85.0,80.0,85.0,64.0,69.0,60.0,66.0,37.0,50.0,54.0,67.0
Alex Caruso,OKC,56,47,9,0.839,18.2,2.3,5.4,0.423,0.9,3.2,0.293,0.7000000000000001,0.9,0.804,0.5,2.3,2.8,2.0,0.9,1.3,0.3,0.2,1.2,1.0,6.2,6.8,286,117.8,116.9,116.9,99.4,99.3,99.3,18.4,17.6,17.6,0.145,2.29,22.8,0.028,0.113,0.073,10.0,10.0,0.512,0.54,0.152,0.157,102.28,102.74,85.62,102.74,0.093,2183,127,300,2.3,5.4,2026,80.0,88.0,82.0,78.0,80.0,70.0,50.0,75.0,35.0,75.0,30.0,43.0,29.0,40.0,85.0,51.0,93.0,97.0,56.0,90.0,92.0,95.0,82.0,31.0,72.0,85.0,85.0,81.0,75.0,78.0,82.0,75.0,57.0,41.0,56.0,94.0
Alex Morales,ORL,4,3,1,0.75,5.9,0.8,1.8,0.429,0.0,0.3,0.0,0.5,0.5,1.0,0.3,0.5,0.8,1.0,1.0,0.0,0.0,0.3,1.8,0.3,2.0,2.0,517,113.0,120.4,120.4,113.5,104.1,104.1,-0.5,16.3,16.3,0.19,1.0,25.0,0.043,0.111,0.073,25.0,25.2,0.429,0.508,0.203,0.204,98.84,99.73,83.11,99.73,-0.006,49,3,7,0.8,1.8,2026,68.0,70.0,69.0,76.0,75.0,50.0,50.0,70.0,45.0,75.0,52.0,52.0,52.0,78.0,80.0,64.0,73.0,74.0,32.0,70.0,70.0,50.0,72.0,60.0,72.0,85.0,75.0,82.0,69.0,75.0,67.0,70.0,44.0,57.0,64.0,75.0
Alijah Martin,TOR,23,10,13,0.435,6.3,0.7000000000000001,2.2,0.32,0.2,0.9,0.19,0.7000000000000001,0.8,0.789,0.4,0.5,0.9,0.5,0.3,0.3,0.2,0.1,0.5,0.5,2.2,-0.6000000000000001,474,102.0,101.3,101.3,109.9,107.1,107.1,-7.9,-5.8,-5.8,0.129,1.5,15.2,0.053,0.086,0.068,10.1,10.2,0.36,0.437,0.185,0.195,96.48,98.07,81.72,98.07,0.062,299,16,50,0.7000000000000001,2.2,2026,71.0,77.0,76.0,76.0,76.0,40.0,35.0,76.0,25.0,85.0,35.0,37.0,37.0,59.0,80.0,48.0,74.0,86.0,56.0,70.0,69.0,70.0,88.0,62.0,85.0,85.0,85.0,80.0,67.0,73.0,78.0,67.0,52.0,62.0,44.0,88.0
Alperen Sengun,HOU,72,46,26,0.639,33.3,8.1,15.6,0.519,0.6000000000000001,1.8,0.305,3.6,5.2,0.6910000000000001,3.0,5.9,8.9,6.2,3.2,1.2,1.1,0.9,3.3,5.1,20.4,2.8,380,115.5,117.1,117.1,113.7,113.7,113.7,1.9,3.4,3.4,0.282,1.96,22.8,0.089,0.177,0.133,11.6,11.6,0.537,0.5690000000000001,0.259,0.266,98.68,98.02,81.69,98.02,0.142,4914,583,1123,8.1,15.6,2026,88.0,94.0,72.0,74.0,69.0,90.0,90.0,80.0,70.0,80.0,87.0,87.0,89.0,75.0,95.0,72.0,63.0,56.0,70.0,69.0,85.0,65.0,52.0,86.0,69.0,88.0,90.0,80.0,79.0,62.0,48.0,84.0,74.0,69.0,74.0,64.0
Amari Williams,BOS,22,15,7,0.682,6.6,0.5,0.9,0.5,0.0,0.0,0.0,0.5,0.6000000000000001,0.714,0.4,1.4,1.8,0.5,0.5,0.1,0.5,0.1,0.9,0.6000000000000001,1.4,-2.6,517,90.8,89.0,89.0,109.5,106.4,106.4,-18.8,-17.4,-17.4,0.116,0.91,21.3,0.054,0.187,0.12,23.4,23.3,0.5,0.5730000000000001,0.103,0.109,99.96,102.44,85.37,102.44,0.079,309,10,20,0.5,0.9,2026,69.0,67.0,60.0,55.0,62.0,50.0,40.0,67.0,75.0,80.0,62.0,50.0,60.0,54.0,70.0,70.0,60.0,47.0,68.0,72.0,50.0,55.0,66.0,69.0,75.0,85.0,85.0,80.0,66.0,64.0,62.0,69.0,56.0,60.0,60.0,68.0
Amen Thompson,HOU,79,49,30,0.62,37.4,7.1,13.2,0.534,0.3,1.5,0.216,3.8,4.9,0.779,3.0,4.8,7.8,5.3,2.4,1.5,0.6000000000000001,0.9,2.2,3.7,18.3,4.7,438,116.3,117.0,117.0,110.0,110.4,110.4,6.4,6.6,6.6,0.202,2.21,23.1,0.078,0.123,0.101,10.4,10.4,0.545,0.594,0.195,0.201,98.89,98.4,82.0,98.4,0.128,6040,557,1044,7.1,13.2,2026,87.0,89.0,66.0,56.0,78.0,75.0,60.0,83.0,60.0,96.0,44.0,48.0,44.0,44.0,95.0,78.0,93.0,59.0,55.0,92.0,90.0,95.0,95.0,59.0,99.0,95.0,85.0,80.0,80.0,86.0,90.0,80.0,70.0,67.0,61.0,93.0
Amir Coffey,PHX,46,20,26,0.435,10.7,1.2,2.5,0.487,0.4,1.1,0.347,0.5,0.6000000000000001,0.786,0.4,0.8,1.2,0.6000000000000001,0.2,0.2,0.1,0.0,0.7000000000000001,0.5,3.2,-0.7000000000000001,426,108.2,107.6,107.6,109.4,109.8,109.8,-1.1,-2.2,-2.2,0.076,3.0,16.9,0.039,0.073,0.057,5.6,5.6,0.562,0.594,0.117,0.122,98.3,98.4,82.0,98.4,0.068,1001,55,113,1.2,2.5,2026,74.0,74.0,94.0,74.0,79.0,60.0,50.0,84.0,25.0,75.0,38.0,53.0,54.0,49.0,81.0,47.0,64.0,36.0,51.0,68.0,64.0,50.0,75.0,52.0,75.0,80.0,70.0,79.0,72.0,75.0,75.0,74.0,34.0,41.0,46.0,75.0
Andre Drummond,PHI,63,33,30,0.524,19.5,2.5,5.3,0.472,0.5,1.4,0.356,0.8,1.3,0.631,3.2,5.3,8.4,1.3,1.0,0.6000000000000001,0.8,0.3,2.0,1.3,6.4,-1.4,391,109.8,110.3,110.3,112.7,113.6,113.6,-2.9,-3.2,-3.2,0.09,1.31,15.5,0.145,0.264,0.202,11.8,11.8,0.519,0.539,0.143,0.147,101.19,100.54,83.79,100.54,0.113,2577,159,337,2.5,5.3,2026,76.0,85.0,60.0,79.0,64.0,50.0,50.0,69.0,85.0,80.0,70.0,45.0,64.0,40.0,85.0,75.0,52.0,43.0,78.0,74.0,70.0,65.0,60.0,94.0,79.0,75.0,75.0,81.0,52.0,45.0,49.0,70.0,36.0,94.0,91.0,58.0
Andre Jackson Jr.,MIL,48,12,36,0.25,8.5,0.8,2.5,0.328,0.3,1.3,0.25,0.4,0.7000000000000001,0.625,0.5,1.0,1.5,0.9,0.6000000000000001,0.4,0.1,0.1,0.9,0.6000000000000001,2.4,-1.5,439,103.3,103.2,103.2,112.8,110.6,110.6,-9.5,-7.5,-7.5,0.16,1.39,20.7,0.059,0.126,0.09,14.9,15.0,0.391,0.425,0.17,0.174,99.21,100.27,83.56,100.27,0.044,849,39,119,0.8,2.5,2026,72.0,70.0,68.0,81.0,70.0,60.0,40.0,67.0,40.0,87.0,40.0,40.0,40.0,37.0,80.0,53.0,75.0,70.0,40.0,75.0,74.0,70.0,84.0,50.0,87.0,90.0,80.0,80.0,65.0,65.0,74.0,60.0,59.0,65.0,53.0,82.0
Andrew Nembhard,IND,57,13,44,0.228,31.3,5.8,13.2,0.442,1.9,5.2,0.361,3.4,4.1,0.8250000000000001,0.4,2.4,2.8,7.7,2.4,0.9,0.1,0.7000000000000001,2.2,3.3,16.9,-6.9,108,108.9,109.3,109.3,118.2,119.3,119.3,-9.2,-10.0,-10.0,0.37,3.19,30.6,0.013,0.075,0.044,9.6,9.6,0.513,0.5640000000000001,0.233,0.239,102.94,102.27,85.23,102.27,0.111,3799,333,753,5.8,13.2,2026,82.0,92.0,79.0,80.0,83.0,85.0,60.0,80.0,39.0,60.0,44.0,52.0,47.0,41.0,75.0,68.0,88.0,42.0,35.0,85.0,84.0,85.0,76.0,46.0,71.0,85.0,69.0,80.0,80.0,79.0,74.0,80.0,83.0,32.0,46.0,88.0
Andrew Wiggins,MIA,68,35,33,0.515,30.3,5.7,12.1,0.475,2.0,4.9,0.414,1.9,2.4,0.784,1.7,3.1,4.8,2.7,1.5,1.1,1.0,0.6000000000000001,2.3,1.9,15.4,0.1,81,112.9,113.7,113.7,112.8,113.9,113.9,0.1,-0.1,-0.1,0.123,1.77,15.5,0.051,0.098,0.074,8.8,8.7,0.559,0.586,0.194,0.199,105.86,104.97,87.47,104.97,0.092,4517,390,821,5.7,12.1,2026,81.0,88.0,73.0,86.0,79.0,80.0,70.0,77.0,40.0,85.0,65.0,74.0,77.0,50.0,85.0,55.0,74.0,49.0,71.0,70.0,67.0,65.0,82.0,57.0,97.0,87.0,90.0,83.0,62.0,79.0,80.0,60.0,46.0,53.0,52.0,82.0
Anfernee Simons,CHI,55,31,24,0.5640000000000001,24.9,5.2,11.8,0.44,2.7,6.9,0.385,1.3,1.4,0.896,0.6000000000000001,1.9,2.5,2.4,1.2,0.5,0.1,0.5,1.7,1.1,14.3,1.8,36,114.7,116.9,116.9,113.4,114.0,114.0,1.3,3.0,3.0,0.151,1.97,15.3,0.021,0.075,0.047,7.7,7.7,0.552,0.5760000000000001,0.227,0.234,98.64,97.42,81.18,97.42,0.096,2791,285,648,5.2,11.8,2026,80.0,97.0,79.0,82.0,90.0,70.0,75.0,89.0,40.0,89.0,49.0,49.0,49.0,59.0,95.0,49.0,59.0,40.0,37.0,50.0,55.0,40.0,86.0,41.0,90.0,92.0,90.0,80.0,75.0,86.0,79.0,79.0,57.0,37.0,45.0,89.0
Anthony Black,ORL,64,36,28,0.5630000000000001,29.8,5.4,12.1,0.447,1.6,4.7,0.333,2.6,3.6,0.732,0.7000000000000001,3.1,3.8,3.7,2.1,1.4,0.7000000000000001,0.8,2.7,2.9,15.0,-0.2,143,112.4,113.3,113.3,111.7,113.1,113.1,0.6000000000000001,0.2,0.2,0.185,1.79,19.1,0.024,0.101,0.062,10.7,10.6,0.512,0.549,0.219,0.226,102.06,101.05,84.21,101.05,0.09,4012,345,772,5.4,12.1,2026,82.0,82.0,75.0,77.0,73.0,85.0,85.0,88.0,35.0,75.0,48.0,52.0,52.0,74.0,90.0,63.0,84.0,66.0,60.0,84.0,82.0,80.0,75.0,58.0,75.0,92.0,90.0,80.0,80.0,86.0,74.0,77.0,67.0,37.0,53.0,85.0
Anthony Davis,WAS,20,10,10,0.5,31.3,8.5,16.7,0.506,0.5,1.9,0.27,3.0,4.1,0.728,3.1,8.0,11.1,2.8,2.1,1.1,1.7,0.7000000000000001,2.1,4.4,20.4,-2.5,393,108.7,110.0,110.0,113.0,114.6,114.6,-4.3,-4.6,-4.6,0.14,1.37,12.1,0.099,0.24,0.172,8.9,8.8,0.521,0.551,0.272,0.28,102.59,101.27,84.39,101.27,0.151,1325,169,334,8.5,16.7,2026,92.0,91.0,70.0,71.0,73.0,80.0,85.0,82.0,90.0,85.0,85.0,89.0,85.0,87.0,85.0,90.0,80.0,53.0,82.0,90.0,88.0,90.0,79.0,92.0,86.0,87.0,85.0,78.0,60.0,75.0,67.0,72.0,60.0,74.0,87.0,78.0
Anthony Edwards,MIN,61,37,24,0.607,35.0,9.9,20.2,0.489,3.4,8.4,0.399,5.7,7.2,0.796,0.6000000000000001,4.4,5.0,3.7,2.9,1.4,0.8,0.5,1.9,4.5,28.8,2.7,6,116.5,117.8,117.8,112.8,114.3,114.3,3.7,3.5,3.5,0.174,1.3,12.4,0.017,0.12,0.069,9.6,9.5,0.5720000000000001,0.617,0.309,0.316,102.77,101.5,84.58,101.5,0.145,4520,602,1231,9.9,20.2,2026,96.0,96.0,84.0,89.0,80.0,95.0,98.0,96.0,50.0,97.0,60.0,62.0,62.0,95.0,98.0,59.0,87.0,56.0,61.0,84.0,84.0,85.0,91.0,62.0,97.0,97.0,90.0,83.0,79.0,86.0,85.0,80.0,65.0,34.0,60.0,90.0
Anthony Gill,WAS,55,6,49,0.109,17.3,2.5,3.9,0.628,0.3,0.9,0.354,0.6000000000000001,0.8,0.739,1.1,1.8,2.9,1.3,0.7000000000000001,0.6000000000000001,0.4,0.4,1.6,1.1,5.8,-5.3,441,107.2,107.0,107.0,121.3,121.4,121.4,-14.1,-14.4,-14.4,0.101,1.92,20.4,0.059,0.112,0.084,10.6,10.6,0.667,0.682,0.116,0.121,104.09,104.11,86.76,104.11,0.08,2064,135,215,2.5,3.9,2026,74.0,98.0,72.0,75.0,77.0,70.0,70.0,70.0,75.0,75.0,69.0,69.0,69.0,40.0,74.0,66.0,60.0,46.0,60.0,50.0,58.0,50.0,69.0,60.0,79.0,80.0,88.0,80.0,38.0,54.0,53.0,55.0,42.0,59.0,55.0,67.0
Antonio Reeves,CHA,10,4,6,0.4,6.8,1.0,2.0,0.5,0.7000000000000001,1.3,0.538,0.0,0.0,0.0,0.2,0.6000000000000001,0.8,0.3,0.1,0.1,0.0,0.1,0.3,0.0,2.7,2.9,337,113.8,115.0,115.0,100.1,95.4,95.4,13.7,19.7,19.7,0.068,3.0,12.5,0.029,0.1,0.062,4.2,4.2,0.675,0.675,0.133,0.138,91.61,93.27,77.72,93.27,0.099,133,10,20,1.0,2.0,2026,70.0,89.0,75.0,86.0,84.0,60.0,60.0,80.0,30.0,70.0,39.0,36.0,39.0,40.0,80.0,32.0,60.0,42.0,40.0,52.0,48.0,40.0,83.0,39.0,75.0,85.0,70.0,80.0,62.0,70.0,73.0,62.0,36.0,40.0,41.0,78.0
Ariel Hukporti,NYK,54,35,19,0.648,9.2,0.8,1.5,0.5630000000000001,0.0,0.1,0.25,0.5,0.6000000000000001,0.788,1.0,1.9,2.9,0.5,0.6000000000000001,0.2,0.5,0.1,1.2,0.6000000000000001,2.2,0.6000000000000001,510,109.9,106.8,106.8,104.9,103.8,103.8,5.0,3.1,3.1,0.08,0.91,18.7,0.104,0.192,0.148,20.6,20.6,0.5690000000000001,0.619,0.104,0.11,98.17,100.1,83.42,100.1,0.084,1040,45,80,0.8,1.5,2026,73.0,41.0,57.0,47.0,79.0,75.0,45.0,59.0,75.0,75.0,54.0,50.0,52.0,65.0,75.0,74.0,37.0,38.0,90.0,57.0,40.0,45.0,47.0,68.0,68.0,80.0,95.0,82.0,43.0,45.0,40.0,44.0,36.0,87.0,75.0,37.0
Asa Newell,ATL,44,23,21,0.523,11.4,2.1,3.8,0.538,0.7000000000000001,1.7,0.387,0.4,0.7000000000000001,0.552,1.0,1.2,2.2,0.6000000000000001,0.5,0.4,0.3,0.3,1.5,0.7000000000000001,5.2,-1.0,350,111.1,110.2,110.2,115.9,114.0,114.0,-4.8,-3.8,-3.8,0.072,1.13,11.4,0.078,0.106,0.091,10.0,10.0,0.624,0.624,0.16,0.167,104.4,105.72,88.1,105.72,0.074,1100,91,169,2.1,3.8,2026,75.0,91.0,67.0,86.0,56.0,70.0,60.0,73.0,80.0,85.0,60.0,60.0,60.0,51.0,75.0,70.0,66.0,46.0,63.0,67.0,69.0,60.0,75.0,67.0,78.0,85.0,90.0,80.0,54.0,69.0,69.0,55.0,33.0,66.0,53.0,70.0
Ausar Thompson,DET,73,53,20,0.726,26.0,4.2,7.9,0.525,0.1,0.3,0.25,1.5,2.6,0.5710000000000001,2.1,3.7,5.7,3.1,1.5,2.0,0.9,0.6000000000000001,2.7,2.1,9.9,5.4,495,118.0,118.8,118.8,106.1,107.2,107.2,11.9,11.6,11.6,0.155,2.07,22.8,0.08,0.135,0.108,11.0,11.0,0.53,0.545,0.168,0.171,101.7,100.86,84.05,100.86,0.101,3955,303,577,4.2,7.9,2026,86.0,88.0,57.0,70.0,57.0,40.0,25.0,84.0,60.0,91.0,45.0,46.0,45.0,43.0,80.0,87.0,96.0,98.0,73.0,96.0,95.0,95.0,94.0,50.0,98.0,95.0,95.0,80.0,70.0,78.0,88.0,70.0,62.0,67.0,65.0,96.0
Austin Reaves,LAL,51,36,15,0.706,34.5,7.3,14.9,0.49,2.3,6.4,0.36,6.3,7.3,0.871,0.6000000000000001,4.1,4.7,5.5,3.0,1.1,0.4,0.7000000000000001,2.2,5.4,23.3,3.6,62,116.5,117.3,117.3,111.5,112.3,112.3,5.0,5.0,5.0,0.237,1.85,20.9,0.02,0.117,0.071,11.3,11.1,0.5670000000000001,0.641,0.258,0.267,101.11,100.41,83.67,100.41,0.137,3684,373,762,7.3,14.9,2026,87.0,97.0,69.0,82.0,87.0,85.0,90.0,94.0,25.0,70.0,31.0,32.0,32.0,89.0,85.0,35.0,66.0,43.0,51.0,64.0,60.0,55.0,83.0,44.0,81.0,94.0,80.0,80.0,85.0,86.0,78.0,85.0,72.0,36.0,59.0,80.0
Ayo Dosunmu,MIN,69,36,33,0.522,27.3,5.6,10.8,0.517,1.8,4.1,0.439,1.8,2.1,0.876,0.7000000000000001,2.8,3.4,3.6,1.4,0.8,0.3,0.8,1.9,1.5,14.8,-1.0,118,111.0,111.7,111.7,112.5,113.2,113.2,-1.5,-1.5,-1.5,0.202,2.59,21.7,0.024,0.093,0.059,8.4,8.3,0.599,0.63,0.197,0.204,103.78,103.16,85.96,103.16,0.114,4040,386,747,5.6,10.8,2026,83.0,89.0,90.0,88.0,87.0,75.0,80.0,89.0,25.0,75.0,35.0,50.0,42.0,64.0,80.0,38.0,69.0,43.0,47.0,68.0,69.0,65.0,76.0,52.0,75.0,85.0,75.0,80.0,72.0,79.0,73.0,79.0,70.0,38.0,52.0,78.0
Bam Adebayo,MIA,73,37,36,0.507,32.4,6.9,15.7,0.442,1.7,5.5,0.318,4.5,5.8,0.778,2.0,8.0,10.0,3.2,1.6,1.2,0.7000000000000001,0.5,1.7,4.6,20.1,4.5,124,116.3,117.1,117.1,110.3,111.0,111.0,6.0,6.1,6.1,0.142,1.93,13.8,0.059,0.236,0.146,7.1,7.1,0.497,0.551,0.248,0.254,104.63,103.89,86.57,103.89,0.138,5127,506,1145,6.9,15.7,2026,89.0,87.0,79.0,74.0,78.0,85.0,95.0,84.0,85.0,80.0,80.0,82.0,82.0,60.0,90.0,90.0,88.0,49.0,57.0,94.0,80.0,95.0,74.0,85.0,83.0,92.0,90.0,90.0,72.0,69.0,66.0,74.0,53.0,57.0,87.0,84.0
Baylor Scheierman,BOS,77,54,23,0.7010000000000001,18.6,2.0,4.3,0.453,1.3,3.2,0.399,0.4,0.4,0.903,0.7000000000000001,2.8,3.5,1.5,0.6000000000000001,0.5,0.1,0.1,1.4,0.9,5.5,2.6,205,115.4,116.3,116.3,109.5,109.0,109.0,5.9,7.3,7.3,0.108,2.52,22.8,0.038,0.138,0.089,9.0,9.0,0.599,0.616,0.117,0.121,96.92,96.77,80.64,96.77,0.085,2877,151,333,2.0,4.3,2026,76.0,97.0,94.0,82.0,86.0,90.0,70.0,76.0,40.0,55.0,30.0,48.0,40.0,44.0,66.0,47.0,56.0,43.0,35.0,57.0,47.0,40.0,86.0,54.0,54.0,90.0,85.0,80.0,70.0,71.0,75.0,69.0,41.0,47.0,66.0,64.0
Ben Saraf,BKN,44,10,34,0.227,20.8,2.7,6.9,0.396,0.4,2.0,0.211,1.7,2.0,0.8300000000000001,0.5,1.6,2.1,3.3,2.3,0.9,0.2,1.1,1.8,1.6,7.5,-5.4,411,102.4,103.6,103.6,115.6,116.0,116.0,-13.3,-12.5,-12.5,0.244,1.46,24.7,0.021,0.085,0.052,16.9,16.9,0.427,0.486,0.202,0.207,100.87,100.13,83.44,100.13,0.06,1912,120,303,2.7,6.9,2026,75.0,77.0,78.0,67.0,82.0,75.0,65.0,71.0,30.0,60.0,30.0,45.0,48.0,67.0,80.0,40.0,62.0,63.0,40.0,60.0,57.0,45.0,83.0,52.0,67.0,80.0,70.0,80.0,83.0,76.0,83.0,83.0,72.0,36.0,47.0,79.0
Ben Sheppard,IND,65,16,49,0.246,21.4,2.6,6.0,0.434,1.3,3.6,0.362,0.6000000000000001,0.8,0.765,0.7000000000000001,2.3,3.0,1.8,0.6000000000000001,0.6000000000000001,0.1,0.4,1.8,0.7000000000000001,7.1,-4.1,197,107.3,107.1,107.1,115.7,116.0,116.0,-8.3,-8.8,-8.8,0.112,2.78,20.2,0.028,0.106,0.065,7.3,7.3,0.543,0.561,0.131,0.136,104.26,104.23,86.86,104.23,0.066,3019,168,387,2.6,6.0,2026,75.0,85.0,79.0,81.0,77.0,75.0,60.0,78.0,35.0,60.0,48.0,49.0,47.0,49.0,80.0,54.0,79.0,41.0,35.0,78.0,75.0,75.0,84.0,54.0,75.0,85.0,90.0,80.0,70.0,73.0,74.0,70.0,43.0,41.0,55.0,84.0
Bennedict Mathurin,LAC,54,22,32,0.407,30.0,5.4,12.5,0.43,1.4,4.4,0.315,5.4,6.2,0.869,1.0,4.4,5.4,2.4,2.2,0.8,0.2,0.6000000000000001,2.5,4.4,17.6,-2.7,181,111.0,111.4,111.4,114.3,115.3,115.3,-3.3,-3.9,-3.9,0.123,1.09,12.1,0.034,0.142,0.088,11.0,11.0,0.485,0.5750000000000001,0.246,0.253,101.78,101.15,84.3,101.15,0.105,3408,291,677,5.4,12.5,2026,82.0,83.0,79.0,75.0,87.0,75.0,85.0,78.0,35.0,80.0,55.0,58.0,55.0,67.0,90.0,42.0,69.0,40.0,42.0,65.0,62.0,50.0,84.0,54.0,82.0,92.0,85.0,80.0,75.0,79.0,81.0,82.0,42.0,44.0,66.0,84.0
Bez Mbeng,UTA,15,2,13,0.133,32.8,3.3,6.7,0.5,0.4,2.1,0.194,1.1,1.7,0.64,1.2,2.6,3.8,4.1,1.5,2.3,0.3,0.3,3.1,1.9,8.1,-9.9,419,107.0,107.2,107.2,119.5,120.4,120.4,-12.4,-13.2,-13.2,0.158,2.82,31.8,0.032,0.078,0.054,11.3,11.3,0.53,0.55,0.106,0.108,107.92,107.42,89.52,107.42,0.06,1100,50,100,3.3,6.7,2026,69.0,78.0,66.0,67.0,68.0,70.0,30.0,67.0,30.0,65.0,44.0,44.0,38.0,47.0,80.0,55.0,73.0,86.0,53.0,70.0,64.0,60.0,75.0,56.0,75.0,80.0,75.0,80.0,67.0,69.0,72.0,68.0,51.0,44.0,45.0,78.0
Bilal Coulibaly,WAS,56,14,42,0.25,26.2,4.1,9.7,0.425,1.2,3.6,0.319,2.4,3.2,0.746,0.9,3.5,4.3,2.6,1.4,1.3,1.0,0.6000000000000001,2.3,2.4,11.7,-7.4,227,107.2,108.5,108.5,119.9,121.2,121.2,-12.8,-12.8,-12.8,0.137,1.79,17.1,0.03,0.128,0.077,9.6,9.6,0.485,0.531,0.193,0.197,105.64,104.43,87.03,104.43,0.082,3190,230,541,4.1,9.7,2026,79.0,65.0,70.0,73.0,75.0,75.0,50.0,84.0,60.0,85.0,50.0,50.0,50.0,50.0,80.0,67.0,80.0,76.0,71.0,78.0,78.0,75.0,82.0,63.0,85.0,92.0,80.0,80.0,69.0,72.0,64.0,72.0,52.0,41.0,62.0,85.0
Bismack Biyombo,SAS,25,20,5,0.8,5.7,0.4,0.6000000000000001,0.6000000000000001,0.0,0.0,0.0,0.2,0.3,0.714,0.2,0.8,1.0,0.2,0.3,0.2,0.1,0.1,1.1,0.3,0.9,-4.0,517,96.3,94.2,94.2,124.6,127.1,127.1,-28.2,-32.9,-32.9,0.056,0.63,16.1,0.04,0.156,0.1,25.8,25.7,0.6000000000000001,0.636,0.082,0.086,99.57,99.67,83.05,99.67,0.024,292,9,15,0.4,0.6000000000000001,2026,70.0,92.0,62.0,25.0,51.0,40.0,30.0,60.0,80.0,68.0,48.0,45.0,54.0,39.0,75.0,82.0,50.0,46.0,82.0,85.0,54.0,70.0,48.0,80.0,63.0,79.0,95.0,83.0,25.0,35.0,25.0,74.0,35.0,65.0,81.0,55.0
Blake Hinson,UTA,14,4,10,0.286,20.4,4.2,8.2,0.513,2.6,5.6,0.468,0.9,1.1,0.75,0.8,1.6,2.4,1.1,0.4,0.4,0.1,0.3,1.7,1.0,11.9,3.2,38,114.0,114.5,114.5,107.8,107.8,107.8,6.1,6.7,6.7,0.077,3.2,11.3,0.035,0.071,0.053,3.5,3.5,0.674,0.684,0.175,0.179,104.22,104.01,86.68,104.01,0.101,620,59,115,4.2,8.2,2026,73.0,70.0,75.0,85.0,69.0,80.0,70.0,70.0,40.0,55.0,57.0,58.0,57.0,54.0,85.0,51.0,57.0,28.0,37.0,47.0,45.0,35.0,59.0,50.0,70.0,88.0,70.0,84.0,62.0,69.0,54.0,69.0,30.0,45.0,46.0,63.0
Blake Wesley,POR,31,20,11,0.645,11.6,1.8,4.0,0.452,0.3,1.2,0.278,0.8,1.5,0.553,0.3,1.0,1.3,2.0,1.0,0.5,0.2,0.3,1.1,1.4,4.8,-2.5,437,104.1,104.4,104.4,114.6,113.0,113.0,-10.5,-8.6,-8.6,0.254,2.0,26.3,0.02,0.087,0.052,13.1,13.0,0.492,0.511,0.189,0.197,105.27,105.83,88.19,105.83,0.075,791,56,124,1.8,4.0,2026,73.0,71.0,42.0,70.0,56.0,70.0,55.0,79.0,40.0,86.0,54.0,57.0,50.0,59.0,80.0,49.0,73.0,86.0,40.0,60.0,79.0,60.0,78.0,40.0,84.0,92.0,75.0,80.0,78.0,83.0,77.0,79.0,70.0,36.0,48.0,78.0
Bobi Klintman,DET,12,8,4,0.667,5.9,0.8,2.3,0.333,0.3,1.1,0.308,0.0,0.3,0.0,0.4,1.2,1.6,0.5,0.5,0.3,0.0,0.3,0.9,0.4,1.8,-0.4,429,98.4,92.5,92.5,95.5,96.8,96.8,2.8,-4.3,-4.3,0.128,1.0,15.0,0.056,0.179,0.113,15.0,14.9,0.407,0.388,0.18,0.196,104.44,106.92,89.1,106.92,0.039,160,9,27,0.8,2.3,2026,69.0,68.0,70.0,74.0,80.0,60.0,50.0,69.0,65.0,75.0,49.0,50.0,50.0,47.0,80.0,57.0,64.0,62.0,57.0,60.0,62.0,55.0,75.0,55.0,72.0,90.0,75.0,80.0,68.0,70.0,68.0,68.0,43.0,41.0,51.0,68.0
Bones Hyland,MIN,71,42,29,0.592,16.6,3.0,6.6,0.453,1.6,4.2,0.388,0.9,1.2,0.78,0.3,1.5,1.8,2.6,1.0,0.6000000000000001,0.2,0.4,1.7,1.1,8.5,1.7,139,113.2,113.8,113.8,108.4,108.6,108.6,4.8,5.2,5.2,0.222,2.69,24.8,0.018,0.085,0.051,9.2,9.2,0.577,0.599,0.197,0.203,103.19,102.82,85.68,102.82,0.101,2518,212,468,3.0,6.6,2026,76.0,75.0,88.0,82.0,78.0,70.0,70.0,80.0,25.0,60.0,30.0,32.0,32.0,69.0,85.0,30.0,66.0,49.0,51.0,64.0,63.0,55.0,87.0,32.0,68.0,88.0,85.0,80.0,74.0,79.0,84.0,75.0,71.0,35.0,47.0,87.0
Bradley Beal,LAC,6,2,4,0.333,20.2,3.0,8.0,0.375,1.2,3.2,0.368,1.0,1.3,0.75,0.3,0.5,0.8,1.7,1.5,0.5,0.0,0.2,2.3,1.8,8.2,-3.8,224,116.7,119.1,119.1,126.0,128.5,128.5,-9.3,-9.3,-9.3,0.106,1.11,14.1,0.019,0.025,0.022,12.7,12.8,0.448,0.476,0.224,0.222,99.64,97.65,81.38,97.65,0.018,246,18,48,3.0,8.0,2026,77.0,85.0,80.0,80.0,81.0,65.0,70.0,84.0,30.0,75.0,55.0,55.0,54.0,45.0,92.0,45.0,60.0,46.0,56.0,57.0,40.0,40.0,76.0,62.0,87.0,84.0,78.0,82.0,74.0,86.0,76.0,74.0,47.0,36.0,47.0,83.0
Branden Carlson,OKC,42,32,10,0.762,11.6,2.3,4.4,0.527,0.7000000000000001,2.0,0.36,0.4,0.6000000000000001,0.577,0.7000000000000001,2.3,3.0,0.7000000000000001,0.4,0.2,0.6000000000000001,0.3,0.9,0.5,5.8,-0.6000000000000001,325,115.1,112.6,112.6,115.6,114.6,114.6,-0.5,-2.0,-2.0,0.086,1.81,11.9,0.057,0.182,0.121,6.6,6.6,0.61,0.613,0.185,0.191,100.65,102.2,85.17,102.2,0.109,1038,98,186,2.3,4.4,2026,73.0,82.0,72.0,78.0,71.0,85.0,65.0,47.0,65.0,60.0,64.0,65.0,65.0,68.0,85.0,52.0,30.0,36.0,82.0,57.0,39.0,35.0,35.0,60.0,57.0,85.0,70.0,80.0,47.0,37.0,27.0,47.0,36.0,54.0,72.0,30.0
Brandin Podziemski,GSW,82,37,45,0.451,28.4,4.8,10.6,0.455,1.9,5.0,0.371,2.3,2.9,0.797,0.9,4.2,5.1,3.7,1.6,1.1,0.2,0.4,1.7,2.8,13.8,0.2,110,109.8,110.3,110.3,111.1,110.4,110.4,-1.2,-0.1,-0.1,0.198,2.32,21.6,0.029,0.147,0.087,9.3,9.3,0.543,0.583,0.196,0.202,101.18,101.31,84.43,101.31,0.114,4933,394,866,4.8,10.6,2026,81.0,94.0,79.0,81.0,78.0,85.0,90.0,87.0,35.0,60.0,54.0,55.0,55.0,75.0,85.0,45.0,63.0,56.0,40.0,62.0,72.0,45.0,82.0,54.0,78.0,89.0,85.0,80.0,69.0,84.0,81.0,68.0,69.0,42.0,68.0,82.0
Brandon Clarke,MEM,2,1,1,0.5,10.2,1.5,4.5,0.333,0.0,0.0,0.0,1.0,2.0,0.5,2.0,1.0,3.0,0.5,0.0,1.0,0.0,1.5,2.5,1.5,4.0,-6.0,517,91.6,87.8,87.8,115.4,110.0,110.0,-23.9,-22.2,-22.2,0.071,0.0,8.3,0.154,0.077,0.115,0.0,0.0,0.333,0.372,0.193,0.199,111.09,116.25,96.88,116.25,0.023,49,3,9,1.5,4.5,2026,78.0,97.0,78.0,57.0,70.0,60.0,35.0,87.0,80.0,84.0,63.0,62.0,62.0,55.0,80.0,80.0,75.0,59.0,65.0,80.0,72.0,80.0,84.0,64.0,82.0,90.0,95.0,80.0,59.0,69.0,65.0,62.0,33.0,75.0,68.0,83.0
Brandon Ingram,TOR,77,43,34,0.558,33.8,8.0,16.7,0.477,1.8,4.6,0.382,3.8,4.6,0.8200000000000001,0.8,4.8,5.6,3.7,2.4,0.8,0.7000000000000001,0.9,1.9,3.6,21.5,0.6000000000000001,120,112.8,114.6,114.6,112.1,113.7,113.7,0.8,1.0,1.0,0.169,1.52,14.9,0.024,0.144,0.083,9.8,9.8,0.529,0.5730000000000001,0.264,0.27,100.38,98.87,82.39,98.87,0.121,5360,614,1288,8.0,16.7,2026,86.0,88.0,96.0,81.0,82.0,80.0,95.0,90.0,65.0,80.0,64.0,70.0,70.0,74.0,98.0,54.0,69.0,38.0,61.0,58.0,68.0,40.0,74.0,42.0,77.0,95.0,80.0,85.0,75.0,85.0,70.0,75.0,64.0,38.0,66.0,74.0
Brandon Miller,CHA,65,41,24,0.631,30.3,7.0,16.1,0.435,3.1,8.2,0.383,3.1,3.4,0.892,1.1,3.8,4.9,3.3,2.5,1.0,0.7000000000000001,0.5,2.8,2.7,20.2,5.7,13,116.5,119.8,119.8,110.4,111.3,111.3,6.1,8.5,8.5,0.173,1.33,14.3,0.034,0.122,0.078,10.8,10.7,0.533,0.5740000000000001,0.272,0.279,100.26,98.44,82.03,98.44,0.113,4049,454,1044,7.0,16.1,2026,87.0,84.0,71.0,85.0,89.0,95.0,95.0,80.0,55.0,87.0,40.0,64.0,47.0,83.0,80.0,50.0,73.0,46.0,62.0,67.0,68.0,65.0,78.0,51.0,85.0,95.0,80.0,80.0,75.0,86.0,78.0,75.0,67.0,44.0,62.0,82.0
Brandon Williams,DAL,66,23,43,0.348,22.2,4.4,9.3,0.472,0.5,2.3,0.232,3.7,4.6,0.793,0.5,2.4,2.9,3.9,1.9,0.9,0.3,0.8,1.6,3.6,13.0,-2.2,382,110.5,111.2,111.2,116.2,115.6,115.6,-5.7,-4.4,-4.4,0.256,2.05,22.5,0.019,0.105,0.062,11.0,11.0,0.501,0.5720000000000001,0.242,0.247,105.56,105.52,87.94,105.52,0.115,3215,291,617,4.4,9.3,2026,80.0,85.0,95.0,69.0,80.0,80.0,85.0,88.0,25.0,50.0,27.0,46.0,50.0,84.0,90.0,33.0,62.0,59.0,51.0,57.0,52.0,45.0,79.0,62.0,68.0,89.0,70.0,81.0,80.0,82.0,77.0,80.0,73.0,36.0,53.0,79.0
Brice Sensabaugh,UTA,75,18,57,0.24,23.5,5.3,11.4,0.46,2.2,5.9,0.367,2.2,2.7,0.8260000000000001,0.7000000000000001,2.3,3.1,1.9,1.7,0.7000000000000001,0.2,0.7000000000000001,1.9,2.0,14.9,-5.1,69,111.3,111.4,111.4,120.8,120.8,120.8,-9.5,-9.4,-9.4,0.124,1.15,11.9,0.03,0.097,0.063,10.3,10.2,0.554,0.59,0.244,0.251,105.1,105.02,87.52,105.02,0.09,3848,394,857,5.3,11.4,2026,81.0,98.0,79.0,80.0,82.0,85.0,90.0,83.0,35.0,60.0,57.0,59.0,57.0,57.0,95.0,50.0,55.0,43.0,42.0,55.0,50.0,35.0,65.0,64.0,70.0,88.0,70.0,79.0,65.0,74.0,62.0,63.0,46.0,42.0,52.0,67.0
Brook Lopez,LAC,75,41,34,0.547,21.8,3.1,7.2,0.428,1.5,4.2,0.36,0.7000000000000001,1.0,0.757,0.6000000000000001,3.0,3.6,1.3,0.8,0.6000000000000001,1.2,0.3,2.1,1.3,8.5,0.6000000000000001,151,114.1,113.9,113.9,111.8,112.7,112.7,2.3,1.2,1.2,0.087,1.59,13.3,0.03,0.135,0.085,8.4,8.3,0.533,0.552,0.171,0.176,98.08,97.8,81.5,97.8,0.076,3333,232,542,3.1,7.2,2026,78.0,94.0,74.0,80.0,77.0,75.0,70.0,54.0,75.0,65.0,76.0,76.0,76.0,40.0,85.0,80.0,45.0,43.0,85.0,80.0,78.0,80.0,25.0,89.0,60.0,92.0,85.0,79.0,35.0,35.0,25.0,70.0,36.0,40.0,64.0,60.0
Brooks Barnhizer,OKC,40,29,11,0.725,8.7,0.7000000000000001,1.8,0.38,0.2,0.6000000000000001,0.292,0.2,0.3,0.7000000000000001,0.5,1.5,2.0,0.6000000000000001,0.3,0.3,0.1,0.3,0.7000000000000001,0.3,1.7,-2.6,473,102.7,100.1,100.1,114.4,114.6,114.6,-11.7,-14.5,-14.5,0.094,2.2,20.6,0.049,0.159,0.103,9.3,9.3,0.43,0.451,0.103,0.108,100.14,101.34,84.45,101.34,0.062,736,27,71,0.7000000000000001,1.8,2026,69.0,74.0,79.0,72.0,76.0,50.0,40.0,70.0,40.0,70.0,48.0,48.0,40.0,45.0,70.0,59.0,70.0,70.0,50.0,70.0,65.0,65.0,70.0,67.0,77.0,85.0,80.0,80.0,70.0,69.0,67.0,70.0,59.0,42.0,60.0,79.0
Bruce Brown,DEN,82,54,28,0.659,24.4,3.0,6.4,0.475,0.7000000000000001,1.8,0.385,1.2,1.5,0.762,1.0,2.8,3.9,2.1,1.1,1.0,0.2,0.5,2.4,1.2,7.9,-0.9,342,114.4,114.2,114.2,114.6,115.2,115.2,-0.2,-1.0,-1.0,0.121,1.91,20.6,0.043,0.109,0.077,10.8,10.8,0.53,0.562,0.142,0.147,100.37,100.24,83.53,100.24,0.069,4157,248,522,3.0,6.4,2026,75.0,70.0,41.0,83.0,76.0,70.0,65.0,75.0,30.0,70.0,28.0,34.0,42.0,60.0,95.0,58.0,77.0,63.0,47.0,79.0,75.0,65.0,78.0,75.0,80.0,92.0,80.0,84.0,79.0,79.0,76.0,87.0,42.0,50.0,55.0,78.0
Bryce McGowens,NOP,42,14,28,0.333,21.0,2.7,5.6,0.481,0.9,2.2,0.409,1.8,2.3,0.779,0.3,1.8,2.1,1.5,0.4,0.6000000000000001,0.2,0.5,2.1,2.0,8.1,-1.7,294,114.3,115.3,115.3,118.0,118.9,118.9,-3.7,-3.6,-3.6,0.091,3.65,17.3,0.013,0.082,0.047,4.7,4.8,0.561,0.61,0.136,0.139,104.31,103.45,86.21,103.45,0.067,1896,114,237,2.7,5.6,2026,75.0,86.0,82.0,84.0,78.0,75.0,75.0,74.0,40.0,80.0,42.0,42.0,42.0,55.0,78.0,37.0,66.0,42.0,42.0,65.0,60.0,65.0,74.0,48.0,81.0,85.0,75.0,80.0,52.0,74.0,72.0,50.0,38.0,32.0,48.0,75.0
Bub Carrington,WAS,82,17,65,0.207,27.7,3.8,9.0,0.424,2.1,5.0,0.408,1.0,1.4,0.73,0.4,3.0,3.4,4.6,2.3,0.6000000000000001,0.2,0.2,2.2,1.4,10.7,-9.1,76,106.8,107.3,107.3,121.8,122.6,122.6,-15.0,-15.3,-15.3,0.231,1.99,28.2,0.013,0.104,0.058,14.1,14.0,0.538,0.556,0.174,0.18,104.4,103.8,86.5,103.8,0.072,4913,314,741,3.8,9.0,2026,78.0,69.0,91.0,83.0,72.0,95.0,70.0,75.0,35.0,60.0,54.0,55.0,55.0,57.0,85.0,40.0,55.0,38.0,42.0,52.0,52.0,35.0,82.0,54.0,75.0,89.0,80.0,80.0,79.0,86.0,77.0,79.0,71.0,33.0,54.0,72.0
Buddy Hield,ATL,51,25,26,0.49,16.1,2.8,6.4,0.437,1.5,4.2,0.349,0.6000000000000001,0.7000000000000001,0.811,0.5,1.7,2.3,1.4,0.9,0.8,0.2,0.2,1.1,0.3,7.6,-1.7,170,110.2,110.2,110.2,115.7,115.0,115.0,-5.5,-4.9,-4.9,0.129,1.48,15.4,0.032,0.106,0.069,10.4,10.4,0.55,0.5680000000000001,0.192,0.201,103.54,103.88,86.56,103.88,0.085,1773,143,327,2.8,6.4,2026,75.0,97.0,50.0,84.0,81.0,65.0,35.0,75.0,25.0,65.0,28.0,45.0,48.0,59.0,94.0,48.0,69.0,70.0,51.0,54.0,60.0,50.0,75.0,41.0,78.0,90.0,60.0,82.0,70.0,79.0,74.0,70.0,44.0,43.0,53.0,78.0
CJ Huntley,PHX,4,3,1,0.75,10.1,1.5,2.8,0.545,0.0,0.8,0.0,0.0,0.0,0.0,0.5,0.8,1.3,0.5,0.0,0.3,0.0,0.3,0.5,0.0,3.0,3.8,517,119.1,122.4,122.4,106.9,104.7,104.7,12.2,17.6,17.6,0.053,0.0,15.4,0.053,0.081,0.067,0.0,0.0,0.545,0.545,0.107,0.109,101.32,100.99,84.16,100.99,0.061,85,6,11,1.5,2.8,2026,68.0,74.0,73.0,72.0,69.0,50.0,40.0,78.0,75.0,80.0,60.0,60.0,60.0,45.0,80.0,63.0,51.0,42.0,59.0,60.0,47.0,45.0,59.0,50.0,80.0,80.0,80.0,80.0,48.0,48.0,47.0,58.0,34.0,69.0,70.0,57.0
Cade Cunningham,DET,64,47,17,0.734,33.9,8.6,18.6,0.461,2.0,5.7,0.342,4.8,6.0,0.812,0.9,4.7,5.5,9.9,3.7,1.4,0.8,1.1,3.1,4.6,23.9,8.1,94,117.9,120.4,120.4,107.6,109.0,109.0,10.3,11.4,11.4,0.43,2.69,28.6,0.025,0.132,0.079,10.7,10.6,0.513,0.5640000000000001,0.296,0.302,102.68,100.94,84.12,100.94,0.159,4565,548,1189,8.6,18.6,2026,95.0,94.0,97.0,86.0,81.0,90.0,98.0,94.0,40.0,75.0,60.0,64.0,64.0,95.0,98.0,63.0,83.0,63.0,65.0,82.0,76.0,80.0,83.0,62.0,80.0,94.0,95.0,80.0,92.0,86.0,83.0,95.0,94.0,38.0,63.0,84.0
Caleb Houstan,ATL,18,12,6,0.667,4.2,0.8,1.4,0.538,0.6000000000000001,1.2,0.524,0.2,0.2,1.0,0.3,0.3,0.6000000000000001,0.2,0.2,0.1,0.1,0.1,0.6000000000000001,0.1,2.3,0.1,361,103.3,97.6,97.6,101.8,98.2,98.2,1.5,-0.6000000000000001,-0.6000000000000001,0.083,1.0,11.4,0.066,0.081,0.073,11.4,11.3,0.75,0.769,0.168,0.181,102.06,106.86,89.05,106.86,0.103,169,14,26,0.8,1.4,2026,73.0,74.0,76.0,83.0,84.0,75.0,45.0,70.0,25.0,25.0,32.0,32.0,32.0,44.0,80.0,47.0,80.0,40.0,40.0,78.0,68.0,80.0,78.0,40.0,72.0,86.0,70.0,80.0,62.0,70.0,72.0,65.0,30.0,36.0,44.0,82.0
Caleb Love,POR,49,24,25,0.49,20.7,3.9,10.0,0.388,1.9,6.0,0.318,0.7000000000000001,1.0,0.735,0.5,1.8,2.3,2.5,1.3,0.6000000000000001,0.1,0.7000000000000001,1.0,0.7000000000000001,10.4,-2.6,105,107.7,108.2,108.2,114.3,114.5,114.5,-6.6,-6.3,-6.3,0.187,1.98,17.6,0.023,0.083,0.053,8.9,8.9,0.483,0.497,0.228,0.234,103.25,102.91,85.76,102.91,0.079,2175,190,490,3.9,10.0,2026,75.0,75.0,91.0,76.0,74.0,70.0,65.0,79.0,25.0,65.0,25.0,37.0,25.0,75.0,85.0,34.0,65.0,40.0,35.0,58.0,57.0,40.0,83.0,51.0,74.0,82.0,70.0,80.0,74.0,79.0,81.0,78.0,66.0,38.0,51.0,75.0
Caleb Martin,DAL,58,20,38,0.345,14.8,1.5,3.3,0.45,0.3,1.0,0.351,0.6000000000000001,1.1,0.607,0.5,2.0,2.5,1.4,0.7000000000000001,0.7000000000000001,0.3,0.3,1.5,1.0,3.9,-3.4,428,104.3,102.9,102.9,113.5,112.1,112.1,-9.1,-9.2,-9.2,0.131,2.03,23.9,0.03,0.125,0.077,11.8,11.9,0.503,0.526,0.122,0.126,103.86,105.2,87.67,105.2,0.063,1866,85,189,1.5,3.3,2026,75.0,63.0,65.0,78.0,61.0,80.0,45.0,84.0,25.0,70.0,55.0,54.0,54.0,48.0,75.0,68.0,75.0,66.0,55.0,74.0,72.0,70.0,68.0,58.0,74.0,85.0,90.0,80.0,62.0,69.0,59.0,69.0,47.0,42.0,61.0,74.0
Cam Christie,LAC,55,26,29,0.473,8.7,1.0,2.5,0.381,0.2,0.9,0.245,0.7000000000000001,0.9,0.76,0.3,1.1,1.4,0.6000000000000001,0.4,0.3,0.1,0.3,0.3,0.5,2.8,-0.2,462,108.7,107.2,107.2,109.1,107.8,107.8,-0.4,-0.6000000000000001,-0.6000000000000001,0.097,1.41,14.4,0.044,0.118,0.084,10.2,10.3,0.424,0.484,0.168,0.175,96.47,97.75,81.46,97.75,0.071,974,53,139,1.0,2.5,2026,70.0,63.0,79.0,70.0,76.0,60.0,40.0,66.0,40.0,75.0,40.0,40.0,40.0,40.0,90.0,47.0,62.0,41.0,40.0,58.0,57.0,45.0,87.0,42.0,77.0,86.0,70.0,80.0,68.0,70.0,78.0,68.0,37.0,44.0,65.0,82.0
Cam Spencer,MEM,72,23,49,0.319,23.8,3.7,7.7,0.473,2.0,4.5,0.449,1.8,1.9,0.94,0.6000000000000001,2.0,2.5,5.6,1.3,0.7000000000000001,0.2,0.2,1.4,1.3,11.1,-1.2,82,111.3,112.4,112.4,115.4,116.0,116.0,-4.1,-3.6,-3.6,0.332,4.3,36.6,0.022,0.082,0.051,8.5,8.4,0.604,0.649,0.166,0.174,102.3,101.59,84.66,101.59,0.12,3647,263,556,3.7,7.7,2026,79.0,97.0,86.0,88.0,94.0,75.0,70.0,69.0,30.0,55.0,36.0,37.0,30.0,52.0,85.0,44.0,59.0,43.0,40.0,50.0,52.0,45.0,73.0,45.0,53.0,85.0,90.0,80.0,84.0,77.0,70.0,84.0,77.0,37.0,47.0,73.0
Cam Whitmore,WAS,21,3,18,0.143,16.9,3.7,8.0,0.456,0.8,2.7,0.286,1.1,1.5,0.742,0.9,1.9,2.8,0.7000000000000001,0.9,0.7000000000000001,0.4,1.0,1.2,1.0,9.2,-7.2,323,105.8,104.4,104.4,123.4,124.0,124.0,-17.5,-19.6,-19.6,0.067,0.8300000000000001,7.0,0.049,0.102,0.075,8.4,8.3,0.503,0.528,0.225,0.236,105.34,105.84,88.2,105.84,0.082,781,77,169,3.7,8.0,2026,75.0,61.0,76.0,70.0,74.0,65.0,60.0,83.0,40.0,80.0,57.0,59.0,59.0,59.0,80.0,57.0,67.0,70.0,53.0,57.0,58.0,50.0,84.0,68.0,84.0,85.0,80.0,80.0,68.0,86.0,84.0,69.0,32.0,49.0,54.0,84.0
Cameron Johnson,DEN,54,37,17,0.685,30.5,4.2,8.8,0.48,2.0,4.7,0.43,1.7,2.1,0.839,0.8,3.0,3.8,2.4,0.9,0.7000000000000001,0.4,0.5,2.3,1.6,12.2,6.4,79,123.5,124.2,124.2,114.3,114.7,114.7,9.2,9.5,9.5,0.098,2.81,18.8,0.027,0.095,0.063,6.7,6.7,0.596,0.629,0.144,0.148,101.85,101.38,84.48,101.38,0.075,3484,228,475,4.2,8.8,2026,80.0,75.0,71.0,89.0,84.0,80.0,75.0,79.0,60.0,60.0,69.0,69.0,69.0,64.0,57.0,65.0,69.0,40.0,51.0,64.0,68.0,65.0,70.0,60.0,79.0,85.0,86.0,78.0,59.0,59.0,43.0,66.0,40.0,40.0,51.0,70.0
Caris LeVert,DET,60,44,16,0.733,19.2,2.7,6.5,0.417,1.0,3.0,0.333,1.0,1.4,0.679,0.4,1.6,2.0,2.7,1.4,0.9,0.7000000000000001,0.3,1.5,1.3,7.4,-0.1,268,107.1,108.6,108.6,106.8,107.7,107.7,0.3,0.8,0.8,0.202,1.94,23.8,0.018,0.074,0.047,12.3,12.3,0.494,0.518,0.178,0.184,102.22,101.1,84.25,101.1,0.081,2419,163,391,2.7,6.5,2026,79.0,83.0,84.0,79.0,66.0,60.0,75.0,80.0,60.0,75.0,52.0,54.0,49.0,60.0,95.0,45.0,74.0,63.0,73.0,70.0,68.0,60.0,75.0,54.0,80.0,92.0,80.0,78.0,75.0,86.0,72.0,84.0,67.0,36.0,47.0,77.0
Carter Bryant,SAS,71,56,15,0.789,11.5,1.5,3.7,0.408,0.7000000000000001,2.2,0.335,0.4,0.6000000000000001,0.714,0.5,2.0,2.5,0.7000000000000001,0.5,0.2,0.3,0.2,1.3,0.4,4.2,-0.1,327,110.2,109.1,109.1,108.1,108.4,108.4,2.1,0.8,0.8,0.08,1.42,12.9,0.044,0.154,0.1,9.1,9.1,0.506,0.526,0.158,0.165,101.66,102.06,85.05,102.06,0.071,1731,108,265,1.5,3.7,2026,77.0,60.0,74.0,77.0,71.0,60.0,55.0,72.0,45.0,88.0,50.0,50.0,50.0,38.0,80.0,60.0,82.0,37.0,62.0,80.0,74.0,80.0,88.0,60.0,80.0,85.0,85.0,80.0,62.0,70.0,75.0,62.0,32.0,49.0,72.0,88.0
Cason Wallace,OKC,77,61,16,0.792,26.6,3.3,7.6,0.432,1.3,3.7,0.351,0.7000000000000001,0.9,0.809,0.8,2.3,3.1,2.6,0.9,1.9,0.4,0.5,2.0,0.8,8.6,6.9,194,116.0,116.2,116.2,103.1,103.8,103.8,12.9,12.4,12.4,0.127,2.74,22.5,0.031,0.079,0.056,8.2,8.2,0.518,0.538,0.141,0.145,102.21,101.76,84.8,101.76,0.076,4335,252,584,3.3,7.6,2026,82.0,70.0,73.0,78.0,80.0,75.0,70.0,85.0,25.0,70.0,31.0,37.0,37.0,57.0,95.0,72.0,89.0,98.0,52.0,89.0,88.0,90.0,75.0,55.0,72.0,90.0,85.0,80.0,75.0,78.0,75.0,75.0,49.0,42.0,47.0,91.0
Cedric Coward,MEM,62,20,42,0.323,25.8,4.9,10.5,0.471,1.5,4.4,0.338,2.3,2.7,0.843,1.3,4.5,5.9,2.8,1.7,0.6000000000000001,0.4,0.7000000000000001,2.0,2.1,13.6,0.4,156,113.4,113.8,113.8,113.6,113.5,113.5,-0.2,0.3,0.3,0.154,1.63,17.2,0.05,0.16,0.106,10.6,10.5,0.542,0.585,0.207,0.214,104.43,104.31,86.92,104.31,0.11,3478,305,648,4.9,10.5,2026,80.0,92.0,69.0,76.0,85.0,85.0,65.0,84.0,50.0,80.0,30.0,48.0,32.0,45.0,80.0,58.0,73.0,40.0,55.0,71.0,68.0,55.0,88.0,57.0,83.0,95.0,85.0,80.0,68.0,73.0,79.0,68.0,62.0,52.0,73.0,84.0
Chaney Johnson,BKN,17,4,13,0.235,20.4,3.0,5.5,0.543,0.5,1.8,0.3,1.6,2.1,0.8,1.9,2.7,4.6,2.1,1.2,0.9,0.5,0.4,3.0,1.4,8.2,-4.6,384,107.0,107.0,107.0,116.4,116.0,116.0,-9.4,-9.0,-9.0,0.165,1.8,21.6,0.096,0.146,0.12,12.0,12.1,0.59,0.635,0.16,0.163,101.13,101.29,84.41,101.29,0.099,728,51,94,3.0,5.5,2026,73.0,86.0,70.0,72.0,79.0,65.0,40.0,75.0,65.0,85.0,48.0,48.0,47.0,37.0,70.0,69.0,73.0,70.0,62.0,66.0,65.0,60.0,79.0,60.0,85.0,80.0,90.0,80.0,57.0,65.0,69.0,55.0,66.0,69.0,63.0,79.0
Charles Bassey,GSW,13,4,9,0.308,11.7,2.4,3.6,0.66,0.0,0.0,0.0,1.1,1.5,0.7000000000000001,1.8,2.6,4.4,0.5,0.5,0.3,0.8,0.3,1.5,1.2,5.8,-3.4,517,111.7,107.2,107.2,122.4,120.1,120.1,-10.7,-13.0,-13.0,0.078,1.17,10.3,0.139,0.236,0.184,8.8,8.7,0.66,0.681,0.161,0.173,98.24,101.22,84.35,101.22,0.136,321,31,47,2.4,3.6,2026,72.0,92.0,69.0,62.0,64.0,40.0,35.0,70.0,75.0,75.0,50.0,50.0,50.0,40.0,70.0,77.0,57.0,46.0,93.0,68.0,50.0,60.0,67.0,66.0,82.0,80.0,85.0,80.0,35.0,42.0,54.0,48.0,34.0,92.0,89.0,67.0
Chaz Lanier,DET,34,28,6,0.8240000000000001,7.7,0.8,2.6,0.315,0.6000000000000001,2.0,0.284,0.1,0.2,0.833,0.2,0.4,0.7000000000000001,0.5,0.1,0.2,0.0,0.1,0.4,0.1,2.4,0.2,379,107.5,107.7,107.7,108.3,105.7,105.7,-0.9,2.0,2.0,0.085,5.67,15.3,0.029,0.055,0.042,2.7,2.7,0.421,0.436,0.147,0.152,101.2,102.32,85.27,102.32,0.045,556,28,89,0.8,2.6,2026,68.0,78.0,77.0,75.0,76.0,50.0,50.0,78.0,25.0,60.0,37.0,48.0,44.0,40.0,80.0,40.0,52.0,52.0,28.0,51.0,44.0,45.0,85.0,48.0,88.0,92.0,80.0,80.0,62.0,72.0,79.0,57.0,33.0,52.0,41.0,79.0
Chet Holmgren,OKC,69,56,13,0.812,28.9,6.3,11.3,0.557,1.3,3.5,0.362,3.3,4.1,0.792,1.9,7.0,8.9,1.7,1.6,0.6000000000000001,1.9,0.8,2.3,3.8,17.1,9.8,201,118.0,118.4,118.4,101.6,102.3,102.3,16.4,16.1,16.1,0.082,1.07,10.2,0.067,0.221,0.149,9.5,9.5,0.614,0.653,0.214,0.219,101.63,101.09,84.25,101.09,0.154,4207,434,779,6.3,11.3,2026,88.0,92.0,97.0,80.0,80.0,80.0,80.0,85.0,75.0,75.0,79.0,79.0,79.0,85.0,95.0,90.0,75.0,67.0,89.0,92.0,78.0,90.0,75.0,45.0,75.0,87.0,90.0,80.0,60.0,65.0,67.0,59.0,36.0,61.0,86.0,75.0
Chris Boucher,BOS,9,4,5,0.444,10.5,0.9,2.8,0.32,0.2,1.7,0.133,0.3,0.4,0.75,0.2,1.8,2.0,0.3,0.1,0.6000000000000001,0.8,0.1,1.9,0.4,2.3,0.6000000000000001,461,114.2,114.3,114.3,106.9,109.9,109.9,7.3,4.4,4.4,0.042,3.0,9.7,0.019,0.151,0.086,3.2,3.3,0.36,0.392,0.128,0.13,98.52,97.12,80.93,97.12,0.04,189,8,25,0.9,2.8,2026,73.0,90.0,81.0,79.0,78.0,60.0,30.0,74.0,85.0,80.0,72.0,64.0,72.0,50.0,85.0,76.0,37.0,43.0,72.0,78.0,50.0,60.0,57.0,80.0,74.0,89.0,80.0,77.0,33.0,41.0,25.0,59.0,30.0,67.0,76.0,55.0
Chris Livingston,CLE,3,2,1,0.667,5.8,1.3,2.3,0.5710000000000001,0.0,1.0,0.0,0.3,0.3,1.0,0.0,1.0,1.0,0.3,0.0,0.3,0.0,0.0,1.3,0.3,3.0,2.7,517,113.3,113.9,113.9,93.9,86.8,86.8,19.4,27.0,27.0,0.091,0.0,12.5,0.0,0.176,0.1,0.0,0.0,0.5710000000000001,0.605,0.189,0.2,98.28,101.91,84.93,101.91,0.104,36,4,7,1.3,2.3,2026,69.0,76.0,68.0,70.0,72.0,60.0,35.0,76.0,50.0,80.0,39.0,44.0,40.0,37.0,79.0,52.0,64.0,47.0,48.0,52.0,62.0,40.0,80.0,54.0,83.0,85.0,65.0,80.0,65.0,69.0,68.0,52.0,34.0,52.0,51.0,80.0
Chris Paul,LAC,16,4,12,0.25,14.2,1.1,3.5,0.321,0.6000000000000001,1.9,0.333,0.1,0.1,0.5,0.4,1.4,1.8,3.3,1.0,0.7000000000000001,0.0,0.2,1.4,0.4,2.9,-5.3,358,100.4,99.4,99.4,116.2,116.6,116.6,-15.8,-17.3,-17.3,0.351,3.31,42.4,0.026,0.101,0.062,12.8,12.7,0.411,0.413,0.135,0.141,98.28,98.62,82.19,98.62,0.064,466,18,56,1.1,3.5,2026,76.0,79.0,88.0,80.0,94.0,80.0,40.0,79.0,25.0,27.0,40.0,55.0,70.0,40.0,85.0,57.0,73.0,66.0,45.0,73.0,70.0,65.0,76.0,62.0,75.0,70.0,65.0,77.0,85.0,87.0,76.0,85.0,80.0,32.0,56.0,78.0
Chris Youngblood,POR,34,29,5,0.853,5.4,0.6000000000000001,1.9,0.349,0.5,1.6,0.333,0.3,0.3,0.9,0.2,0.6000000000000001,0.8,0.4,0.1,0.1,0.1,0.1,0.6000000000000001,0.3,2.1,0.3,384,110.2,106.6,106.6,107.3,104.3,104.3,2.9,2.3,2.3,0.092,6.0,14.8,0.039,0.095,0.07,2.5,2.5,0.492,0.527,0.162,0.17,98.58,101.66,84.71,101.66,0.059,392,22,63,0.6000000000000001,1.9,2026,68.0,67.0,74.0,80.0,80.0,70.0,45.0,69.0,40.0,60.0,35.0,38.0,35.0,65.0,85.0,42.0,64.0,47.0,32.0,60.0,40.0,45.0,72.0,52.0,70.0,80.0,80.0,87.0,57.0,68.0,63.0,58.0,30.0,42.0,65.0,73.0
Christian Braun,DEN,44,29,15,0.659,31.8,4.6,8.8,0.519,1.0,3.3,0.301,1.8,2.3,0.782,1.4,3.4,4.8,2.7,1.0,0.7000000000000001,0.3,0.7000000000000001,2.3,1.7,12.0,6.6,276,122.8,124.2,124.2,113.5,114.1,114.1,9.3,10.1,10.1,0.108,2.79,20.1,0.046,0.101,0.075,7.2,7.2,0.5750000000000001,0.607,0.142,0.145,102.21,101.38,84.48,101.38,0.076,2952,202,389,4.6,8.8,2026,80.0,97.0,67.0,78.0,79.0,70.0,75.0,85.0,25.0,85.0,25.0,55.0,36.0,69.0,90.0,40.0,79.0,37.0,45.0,78.0,80.0,80.0,83.0,46.0,83.0,93.0,95.0,80.0,69.0,69.0,74.0,74.0,44.0,51.0,53.0,83.0
Christian Koloko,ATL,27,16,11,0.593,13.2,1.1,2.7,0.419,0.0,0.3,0.111,0.4,0.6000000000000001,0.667,1.1,1.9,3.0,0.7000000000000001,0.6000000000000001,0.5,0.9,0.5,1.8,0.7000000000000001,2.7,-0.5,503,107.0,106.9,106.9,108.6,108.2,108.2,-1.6,-1.3,-1.3,0.064,1.13,15.7,0.08,0.125,0.103,13.9,14.0,0.426,0.453,0.109,0.113,104.67,104.9,87.42,104.9,0.046,778,31,74,1.1,2.7,2026,73.0,64.0,60.0,29.0,63.0,75.0,35.0,64.0,75.0,75.0,54.0,50.0,51.0,50.0,70.0,75.0,37.0,66.0,92.0,75.0,50.0,75.0,72.0,59.0,75.0,80.0,80.0,80.0,37.0,42.0,44.0,52.0,31.0,67.0,60.0,72.0
Chucky Hepburn,TOR,2,0,2,0.0,6.6,0.0,3.0,0.0,0.0,2.5,0.0,0.0,0.0,0.0,0.0,0.5,0.5,1.0,0.5,0.5,0.0,0.0,1.0,0.5,0.0,-8.0,517,72.2,73.1,73.1,133.6,120.7,120.7,-61.4,-47.6,-47.6,0.286,2.0,22.2,0.0,0.067,0.029,11.1,11.1,0.0,0.0,0.219,0.223,95.25,99.75,83.12,99.75,-0.1,26,0,6,0.0,3.0,2026,68.0,70.0,71.0,73.0,81.0,30.0,40.0,72.0,25.0,40.0,28.0,30.0,30.0,74.0,70.0,30.0,79.0,84.0,32.0,78.0,78.0,70.0,76.0,43.0,62.0,85.0,87.0,80.0,77.0,76.0,76.0,76.0,73.0,36.0,43.0,90.0
Clint Capela,HOU,75,47,28,0.627,12.3,1.6,3.0,0.52,0.0,0.0,0.5,0.6000000000000001,1.0,0.577,2.1,2.5,4.6,0.7000000000000001,0.5,0.5,0.8,0.3,1.0,0.8,3.8,2.2,515,112.6,113.1,113.1,104.4,105.1,105.1,8.2,8.0,8.0,0.072,1.22,14.1,0.158,0.181,0.169,11.5,11.6,0.522,0.54,0.133,0.136,99.1,98.6,82.17,98.6,0.11,1906,118,227,1.6,3.0,2026,77.0,75.0,50.0,25.0,60.0,70.0,30.0,70.0,80.0,75.0,64.0,48.0,64.0,34.0,70.0,83.0,47.0,56.0,89.0,86.0,74.0,80.0,58.0,82.0,68.0,78.0,75.0,83.0,34.0,48.0,30.0,35.0,33.0,97.0,80.0,51.0
Coby White,CHA,50,29,21,0.58,25.0,5.6,12.5,0.446,2.3,6.4,0.362,3.9,4.8,0.8170000000000001,0.3,3.1,3.4,4.0,2.6,0.5,0.1,0.7000000000000001,2.2,3.7,17.4,1.9,63,117.8,117.2,117.2,113.3,114.0,114.0,4.4,3.2,3.2,0.242,1.56,19.0,0.013,0.113,0.064,12.1,12.1,0.539,0.595,0.283,0.293,101.75,101.68,84.73,101.68,0.112,2652,278,623,5.6,12.5,2026,81.0,90.0,74.0,80.0,82.0,70.0,80.0,85.0,30.0,65.0,34.0,45.0,49.0,78.0,95.0,49.0,64.0,37.0,35.0,66.0,64.0,55.0,85.0,56.0,81.0,90.0,85.0,80.0,79.0,87.0,84.0,84.0,72.0,33.0,59.0,85.0
Cody Martin,IND,4,0,4,0.0,13.8,0.5,2.5,0.2,0.0,1.3,0.0,0.8,1.5,0.5,0.3,3.3,3.5,0.5,1.0,1.0,0.5,0.3,1.3,1.3,1.8,-7.0,517,77.7,79.0,79.0,98.2,99.2,99.2,-20.5,-20.2,-20.2,0.065,0.5,10.5,0.013,0.183,0.094,21.1,21.5,0.2,0.277,0.119,0.121,106.68,105.26,87.71,105.26,0.045,119,2,10,0.5,2.5,2026,74.0,79.0,72.0,71.0,70.0,60.0,40.0,85.0,25.0,75.0,59.0,59.0,55.0,79.0,75.0,48.0,69.0,73.0,66.0,69.0,69.0,60.0,68.0,58.0,75.0,90.0,90.0,80.0,74.0,73.0,68.0,78.0,50.0,50.0,65.0,72.0
Cody Williams,UTA,67,16,51,0.239,24.3,3.6,7.6,0.468,0.4,2.0,0.214,1.3,1.8,0.706,0.9,2.0,3.0,2.0,1.1,0.8,0.4,0.7000000000000001,1.8,1.3,8.8,-5.9,414,110.7,110.9,110.9,121.3,121.4,121.4,-10.7,-10.6,-10.6,0.111,1.88,17.7,0.036,0.084,0.059,9.4,9.5,0.495,0.524,0.159,0.161,105.17,105.04,87.53,105.04,0.057,3561,238,509,3.6,7.6,2026,76.0,97.0,80.0,70.0,70.0,85.0,55.0,79.0,50.0,80.0,53.0,57.0,53.0,40.0,95.0,68.0,73.0,43.0,56.0,70.0,60.0,55.0,87.0,57.0,75.0,90.0,75.0,80.0,63.0,82.0,79.0,63.0,41.0,46.0,47.0,86.0
Cole Anthony,MIL,35,12,23,0.343,15.0,2.8,6.6,0.424,0.6000000000000001,2.1,0.306,0.5,0.7000000000000001,0.615,0.5,2.0,2.5,3.5,1.9,0.6000000000000001,0.3,0.3,2.1,1.3,6.7,-3.2,357,105.2,103.4,103.4,113.5,113.1,113.1,-8.3,-9.7,-9.7,0.354,1.86,28.3,0.029,0.126,0.078,15.2,15.2,0.472,0.483,0.244,0.256,100.96,101.99,84.99,101.99,0.082,1118,98,231,2.8,6.6,2026,78.0,87.0,79.0,79.0,82.0,70.0,75.0,79.0,40.0,85.0,49.0,58.0,44.0,62.0,80.0,45.0,69.0,56.0,61.0,55.0,52.0,45.0,84.0,59.0,77.0,88.0,85.0,98.0,77.0,84.0,84.0,78.0,72.0,46.0,65.0,84.0
Colin Castleton,ORL,4,3,1,0.75,5.3,0.5,1.3,0.4,0.0,0.0,0.0,0.3,0.3,1.0,0.5,1.5,2.0,0.3,0.5,0.3,0.0,0.3,0.5,0.5,1.3,1.5,517,107.9,116.3,116.3,109.9,102.3,102.3,-1.9,14.0,14.0,0.053,0.5,12.5,0.105,0.333,0.216,25.0,23.7,0.4,0.46,0.14,0.151,96.93,96.52,80.44,96.52,0.098,43,2,5,0.5,1.3,2026,70.0,78.0,70.0,69.0,83.0,50.0,45.0,64.0,65.0,65.0,67.0,67.0,67.0,38.0,80.0,62.0,32.0,37.0,65.0,62.0,54.0,50.0,58.0,63.0,63.0,80.0,85.0,80.0,50.0,57.0,33.0,60.0,37.0,80.0,69.0,54.0
Collin Gillespie,PHX,80,43,37,0.538,28.5,4.4,10.5,0.418,2.9,7.2,0.401,1.0,1.1,0.874,1.1,3.0,4.1,4.6,1.6,1.2,0.2,0.4,1.6,1.7,12.7,2.5,21,113.5,113.7,113.7,110.2,110.0,110.0,3.3,3.7,3.7,0.228,2.97,27.1,0.036,0.107,0.07,9.1,9.1,0.556,0.5750000000000001,0.181,0.188,99.53,99.53,82.94,99.53,0.108,4743,352,842,4.4,10.5,2026,81.0,93.0,76.0,84.0,87.0,90.0,90.0,83.0,40.0,54.0,31.0,46.0,40.0,67.0,75.0,33.0,62.0,63.0,42.0,60.0,58.0,55.0,82.0,33.0,72.0,85.0,80.0,80.0,82.0,79.0,82.0,84.0,71.0,45.0,55.0,82.0
Collin Murray-Boyles,TOR,57,31,26,0.544,21.9,3.5,6.0,0.579,0.3,0.9,0.34,1.2,1.9,0.657,2.3,2.7,5.0,1.9,1.0,0.9,0.9,0.5,2.6,1.5,8.5,0.8,443,111.1,111.7,111.7,108.6,109.1,109.1,2.5,2.6,2.6,0.122,1.8,19.1,0.102,0.121,0.112,10.6,10.6,0.604,0.621,0.15,0.155,99.96,99.54,82.95,99.54,0.098,2574,198,342,3.5,6.0,2026,81.0,94.0,70.0,77.0,65.0,80.0,70.0,81.0,55.0,75.0,65.0,65.0,65.0,67.0,85.0,72.0,74.0,79.0,80.0,70.0,68.0,65.0,83.0,70.0,75.0,85.0,95.0,80.0,67.0,74.0,74.0,70.0,43.0,81.0,58.0,86.0
Collin Sexton,CHI,68,25,43,0.368,23.7,5.3,10.9,0.485,1.6,4.1,0.401,3.2,3.8,0.855,0.6000000000000001,1.7,2.3,3.3,2.1,1.1,0.1,0.9,2.1,3.4,15.4,-1.7,137,108.5,110.5,110.5,114.0,113.6,113.6,-5.4,-3.0,-3.0,0.217,1.58,18.4,0.024,0.065,0.045,11.6,11.6,0.561,0.615,0.248,0.255,103.93,103.17,85.98,103.17,0.113,3462,360,742,5.3,10.9,2026,81.0,93.0,82.0,84.0,86.0,80.0,80.0,80.0,30.0,75.0,25.0,38.0,28.0,50.0,75.0,45.0,67.0,63.0,40.0,60.0,60.0,50.0,88.0,48.0,84.0,95.0,80.0,81.0,75.0,86.0,87.0,74.0,71.0,36.0,43.0,88.0
Cooper Flagg,DAL,70,22,48,0.314,33.5,8.0,17.1,0.468,1.0,3.5,0.295,4.0,4.9,0.8270000000000001,1.2,5.4,6.7,4.5,2.3,1.2,0.9,1.1,2.0,4.1,21.0,-3.8,261,108.9,109.5,109.5,113.7,114.7,114.7,-4.8,-5.2,-5.2,0.212,1.96,17.4,0.035,0.151,0.093,8.9,8.8,0.498,0.548,0.264,0.271,103.64,102.96,85.8,102.96,0.128,5026,559,1194,8.0,17.1,2026,88.0,89.0,82.0,71.0,82.0,95.0,95.0,91.0,65.0,80.0,60.0,60.0,60.0,84.0,90.0,81.0,83.0,49.0,63.0,82.0,75.0,80.0,83.0,65.0,77.0,90.0,90.0,80.0,70.0,76.0,75.0,70.0,70.0,44.0,67.0,85.0
Corey Kispert,ATL,58,27,31,0.466,18.6,3.2,6.8,0.467,1.5,4.1,0.367,1.3,1.7,0.794,0.5,1.8,2.3,1.6,0.8,0.3,0.2,0.4,1.0,1.2,9.2,-2.6,156,108.7,108.9,108.9,115.6,115.9,115.9,-6.9,-7.0,-7.0,0.121,2.04,16.1,0.022,0.091,0.056,7.9,7.8,0.577,0.609,0.179,0.185,104.33,104.15,86.79,104.15,0.088,2348,184,394,3.2,6.8,2026,76.0,88.0,80.0,80.0,82.0,75.0,50.0,70.0,40.0,60.0,38.0,39.0,39.0,42.0,75.0,54.0,70.0,33.0,45.0,69.0,67.0,65.0,76.0,60.0,69.0,84.0,80.0,80.0,66.0,71.0,66.0,69.0,44.0,38.0,52.0,76.0
Cormac Ryan,MIL,11,2,9,0.182,24.6,4.8,9.3,0.52,2.5,5.4,0.458,2.2,2.4,0.923,0.7000000000000001,1.8,2.5,1.7,1.5,1.0,0.3,0.4,2.5,1.9,14.3,-1.6,52,113.6,116.0,116.0,119.9,119.0,119.0,-6.3,-3.1,-3.1,0.11,1.12,12.8,0.032,0.078,0.055,11.5,11.4,0.652,0.6920000000000001,0.206,0.213,97.4,96.73,80.61,96.73,0.104,545,53,102,4.8,9.3,2026,72.0,74.0,79.0,84.0,88.0,70.0,60.0,74.0,35.0,60.0,44.0,45.0,41.0,62.0,82.0,40.0,66.0,53.0,57.0,65.0,60.0,40.0,68.0,57.0,75.0,85.0,66.0,80.0,69.0,68.0,62.0,69.0,37.0,40.0,34.0,67.0
Craig Porter Jr.,CLE,64,43,21,0.672,17.9,1.8,4.0,0.45,0.5,1.5,0.355,0.4,0.6000000000000001,0.6000000000000001,1.3,2.1,3.4,3.2,0.9,0.9,0.6000000000000001,0.3,1.1,0.8,4.5,1.6,389,116.0,116.2,116.2,110.7,111.6,111.6,5.3,4.6,4.6,0.225,3.47,38.0,0.07,0.115,0.092,10.9,10.9,0.514,0.524,0.119,0.121,102.52,102.01,85.01,102.01,0.092,2435,116,258,1.8,4.0,2026,74.0,71.0,75.0,80.0,56.0,80.0,65.0,79.0,30.0,50.0,44.0,48.0,49.0,60.0,85.0,44.0,73.0,83.0,71.0,60.0,84.0,65.0,79.0,48.0,72.0,88.0,90.0,80.0,75.0,73.0,79.0,75.0,71.0,64.0,55.0,79.0
Curtis Jones,DEN,10,8,2,0.8,8.8,1.1,2.7,0.407,0.6000000000000001,1.8,0.333,0.1,0.2,0.5,0.2,0.9,1.1,1.0,0.2,0.4,0.0,0.1,0.6000000000000001,0.3,2.9,2.6,366,120.2,117.9,117.9,105.6,104.4,104.4,14.5,13.6,13.6,0.147,5.0,25.0,0.022,0.077,0.053,5.0,5.0,0.519,0.52,0.142,0.147,98.89,100.41,83.68,100.41,0.075,184,11,27,1.1,2.7,2026,68.0,76.0,77.0,79.0,84.0,50.0,50.0,76.0,35.0,70.0,30.0,38.0,26.0,50.0,76.0,25.0,60.0,52.0,32.0,57.0,60.0,50.0,76.0,49.0,75.0,85.0,81.0,80.0,69.0,70.0,74.0,67.0,40.0,32.0,52.0,80.0
DaRon Holmes II,DEN,25,17,8,0.68,8.4,1.2,2.4,0.508,0.8,1.8,0.444,0.4,0.6000000000000001,0.786,0.3,1.1,1.4,0.6000000000000001,0.5,0.0,0.2,0.1,0.8,0.7000000000000001,3.7,-0.6000000000000001,311,108.3,107.9,107.9,113.1,110.9,110.9,-4.8,-3.0,-3.0,0.125,1.33,16.8,0.04,0.113,0.08,12.6,12.6,0.672,0.6920000000000001,0.171,0.177,95.42,96.57,80.47,96.57,0.095,420,31,61,1.2,2.4,2026,73.0,77.0,76.0,78.0,70.0,65.0,65.0,68.0,75.0,75.0,68.0,67.0,68.0,50.0,80.0,76.0,63.0,29.0,62.0,72.0,62.0,55.0,75.0,60.0,64.0,88.0,80.0,80.0,49.0,60.0,59.0,50.0,42.0,42.0,55.0,69.0
Daeqwon Plowden,SAC,32,9,23,0.281,26.4,3.8,8.7,0.43,1.9,5.8,0.333,1.3,1.5,0.857,1.0,2.0,3.0,1.3,0.8,0.7000000000000001,0.2,0.4,2.4,1.3,10.8,-6.4,96,111.4,111.2,111.2,121.9,122.1,122.1,-10.5,-10.9,-10.9,0.065,1.58,11.3,0.037,0.08,0.057,7.2,7.1,0.541,0.5720000000000001,0.157,0.163,101.0,100.96,84.13,100.96,0.057,1771,120,279,3.8,8.7,2026,73.0,85.0,68.0,78.0,85.0,60.0,50.0,79.0,40.0,80.0,47.0,44.0,47.0,37.0,80.0,46.0,66.0,41.0,37.0,65.0,62.0,50.0,83.0,62.0,83.0,80.0,75.0,80.0,60.0,67.0,76.0,62.0,31.0,45.0,47.0,82.0
Dalano Banton,BOS,6,4,2,0.667,10.3,0.7000000000000001,2.0,0.333,0.0,0.2,0.0,0.7000000000000001,0.7000000000000001,1.0,0.3,0.5,0.8,1.8,1.3,0.3,0.8,0.5,0.5,0.5,2.0,-1.5,517,110.2,110.0,110.0,115.2,114.3,114.3,-4.9,-4.3,-4.3,0.268,1.38,33.3,0.034,0.043,0.039,24.2,24.4,0.333,0.436,0.152,0.152,101.87,102.38,85.32,102.38,0.051,130,4,12,0.7000000000000001,2.0,2026,73.0,56.0,71.0,77.0,71.0,70.0,60.0,84.0,30.0,65.0,30.0,45.0,48.0,79.0,80.0,40.0,68.0,59.0,67.0,60.0,62.0,60.0,76.0,66.0,75.0,80.0,75.0,80.0,78.0,76.0,72.0,79.0,70.0,40.0,51.0,76.0
Dalen Terry,PHI,48,22,26,0.458,11.5,1.4,3.2,0.439,0.5,1.4,0.364,0.3,0.6000000000000001,0.533,0.5,1.3,1.8,1.4,0.5,0.6000000000000001,0.3,0.2,1.0,0.8,3.7,-0.9,393,106.6,106.8,106.8,109.6,109.7,109.7,-3.0,-2.9,-2.9,0.167,2.54,25.6,0.041,0.099,0.069,10.1,10.0,0.516,0.523,0.139,0.146,105.03,104.92,87.44,104.92,0.076,1200,68,155,1.4,3.2,2026,73.0,62.0,72.0,79.0,55.0,65.0,55.0,77.0,25.0,80.0,40.0,46.0,42.0,54.0,85.0,43.0,69.0,76.0,67.0,69.0,70.0,65.0,76.0,58.0,69.0,85.0,85.0,80.0,76.0,80.0,74.0,78.0,62.0,48.0,56.0,76.0
Dalton Knecht,LAL,54,34,20,0.63,10.2,1.6,3.5,0.455,0.7000000000000001,2.1,0.342,0.3,0.4,0.727,0.3,1.1,1.4,0.4,0.4,0.2,0.2,0.2,0.8,0.3,4.2,-1.5,336,108.2,105.2,105.2,113.9,113.7,113.7,-5.7,-8.5,-8.5,0.059,0.91,8.6,0.026,0.108,0.068,9.4,9.4,0.555,0.5680000000000001,0.171,0.18,99.1,100.57,83.81,100.57,0.069,1166,87,191,1.6,3.5,2026,74.0,92.0,91.0,79.0,70.0,60.0,40.0,78.0,45.0,65.0,48.0,49.0,49.0,44.0,85.0,50.0,59.0,42.0,63.0,59.0,57.0,35.0,86.0,50.0,77.0,90.0,85.0,80.0,64.0,68.0,74.0,65.0,29.0,39.0,53.0,59.0
Daniel Gafford,DAL,55,12,43,0.218,21.7,3.8,5.7,0.655,0.0,0.0,0.0,2.0,2.9,0.683,2.5,4.4,6.9,1.1,1.1,0.8,1.3,0.7000000000000001,2.6,2.7,9.5,-3.4,517,106.9,105.9,105.9,113.7,113.0,113.0,-6.8,-7.1,-7.1,0.071,0.92,11.5,0.108,0.181,0.145,12.5,12.4,0.655,0.677,0.151,0.158,103.76,104.6,87.17,104.6,0.114,2601,207,316,3.8,5.7,2026,80.0,91.0,65.0,29.0,68.0,70.0,50.0,75.0,85.0,75.0,69.0,67.0,67.0,57.0,70.0,84.0,57.0,46.0,83.0,83.0,50.0,80.0,75.0,73.0,80.0,75.0,89.0,80.0,37.0,35.0,44.0,37.0,33.0,81.0,79.0,70.0
Daniss Jenkins,DET,72,54,18,0.75,20.2,3.2,7.9,0.408,1.0,2.7,0.374,1.9,2.2,0.8320000000000001,0.7000000000000001,1.6,2.3,3.9,1.6,0.9,0.2,0.7000000000000001,1.5,2.0,9.3,2.9,266,111.6,113.2,113.2,106.2,106.6,106.6,5.4,6.6,6.6,0.27,2.42,26.9,0.034,0.077,0.055,11.1,11.1,0.473,0.525,0.209,0.214,102.24,101.34,84.45,101.34,0.1,3076,232,568,3.2,7.9,2026,80.0,76.0,84.0,83.0,82.0,80.0,60.0,84.0,30.0,60.0,36.0,36.0,28.0,72.0,85.0,32.0,69.0,63.0,50.0,69.0,75.0,65.0,75.0,45.0,70.0,85.0,80.0,80.0,80.0,86.0,74.0,85.0,72.0,45.0,46.0,75.0
Danny Wolf,BKN,57,14,43,0.246,20.8,3.1,7.7,0.405,1.2,3.7,0.322,1.5,1.9,0.771,1.0,3.9,4.9,2.2,1.3,0.5,0.6000000000000001,0.6000000000000001,2.2,1.3,8.9,-4.1,219,102.7,102.9,102.9,112.3,111.9,111.9,-9.6,-9.0,-9.0,0.178,1.74,18.4,0.046,0.195,0.117,10.6,10.6,0.482,0.521,0.201,0.207,98.0,98.09,81.74,98.09,0.096,2420,178,440,3.1,7.7,2026,77.0,75.0,70.0,75.0,77.0,80.0,75.0,76.0,70.0,70.0,69.0,69.0,67.0,69.0,95.0,58.0,55.0,41.0,63.0,52.0,50.0,45.0,47.0,60.0,57.0,90.0,85.0,80.0,69.0,69.0,47.0,75.0,65.0,51.0,83.0,52.0
Dario Saric,SAC,5,1,4,0.2,8.2,0.2,1.2,0.167,0.2,0.6000000000000001,0.333,0.4,0.4,1.0,0.2,1.0,1.2,0.4,0.4,0.0,0.0,0.2,0.6000000000000001,0.2,1.0,0.0,466,106.6,104.7,104.7,105.6,104.7,104.7,1.0,0.0,0.0,0.061,1.0,18.2,0.03,0.114,0.078,18.2,18.4,0.25,0.363,0.1,0.103,97.61,98.91,82.43,98.91,0.015,85,1,6,0.2,1.2,2026,74.0,82.0,71.0,70.0,83.0,50.0,50.0,74.0,45.0,70.0,81.0,79.0,81.0,50.0,92.0,80.0,66.0,63.0,25.0,80.0,55.0,75.0,63.0,65.0,60.0,82.0,86.0,81.0,75.0,69.0,57.0,84.0,38.0,62.0,76.0,69.0
Dariq Whitehead,MEM,6,0,6,0.0,30.5,6.2,15.5,0.398,3.2,10.0,0.317,0.8,1.2,0.714,0.3,3.7,4.0,1.5,1.7,0.7000000000000001,0.0,0.7000000000000001,2.2,0.8,16.3,-16.5,11,102.7,102.5,102.5,124.7,126.5,126.5,-22.0,-24.1,-24.1,0.078,0.9,7.8,0.009,0.12,0.059,8.7,8.7,0.5,0.51,0.231,0.237,107.41,106.73,88.94,106.73,0.062,406,37,93,6.2,15.5,2026,72.0,77.0,76.0,84.0,79.0,70.0,40.0,70.0,50.0,80.0,44.0,51.0,47.0,37.0,80.0,40.0,65.0,38.0,37.0,67.0,67.0,45.0,79.0,52.0,82.0,90.0,70.0,77.0,67.0,78.0,76.0,66.0,35.0,34.0,56.0,79.0
Darius Garland,LAC,45,26,19,0.578,29.9,6.9,14.9,0.46,2.7,6.8,0.396,2.3,2.7,0.861,0.4,2.0,2.4,6.7,2.9,1.0,0.2,0.6000000000000001,1.9,2.6,18.8,1.9,31,117.5,117.9,117.9,113.8,115.2,115.2,3.7,2.6,2.6,0.322,2.32,26.0,0.013,0.063,0.039,11.2,11.2,0.551,0.582,0.266,0.271,102.6,101.84,84.86,101.84,0.112,2856,309,672,6.9,14.9,2026,85.0,92.0,93.0,88.0,85.0,85.0,90.0,84.0,25.0,40.0,32.0,37.0,42.0,50.0,85.0,31.0,71.0,43.0,37.0,69.0,66.0,50.0,88.0,40.0,84.0,95.0,90.0,80.0,85.0,89.0,88.0,85.0,80.0,33.0,42.0,88.0
David Roddy,DEN,5,4,1,0.8,14.6,3.0,6.0,0.5,0.6000000000000001,2.2,0.273,1.4,1.4,1.0,1.6,2.4,4.0,0.8,0.4,0.8,0.2,0.4,1.4,1.2,8.0,1.0,366,114.6,113.8,113.8,109.9,110.7,110.7,4.6,3.1,3.1,0.078,2.0,10.3,0.105,0.126,0.117,5.1,5.1,0.55,0.605,0.191,0.197,104.54,104.52,87.1,104.52,0.128,159,15,30,3.0,6.0,2026,71.0,84.0,72.0,82.0,82.0,60.0,30.0,77.0,50.0,60.0,62.0,62.0,62.0,59.0,81.0,64.0,65.0,42.0,53.0,69.0,62.0,55.0,75.0,73.0,66.0,88.0,85.0,80.0,62.0,66.0,54.0,60.0,44.0,41.0,73.0,74.0
Davion Mitchell,MIA,70,37,33,0.529,28.6,3.7,7.6,0.49,1.3,3.3,0.395,0.6000000000000001,0.9,0.646,0.5,2.2,2.7,6.5,1.5,1.0,0.2,0.3,2.6,1.2,9.3,2.9,199,115.6,117.2,117.2,111.4,113.0,113.0,4.3,4.2,4.2,0.285,4.19,40.3,0.015,0.072,0.044,9.6,9.6,0.5740000000000001,0.582,0.137,0.139,105.34,103.88,86.57,103.88,0.083,4338,261,533,3.7,7.6,2026,79.0,98.0,74.0,83.0,67.0,65.0,65.0,79.0,25.0,40.0,30.0,30.0,30.0,30.0,95.0,44.0,87.0,46.0,37.0,85.0,82.0,85.0,82.0,60.0,70.0,90.0,95.0,80.0,75.0,86.0,82.0,75.0,74.0,33.0,45.0,88.0
DeAndre Jordan,NOP,12,6,6,0.5,16.6,1.8,2.7,0.656,0.0,0.0,0.0,0.9,1.4,0.647,2.2,4.2,6.3,0.9,0.8,0.3,0.8,0.4,1.3,1.2,4.4,-0.1,517,109.6,110.0,110.0,109.8,112.3,112.3,-0.2,-2.4,-2.4,0.077,1.22,18.6,0.124,0.234,0.18,15.3,15.1,0.656,0.671,0.098,0.102,102.0,100.68,83.9,100.68,0.119,421,21,32,1.8,2.7,2026,76.0,75.0,25.0,25.0,41.0,75.0,30.0,57.0,75.0,75.0,52.0,37.0,52.0,44.0,90.0,70.0,57.0,35.0,85.0,67.0,55.0,55.0,65.0,85.0,83.0,92.0,80.0,94.0,25.0,30.0,33.0,66.0,28.0,90.0,94.0,62.0
DeMar DeRozan,SAC,77,20,57,0.26,31.2,6.5,13.1,0.497,0.6000000000000001,1.9,0.32,4.9,5.6,0.868,0.5,2.5,2.9,4.1,1.2,1.0,0.3,0.5,1.9,4.0,18.4,-7.6,364,110.3,110.6,110.6,121.1,122.3,122.3,-10.8,-11.7,-11.7,0.196,3.29,19.8,0.015,0.081,0.047,6.0,6.0,0.52,0.594,0.222,0.23,101.91,101.26,84.38,101.26,0.111,5076,499,1005,6.5,13.1,2026,84.0,97.0,95.0,74.0,87.0,80.0,90.0,85.0,55.0,80.0,65.0,78.0,87.0,50.0,85.0,58.0,64.0,46.0,45.0,64.0,59.0,55.0,82.0,73.0,88.0,88.0,80.0,91.0,73.0,83.0,80.0,75.0,70.0,33.0,47.0,80.0
Dean Wade,CLE,59,36,23,0.61,22.3,2.1,4.7,0.439,1.2,3.3,0.362,0.5,0.6000000000000001,0.711,0.9,3.3,4.2,1.5,0.3,0.7000000000000001,0.4,0.2,1.5,0.7000000000000001,5.8,2.6,214,116.9,117.2,117.2,109.7,110.9,110.9,7.1,6.2,6.2,0.082,5.5,22.1,0.039,0.139,0.09,4.0,4.0,0.5670000000000001,0.58,0.097,0.1,102.47,101.78,84.82,101.78,0.074,2784,122,278,2.1,4.7,2026,78.0,93.0,70.0,79.0,71.0,70.0,40.0,78.0,80.0,75.0,60.0,60.0,64.0,44.0,70.0,80.0,84.0,49.0,56.0,84.0,82.0,85.0,62.0,60.0,83.0,80.0,85.0,79.0,38.0,60.0,43.0,55.0,35.0,47.0,66.0,84.0
Deandre Ayton,LAL,72,46,26,0.639,27.2,5.6,8.3,0.671,0.0,0.0,0.0,1.3,2.0,0.645,2.6,5.4,8.0,0.8,1.2,0.6000000000000001,1.0,0.4,2.2,1.6,12.5,-0.1,517,114.8,115.6,115.6,113.8,115.5,115.5,1.0,0.1,0.1,0.044,0.71,7.3,0.103,0.2,0.154,10.3,10.3,0.671,0.676,0.164,0.167,100.69,99.65,83.04,99.65,0.117,4060,403,601,5.6,8.3,2026,79.0,98.0,85.0,63.0,63.0,60.0,40.0,75.0,90.0,75.0,82.0,78.0,82.0,58.0,82.0,76.0,49.0,38.0,72.0,75.0,64.0,70.0,75.0,85.0,82.0,75.0,50.0,81.0,53.0,61.0,55.0,70.0,29.0,77.0,83.0,65.0
Dejounte Murray,NOP,14,5,9,0.357,27.8,6.3,13.0,0.484,1.4,4.4,0.306,2.8,3.2,0.867,0.3,5.1,5.4,6.4,3.4,1.6,0.2,0.4,2.4,2.2,16.7,1.4,186,115.4,116.2,116.2,113.9,114.9,114.9,1.5,1.3,1.3,0.336,1.89,26.6,0.011,0.188,0.101,14.1,13.9,0.536,0.58,0.267,0.274,101.61,100.83,84.02,100.83,0.138,822,88,182,6.3,13.0,2026,84.0,97.0,98.0,74.0,87.0,80.0,85.0,90.0,40.0,75.0,40.0,48.0,49.0,61.0,95.0,53.0,83.0,86.0,42.0,80.0,81.0,80.0,83.0,40.0,60.0,90.0,90.0,80.0,82.0,86.0,83.0,82.0,81.0,30.0,76.0,85.0
Deni Avdija,POR,66,35,31,0.53,33.3,7.5,16.1,0.462,1.9,6.0,0.318,7.4,9.2,0.802,1.1,5.8,6.9,6.7,3.8,0.8,0.6000000000000001,1.2,2.5,6.6,24.2,0.2,106,114.0,115.7,115.7,114.7,115.4,115.4,-0.8,0.3,0.3,0.316,1.75,21.9,0.031,0.167,0.098,12.5,12.5,0.521,0.6000000000000001,0.285,0.292,103.84,102.78,85.65,102.78,0.149,4711,492,1064,7.5,16.1,2026,88.0,85.0,89.0,75.0,80.0,90.0,90.0,88.0,40.0,75.0,62.0,59.0,59.0,80.0,85.0,62.0,80.0,38.0,56.0,78.0,77.0,80.0,75.0,65.0,79.0,89.0,95.0,84.0,79.0,78.0,69.0,79.0,77.0,43.0,74.0,81.0
Dereck Lively II,DAL,7,3,4,0.429,16.5,1.6,2.6,0.611,0.0,0.0,0.0,1.1,1.4,0.8,2.0,3.3,5.3,1.9,1.4,0.6000000000000001,1.6,0.3,3.0,1.3,4.3,2.0,517,107.0,108.6,108.6,101.5,102.3,102.3,5.5,6.3,6.3,0.153,1.3,28.3,0.117,0.183,0.15,21.7,22.0,0.611,0.67,0.113,0.113,108.26,107.02,89.18,107.02,0.094,256,11,18,1.6,2.6,2026,79.0,97.0,60.0,52.0,64.0,80.0,50.0,82.0,85.0,83.0,59.0,54.0,59.0,40.0,90.0,83.0,57.0,38.0,90.0,80.0,54.0,80.0,50.0,70.0,67.0,80.0,95.0,80.0,69.0,52.0,40.0,68.0,61.0,78.0,80.0,57.0
Derik Queen,NOP,81,26,55,0.321,25.0,4.4,9.2,0.473,0.3,1.1,0.261,2.7,3.4,0.795,1.7,5.4,7.1,3.7,2.3,1.0,0.9,0.8,2.7,2.7,11.7,-3.8,451,111.8,112.7,112.7,118.6,119.4,119.4,-6.8,-6.7,-6.7,0.208,1.57,21.9,0.065,0.207,0.136,14.0,14.0,0.489,0.546,0.214,0.217,104.07,103.32,86.1,103.32,0.109,4350,354,748,4.4,9.2,2026,80.0,85.0,71.0,66.0,79.0,75.0,75.0,82.0,65.0,70.0,78.0,78.0,78.0,75.0,90.0,69.0,52.0,59.0,73.0,68.0,62.0,60.0,54.0,80.0,62.0,85.0,80.0,80.0,79.0,69.0,52.0,82.0,70.0,60.0,83.0,54.0
Derrick Jones Jr.,LAC,50,26,24,0.52,27.0,3.8,7.6,0.499,1.1,3.1,0.359,1.4,1.9,0.763,1.2,2.2,3.5,1.4,0.8,0.9,1.0,0.4,2.1,1.8,10.1,2.6,242,117.2,117.9,117.9,111.8,113.8,113.8,5.4,4.0,4.0,0.068,1.73,13.2,0.047,0.082,0.065,7.7,7.6,0.5710000000000001,0.6000000000000001,0.144,0.15,100.33,99.15,82.62,99.15,0.072,2795,189,379,3.8,7.6,2026,79.0,91.0,82.0,79.0,76.0,75.0,65.0,79.0,85.0,94.0,50.0,52.0,52.0,52.0,90.0,67.0,82.0,49.0,75.0,81.0,80.0,80.0,77.0,59.0,93.0,83.0,80.0,78.0,65.0,68.0,61.0,54.0,34.0,48.0,48.0,82.0
Derrick White,BOS,77,52,25,0.675,34.1,5.7,14.4,0.394,2.7,8.3,0.327,2.4,2.6,0.902,1.1,3.3,4.4,5.4,1.7,1.1,1.3,0.4,1.5,2.8,16.5,7.8,30,117.5,119.3,119.3,107.1,108.0,108.0,10.5,11.3,11.3,0.221,3.09,23.8,0.032,0.09,0.061,7.7,7.7,0.489,0.529,0.216,0.221,97.53,96.35,80.29,96.35,0.109,5270,437,1108,5.7,14.4,2026,85.0,82.0,85.0,75.0,90.0,85.0,75.0,85.0,40.0,55.0,35.0,51.0,35.0,67.0,90.0,58.0,91.0,49.0,80.0,92.0,78.0,95.0,88.0,46.0,75.0,85.0,95.0,81.0,88.0,86.0,87.0,82.0,71.0,43.0,51.0,93.0
Desmond Bane,ORL,82,45,37,0.549,33.6,7.1,14.7,0.484,2.0,5.2,0.391,3.8,4.2,0.908,1.2,2.9,4.1,4.1,2.0,1.0,0.5,1.0,3.1,2.8,20.1,1.6,80,112.4,113.6,113.6,110.8,111.5,111.5,1.6,2.2,2.2,0.19,2.06,18.4,0.034,0.084,0.059,8.9,8.8,0.553,0.607,0.224,0.233,103.09,102.2,85.17,102.2,0.111,5871,583,1205,7.1,14.7,2026,86.0,93.0,83.0,86.0,92.0,80.0,95.0,89.0,35.0,75.0,49.0,61.0,56.0,43.0,84.0,59.0,79.0,42.0,51.0,78.0,78.0,70.0,74.0,56.0,78.0,92.0,85.0,78.0,74.0,80.0,70.0,74.0,68.0,44.0,49.0,80.0
Devin Booker,PHX,64,37,27,0.578,33.5,8.5,18.7,0.456,1.9,5.8,0.33,7.1,8.1,0.873,0.8,3.1,3.9,6.0,3.1,0.8,0.3,1.0,2.6,6.7,26.1,3.1,100,114.2,115.9,115.9,110.5,112.0,112.0,3.7,3.9,3.9,0.293,1.92,19.3,0.021,0.091,0.055,10.1,10.0,0.507,0.585,0.307,0.316,102.19,100.72,83.93,100.72,0.142,4516,546,1198,8.5,18.7,2026,93.0,96.0,86.0,86.0,87.0,95.0,95.0,95.0,30.0,75.0,74.0,79.0,85.0,87.0,98.0,58.0,75.0,40.0,45.0,74.0,74.0,65.0,83.0,59.0,79.0,95.0,95.0,81.0,80.0,93.0,83.0,80.0,75.0,36.0,52.0,80.0
Devin Carter,SAC,38,8,30,0.211,18.4,3.2,7.7,0.414,0.8,3.0,0.263,1.8,2.5,0.713,0.9,2.3,3.3,2.7,1.4,0.9,0.2,0.3,1.3,2.4,8.9,-3.0,317,110.5,111.0,111.0,118.1,118.3,118.3,-7.6,-7.3,-7.3,0.209,1.87,20.7,0.048,0.13,0.088,11.1,11.1,0.466,0.508,0.226,0.23,101.11,100.78,83.99,100.78,0.094,1467,121,292,3.2,7.7,2026,77.0,82.0,83.0,73.0,80.0,75.0,70.0,74.0,30.0,80.0,40.0,42.0,42.0,40.0,95.0,58.0,73.0,73.0,50.0,70.0,80.0,50.0,98.0,60.0,94.0,92.0,90.0,80.0,80.0,79.0,90.0,80.0,69.0,51.0,63.0,89.0
Devin Vassell,SAS,67,52,15,0.776,30.5,4.9,11.3,0.437,2.5,6.4,0.384,1.6,1.9,0.8150000000000001,0.6000000000000001,3.4,4.0,2.5,0.9,0.9,0.4,0.3,1.6,1.4,13.9,7.3,50,119.9,121.3,121.3,108.3,109.9,109.9,11.6,11.4,11.4,0.107,2.78,16.2,0.019,0.102,0.063,5.8,5.8,0.547,0.5740000000000001,0.176,0.18,102.82,101.48,84.57,101.48,0.087,4321,330,755,4.9,11.3,2026,82.0,80.0,97.0,86.0,82.0,50.0,75.0,82.0,40.0,60.0,51.0,65.0,65.0,44.0,80.0,62.0,80.0,41.0,51.0,81.0,85.0,80.0,72.0,60.0,77.0,89.0,85.0,82.0,76.0,82.0,65.0,79.0,42.0,35.0,54.0,80.0
Dillon Brooks,PHX,56,32,24,0.5710000000000001,30.4,7.4,17.1,0.435,2.3,6.6,0.344,3.0,3.6,0.842,0.8,2.9,3.6,1.8,1.8,1.0,0.2,0.5,3.3,3.3,20.2,-0.9,65,112.5,113.7,113.7,112.6,114.8,114.8,-0.1,-1.1,-1.1,0.095,1.01,8.0,0.024,0.094,0.058,7.9,7.9,0.501,0.54,0.279,0.285,102.05,100.54,83.78,100.54,0.088,3560,417,959,7.4,17.1,2026,84.0,97.0,80.0,78.0,86.0,75.0,80.0,74.0,35.0,75.0,55.0,59.0,64.0,69.0,85.0,77.0,90.0,76.0,37.0,90.0,90.0,90.0,75.0,65.0,75.0,88.0,95.0,85.0,59.0,70.0,69.0,58.0,37.0,38.0,51.0,88.0
Dillon Jones,NYK,7,5,2,0.714,5.6,0.3,1.3,0.222,0.1,0.7000000000000001,0.2,0.6000000000000001,0.6000000000000001,1.0,0.3,0.7000000000000001,1.0,0.6000000000000001,0.0,0.4,0.0,0.1,0.9,0.3,1.3,1.1,480,121.9,114.0,114.0,112.5,109.8,109.8,9.4,4.2,4.2,0.108,0.0,26.7,0.05,0.135,0.091,0.0,0.0,0.278,0.418,0.111,0.116,97.73,102.37,85.3,102.37,0.053,86,2,9,0.3,1.3,2026,69.0,63.0,70.0,57.0,55.0,50.0,35.0,72.0,35.0,65.0,50.0,50.0,50.0,55.0,89.0,67.0,69.0,42.0,42.0,69.0,57.0,55.0,75.0,70.0,71.0,85.0,80.0,80.0,68.0,70.0,67.0,69.0,53.0,58.0,67.0,82.0
Domantas Sabonis,SAC,19,3,16,0.158,29.7,6.3,11.6,0.543,0.3,1.4,0.185,2.9,4.1,0.727,3.4,8.0,11.4,4.1,2.7,0.9,0.2,0.9,3.5,3.6,15.8,-9.3,454,108.8,110.0,110.0,123.2,123.9,123.9,-14.4,-13.9,-13.9,0.209,1.53,20.4,0.108,0.283,0.191,13.3,13.3,0.554,0.59,0.223,0.227,103.33,102.46,85.38,102.46,0.131,1199,120,221,6.3,11.6,2026,86.0,91.0,86.0,70.0,73.0,85.0,90.0,82.0,75.0,75.0,93.0,93.0,93.0,70.0,98.0,70.0,49.0,49.0,40.0,69.0,45.0,60.0,48.0,82.0,54.0,95.0,90.0,86.0,82.0,60.0,43.0,85.0,70.0,75.0,93.0,49.0
Dominick Barlow,PHI,71,40,31,0.5630000000000001,23.8,3.0,5.6,0.539,0.3,1.2,0.256,1.3,1.8,0.718,1.9,2.9,4.8,1.2,0.8,0.9,0.7000000000000001,0.4,2.1,1.5,7.7,0.4,444,112.4,112.7,112.7,110.4,111.9,111.9,2.0,0.8,0.8,0.069,1.55,14.6,0.075,0.118,0.096,9.4,9.3,0.5650000000000001,0.597,0.125,0.129,102.07,101.23,84.36,101.23,0.078,3560,215,399,3.0,5.6,2026,76.0,87.0,44.0,70.0,71.0,95.0,75.0,79.0,60.0,75.0,68.0,68.0,68.0,62.0,85.0,59.0,55.0,49.0,67.0,59.0,49.0,50.0,68.0,62.0,75.0,80.0,85.0,80.0,51.0,69.0,64.0,52.0,33.0,66.0,59.0,68.0
Donovan Clingan,POR,77,41,36,0.532,27.2,4.6,8.9,0.52,1.1,3.2,0.341,1.8,2.6,0.68,4.5,7.1,11.6,2.1,1.2,0.6000000000000001,1.7,0.5,2.4,2.3,12.1,0.2,243,112.2,113.9,113.9,113.1,113.8,113.8,-0.9,0.1,0.1,0.112,1.71,15.7,0.149,0.254,0.199,9.2,9.2,0.582,0.604,0.163,0.166,102.92,101.86,84.89,101.86,0.139,4447,356,684,4.6,8.9,2026,83.0,94.0,78.0,75.0,67.0,85.0,70.0,69.0,85.0,75.0,72.0,54.0,69.0,69.0,75.0,82.0,49.0,37.0,86.0,82.0,58.0,80.0,44.0,78.0,60.0,82.0,75.0,80.0,55.0,46.0,38.0,62.0,43.0,94.0,90.0,45.0
Donovan Mitchell,CLE,70,45,25,0.643,33.5,9.7,20.0,0.483,3.2,8.8,0.364,5.3,6.1,0.865,0.7000000000000001,3.8,4.5,5.7,2.8,1.5,0.3,0.7000000000000001,2.3,4.6,27.9,5.3,10,119.2,119.3,119.3,112.0,112.1,112.1,7.2,7.2,7.2,0.266,2.01,18.3,0.021,0.108,0.065,9.1,9.0,0.5630000000000001,0.613,0.311,0.321,103.18,103.13,85.94,103.13,0.152,5035,678,1403,9.7,20.0,2026,94.0,98.0,89.0,85.0,86.0,85.0,95.0,95.0,50.0,92.0,37.0,49.0,44.0,90.0,98.0,68.0,75.0,66.0,45.0,79.0,79.0,75.0,95.0,60.0,97.0,96.0,95.0,80.0,84.0,90.0,86.0,84.0,73.0,36.0,56.0,90.0
Donte DiVincenzo,MIN,82,49,33,0.598,30.4,4.1,10.2,0.406,3.0,7.9,0.379,1.0,1.3,0.743,0.8,3.3,4.1,3.8,1.4,1.3,0.4,0.2,2.4,1.5,12.2,4.1,17,115.5,116.3,116.3,108.5,110.0,110.0,6.9,6.2,6.2,0.164,2.65,23.9,0.026,0.1,0.064,9.0,9.0,0.552,0.5670000000000001,0.164,0.168,103.13,102.07,85.06,102.07,0.084,5306,339,835,4.1,10.2,2026,80.0,84.0,88.0,84.0,76.0,80.0,80.0,86.0,25.0,75.0,28.0,45.0,38.0,52.0,70.0,58.0,82.0,59.0,51.0,84.0,88.0,80.0,87.0,60.0,95.0,90.0,85.0,81.0,77.0,79.0,81.0,79.0,64.0,40.0,54.0,87.0
Dorian Finney-Smith,HOU,37,23,14,0.622,16.8,1.2,3.6,0.333,0.7000000000000001,2.7,0.27,0.2,0.2,0.889,0.9,1.6,2.5,1.0,0.6000000000000001,0.4,0.2,0.2,1.6,0.2,3.3,0.4,328,109.4,109.4,109.4,108.2,107.6,107.6,1.2,1.8,1.8,0.078,1.64,18.6,0.054,0.087,0.071,11.3,11.3,0.436,0.452,0.104,0.108,99.03,99.32,82.76,99.32,0.034,1280,44,132,1.2,3.6,2026,75.0,80.0,71.0,73.0,64.0,70.0,60.0,84.0,40.0,84.0,54.0,50.0,54.0,58.0,72.0,72.0,83.0,41.0,47.0,74.0,74.0,75.0,67.0,62.0,83.0,80.0,80.0,81.0,65.0,60.0,44.0,68.0,32.0,56.0,51.0,82.0
Doug McDermott,SAC,29,8,21,0.276,15.1,1.9,4.8,0.388,1.7,4.2,0.39,0.3,0.3,0.889,0.2,1.0,1.3,0.8,0.4,0.2,0.1,0.0,1.0,0.2,5.7,-3.5,136,105.4,104.2,104.2,115.7,115.3,115.3,-10.3,-11.1,-11.1,0.073,1.69,12.4,0.014,0.068,0.04,7.3,7.3,0.561,0.5740000000000001,0.146,0.15,100.7,101.48,84.56,101.48,0.055,929,54,139,1.9,4.8,2026,71.0,85.0,78.0,85.0,76.0,60.0,50.0,79.0,50.0,65.0,60.0,66.0,62.0,60.0,75.0,52.0,58.0,31.0,45.0,63.0,50.0,40.0,59.0,60.0,67.0,81.0,67.0,83.0,65.0,67.0,47.0,65.0,31.0,34.0,43.0,60.0
Drake Powell,BKN,63,16,47,0.254,20.9,2.3,5.7,0.402,0.8,2.9,0.28,1.1,1.2,0.896,0.3,1.4,1.8,1.4,1.0,0.6000000000000001,0.2,0.4,1.4,0.8,6.5,-7.1,309,99.8,100.3,100.3,115.3,116.3,116.3,-15.5,-16.1,-16.1,0.113,1.52,16.8,0.016,0.07,0.042,11.0,11.1,0.473,0.521,0.149,0.154,99.22,98.56,82.14,98.56,0.053,2704,144,358,2.3,5.7,2026,73.0,94.0,75.0,72.0,91.0,50.0,40.0,74.0,45.0,85.0,44.0,44.0,44.0,50.0,80.0,54.0,75.0,40.0,45.0,70.0,70.0,65.0,86.0,54.0,95.0,85.0,90.0,80.0,69.0,70.0,75.0,69.0,42.0,34.0,46.0,87.0
Draymond Green,GSW,68,31,37,0.456,27.5,3.0,7.2,0.418,1.5,4.6,0.326,0.9,1.2,0.7020000000000001,0.8,4.7,5.5,5.5,2.7,0.9,0.6000000000000001,0.2,2.9,1.6,8.4,-2.0,161,110.0,109.4,109.4,112.5,113.6,113.6,-2.6,-4.3,-4.3,0.278,2.08,34.7,0.029,0.168,0.098,16.7,16.7,0.52,0.54,0.158,0.163,101.92,101.72,84.77,101.72,0.084,3976,205,491,3.0,7.2,2026,79.0,78.0,75.0,75.0,69.0,30.0,25.0,70.0,55.0,65.0,50.0,51.0,51.0,30.0,80.0,93.0,88.0,79.0,61.0,95.0,84.0,95.0,73.0,85.0,66.0,85.0,90.0,88.0,80.0,78.0,69.0,84.0,73.0,41.0,74.0,84.0
Drew Eubanks,SAC,42,10,32,0.238,13.1,2.2,3.7,0.596,0.0,0.2,0.143,0.8,1.4,0.561,0.9,2.1,3.0,0.5,0.7000000000000001,0.4,0.6000000000000001,0.3,1.4,1.2,5.2,-3.7,508,105.7,106.4,106.4,117.2,117.8,117.8,-11.4,-11.4,-11.4,0.052,0.63,8.3,0.069,0.154,0.112,13.0,13.0,0.599,0.605,0.161,0.165,102.78,102.17,85.14,102.17,0.082,1165,93,156,2.2,3.7,2026,75.0,97.0,73.0,77.0,56.0,75.0,75.0,69.0,75.0,70.0,77.0,77.0,77.0,44.0,75.0,74.0,47.0,46.0,89.0,59.0,50.0,45.0,61.0,68.0,75.0,80.0,85.0,83.0,42.0,37.0,38.0,55.0,27.0,62.0,78.0,62.0
Drew Timme,LAL,27,18,9,0.667,8.7,1.4,2.4,0.5760000000000001,0.4,0.9,0.44,0.2,0.3,0.556,0.4,0.9,1.2,0.9,0.5,0.2,0.0,0.1,0.7000000000000001,0.4,3.4,-0.9,417,111.3,108.1,108.1,115.1,115.0,115.0,-3.9,-6.9,-6.9,0.145,1.77,21.7,0.047,0.093,0.072,12.3,12.3,0.659,0.658,0.155,0.162,96.23,97.7,81.42,97.7,0.084,483,38,66,1.4,2.4,2026,72.0,86.0,75.0,75.0,79.0,70.0,60.0,68.0,70.0,65.0,68.0,67.0,68.0,40.0,80.0,57.0,40.0,46.0,45.0,58.0,47.0,30.0,48.0,68.0,66.0,80.0,75.0,81.0,58.0,52.0,40.0,70.0,47.0,57.0,60.0,40.0
Dru Smith,MIA,70,38,32,0.543,16.3,1.9,4.6,0.415,0.5,1.8,0.295,1.2,1.5,0.8290000000000001,0.9,1.6,2.5,2.6,0.8,1.4,0.3,0.4,1.6,1.3,5.6,-1.2,383,108.7,107.1,107.1,109.6,110.3,110.3,-0.9,-3.2,-3.2,0.214,3.27,29.8,0.047,0.085,0.066,9.1,9.1,0.474,0.532,0.142,0.151,106.77,107.2,89.34,107.2,0.091,2548,135,325,1.9,4.6,2026,75.0,84.0,77.0,71.0,83.0,80.0,75.0,82.0,40.0,45.0,38.0,37.0,40.0,60.0,80.0,40.0,74.0,95.0,56.0,74.0,79.0,65.0,70.0,43.0,62.0,85.0,75.0,80.0,78.0,79.0,70.0,78.0,69.0,51.0,51.0,70.0
Duncan Robinson,DET,77,58,19,0.753,27.4,4.1,9.1,0.456,2.9,7.0,0.41,1.1,1.4,0.755,0.4,2.3,2.7,2.1,0.7000000000000001,0.6000000000000001,0.3,0.2,2.2,1.5,12.2,7.0,22,118.6,120.8,120.8,108.8,109.5,109.5,9.8,11.3,11.3,0.094,2.94,16.7,0.014,0.08,0.047,5.7,5.6,0.613,0.629,0.152,0.156,102.5,101.22,84.35,101.22,0.078,4471,318,698,4.1,9.1,2026,80.0,97.0,79.0,88.0,76.0,85.0,85.0,75.0,30.0,70.0,40.0,44.0,35.0,54.0,90.0,50.0,67.0,37.0,51.0,64.0,65.0,60.0,59.0,35.0,72.0,85.0,75.0,83.0,66.0,72.0,56.0,70.0,40.0,33.0,47.0,67.0
Duop Reath,POR,32,16,16,0.5,8.1,1.0,2.3,0.446,0.7000000000000001,1.7,0.418,0.2,0.2,0.833,0.3,0.9,1.2,0.3,0.2,0.2,0.3,0.1,0.9,0.2,2.9,-1.2,330,102.7,103.0,103.0,110.9,109.4,109.4,-8.2,-6.4,-6.4,0.059,1.43,10.8,0.037,0.095,0.067,7.5,7.5,0.601,0.613,0.13,0.134,103.88,104.4,87.0,104.4,0.067,560,33,74,1.0,2.3,2026,72.0,85.0,68.0,75.0,80.0,70.0,65.0,68.0,50.0,60.0,55.0,55.0,55.0,68.0,74.0,62.0,37.0,41.0,67.0,68.0,50.0,45.0,59.0,73.0,75.0,83.0,90.0,80.0,40.0,52.0,46.0,44.0,35.0,69.0,52.0,52.0
Dwight Powell,DAL,63,19,44,0.302,14.4,1.0,1.6,0.644,0.0,0.1,0.286,1.2,1.8,0.6960000000000001,1.5,2.6,4.1,1.1,0.7000000000000001,0.5,0.3,0.2,2.1,1.7,3.3,-0.1,504,110.3,110.4,110.4,112.6,110.9,110.9,-2.3,-0.5,-0.5,0.095,1.66,26.6,0.101,0.17,0.136,16.0,15.8,0.653,0.6990000000000001,0.084,0.089,103.8,104.58,87.15,104.58,0.073,1971,65,101,1.0,1.6,2026,74.0,96.0,69.0,78.0,69.0,30.0,45.0,70.0,75.0,65.0,77.0,79.0,79.0,83.0,90.0,74.0,45.0,49.0,60.0,68.0,74.0,65.0,71.0,80.0,67.0,90.0,95.0,83.0,55.0,60.0,44.0,64.0,36.0,74.0,69.0,58.0
Dylan Cardwell,SAC,44,13,31,0.295,20.6,2.4,4.1,0.587,0.0,0.1,0.5,0.6000000000000001,1.2,0.51,3.3,4.2,7.5,1.4,0.9,0.7000000000000001,1.5,0.4,3.7,1.2,5.4,-1.5,499,108.0,108.6,108.6,112.3,111.1,111.1,-4.3,-2.5,-2.5,0.095,1.59,20.5,0.148,0.202,0.174,12.9,12.9,0.592,0.591,0.108,0.11,100.05,100.31,83.59,100.31,0.089,1886,105,179,2.4,4.1,2026,77.0,90.0,60.0,37.0,53.0,60.0,55.0,74.0,85.0,80.0,52.0,47.0,52.0,37.0,70.0,79.0,44.0,43.0,89.0,79.0,58.0,70.0,51.0,82.0,80.0,80.0,90.0,80.0,58.0,44.0,33.0,62.0,38.0,94.0,85.0,62.0
Dylan Harper,SAS,69,53,16,0.768,22.6,4.8,9.5,0.505,0.9,2.6,0.343,1.3,1.7,0.756,0.8,2.6,3.4,3.9,1.4,0.8,0.3,0.8,2.0,1.4,11.8,4.4,300,116.3,116.9,116.9,106.8,107.4,107.4,9.5,9.5,9.5,0.246,2.69,24.9,0.033,0.106,0.07,9.3,9.2,0.551,0.5740000000000001,0.211,0.218,102.03,101.49,84.57,101.49,0.113,3290,331,656,4.8,9.5,2026,84.0,93.0,93.0,78.0,74.0,90.0,90.0,92.0,30.0,86.0,34.0,48.0,45.0,79.0,95.0,52.0,70.0,69.0,52.0,70.0,68.0,65.0,88.0,52.0,83.0,90.0,85.0,80.0,75.0,90.0,86.0,78.0,72.0,43.0,55.0,89.0
Dyson Daniels,ATL,76,44,32,0.579,33.2,5.3,10.2,0.517,0.3,1.5,0.188,1.0,1.6,0.615,2.4,4.4,6.8,5.9,1.8,2.0,0.4,0.6000000000000001,2.2,1.7,11.9,4.0,445,115.7,116.8,116.8,109.5,110.6,110.6,6.2,6.2,6.2,0.23,3.33,31.8,0.071,0.129,0.1,9.6,9.5,0.532,0.542,0.157,0.16,104.24,103.18,85.98,103.18,0.106,5403,402,777,5.3,10.2,2026,83.0,90.0,68.0,50.0,62.0,70.0,50.0,84.0,25.0,75.0,44.0,55.0,47.0,51.0,85.0,67.0,94.0,96.0,51.0,87.0,95.0,90.0,79.0,52.0,75.0,89.0,85.0,80.0,77.0,78.0,79.0,77.0,71.0,62.0,62.0,93.0
E.J. Liddell,BKN,26,5,21,0.192,13.4,2.1,4.3,0.486,0.7000000000000001,2.0,0.346,0.8,1.0,0.808,0.5,2.1,2.7,0.9,0.6000000000000001,0.2,0.4,0.3,1.7,1.1,5.7,-1.8,343,108.3,108.1,108.1,114.9,114.6,114.6,-6.6,-6.5,-6.5,0.114,1.6,14.9,0.039,0.174,0.102,9.3,9.3,0.5680000000000001,0.6000000000000001,0.168,0.173,99.35,99.52,82.93,99.52,0.087,724,54,111,2.1,4.3,2026,70.0,89.0,79.0,70.0,76.0,40.0,45.0,75.0,55.0,60.0,66.0,71.0,68.0,37.0,85.0,65.0,54.0,33.0,75.0,62.0,54.0,50.0,73.0,65.0,89.0,80.0,65.0,80.0,59.0,60.0,59.0,58.0,42.0,49.0,72.0,73.0
Elijah Harkless,UTA,26,5,21,0.192,21.0,2.1,6.2,0.335,0.8,3.4,0.239,1.9,2.5,0.766,0.4,1.7,2.0,2.9,1.0,1.2,0.2,0.4,2.0,2.7,6.8,-1.3,310,113.4,113.5,113.5,115.3,116.0,116.0,-1.9,-2.5,-2.5,0.177,2.88,25.8,0.018,0.077,0.047,8.9,9.0,0.401,0.471,0.162,0.165,104.2,103.83,86.53,103.83,0.055,1177,54,161,2.1,6.2,2026,72.0,74.0,74.0,75.0,75.0,65.0,70.0,74.0,25.0,50.0,28.0,38.0,31.0,57.0,75.0,42.0,76.0,80.0,47.0,70.0,72.0,70.0,80.0,57.0,75.0,85.0,85.0,80.0,74.0,76.0,80.0,72.0,62.0,48.0,57.0,85.0
Emanuel Miller,SAS,5,0,5,0.0,6.6,1.2,2.6,0.462,0.4,1.2,0.333,0.2,0.4,0.5,0.2,0.4,0.6000000000000001,0.8,0.0,0.4,0.0,0.0,0.4,0.2,3.0,-3.8,419,90.2,88.9,88.9,122.6,116.9,116.9,-32.4,-28.0,-28.0,0.211,0.0,22.2,0.026,0.083,0.048,0.0,0.0,0.538,0.54,0.169,0.18,100.71,103.84,86.54,103.84,0.093,72,6,13,1.2,2.6,2026,68.0,67.0,70.0,74.0,75.0,50.0,35.0,70.0,45.0,80.0,45.0,55.0,57.0,40.0,80.0,55.0,58.0,50.0,47.0,50.0,47.0,40.0,82.0,60.0,84.0,85.0,80.0,80.0,56.0,60.0,67.0,57.0,44.0,49.0,60.0,79.0
Enrique Freeman,MIN,4,3,1,0.75,9.3,1.0,2.0,0.5,0.5,1.0,0.5,0.8,1.0,0.75,0.5,2.0,2.5,0.5,0.5,0.5,0.8,0.3,1.3,1.0,3.3,7.0,393,132.4,127.8,127.8,99.4,103.6,103.6,33.1,24.2,24.2,0.057,1.0,14.3,0.053,0.174,0.119,14.3,14.5,0.625,0.666,0.113,0.119,112.49,112.23,93.53,112.23,0.091,90,4,8,1.0,2.0,2026,69.0,74.0,66.0,66.0,67.0,35.0,30.0,74.0,60.0,80.0,61.0,61.0,62.0,40.0,80.0,66.0,66.0,35.0,56.0,68.0,63.0,50.0,74.0,60.0,81.0,88.0,95.0,80.0,59.0,62.0,59.0,60.0,32.0,40.0,57.0,74.0
Eric Gordon,PHI,6,3,3,0.5,12.3,2.0,3.5,0.5710000000000001,1.3,2.3,0.5710000000000001,0.2,0.3,0.5,0.2,0.2,0.3,0.5,0.5,0.7000000000000001,0.2,0.2,0.5,0.2,5.5,-5.2,190,102.8,102.6,102.6,119.3,120.1,120.1,-16.5,-17.6,-17.6,0.063,1.0,10.7,0.013,0.014,0.013,10.7,10.8,0.762,0.754,0.137,0.143,102.73,102.51,85.42,102.51,0.083,156,12,21,2.0,3.5,2026,74.0,77.0,80.0,85.0,75.0,60.0,40.0,75.0,30.0,70.0,35.0,63.0,50.0,60.0,94.0,42.0,73.0,46.0,56.0,73.0,68.0,50.0,79.0,60.0,82.0,92.0,85.0,78.0,69.0,79.0,78.0,73.0,43.0,30.0,39.0,79.0
Ethan Thompson,IND,32,8,24,0.25,20.4,2.3,6.1,0.378,1.2,3.6,0.328,1.2,1.5,0.787,0.5,1.6,2.2,1.8,0.8,0.6000000000000001,0.3,0.4,2.2,1.4,7.0,0.0,221,110.6,109.8,109.8,110.7,109.9,109.9,-0.1,-0.1,-0.1,0.122,2.28,19.3,0.025,0.078,0.051,8.4,8.4,0.474,0.515,0.154,0.16,101.11,101.84,84.87,101.84,0.051,1387,74,196,2.3,6.1,2026,73.0,87.0,78.0,78.0,71.0,80.0,60.0,71.0,40.0,60.0,40.0,40.0,41.0,50.0,80.0,48.0,61.0,41.0,53.0,58.0,44.0,45.0,76.0,59.0,69.0,81.0,68.0,80.0,70.0,70.0,73.0,70.0,48.0,38.0,46.0,70.0
Evan Mobley,CLE,65,40,25,0.615,31.9,7.2,13.2,0.546,1.0,3.2,0.297,2.8,4.6,0.606,2.4,6.6,9.0,3.6,1.9,0.7000000000000001,1.7,0.7000000000000001,2.4,3.5,18.2,3.4,284,116.8,117.0,117.0,111.0,111.3,111.3,5.8,5.7,5.7,0.168,1.92,17.4,0.073,0.196,0.135,9.1,9.1,0.582,0.596,0.221,0.227,102.14,101.89,84.91,101.89,0.135,4391,469,859,7.2,13.2,2026,87.0,88.0,77.0,75.0,63.0,70.0,75.0,79.0,85.0,85.0,83.0,83.0,83.0,70.0,85.0,96.0,82.0,40.0,85.0,95.0,85.0,95.0,72.0,74.0,81.0,90.0,90.0,80.0,69.0,60.0,66.0,74.0,64.0,65.0,82.0,79.0
Franz Wagner,ORL,34,20,14,0.588,30.0,7.2,14.9,0.481,1.4,4.1,0.345,4.8,5.8,0.8230000000000001,1.3,3.9,5.2,3.3,1.7,0.9,0.3,1.0,2.1,4.5,20.6,2.4,178,113.7,114.2,114.2,110.0,110.6,110.6,3.7,3.6,3.6,0.175,1.95,14.7,0.041,0.128,0.084,7.6,7.6,0.529,0.588,0.256,0.264,105.4,104.86,87.38,104.86,0.134,2226,244,507,7.2,14.9,2026,87.0,85.0,90.0,80.0,83.0,80.0,90.0,93.0,55.0,80.0,57.0,59.0,59.0,95.0,95.0,56.0,73.0,49.0,50.0,74.0,73.0,70.0,70.0,65.0,75.0,85.0,85.0,80.0,80.0,85.0,68.0,84.0,65.0,48.0,64.0,73.0
GG Jackson,MEM,55,16,39,0.291,21.4,4.6,9.3,0.496,1.2,3.5,0.332,2.0,2.7,0.742,0.9,3.4,4.3,1.5,1.5,0.6000000000000001,0.8,0.6000000000000001,1.4,1.9,12.5,-1.5,226,113.4,114.0,114.0,116.8,117.5,117.5,-3.4,-3.5,-3.5,0.103,0.95,10.9,0.04,0.154,0.097,11.4,11.4,0.558,0.591,0.23,0.236,103.43,102.85,85.7,102.85,0.108,2525,255,514,4.6,9.3,2026,80.0,88.0,89.0,76.0,74.0,70.0,75.0,71.0,65.0,85.0,59.0,59.0,59.0,49.0,95.0,58.0,58.0,40.0,73.0,70.0,69.0,40.0,82.0,62.0,82.0,88.0,60.0,80.0,59.0,62.0,80.0,50.0,41.0,47.0,68.0,79.0
Gabe Vincent,ATL,53,36,17,0.679,16.6,1.4,4.1,0.352,1.1,3.3,0.341,0.4,0.4,0.87,0.3,0.7000000000000001,1.0,1.4,0.5,0.5,0.1,0.2,1.5,0.6000000000000001,4.4,0.7000000000000001,240,117.7,117.3,117.3,115.8,116.0,116.0,2.0,1.3,1.3,0.109,2.81,23.2,0.02,0.041,0.03,8.2,8.2,0.488,0.511,0.119,0.123,101.84,101.94,84.95,101.94,0.033,1873,76,216,1.4,4.1,2026,73.0,63.0,70.0,76.0,95.0,70.0,60.0,80.0,25.0,45.0,26.0,32.0,26.0,37.0,90.0,37.0,60.0,43.0,32.0,60.0,57.0,45.0,73.0,40.0,66.0,85.0,69.0,82.0,78.0,82.0,70.0,79.0,41.0,34.0,36.0,73.0
Garrett Temple,TOR,22,10,12,0.455,3.3,0.2,0.7000000000000001,0.267,0.1,0.5,0.25,0.3,0.4,0.667,0.0,0.4,0.4,0.4,0.3,0.2,0.1,0.0,0.3,0.3,0.8,0.0,483,98.9,92.4,92.4,95.9,94.2,94.2,3.1,-1.8,-1.8,0.205,1.29,25.7,0.016,0.108,0.065,20.0,20.0,0.367,0.448,0.152,0.165,98.33,102.66,85.55,102.66,0.051,157,4,15,0.2,0.7000000000000001,2026,70.0,82.0,55.0,72.0,79.0,70.0,40.0,70.0,25.0,30.0,37.0,55.0,46.0,40.0,85.0,46.0,78.0,59.0,47.0,77.0,74.0,70.0,57.0,44.0,69.0,85.0,79.0,82.0,75.0,75.0,57.0,74.0,47.0,58.0,51.0,76.0
Gary Harris,MIL,48,15,33,0.313,13.8,1.0,2.2,0.442,0.6000000000000001,1.4,0.412,0.2,0.2,0.889,0.3,0.9,1.3,1.1,0.4,0.6000000000000001,0.2,0.1,1.1,0.1,2.7,-2.8,374,106.1,105.9,105.9,116.6,115.5,115.5,-10.6,-9.6,-9.6,0.105,2.68,28.8,0.025,0.072,0.048,10.7,10.7,0.577,0.593,0.082,0.086,98.34,98.9,82.42,98.9,0.048,1361,46,104,1.0,2.2,2026,73.0,85.0,79.0,87.0,79.0,60.0,35.0,78.0,40.0,50.0,28.0,51.0,47.0,60.0,75.0,68.0,80.0,59.0,50.0,80.0,55.0,80.0,75.0,53.0,78.0,85.0,80.0,83.0,75.0,76.0,70.0,75.0,37.0,38.0,46.0,80.0
Gary Payton II,GSW,73,33,40,0.452,15.6,3.3,5.7,0.583,0.5,1.7,0.291,0.4,0.5,0.65,1.4,2.2,3.6,1.7,0.8,0.9,0.3,0.2,1.8,0.5,7.5,-1.5,392,113.6,111.2,111.2,113.1,113.5,113.5,0.5,-2.3,-2.3,0.164,1.98,19.9,0.084,0.143,0.113,10.0,10.0,0.628,0.632,0.177,0.186,101.75,102.7,85.58,102.7,0.114,2420,242,415,3.3,5.7,2026,79.0,97.0,75.0,72.0,59.0,60.0,50.0,85.0,35.0,75.0,30.0,42.0,42.0,37.0,89.0,79.0,83.0,86.0,57.0,76.0,91.0,80.0,81.0,48.0,85.0,85.0,80.0,83.0,60.0,70.0,81.0,67.0,65.0,69.0,68.0,83.0
Gary Trent Jr.,MIL,65,24,41,0.369,21.2,2.8,7.3,0.387,1.9,5.3,0.36,0.6000000000000001,0.8,0.769,0.1,0.9,1.0,1.2,0.6000000000000001,0.5,0.0,0.2,1.3,0.7000000000000001,8.1,-5.4,107,107.1,107.9,107.9,119.3,120.4,120.4,-12.2,-12.4,-12.4,0.082,1.93,12.9,0.006,0.044,0.024,6.7,6.7,0.517,0.533,0.167,0.173,100.35,99.53,82.94,99.53,0.047,2859,183,473,2.8,7.3,2026,75.0,73.0,95.0,82.0,77.0,60.0,65.0,80.0,40.0,75.0,44.0,57.0,46.0,54.0,73.0,50.0,61.0,40.0,30.0,60.0,64.0,35.0,85.0,58.0,90.0,80.0,70.0,82.0,70.0,79.0,77.0,71.0,35.0,28.0,37.0,76.0
Giannis Antetokounmpo,MIL,36,17,19,0.472,28.9,10.4,16.6,0.624,0.4,1.3,0.333,6.4,9.9,0.65,2.7,7.1,9.8,5.4,3.2,0.9,0.7000000000000001,1.0,2.4,8.1,27.6,2.7,415,118.8,119.4,119.4,114.1,114.9,114.9,4.6,4.4,4.4,0.344,1.7,18.4,0.098,0.233,0.168,10.8,10.8,0.636,0.658,0.358,0.367,100.51,99.9,83.25,99.9,0.213,2163,373,598,10.4,16.6,2026,97.0,96.0,59.0,76.0,65.0,90.0,98.0,98.0,85.0,91.0,79.0,74.0,90.0,97.0,95.0,90.0,87.0,70.0,62.0,92.0,88.0,95.0,89.0,94.0,85.0,98.0,95.0,91.0,84.0,87.0,80.0,95.0,85.0,80.0,90.0,86.0
Goga Bitadze,ORL,64,34,30,0.531,15.2,2.4,3.5,0.676,0.0,0.2,0.182,1.1,1.5,0.711,2.1,2.9,5.0,1.3,0.7000000000000001,0.6000000000000001,1.0,0.2,2.1,1.5,5.9,0.3,505,112.5,112.6,112.6,111.1,111.0,111.0,1.5,1.6,1.6,0.124,1.95,21.4,0.131,0.183,0.157,10.9,10.9,0.68,0.7000000000000001,0.128,0.133,102.5,102.52,85.43,102.52,0.122,2069,152,225,2.4,3.5,2026,77.0,98.0,72.0,69.0,71.0,70.0,40.0,50.0,75.0,65.0,76.0,68.0,76.0,40.0,70.0,78.0,25.0,53.0,86.0,80.0,40.0,80.0,53.0,88.0,63.0,80.0,75.0,80.0,54.0,60.0,52.0,69.0,46.0,91.0,76.0,37.0
Gradey Dick,TOR,76,43,33,0.5660000000000001,14.0,2.1,5.1,0.419,0.7000000000000001,2.4,0.301,1.0,1.2,0.875,0.6000000000000001,1.4,1.9,0.7000000000000001,0.6000000000000001,0.6000000000000001,0.1,0.3,1.3,0.9,6.0,1.6,326,111.1,110.8,110.8,106.4,106.7,106.7,4.7,4.1,4.1,0.066,1.21,9.9,0.038,0.095,0.066,8.1,8.1,0.492,0.538,0.176,0.183,103.24,103.25,86.04,103.25,0.07,2308,161,384,2.1,5.1,2026,76.0,66.0,92.0,72.0,87.0,70.0,50.0,74.0,35.0,75.0,36.0,47.0,40.0,60.0,80.0,55.0,73.0,59.0,40.0,69.0,73.0,55.0,76.0,54.0,78.0,89.0,85.0,80.0,67.0,75.0,74.0,65.0,32.0,47.0,53.0,74.0
Grant Williams,CHA,36,25,11,0.6940000000000001,19.8,2.2,5.1,0.426,1.4,3.7,0.388,1.2,1.5,0.8150000000000001,1.3,2.7,3.9,1.6,0.9,0.5,0.5,0.2,1.6,1.4,7.0,5.6,172,116.9,119.2,119.2,107.0,106.3,106.3,9.9,12.9,12.9,0.106,1.81,19.2,0.06,0.127,0.094,10.6,10.6,0.5680000000000001,0.609,0.132,0.137,100.07,99.41,82.84,99.41,0.089,1479,78,183,2.2,5.1,2026,76.0,88.0,77.0,82.0,81.0,70.0,55.0,77.0,50.0,60.0,59.0,58.0,66.0,37.0,80.0,68.0,68.0,36.0,58.0,69.0,60.0,60.0,58.0,73.0,66.0,88.0,80.0,80.0,69.0,66.0,54.0,72.0,43.0,62.0,64.0,70.0
Grayson Allen,PHX,51,26,25,0.51,28.8,5.3,13.1,0.403,3.1,8.9,0.349,2.8,3.3,0.857,0.7000000000000001,2.3,3.0,3.8,1.6,1.4,0.3,0.6000000000000001,2.3,3.0,16.5,0.4,14,113.6,113.9,113.9,113.4,113.8,113.8,0.2,0.1,0.1,0.206,2.35,19.2,0.023,0.081,0.051,8.2,8.1,0.522,0.5680000000000001,0.231,0.24,99.42,99.12,82.6,99.12,0.105,3037,269,667,5.3,13.1,2026,81.0,80.0,97.0,85.0,85.0,85.0,85.0,79.0,25.0,70.0,31.0,43.0,42.0,49.0,78.0,35.0,72.0,66.0,45.0,70.0,74.0,45.0,84.0,44.0,81.0,85.0,80.0,82.0,68.0,78.0,79.0,70.0,70.0,36.0,47.0,78.0
Guerschon Yabusele,CHI,67,32,35,0.478,15.0,1.9,4.7,0.401,1.0,2.9,0.352,0.8,1.1,0.75,0.8,2.7,3.5,0.9,0.6000000000000001,0.4,0.2,0.3,1.2,0.8,5.6,-2.5,259,107.6,107.4,107.4,115.5,115.3,115.3,-7.9,-7.9,-7.9,0.087,1.54,14.1,0.052,0.17,0.11,9.2,9.2,0.511,0.543,0.155,0.16,103.66,103.86,86.55,103.86,0.077,2182,125,312,1.9,4.7,2026,76.0,55.0,79.0,80.0,74.0,75.0,75.0,80.0,50.0,85.0,62.0,62.0,62.0,65.0,85.0,62.0,66.0,41.0,53.0,52.0,41.0,40.0,62.0,74.0,70.0,80.0,90.0,84.0,62.0,66.0,54.0,66.0,35.0,56.0,72.0,60.0
Gui Santos,GSW,68,29,39,0.426,20.5,3.4,6.8,0.5,1.1,3.3,0.351,1.3,1.8,0.725,1.1,2.8,3.9,2.3,1.5,0.9,0.3,0.5,2.1,1.8,9.2,0.5,232,111.7,111.7,111.7,111.8,110.7,110.7,0.0,1.0,1.0,0.168,1.56,20.6,0.052,0.138,0.094,13.2,13.2,0.585,0.609,0.181,0.188,100.39,100.89,84.08,100.89,0.097,2935,230,460,3.4,6.8,2026,80.0,96.0,69.0,79.0,73.0,85.0,80.0,79.0,50.0,65.0,59.0,59.0,59.0,45.0,80.0,66.0,69.0,63.0,55.0,70.0,57.0,50.0,73.0,50.0,74.0,80.0,75.0,86.0,69.0,69.0,69.0,69.0,64.0,54.0,65.0,72.0
Harrison Barnes,SAS,77,57,20,0.74,25.8,3.4,7.5,0.456,1.8,4.6,0.388,1.3,1.6,0.8290000000000001,0.8,2.0,2.8,1.9,0.8,0.6000000000000001,0.2,0.3,1.1,1.3,9.9,4.3,115,117.2,118.4,118.4,110.0,110.6,110.6,7.2,7.8,7.8,0.097,2.43,17.6,0.03,0.071,0.051,7.3,7.3,0.577,0.608,0.144,0.146,102.45,101.69,84.74,101.69,0.075,4209,262,575,3.4,7.5,2026,78.0,85.0,63.0,84.0,83.0,60.0,80.0,86.0,55.0,80.0,48.0,65.0,79.0,40.0,75.0,67.0,72.0,40.0,40.0,65.0,65.0,60.0,77.0,70.0,95.0,92.0,75.0,82.0,62.0,78.0,73.0,67.0,39.0,42.0,45.0,75.0
Harrison Ingram,SAS,7,6,1,0.857,3.7,0.7000000000000001,0.9,0.833,0.1,0.1,1.0,0.0,0.0,0.0,0.4,0.0,0.4,0.1,0.1,0.0,0.0,0.0,0.3,0.1,1.6,-0.9,480,104.9,105.3,105.3,127.1,117.9,117.9,-22.2,-12.6,-12.6,0.048,1.0,12.5,0.125,0.0,0.075,12.5,12.5,0.917,0.917,0.104,0.106,100.28,103.84,86.53,103.84,0.086,57,5,6,0.7000000000000001,0.9,2026,69.0,73.0,73.0,74.0,62.0,50.0,30.0,73.0,45.0,75.0,59.0,58.0,57.0,42.0,80.0,60.0,62.0,49.0,39.0,69.0,60.0,55.0,82.0,73.0,82.0,88.0,75.0,80.0,62.0,70.0,75.0,62.0,41.0,59.0,60.0,75.0
Hayden Gray,UTA,1,0,1,0.0,24.8,2.0,3.0,0.667,0.0,1.0,0.0,2.0,2.0,1.0,0.0,0.0,0.0,1.0,1.0,1.0,1.0,0.0,0.0,1.0,6.0,-18.0,517,103.5,103.8,103.8,128.1,132.7,132.7,-24.6,-29.0,-29.0,0.05,1.0,16.7,0.0,0.0,0.0,16.7,17.0,0.667,0.773,0.079,0.079,106.82,104.73,87.27,104.73,0.05,53,2,3,2.0,3.0,2026,68.0,73.0,72.0,74.0,74.0,50.0,35.0,70.0,55.0,55.0,55.0,57.0,57.0,42.0,85.0,50.0,70.0,79.0,40.0,68.0,65.0,55.0,69.0,62.0,68.0,85.0,85.0,80.0,74.0,74.0,68.0,75.0,69.0,34.0,44.0,78.0
Haywood Highsmith,PHX,7,4,3,0.5710000000000001,13.0,1.7,3.3,0.522,1.1,2.0,0.5710000000000001,0.9,1.0,0.857,0.9,1.0,1.9,1.0,0.0,0.6000000000000001,0.0,0.3,1.3,0.7000000000000001,5.4,1.4,234,117.3,117.8,117.8,112.6,116.1,116.1,4.6,1.7,1.7,0.119,0.0,21.2,0.062,0.084,0.072,0.0,0.0,0.6960000000000001,0.729,0.121,0.127,95.19,93.58,77.98,93.58,0.107,180,12,23,1.7,3.3,2026,73.0,86.0,70.0,81.0,75.0,70.0,50.0,78.0,35.0,45.0,47.0,54.0,46.0,40.0,70.0,70.0,79.0,59.0,61.0,78.0,77.0,70.0,70.0,50.0,79.0,80.0,65.0,86.0,55.0,70.0,64.0,55.0,35.0,45.0,52.0,81.0
Herbert Jones,NOP,56,22,34,0.393,28.4,3.3,8.5,0.383,1.4,4.6,0.309,0.9,1.1,0.806,0.8,2.6,3.4,2.8,1.3,1.6,0.5,0.5,3.2,1.2,8.9,-0.9,176,112.4,113.5,113.5,113.6,114.4,114.4,-1.2,-0.9,-0.9,0.13,2.12,21.1,0.029,0.09,0.059,9.9,10.0,0.467,0.491,0.153,0.155,101.88,101.08,84.24,101.08,0.053,3337,183,478,3.3,8.5,2026,79.0,65.0,75.0,73.0,81.0,40.0,30.0,67.0,55.0,75.0,62.0,62.0,62.0,55.0,85.0,85.0,91.0,83.0,56.0,90.0,88.0,90.0,74.0,59.0,72.0,82.0,85.0,80.0,65.0,75.0,69.0,75.0,49.0,41.0,49.0,91.0
Hunter Dickinson,NOP,5,1,4,0.2,8.5,1.0,2.8,0.357,0.0,0.8,0.0,0.4,0.4,1.0,0.4,0.6000000000000001,1.0,0.4,0.6000000000000001,0.2,0.4,0.0,1.2,0.2,2.4,-7.4,517,96.9,100.0,100.0,136.7,135.7,135.7,-39.8,-35.7,-35.7,0.065,0.67,10.0,0.036,0.063,0.049,15.0,15.1,0.357,0.403,0.162,0.162,110.99,109.61,91.34,109.61,0.01,96,5,14,1.0,2.8,2026,68.0,78.0,70.0,69.0,73.0,50.0,40.0,62.0,70.0,65.0,70.0,62.0,70.0,54.0,66.0,67.0,52.0,30.0,60.0,69.0,44.0,50.0,37.0,74.0,50.0,80.0,75.0,80.0,59.0,40.0,30.0,65.0,49.0,70.0,79.0,39.0
Hunter Sallis,PHI,7,3,4,0.429,3.7,0.4,0.7000000000000001,0.6000000000000001,0.0,0.0,0.0,0.1,0.3,0.5,0.0,0.1,0.1,0.6000000000000001,0.7000000000000001,0.0,0.1,0.0,0.3,0.3,1.0,-1.9,517,89.0,89.5,89.5,115.4,112.3,112.3,-26.3,-22.8,-22.8,0.235,0.8,26.7,0.0,0.034,0.017,33.3,33.6,0.6000000000000001,0.595,0.169,0.175,105.41,106.57,88.81,106.57,0.024,57,3,5,0.4,0.7000000000000001,2026,68.0,74.0,80.0,72.0,78.0,60.0,50.0,74.0,45.0,75.0,40.0,44.0,40.0,47.0,78.0,44.0,63.0,67.0,45.0,57.0,55.0,45.0,74.0,45.0,79.0,80.0,70.0,80.0,57.0,79.0,69.0,52.0,39.0,34.0,54.0,76.0
Hunter Tyson,DEN,21,15,6,0.714,7.7,0.7000000000000001,2.5,0.269,0.3,1.6,0.212,0.5,0.6000000000000001,0.846,0.2,1.5,1.7,0.8,0.2,0.1,0.0,0.3,0.6000000000000001,0.4,2.2,-1.1,429,101.0,100.0,100.0,107.3,107.5,107.5,-6.3,-7.5,-7.5,0.17,3.4,21.5,0.024,0.174,0.102,6.3,6.3,0.337,0.398,0.166,0.176,98.22,98.58,82.15,98.58,0.065,333,14,52,0.7000000000000001,2.5,2026,70.0,72.0,76.0,73.0,70.0,65.0,50.0,70.0,60.0,75.0,49.0,49.0,49.0,50.0,70.0,58.0,62.0,33.0,60.0,58.0,54.0,40.0,68.0,52.0,77.0,88.0,75.0,80.0,65.0,68.0,60.0,65.0,32.0,49.0,65.0,68.0
Immanuel Quickley,TOR,70,41,29,0.586,31.9,5.7,12.9,0.443,2.5,6.8,0.374,2.4,3.0,0.8210000000000001,0.5,3.5,4.0,5.9,1.5,1.3,0.1,0.6000000000000001,2.0,2.7,16.4,1.7,43,114.0,115.0,115.0,111.3,112.1,112.1,2.7,2.9,2.9,0.261,4.07,27.5,0.017,0.108,0.062,6.8,6.7,0.541,0.577,0.206,0.212,100.84,100.06,83.39,100.06,0.118,4644,401,905,5.7,12.9,2026,84.0,91.0,94.0,81.0,82.0,85.0,95.0,87.0,40.0,55.0,50.0,51.0,45.0,60.0,98.0,37.0,80.0,56.0,30.0,78.0,64.0,75.0,82.0,54.0,79.0,89.0,85.0,79.0,80.0,86.0,76.0,80.0,73.0,34.0,56.0,82.0
Isaac Jones,DET,7,5,2,0.714,5.1,0.4,1.0,0.429,0.0,0.3,0.0,0.4,0.6000000000000001,0.75,0.3,0.4,0.7000000000000001,0.1,0.1,0.0,0.1,0.1,0.6000000000000001,0.6000000000000001,1.3,-3.7,517,86.8,88.9,88.9,125.9,126.8,126.8,-39.1,-37.9,-37.9,0.048,1.0,9.1,0.053,0.088,0.069,9.1,9.3,0.429,0.514,0.119,0.121,97.66,96.18,80.15,96.18,0.036,72,3,7,0.4,1.0,2026,71.0,78.0,64.0,49.0,62.0,60.0,40.0,70.0,75.0,75.0,60.0,60.0,60.0,44.0,95.0,60.0,59.0,28.0,81.0,58.0,55.0,45.0,70.0,70.0,74.0,85.0,90.0,80.0,44.0,58.0,60.0,44.0,28.0,67.0,64.0,67.0
Isaac Okoro,CHI,63,26,37,0.413,26.9,3.3,7.3,0.46,1.2,3.5,0.33,1.4,1.8,0.795,1.1,1.7,2.7,1.6,0.7000000000000001,0.7000000000000001,0.5,0.4,2.6,1.7,9.3,-5.3,228,111.2,112.1,112.1,118.3,120.6,120.6,-7.1,-8.5,-8.5,0.079,2.17,15.3,0.04,0.058,0.049,7.0,7.0,0.539,0.5740000000000001,0.137,0.139,104.58,103.21,86.01,103.21,0.05,3634,211,459,3.3,7.3,2026,77.0,65.0,60.0,77.0,79.0,75.0,45.0,80.0,45.0,75.0,47.0,49.0,47.0,54.0,80.0,68.0,84.0,40.0,55.0,80.0,82.0,80.0,77.0,67.0,80.0,89.0,90.0,82.0,65.0,71.0,73.0,67.0,34.0,47.0,40.0,85.0
Isaiah Collier,UTA,59,16,43,0.271,25.7,4.3,8.7,0.495,0.5,1.7,0.27,2.6,3.5,0.722,0.4,2.2,2.5,7.2,2.5,1.1,0.3,0.9,2.3,2.6,11.7,-7.5,407,109.2,109.4,109.4,122.7,122.6,122.6,-13.4,-13.2,-13.2,0.404,2.86,35.8,0.013,0.085,0.048,12.5,12.6,0.521,0.5670000000000001,0.204,0.208,104.32,104.25,86.87,104.25,0.102,3291,255,515,4.3,8.7,2026,82.0,94.0,68.0,73.0,72.0,70.0,75.0,87.0,30.0,75.0,28.0,41.0,37.0,50.0,95.0,30.0,62.0,59.0,52.0,57.0,57.0,55.0,95.0,60.0,75.0,89.0,80.0,80.0,90.0,86.0,95.0,90.0,87.0,32.0,48.0,88.0
Isaiah Crawford,HOU,14,8,6,0.5710000000000001,6.6,0.7000000000000001,1.7,0.417,0.2,0.9,0.231,0.4,0.4,0.833,0.2,0.9,1.1,0.4,0.3,0.1,0.2,0.1,0.3,0.6000000000000001,2.0,-0.6000000000000001,464,95.7,97.3,97.3,103.8,103.2,103.2,-8.2,-5.9,-5.9,0.079,1.25,13.9,0.027,0.133,0.077,11.1,11.2,0.479,0.526,0.138,0.142,98.05,97.46,81.22,97.46,0.087,188,10,24,0.7000000000000001,1.7,2026,68.0,71.0,74.0,78.0,73.0,50.0,50.0,70.0,50.0,65.0,57.0,57.0,57.0,45.0,80.0,55.0,57.0,45.0,44.0,52.0,57.0,40.0,61.0,59.0,74.0,90.0,75.0,80.0,48.0,57.0,57.0,47.0,37.0,54.0,59.0,61.0
Isaiah Hartenstein,OKC,47,39,8,0.8300000000000001,24.2,3.9,6.3,0.622,0.0,0.1,0.0,1.4,2.2,0.61,3.2,6.3,9.4,3.5,1.7,1.0,0.8,0.4,2.5,2.1,9.2,7.8,517,118.0,118.8,118.8,102.7,103.2,103.2,15.3,15.6,15.6,0.189,2.02,28.2,0.13,0.243,0.188,13.9,13.9,0.622,0.631,0.153,0.157,101.3,100.69,83.91,100.69,0.143,2383,184,296,3.9,6.3,2026,84.0,96.0,79.0,55.0,59.0,75.0,75.0,79.0,90.0,80.0,74.0,64.0,70.0,72.0,75.0,83.0,41.0,63.0,71.0,80.0,54.0,80.0,62.0,84.0,70.0,80.0,95.0,77.0,50.0,56.0,42.0,60.0,70.0,95.0,88.0,62.0
Isaiah Jackson,LAC,55,20,35,0.364,16.5,2.7,4.3,0.637,0.0,0.1,0.0,1.2,1.9,0.648,2.1,3.2,5.3,0.9,1.1,0.7000000000000001,0.9,0.3,2.7,1.5,6.7,-0.9,517,112.4,111.8,111.8,114.3,114.7,114.7,-1.9,-2.9,-2.9,0.083,0.9,13.2,0.12,0.19,0.155,14.8,14.8,0.637,0.653,0.152,0.159,101.95,102.07,85.06,102.07,0.104,1934,151,237,2.7,4.3,2026,77.0,97.0,69.0,59.0,65.0,60.0,45.0,70.0,75.0,70.0,59.0,48.0,55.0,59.0,80.0,70.0,54.0,56.0,83.0,66.0,49.0,55.0,73.0,65.0,81.0,82.0,90.0,80.0,40.0,59.0,54.0,44.0,36.0,88.0,80.0,73.0
Isaiah Joe,OKC,71,56,15,0.789,21.2,3.5,7.6,0.455,2.5,6.0,0.423,1.5,1.7,0.894,0.5,2.1,2.5,1.3,0.6000000000000001,0.7000000000000001,0.2,0.2,1.7,1.9,11.1,5.0,41,116.0,116.9,116.9,105.4,105.2,105.2,10.6,11.7,11.7,0.089,2.09,12.9,0.022,0.09,0.057,6.2,6.1,0.622,0.657,0.178,0.185,101.66,101.43,84.53,101.43,0.099,3178,247,543,3.5,7.6,2026,80.0,96.0,97.0,86.0,89.0,80.0,85.0,87.0,40.0,60.0,35.0,38.0,30.0,85.0,85.0,42.0,69.0,46.0,42.0,61.0,52.0,55.0,72.0,47.0,79.0,80.0,75.0,87.0,67.0,74.0,63.0,69.0,36.0,37.0,50.0,77.0
Isaiah Livers,PHX,36,21,15,0.583,9.6,0.6000000000000001,1.8,0.344,0.3,1.1,0.3,0.3,0.3,0.75,0.5,1.2,1.7,0.6000000000000001,0.3,0.4,0.2,0.2,0.8,0.2,1.8,0.3,429,110.9,109.4,109.4,108.1,108.3,108.3,2.8,1.1,1.1,0.078,1.75,20.6,0.05,0.116,0.083,11.8,11.7,0.438,0.469,0.094,0.098,101.03,101.64,84.7,101.64,0.05,737,22,64,0.6000000000000001,1.8,2026,71.0,78.0,86.0,77.0,82.0,70.0,50.0,76.0,25.0,65.0,26.0,32.0,35.0,44.0,80.0,37.0,65.0,42.0,40.0,60.0,60.0,55.0,73.0,55.0,71.0,85.0,66.0,82.0,68.0,70.0,70.0,65.0,32.0,40.0,46.0,74.0
Isaiah Stevens,SAC,3,0,3,0.0,14.3,1.0,2.3,0.429,0.0,0.3,0.0,1.3,1.3,1.0,0.7000000000000001,0.3,1.0,3.3,0.7000000000000001,1.7,0.0,0.7000000000000001,0.7000000000000001,0.7000000000000001,3.3,-3.0,517,117.2,110.2,110.2,125.6,123.3,123.3,-8.4,-13.0,-13.0,0.357,5.0,47.6,0.043,0.032,0.038,9.5,9.6,0.429,0.5710000000000001,0.107,0.112,93.77,97.61,81.34,97.61,0.093,88,3,7,1.0,2.3,2026,68.0,70.0,74.0,74.0,84.0,60.0,40.0,72.0,25.0,35.0,25.0,31.0,30.0,45.0,70.0,44.0,58.0,36.0,25.0,52.0,50.0,40.0,88.0,48.0,72.0,80.0,76.0,79.0,78.0,79.0,88.0,78.0,78.0,30.0,39.0,87.0
Isaiah Stewart,DET,58,42,16,0.724,22.7,3.8,6.9,0.55,0.7000000000000001,2.1,0.333,1.7,2.3,0.756,1.7,3.3,5.0,1.1,1.2,0.3,1.6,0.4,2.9,2.1,10.0,0.7000000000000001,344,112.1,112.8,112.8,110.0,111.0,111.0,2.1,1.8,1.8,0.073,0.99,11.2,0.07,0.135,0.103,11.3,11.3,0.6000000000000001,0.632,0.164,0.17,101.81,101.0,84.17,101.0,0.095,2767,221,402,3.8,6.9,2026,78.0,92.0,77.0,77.0,76.0,65.0,60.0,76.0,75.0,70.0,73.0,64.0,75.0,50.0,70.0,84.0,67.0,32.0,91.0,82.0,42.0,80.0,63.0,89.0,70.0,80.0,85.0,77.0,44.0,34.0,52.0,50.0,33.0,65.0,66.0,71.0
Ivica Zubac,IND,48,17,31,0.354,30.1,6.0,10.0,0.598,0.0,0.0,0.0,2.1,3.0,0.711,3.4,7.2,10.6,2.2,1.8,0.4,0.8,0.7000000000000001,2.3,3.1,14.1,-1.0,517,113.0,115.6,115.6,115.9,117.9,117.9,-2.9,-2.4,-2.4,0.11,1.22,14.3,0.117,0.234,0.178,11.7,11.7,0.598,0.622,0.186,0.189,99.48,97.51,81.26,97.51,0.13,2949,288,482,6.0,10.0,2026,85.0,97.0,76.0,26.0,71.0,65.0,75.0,83.0,85.0,80.0,97.0,78.0,91.0,55.0,80.0,92.0,63.0,33.0,67.0,90.0,67.0,95.0,43.0,90.0,75.0,80.0,85.0,80.0,70.0,35.0,30.0,47.0,44.0,85.0,88.0,63.0
JD Davison,HOU,28,23,5,0.8210000000000001,7.8,0.9,2.3,0.375,0.3,1.1,0.25,0.5,0.7000000000000001,0.684,0.1,1.1,1.2,1.3,0.3,0.2,0.2,0.1,0.6000000000000001,0.5,2.5,0.6000000000000001,446,109.4,108.7,108.7,105.6,106.1,106.1,3.8,2.6,2.6,0.219,5.0,30.4,0.014,0.131,0.074,6.1,6.1,0.438,0.477,0.153,0.159,97.69,97.79,81.5,97.79,0.09,447,24,64,0.9,2.3,2026,69.0,70.0,73.0,71.0,73.0,50.0,50.0,72.0,25.0,85.0,30.0,31.0,38.0,40.0,80.0,25.0,56.0,69.0,61.0,55.0,54.0,45.0,85.0,54.0,84.0,88.0,45.0,80.0,72.0,86.0,84.0,75.0,72.0,36.0,55.0,85.0
Ja Morant,MEM,20,7,13,0.35,28.4,6.6,16.1,0.41,1.0,4.3,0.235,5.3,5.9,0.897,0.4,2.9,3.3,8.1,3.6,1.0,0.3,0.9,2.0,4.2,19.5,-2.5,268,108.1,109.5,109.5,113.2,113.9,113.9,-5.1,-4.4,-4.4,0.447,2.27,26.6,0.013,0.096,0.053,11.7,11.7,0.441,0.521,0.305,0.315,107.62,106.6,88.83,106.6,0.128,1265,132,322,6.6,16.1,2026,87.0,81.0,73.0,72.0,90.0,70.0,85.0,89.0,25.0,96.0,54.0,54.0,54.0,90.0,98.0,49.0,72.0,49.0,40.0,79.0,78.0,75.0,95.0,52.0,97.0,97.0,75.0,80.0,87.0,93.0,95.0,85.0,89.0,32.0,51.0,95.0
Jabari Smith Jr.,HOU,77,48,29,0.623,35.1,5.7,12.7,0.449,2.3,6.3,0.363,2.1,2.7,0.775,1.4,5.5,6.9,1.9,1.4,0.7000000000000001,0.9,0.7000000000000001,2.5,2.1,15.8,3.4,64,115.1,117.0,117.0,110.9,112.0,112.0,4.2,5.0,5.0,0.073,1.36,10.9,0.039,0.152,0.096,8.0,8.0,0.54,0.5690000000000001,0.179,0.183,98.98,97.66,81.39,97.66,0.093,5501,438,975,5.7,12.7,2026,82.0,93.0,79.0,81.0,78.0,80.0,85.0,75.0,75.0,85.0,79.0,79.0,79.0,54.0,85.0,70.0,69.0,38.0,63.0,67.0,67.0,55.0,76.0,60.0,75.0,89.0,85.0,80.0,65.0,75.0,69.0,66.0,34.0,48.0,67.0,76.0
Jabari Walker,PHI,64,36,28,0.5630000000000001,11.9,1.5,3.3,0.455,0.5,1.5,0.337,0.8,1.1,0.735,1.1,1.9,3.0,0.5,0.4,0.4,0.2,0.3,1.6,0.9,4.3,0.1,393,111.9,112.8,112.8,112.5,112.8,112.8,-0.6000000000000001,0.0,0.0,0.061,1.26,11.1,0.087,0.156,0.12,8.9,8.9,0.531,0.5680000000000001,0.142,0.146,103.05,102.53,85.44,102.53,0.073,1629,97,213,1.5,3.3,2026,72.0,60.0,70.0,76.0,75.0,60.0,40.0,72.0,45.0,75.0,65.0,65.0,65.0,40.0,80.0,68.0,60.0,43.0,56.0,67.0,65.0,60.0,75.0,46.0,79.0,80.0,70.0,80.0,52.0,60.0,71.0,54.0,31.0,69.0,69.0,75.0
Jacob Toppin,ATL,5,3,2,0.6000000000000001,3.4,0.8,1.2,0.667,0.0,0.0,0.0,0.0,0.0,0.0,0.0,0.2,0.2,0.2,0.0,0.0,0.2,0.0,0.2,0.2,1.6,2.6,517,115.3,102.7,102.7,72.9,71.4,71.4,42.4,31.3,31.3,0.091,0.0,14.3,0.0,0.067,0.033,0.0,0.0,0.667,0.667,0.14,0.158,95.68,102.45,85.38,102.45,0.181,37,4,6,0.8,1.2,2026,67.0,70.0,69.0,69.0,67.0,40.0,30.0,68.0,65.0,85.0,44.0,48.0,58.0,40.0,69.0,67.0,65.0,38.0,51.0,68.0,60.0,60.0,68.0,62.0,82.0,85.0,75.0,80.0,50.0,68.0,64.0,50.0,44.0,47.0,62.0,68.0
Jaden Hardy,WAS,57,13,44,0.228,15.8,3.2,7.5,0.424,1.8,4.6,0.397,1.0,1.3,0.733,0.3,1.2,1.5,1.0,1.1,0.3,0.1,0.3,1.6,1.0,9.2,-1.5,113,111.9,112.0,112.0,117.2,116.4,116.4,-5.3,-4.4,-4.4,0.095,0.94,9.9,0.017,0.078,0.047,10.6,10.7,0.545,0.5660000000000001,0.239,0.246,103.12,103.45,86.2,103.45,0.066,1936,182,429,3.2,7.5,2026,76.0,83.0,94.0,84.0,75.0,60.0,70.0,80.0,40.0,80.0,47.0,49.0,49.0,46.0,85.0,34.0,55.0,36.0,40.0,50.0,51.0,50.0,83.0,39.0,85.0,84.0,85.0,80.0,75.0,83.0,76.0,75.0,37.0,34.0,46.0,83.0
Jaden Ivey,CHI,37,23,14,0.622,18.1,3.1,6.9,0.445,1.4,3.6,0.373,1.0,1.3,0.809,0.6000000000000001,1.8,2.5,1.8,1.1,0.6000000000000001,0.4,0.5,1.4,1.1,8.5,0.7000000000000001,188,108.7,110.3,110.3,107.5,108.2,108.2,1.3,2.1,2.1,0.145,1.66,17.6,0.034,0.096,0.065,10.6,10.6,0.543,0.5710000000000001,0.192,0.197,103.09,101.98,84.98,101.98,0.091,1422,114,256,3.1,6.9,2026,79.0,83.0,65.0,84.0,73.0,60.0,65.0,85.0,30.0,85.0,44.0,42.0,44.0,62.0,90.0,59.0,71.0,43.0,51.0,70.0,69.0,65.0,88.0,54.0,85.0,92.0,85.0,80.0,79.0,86.0,87.0,78.0,70.0,50.0,51.0,91.0
Jaden McDaniels,MIN,73,44,29,0.603,31.7,5.7,11.1,0.515,1.4,3.4,0.412,2.0,2.4,0.835,1.0,3.2,4.2,2.7,1.8,1.1,1.0,0.6000000000000001,3.3,2.1,14.8,1.6,179,115.0,115.5,115.5,110.7,112.4,112.4,4.3,3.1,3.1,0.121,1.52,16.4,0.033,0.094,0.065,10.8,10.8,0.579,0.611,0.182,0.187,102.98,102.0,85.0,102.0,0.088,4908,417,809,5.7,11.1,2026,85.0,94.0,89.0,85.0,84.0,70.0,75.0,84.0,40.0,75.0,52.0,56.0,54.0,67.0,85.0,83.0,90.0,49.0,67.0,88.0,88.0,90.0,79.0,60.0,80.0,85.0,85.0,90.0,44.0,78.0,70.0,40.0,46.0,42.0,51.0,91.0
Jahmai Mashack,MEM,31,10,21,0.323,21.7,2.5,6.3,0.395,0.6000000000000001,2.4,0.253,0.6000000000000001,1.1,0.543,0.7000000000000001,1.9,2.6,2.2,1.6,1.2,0.5,0.3,2.2,1.1,6.2,-6.8,359,105.7,106.2,106.2,118.7,120.7,120.7,-13.0,-14.5,-14.5,0.141,1.41,21.0,0.031,0.086,0.057,14.9,14.9,0.444,0.456,0.156,0.16,105.14,104.0,86.67,104.0,0.041,1459,77,195,2.5,6.3,2026,73.0,78.0,70.0,67.0,57.0,75.0,50.0,70.0,45.0,70.0,40.0,40.0,57.0,39.0,69.0,60.0,75.0,93.0,60.0,75.0,75.0,70.0,82.0,60.0,80.0,85.0,60.0,80.0,69.0,67.0,68.0,68.0,37.0,46.0,44.0,88.0
Jahmir Young,MIA,14,10,4,0.714,4.2,0.7000000000000001,1.8,0.4,0.2,0.6000000000000001,0.333,0.1,0.1,1.0,0.1,0.1,0.3,0.6000000000000001,0.2,0.1,0.0,0.3,0.5,0.2,1.8,0.1,464,113.4,113.5,113.5,114.2,107.9,107.9,-0.8,5.6,5.6,0.18,3.0,24.3,0.028,0.031,0.029,8.1,7.9,0.46,0.483,0.178,0.19,109.11,112.17,93.48,112.17,0.048,133,10,25,0.7000000000000001,1.8,2026,67.0,74.0,81.0,72.0,83.0,50.0,50.0,76.0,25.0,25.0,25.0,40.0,25.0,50.0,75.0,27.0,64.0,60.0,50.0,58.0,57.0,40.0,80.0,51.0,75.0,84.0,71.0,80.0,75.0,80.0,80.0,75.0,74.0,38.0,56.0,78.0
Jahmyl Telfort,LAC,8,2,6,0.25,4.0,0.0,0.5,0.0,0.0,0.5,0.0,0.1,0.5,0.25,0.0,0.4,0.4,0.1,0.1,0.1,0.0,0.0,0.6000000000000001,0.3,0.1,-0.9,517,102.3,94.0,94.0,104.4,102.9,102.9,-2.1,-8.9,-8.9,0.05,1.0,12.5,0.0,0.088,0.047,12.5,12.9,0.0,0.087,0.093,0.097,96.35,101.14,84.29,101.14,-0.064,67,0,4,0.0,0.5,2026,68.0,73.0,72.0,73.0,77.0,50.0,40.0,73.0,55.0,70.0,59.0,59.0,59.0,46.0,70.0,54.0,60.0,50.0,37.0,60.0,57.0,45.0,63.0,62.0,72.0,75.0,60.0,80.0,58.0,66.0,58.0,57.0,52.0,47.0,57.0,69.0
Jaime Jaquez Jr.,MIA,75,41,34,0.547,28.3,6.2,12.2,0.507,0.8,2.4,0.317,2.2,2.9,0.769,1.3,3.7,5.0,4.7,2.0,0.7000000000000001,0.3,1.0,1.8,2.2,15.4,1.9,321,114.3,114.7,114.7,111.0,111.9,111.9,3.3,2.9,2.9,0.24,2.32,23.3,0.042,0.117,0.08,10.1,10.0,0.539,0.5700000000000001,0.216,0.223,106.11,105.49,87.91,105.49,0.113,4666,464,915,6.2,12.2,2026,80.0,92.0,69.0,73.0,77.0,85.0,80.0,85.0,55.0,88.0,60.0,64.0,63.0,45.0,80.0,68.0,72.0,40.0,47.0,75.0,72.0,75.0,67.0,68.0,82.0,88.0,90.0,80.0,70.0,73.0,64.0,74.0,71.0,48.0,61.0,75.0
Jake LaRavia,LAL,82,53,29,0.646,25.1,2.9,6.4,0.459,1.0,3.0,0.321,1.4,1.9,0.763,1.4,2.6,4.0,1.8,1.1,1.3,0.5,0.3,2.4,1.5,8.2,-0.1,285,116.0,116.1,116.1,115.3,116.1,116.1,0.7000000000000001,0.0,0.0,0.093,1.67,17.6,0.059,0.103,0.081,10.6,10.6,0.533,0.5710000000000001,0.138,0.142,100.93,100.51,83.76,100.51,0.067,4314,240,523,2.9,6.4,2026,76.0,94.0,55.0,75.0,77.0,70.0,50.0,79.0,60.0,75.0,60.0,60.0,60.0,69.0,70.0,78.0,78.0,73.0,56.0,77.0,78.0,75.0,59.0,62.0,72.0,88.0,85.0,80.0,69.0,68.0,57.0,68.0,38.0,60.0,52.0,78.0
Jakob Poeltl,TOR,46,26,20,0.5650000000000001,25.0,4.7,6.7,0.7000000000000001,0.0,0.0,0.0,1.3,2.1,0.602,2.5,4.5,7.0,2.0,1.2,0.9,0.7000000000000001,0.3,3.2,2.0,10.7,1.0,517,114.1,114.7,114.7,111.9,112.6,112.6,2.2,2.0,2.0,0.111,1.63,18.5,0.102,0.188,0.145,11.3,11.3,0.7000000000000001,0.6980000000000001,0.15,0.154,100.95,100.36,83.63,100.36,0.115,2402,217,310,4.7,6.7,2026,80.0,97.0,79.0,45.0,63.0,75.0,60.0,73.0,75.0,60.0,84.0,79.0,84.0,60.0,85.0,81.0,45.0,46.0,67.0,79.0,67.0,80.0,51.0,80.0,57.0,80.0,80.0,80.0,69.0,38.0,31.0,62.0,44.0,77.0,80.0,37.0
Jalen Brunson,NYK,74,50,24,0.676,35.0,9.3,19.9,0.467,2.6,7.1,0.369,4.8,5.7,0.841,0.4,2.9,3.3,6.8,2.4,0.8,0.1,0.7000000000000001,2.3,5.1,26.0,4.8,39,118.6,120.2,120.2,112.8,114.1,114.1,5.7,6.1,6.1,0.307,2.87,21.7,0.012,0.083,0.047,7.5,7.5,0.533,0.58,0.296,0.304,99.46,98.25,81.87,98.25,0.135,5313,689,1475,9.3,19.9,2026,94.0,95.0,97.0,88.0,84.0,95.0,98.0,98.0,40.0,35.0,50.0,56.0,50.0,98.0,98.0,55.0,73.0,38.0,32.0,72.0,70.0,75.0,84.0,60.0,75.0,98.0,95.0,81.0,96.0,95.0,84.0,98.0,75.0,32.0,48.0,84.0
Jalen Duren,DET,70,50,20,0.714,28.2,7.5,11.5,0.65,0.0,0.0,0.0,4.6,6.1,0.747,3.8,6.7,10.5,2.0,1.9,0.8,0.8,1.2,2.8,4.3,19.5,6.9,517,117.5,120.0,120.0,107.0,108.2,108.2,10.6,11.8,11.8,0.104,1.06,11.0,0.132,0.23,0.182,10.3,10.3,0.65,0.6880000000000001,0.231,0.234,102.45,100.81,84.0,100.81,0.177,4145,522,803,7.5,11.5,2026,85.0,96.0,70.0,35.0,70.0,70.0,60.0,82.0,80.0,90.0,85.0,62.0,80.0,47.0,70.0,88.0,62.0,42.0,70.0,89.0,88.0,85.0,73.0,95.0,84.0,89.0,80.0,80.0,59.0,59.0,59.0,50.0,41.0,90.0,94.0,68.0
Jalen Green,PHX,32,17,15,0.531,25.9,6.8,16.0,0.422,2.2,7.1,0.313,2.0,2.7,0.747,0.5,3.1,3.6,2.8,2.3,1.1,0.3,1.1,1.3,2.6,17.8,1.0,68,112.2,114.2,114.2,112.4,113.5,113.5,-0.2,0.7000000000000001,0.7000000000000001,0.181,1.26,12.7,0.017,0.122,0.067,10.1,10.1,0.491,0.516,0.309,0.315,100.93,99.56,82.96,99.56,0.106,1727,216,512,6.8,16.0,2026,82.0,76.0,94.0,79.0,76.0,70.0,75.0,85.0,40.0,91.0,56.0,56.0,56.0,70.0,95.0,45.0,64.0,66.0,37.0,60.0,54.0,55.0,88.0,55.0,92.0,88.0,85.0,80.0,77.0,86.0,84.0,79.0,68.0,36.0,61.0,88.0
Jalen Johnson,ATL,72,42,30,0.583,35.2,8.3,17.1,0.489,1.7,4.7,0.352,4.2,5.3,0.788,1.4,8.9,10.3,7.9,3.4,1.2,0.4,1.2,2.1,3.7,22.5,2.6,134,114.1,115.5,115.5,110.8,112.3,112.3,3.4,3.2,3.2,0.325,2.32,25.7,0.038,0.241,0.14,11.1,11.1,0.537,0.581,0.264,0.27,104.93,103.58,86.32,103.58,0.161,5468,600,1228,8.3,17.1,2026,89.0,83.0,88.0,77.0,78.0,95.0,95.0,88.0,75.0,96.0,82.0,84.0,84.0,90.0,80.0,66.0,66.0,49.0,51.0,60.0,57.0,50.0,76.0,68.0,82.0,85.0,80.0,80.0,83.0,79.0,74.0,86.0,77.0,46.0,89.0,76.0
Jalen Pickett,DEN,50,34,16,0.68,16.1,2.0,4.6,0.422,1.0,2.5,0.386,0.3,0.4,0.789,0.4,1.9,2.3,2.3,0.7000000000000001,0.3,0.1,0.2,0.8,0.4,5.2,0.1,275,111.9,112.1,112.1,112.4,112.4,112.4,-0.5,-0.4,-0.4,0.208,3.38,29.6,0.022,0.107,0.067,8.8,8.7,0.528,0.541,0.148,0.153,98.07,97.97,81.64,97.97,0.084,1650,98,232,2.0,4.6,2026,73.0,91.0,70.0,85.0,76.0,80.0,65.0,75.0,25.0,60.0,55.0,58.0,58.0,50.0,81.0,47.0,62.0,37.0,37.0,62.0,65.0,45.0,72.0,59.0,67.0,88.0,70.0,79.0,72.0,75.0,72.0,74.0,70.0,40.0,60.0,72.0
Jalen Slawson,IND,13,3,10,0.231,23.9,2.6,5.9,0.442,1.2,3.1,0.375,0.9,1.3,0.706,0.5,3.8,4.4,2.8,1.3,1.5,1.1,0.5,2.1,1.5,7.3,-2.0,230,107.2,106.8,106.8,110.7,111.1,111.1,-3.5,-4.3,-4.3,0.167,2.12,26.3,0.022,0.148,0.086,12.4,12.4,0.539,0.562,0.136,0.14,101.42,101.39,84.5,101.39,0.09,657,34,77,2.6,5.9,2026,73.0,73.0,73.0,76.0,77.0,70.0,60.0,70.0,65.0,80.0,45.0,48.0,49.0,49.0,70.0,65.0,59.0,80.0,79.0,65.0,67.0,60.0,68.0,62.0,72.0,85.0,64.0,83.0,58.0,66.0,65.0,49.0,64.0,37.0,76.0,67.0
Jalen Smith,CHI,53,26,27,0.491,20.7,3.7,7.6,0.483,1.5,4.2,0.373,1.3,1.8,0.742,1.8,4.8,6.7,1.2,1.0,0.5,0.8,0.4,2.1,1.8,10.2,1.6,147,116.9,116.4,116.4,112.8,113.0,113.0,4.2,3.4,3.4,0.081,1.23,11.6,0.085,0.218,0.152,9.4,9.4,0.584,0.608,0.183,0.19,103.67,103.79,86.49,103.79,0.109,2371,195,404,3.7,7.6,2026,79.0,71.0,67.0,81.0,74.0,85.0,80.0,69.0,85.0,80.0,72.0,71.0,71.0,57.0,80.0,70.0,48.0,37.0,76.0,73.0,44.0,45.0,69.0,65.0,86.0,82.0,70.0,80.0,29.0,38.0,49.0,40.0,37.0,69.0,85.0,68.0
Jalen Suggs,ORL,57,34,23,0.596,27.6,4.9,11.4,0.435,2.1,6.3,0.339,1.8,2.1,0.855,0.6000000000000001,3.2,3.9,5.5,2.7,1.8,0.7000000000000001,0.4,2.5,2.3,13.8,3.2,71,112.2,113.6,113.6,107.2,108.4,108.4,5.0,5.2,5.2,0.284,2.05,26.8,0.022,0.112,0.068,13.1,13.1,0.529,0.561,0.22,0.226,105.8,104.54,87.11,104.54,0.11,3428,282,649,4.9,11.4,2026,81.0,87.0,90.0,76.0,85.0,60.0,50.0,77.0,40.0,80.0,39.0,38.0,74.0,50.0,84.0,55.0,91.0,97.0,63.0,84.0,82.0,85.0,88.0,59.0,90.0,88.0,85.0,80.0,75.0,80.0,88.0,77.0,74.0,37.0,60.0,92.0
Jalen Williams,OKC,33,25,8,0.758,28.4,6.5,13.5,0.484,0.7000000000000001,2.3,0.299,3.3,3.9,0.837,0.8,3.8,4.6,5.5,1.9,1.2,0.3,0.7000000000000001,2.0,3.1,17.1,6.9,339,118.3,118.1,118.1,105.8,106.4,106.4,12.6,11.7,11.7,0.274,2.87,24.3,0.029,0.124,0.079,8.5,8.4,0.51,0.56,0.252,0.259,102.8,102.62,85.52,102.62,0.135,1999,216,446,6.5,13.5,2026,87.0,87.0,79.0,77.0,83.0,70.0,70.0,88.0,25.0,80.0,67.0,67.0,66.0,54.0,87.0,85.0,92.0,66.0,50.0,92.0,90.0,95.0,87.0,68.0,83.0,90.0,90.0,80.0,78.0,86.0,83.0,78.0,74.0,41.0,61.0,92.0
Jalen Wilson,BKN,54,10,44,0.185,15.9,2.0,5.1,0.396,1.0,2.8,0.355,1.3,1.8,0.719,0.3,1.8,2.1,0.9,0.7000000000000001,0.4,0.0,0.3,1.6,1.4,6.4,-3.6,268,105.4,104.5,104.5,115.9,115.4,115.4,-10.5,-10.9,-10.9,0.098,1.32,12.2,0.019,0.122,0.067,9.3,9.3,0.493,0.536,0.177,0.184,97.97,98.57,82.14,98.57,0.061,1764,110,278,2.0,5.1,2026,74.0,80.0,79.0,79.0,73.0,80.0,65.0,78.0,30.0,75.0,55.0,54.0,55.0,59.0,90.0,35.0,57.0,40.0,32.0,50.0,52.0,40.0,82.0,30.0,75.0,80.0,84.0,80.0,64.0,68.0,73.0,63.0,33.0,34.0,58.0,79.0
Jamal Cain,ORL,40,22,18,0.55,12.1,1.9,3.8,0.487,0.7000000000000001,1.8,0.384,1.0,1.2,0.848,0.7000000000000001,1.3,2.0,0.7000000000000001,0.5,0.3,0.1,0.2,1.3,0.9,5.4,1.1,337,117.0,118.0,118.0,114.7,113.5,113.5,2.3,4.5,4.5,0.085,1.53,13.1,0.055,0.109,0.08,8.6,8.6,0.579,0.624,0.159,0.164,100.89,100.94,84.12,100.94,0.081,1021,74,152,1.9,3.8,2026,74.0,87.0,59.0,83.0,90.0,75.0,65.0,80.0,65.0,75.0,59.0,55.0,57.0,40.0,75.0,60.0,68.0,42.0,37.0,55.0,50.0,50.0,66.0,60.0,75.0,80.0,70.0,83.0,44.0,53.0,60.0,49.0,36.0,53.0,53.0,68.0
Jamal Murray,DEN,75,48,27,0.64,35.4,8.8,18.1,0.483,3.3,7.5,0.435,4.6,5.2,0.887,0.4,4.0,4.4,7.1,2.3,0.9,0.4,0.8,1.7,4.0,25.4,5.8,7,123.0,124.4,124.4,117.4,117.7,117.7,5.6,6.8,6.8,0.298,3.13,24.2,0.013,0.109,0.063,7.7,7.6,0.5730000000000001,0.622,0.269,0.278,100.56,99.84,83.2,99.84,0.142,5541,657,1360,8.8,18.1,2026,89.0,89.0,90.0,88.0,89.0,90.0,90.0,90.0,30.0,82.0,38.0,46.0,74.0,75.0,84.0,35.0,77.0,40.0,50.0,74.0,70.0,70.0,80.0,54.0,80.0,95.0,85.0,78.0,84.0,89.0,79.0,85.0,76.0,32.0,55.0,80.0
Jamal Shead,TOR,82,46,36,0.561,22.6,2.3,6.1,0.367,1.0,3.2,0.321,1.1,1.4,0.784,0.3,1.4,1.7,5.4,1.4,0.9,0.2,0.4,2.0,2.0,6.6,2.8,263,113.8,114.1,114.1,108.1,108.3,108.3,5.6,5.8,5.8,0.306,3.96,39.9,0.014,0.064,0.038,10.1,10.1,0.45,0.491,0.149,0.154,100.66,100.44,83.7,100.44,0.078,3878,185,504,2.3,6.1,2026,78.0,72.0,51.0,74.0,78.0,85.0,70.0,74.0,25.0,50.0,30.0,31.0,30.0,40.0,80.0,34.0,77.0,63.0,45.0,67.0,60.0,50.0,97.0,49.0,74.0,88.0,95.0,80.0,84.0,86.0,95.0,86.0,75.0,33.0,43.0,94.0
Jamaree Bouyea,PHX,46,23,23,0.5,14.0,2.3,5.1,0.458,0.5,1.7,0.295,0.5,0.8,0.686,0.4,1.4,1.8,1.8,0.7000000000000001,0.6000000000000001,0.3,0.4,0.8,0.9,5.7,0.5,393,105.1,106.0,106.0,104.9,104.6,104.6,0.2,1.4,1.4,0.191,2.73,22.6,0.026,0.1,0.062,8.3,8.3,0.506,0.523,0.184,0.19,96.98,96.74,80.61,96.74,0.103,1301,108,236,2.3,5.1,2026,74.0,85.0,67.0,72.0,71.0,80.0,75.0,76.0,25.0,45.0,27.0,35.0,31.0,60.0,75.0,42.0,68.0,73.0,66.0,65.0,67.0,50.0,83.0,41.0,70.0,85.0,85.0,82.0,75.0,76.0,83.0,70.0,65.0,40.0,52.0,83.0
James Harden,CLE,70,40,30,0.5710000000000001,34.8,7.0,16.0,0.434,3.1,8.2,0.375,6.6,7.5,0.884,0.6000000000000001,4.2,4.8,8.0,3.5,1.1,0.4,1.1,2.0,4.6,23.6,1.4,15,116.8,118.8,118.8,115.7,117.0,117.0,1.1,1.8,1.8,0.347,2.27,26.1,0.017,0.119,0.07,11.5,11.4,0.529,0.61,0.279,0.287,99.63,98.24,81.87,98.24,0.143,4995,487,1123,7.0,16.0,2026,90.0,88.0,80.0,88.0,88.0,80.0,95.0,94.0,35.0,75.0,60.0,74.0,69.0,94.0,90.0,62.0,70.0,46.0,51.0,63.0,82.0,65.0,85.0,71.0,87.0,98.0,60.0,95.0,78.0,95.0,85.0,94.0,83.0,34.0,60.0,85.0
Jamir Watkins,WAS,50,10,40,0.2,20.6,2.6,5.9,0.446,0.9,3.2,0.297,1.1,1.6,0.6950000000000001,1.0,2.9,3.9,1.3,0.8,1.1,0.5,0.3,2.6,1.5,7.4,-3.3,288,109.0,109.4,109.4,116.1,115.8,115.8,-7.1,-6.4,-6.4,0.089,1.68,15.3,0.046,0.14,0.092,9.1,9.1,0.525,0.554,0.148,0.153,103.3,103.26,86.05,103.26,0.069,2211,132,296,2.6,5.9,2026,76.0,80.0,78.0,71.0,68.0,75.0,75.0,74.0,60.0,85.0,42.0,44.0,43.0,60.0,80.0,67.0,69.0,83.0,62.0,65.0,59.0,45.0,82.0,59.0,87.0,90.0,75.0,80.0,68.0,79.0,74.0,65.0,37.0,52.0,63.0,85.0
Jamison Battle,TOR,61,35,26,0.5740000000000001,8.5,1.2,2.4,0.51,0.6000000000000001,1.4,0.412,0.1,0.2,0.643,0.3,1.1,1.5,0.4,0.3,0.1,0.0,0.1,0.7000000000000001,0.2,3.1,1.5,376,114.5,112.6,112.6,107.0,105.9,105.9,7.4,6.7,6.7,0.062,1.26,12.4,0.04,0.124,0.084,9.8,9.8,0.631,0.635,0.135,0.141,100.67,102.08,85.07,102.08,0.079,1106,74,145,1.2,2.4,2026,76.0,94.0,85.0,88.0,83.0,60.0,75.0,70.0,40.0,65.0,50.0,52.0,50.0,49.0,80.0,58.0,58.0,35.0,42.0,52.0,54.0,40.0,64.0,55.0,65.0,80.0,70.0,80.0,52.0,62.0,57.0,51.0,32.0,46.0,65.0,58.0
Jarace Walker,IND,76,16,60,0.211,25.7,4.0,9.6,0.419,1.8,4.7,0.374,1.8,2.4,0.749,0.6000000000000001,4.5,5.1,2.5,1.8,0.8,0.3,0.4,1.6,1.7,11.6,-6.0,121,106.6,106.5,106.5,116.9,117.6,117.6,-10.3,-11.1,-11.1,0.143,1.38,16.8,0.023,0.17,0.095,12.1,12.1,0.51,0.543,0.2,0.205,104.72,104.46,87.05,104.46,0.09,4257,307,733,4.0,9.6,2026,81.0,82.0,74.0,82.0,75.0,85.0,80.0,78.0,70.0,85.0,57.0,58.0,58.0,40.0,80.0,67.0,62.0,43.0,51.0,60.0,62.0,60.0,81.0,80.0,90.0,90.0,80.0,80.0,69.0,62.0,70.0,68.0,53.0,37.0,75.0,81.0
Jared McCain,OKC,67,46,21,0.687,17.3,3.0,7.2,0.425,1.5,3.8,0.385,0.8,0.9,0.864,0.3,1.7,2.0,1.3,0.8,0.5,0.1,0.4,1.2,0.8,8.3,1.9,162,113.3,113.5,113.5,108.5,108.9,108.9,4.8,4.6,4.6,0.111,1.61,13.8,0.019,0.092,0.056,8.6,8.6,0.528,0.551,0.198,0.205,102.9,102.61,85.51,102.61,0.079,2484,204,480,3.0,7.2,2026,79.0,83.0,77.0,85.0,87.0,90.0,80.0,82.0,30.0,70.0,37.0,38.0,38.0,60.0,85.0,45.0,63.0,43.0,35.0,60.0,60.0,55.0,76.0,52.0,68.0,85.0,80.0,80.0,73.0,86.0,75.0,73.0,42.0,36.0,52.0,76.0
Jaren Jackson Jr.,UTA,48,19,29,0.396,30.3,7.1,15.0,0.476,1.8,4.9,0.357,3.4,4.2,0.803,0.9,4.8,5.7,2.0,2.2,1.1,1.4,1.1,3.7,4.0,19.4,-1.3,121,107.6,108.7,108.7,109.7,110.8,110.8,-2.1,-2.0,-2.0,0.105,0.88,9.4,0.027,0.14,0.085,10.6,10.6,0.534,0.5760000000000001,0.253,0.261,104.62,103.6,86.33,103.6,0.107,3140,342,719,7.1,15.0,2026,86.0,97.0,57.0,79.0,80.0,75.0,75.0,82.0,85.0,80.0,85.0,85.0,85.0,70.0,80.0,93.0,80.0,42.0,83.0,95.0,71.0,95.0,63.0,82.0,75.0,90.0,80.0,94.0,45.0,60.0,33.0,50.0,38.0,40.0,67.0,80.0
Jarred Vanderbilt,LAL,65,39,26,0.6000000000000001,17.3,1.7,3.7,0.471,0.4,1.5,0.293,0.5,0.9,0.589,1.2,3.3,4.5,1.3,0.9,0.8,0.3,0.4,1.6,0.8,4.4,0.1,409,114.9,113.9,113.9,113.6,113.7,113.7,1.3,0.2,0.2,0.098,1.5,20.7,0.073,0.194,0.133,13.8,13.8,0.531,0.544,0.119,0.123,100.02,100.41,83.67,100.41,0.08,2360,113,240,1.7,3.7,2026,76.0,58.0,74.0,72.0,62.0,50.0,40.0,75.0,75.0,75.0,40.0,32.0,50.0,40.0,85.0,83.0,83.0,63.0,56.0,82.0,88.0,85.0,75.0,70.0,80.0,75.0,95.0,78.0,60.0,65.0,65.0,38.0,37.0,67.0,79.0,83.0
Jarrett Allen,CLE,56,37,19,0.661,27.1,6.0,9.4,0.638,0.0,0.2,0.1,3.3,4.7,0.709,2.6,5.9,8.5,1.8,1.3,1.0,0.8,0.6000000000000001,1.7,4.0,15.4,3.8,511,118.8,119.3,119.3,111.6,112.9,112.9,7.2,6.4,6.4,0.092,1.33,12.1,0.097,0.202,0.152,9.1,9.2,0.639,0.669,0.196,0.198,103.37,102.56,85.47,102.56,0.143,3248,337,528,6.0,9.4,2026,86.0,97.0,80.0,63.0,71.0,90.0,90.0,83.0,90.0,85.0,83.0,63.0,84.0,80.0,95.0,88.0,72.0,49.0,70.0,88.0,67.0,85.0,75.0,84.0,79.0,90.0,90.0,82.0,25.0,35.0,35.0,48.0,40.0,72.0,84.0,72.0
Jase Richardson,ORL,54,26,28,0.481,10.9,1.6,3.5,0.473,0.5,1.5,0.354,0.6000000000000001,0.9,0.717,0.4,0.8,1.2,1.1,0.5,0.4,0.0,0.1,1.0,0.9,4.4,-0.3,388,110.5,111.9,111.9,114.9,112.8,112.8,-4.4,-0.8,-0.8,0.145,2.32,20.0,0.034,0.074,0.053,8.6,8.6,0.548,0.5740000000000001,0.162,0.167,100.66,100.95,84.12,100.95,0.074,1231,89,188,1.6,3.5,2026,73.0,93.0,84.0,82.0,73.0,70.0,50.0,76.0,40.0,87.0,37.0,39.0,38.0,54.0,80.0,33.0,67.0,37.0,37.0,64.0,60.0,55.0,81.0,57.0,80.0,85.0,85.0,80.0,70.0,79.0,80.0,72.0,61.0,45.0,46.0,84.0
Javon Small,MEM,41,13,28,0.317,20.2,3.3,7.0,0.465,1.5,3.5,0.423,1.7,2.0,0.8290000000000001,0.9,2.2,3.1,3.7,1.4,0.8,0.2,0.7000000000000001,1.6,1.4,9.7,-2.6,167,111.4,111.7,111.7,116.4,117.4,117.4,-4.9,-5.7,-5.7,0.257,2.7,28.5,0.04,0.109,0.074,10.6,10.5,0.5690000000000001,0.611,0.183,0.19,104.95,104.37,86.97,104.37,0.109,1802,134,288,3.3,7.0,2026,77.0,71.0,78.0,87.0,83.0,85.0,80.0,75.0,35.0,80.0,37.0,37.0,32.0,60.0,85.0,44.0,64.0,56.0,50.0,60.0,57.0,40.0,87.0,49.0,89.0,85.0,90.0,80.0,75.0,79.0,84.0,75.0,73.0,48.0,56.0,85.0
Javonte Cooke,POR,19,6,13,0.316,4.9,0.5,2.2,0.22,0.2,1.2,0.13,0.1,0.1,1.0,0.2,0.8,1.0,0.4,0.5,0.3,0.0,0.3,0.3,0.2,1.2,-3.1,476,76.1,74.3,74.3,104.2,102.9,102.9,-28.1,-28.6,-28.6,0.127,0.78,12.1,0.033,0.163,0.089,15.5,15.5,0.256,0.275,0.205,0.219,105.41,107.36,89.47,107.36,0.019,210,9,41,0.5,2.2,2026,68.0,75.0,74.0,75.0,71.0,60.0,40.0,74.0,40.0,70.0,44.0,48.0,51.0,40.0,78.0,50.0,60.0,47.0,35.0,52.0,50.0,35.0,70.0,54.0,75.0,80.0,70.0,79.0,65.0,71.0,66.0,67.0,57.0,38.0,61.0,73.0
Javonte Green,DET,82,60,22,0.732,17.6,2.3,5.0,0.447,1.1,3.0,0.381,1.3,1.5,0.84,0.8,2.0,2.8,0.7000000000000001,0.5,1.2,0.3,0.2,1.3,1.2,6.9,2.6,233,112.2,113.0,113.0,104.2,105.4,105.4,8.0,7.6,7.6,0.052,1.24,9.8,0.042,0.112,0.077,7.9,7.9,0.56,0.607,0.143,0.148,103.7,102.74,85.62,102.74,0.095,3086,185,414,2.3,5.0,2026,78.0,90.0,70.0,81.0,84.0,70.0,50.0,79.0,25.0,85.0,52.0,52.0,52.0,60.0,95.0,74.0,77.0,93.0,56.0,74.0,80.0,75.0,72.0,46.0,85.0,80.0,85.0,82.0,60.0,72.0,69.0,68.0,30.0,48.0,56.0,74.0
Jaxson Hayes,LAL,66,43,23,0.652,18.3,3.0,4.0,0.756,0.0,0.0,1.0,1.5,2.3,0.653,1.5,2.6,4.1,0.9,0.5,0.4,0.8,0.2,1.9,2.1,7.5,1.1,499,115.6,115.5,115.5,112.6,113.1,113.1,3.0,2.4,2.4,0.071,1.9,14.1,0.083,0.139,0.111,7.4,7.4,0.761,0.758,0.124,0.129,100.71,100.49,83.74,100.49,0.109,2530,198,262,3.0,4.0,2026,79.0,98.0,68.0,60.0,64.0,75.0,65.0,79.0,85.0,88.0,68.0,54.0,65.0,52.0,90.0,78.0,48.0,40.0,80.0,79.0,45.0,65.0,58.0,72.0,75.0,80.0,95.0,80.0,29.0,38.0,41.0,40.0,33.0,69.0,67.0,64.0
Jay Huff,IND,82,19,63,0.232,21.0,3.5,7.5,0.476,1.5,4.5,0.319,1.0,1.2,0.8280000000000001,0.9,3.1,4.0,1.5,0.9,0.5,1.9,0.2,2.4,1.3,9.5,-3.1,169,107.4,107.4,107.4,113.3,113.7,113.7,-5.9,-6.3,-6.3,0.105,1.59,14.3,0.041,0.135,0.089,9.0,8.9,0.5740000000000001,0.598,0.178,0.184,103.19,102.99,85.83,102.99,0.092,3680,291,611,3.5,7.5,2026,79.0,98.0,82.0,74.0,82.0,80.0,75.0,60.0,65.0,65.0,74.0,74.0,74.0,64.0,80.0,79.0,32.0,40.0,93.0,78.0,64.0,75.0,48.0,62.0,62.0,80.0,85.0,77.0,50.0,43.0,33.0,60.0,39.0,47.0,65.0,47.0
Jaylen Brown,BOS,71,47,24,0.662,34.4,10.4,21.7,0.477,2.0,5.7,0.347,6.0,7.5,0.795,1.1,5.8,6.9,5.1,3.6,1.0,0.4,1.3,2.7,6.3,28.7,4.5,90,116.8,119.5,119.5,111.4,113.0,113.0,5.4,6.5,6.5,0.251,1.41,15.2,0.032,0.155,0.095,10.8,10.8,0.522,0.5730000000000001,0.351,0.358,99.58,97.73,81.44,97.73,0.152,4973,736,1543,10.4,21.7,2026,95.0,94.0,90.0,80.0,80.0,98.0,98.0,96.0,50.0,94.0,72.0,80.0,80.0,89.0,98.0,78.0,89.0,43.0,51.0,86.0,87.0,85.0,79.0,72.0,84.0,95.0,95.0,82.0,78.0,86.0,76.0,84.0,73.0,43.0,70.0,88.0
Jaylen Clark,MIN,68,40,28,0.588,13.1,1.5,3.4,0.434,0.5,1.5,0.327,0.6000000000000001,1.0,0.657,0.8,1.0,1.8,0.6000000000000001,0.3,0.7000000000000001,0.1,0.2,1.3,0.7000000000000001,4.0,1.1,405,114.6,113.0,113.0,108.9,108.9,108.9,5.6,4.1,4.1,0.064,1.87,13.4,0.056,0.069,0.062,7.1,7.1,0.507,0.534,0.126,0.133,102.78,103.47,86.22,103.47,0.054,1911,99,228,1.5,3.4,2026,73.0,78.0,67.0,73.0,66.0,75.0,50.0,73.0,50.0,70.0,40.0,38.0,44.0,39.0,70.0,52.0,81.0,80.0,50.0,82.0,80.0,75.0,79.0,55.0,77.0,85.0,85.0,79.0,62.0,69.0,76.0,60.0,31.0,61.0,44.0,86.0
Jaylen Wells,MEM,69,24,45,0.348,26.4,4.4,10.1,0.431,1.9,5.3,0.353,1.9,2.5,0.784,0.9,2.3,3.2,1.6,1.1,0.9,0.1,0.5,2.1,2.6,12.5,-2.6,109,111.6,113.4,113.4,117.1,117.8,117.8,-5.6,-4.4,-4.4,0.085,1.5,11.6,0.031,0.086,0.058,7.8,7.7,0.524,0.559,0.189,0.194,103.3,102.14,85.11,102.14,0.069,3870,301,698,4.4,10.1,2026,79.0,94.0,90.0,79.0,78.0,65.0,60.0,78.0,45.0,70.0,42.0,44.0,42.0,55.0,80.0,51.0,80.0,46.0,37.0,78.0,75.0,75.0,86.0,60.0,67.0,85.0,85.0,80.0,62.0,75.0,70.0,64.0,37.0,42.0,48.0,80.0
Jaylin Williams,OKC,65,54,11,0.8310000000000001,19.7,2.3,5.4,0.423,1.5,3.9,0.383,1.1,1.4,0.793,0.5,5.0,5.5,2.4,1.0,0.5,0.6000000000000001,0.2,2.0,1.5,7.2,4.7,154,114.5,114.6,114.6,103.0,103.1,103.1,11.5,11.5,11.5,0.169,2.36,25.6,0.025,0.225,0.131,10.9,10.9,0.5630000000000001,0.597,0.153,0.158,102.26,102.17,85.14,102.17,0.115,2715,149,352,2.3,5.4,2026,79.0,83.0,85.0,82.0,79.0,90.0,75.0,77.0,75.0,75.0,69.0,67.0,68.0,67.0,75.0,68.0,54.0,40.0,72.0,67.0,57.0,55.0,50.0,60.0,62.0,78.0,90.0,80.0,70.0,59.0,38.0,74.0,62.0,39.0,87.0,57.0
Jaylon Tyson,CLE,66,41,25,0.621,26.9,5.0,10.2,0.493,2.0,4.5,0.446,1.2,1.6,0.738,1.8,3.3,5.1,2.2,1.5,0.8,0.4,0.6000000000000001,2.5,1.5,13.2,1.7,84,115.8,117.0,117.0,111.9,113.4,113.4,3.9,3.6,3.6,0.115,1.48,15.3,0.064,0.118,0.091,10.3,10.3,0.592,0.608,0.189,0.192,102.56,101.39,84.49,101.39,0.092,3744,330,670,5.0,10.2,2026,77.0,92.0,65.0,84.0,70.0,65.0,70.0,79.0,40.0,75.0,40.0,57.0,52.0,60.0,80.0,50.0,70.0,42.0,53.0,70.0,67.0,60.0,80.0,63.0,75.0,85.0,90.0,80.0,62.0,75.0,77.0,69.0,43.0,61.0,59.0,76.0
Jayson Kent,POR,5,4,1,0.8,4.5,0.8,1.4,0.5710000000000001,0.2,0.8,0.25,0.2,0.2,1.0,0.0,1.0,1.0,0.0,0.0,0.2,0.2,0.0,0.2,0.2,2.0,-0.6000000000000001,466,93.8,86.7,86.7,90.8,89.4,89.4,3.0,-2.7,-2.7,0.0,0.0,0.0,0.0,0.25,0.128,0.0,0.0,0.643,0.672,0.137,0.16,93.88,98.28,81.9,98.28,0.245,45,4,7,0.8,1.4,2026,68.0,74.0,72.0,80.0,85.0,55.0,35.0,70.0,50.0,80.0,44.0,48.0,39.0,42.0,78.0,40.0,56.0,43.0,30.0,54.0,45.0,35.0,79.0,55.0,80.0,80.0,70.0,81.0,59.0,66.0,69.0,59.0,32.0,30.0,38.0,69.0
Jayson Tatum,BOS,16,13,3,0.8130000000000001,32.6,7.4,17.9,0.411,2.9,8.9,0.329,4.1,4.9,0.8230000000000001,0.5,9.5,10.0,5.3,2.4,1.4,0.2,0.5,1.6,3.4,21.8,7.4,19,119.5,120.7,120.7,109.6,110.2,110.2,9.9,10.5,10.5,0.246,2.18,19.2,0.015,0.274,0.148,8.8,8.7,0.493,0.541,0.29,0.3,98.85,98.1,81.75,98.1,0.159,1069,118,287,7.4,17.9,2026,93.0,90.0,85.0,85.0,82.0,90.0,95.0,96.0,50.0,89.0,79.0,86.0,88.0,88.0,98.0,81.0,87.0,63.0,37.0,89.0,84.0,85.0,82.0,71.0,83.0,95.0,98.0,80.0,78.0,86.0,79.0,84.0,72.0,34.0,89.0,88.0
Jeff Green,HOU,30,22,8,0.733,5.8,0.8,2.3,0.368,0.4,1.5,0.273,0.2,0.2,1.0,0.2,0.6000000000000001,0.8,0.3,0.1,0.1,0.1,0.0,0.4,0.1,2.2,-0.9,419,103.4,103.6,103.6,111.2,111.7,111.7,-7.8,-8.1,-8.1,0.07,2.0,9.8,0.036,0.098,0.066,4.9,4.9,0.456,0.477,0.171,0.179,99.03,98.71,82.26,98.71,0.061,361,25,68,0.8,2.3,2026,73.0,88.0,75.0,76.0,82.0,50.0,50.0,79.0,65.0,70.0,70.0,68.0,72.0,51.0,85.0,69.0,70.0,32.0,62.0,68.0,54.0,60.0,63.0,70.0,84.0,89.0,85.0,82.0,65.0,74.0,50.0,64.0,33.0,41.0,49.0,75.0
Jerami Grant,POR,57,27,30,0.474,29.7,5.8,12.8,0.453,2.4,6.1,0.389,4.6,5.6,0.8140000000000001,1.0,2.5,3.5,2.1,2.1,0.7000000000000001,0.6000000000000001,1.0,2.5,3.9,18.6,-0.1,53,114.1,114.9,114.9,114.4,115.2,115.2,-0.2,-0.3,-0.3,0.107,1.03,11.0,0.03,0.082,0.055,10.8,10.7,0.547,0.608,0.228,0.235,104.76,104.02,86.69,104.02,0.094,3676,331,730,5.8,12.8,2026,81.0,80.0,62.0,82.0,81.0,80.0,80.0,82.0,80.0,80.0,62.0,59.0,69.0,75.0,95.0,70.0,69.0,40.0,58.0,77.0,72.0,75.0,77.0,69.0,78.0,95.0,94.0,82.0,69.0,76.0,72.0,70.0,42.0,42.0,48.0,77.0
Jeremiah Fears,NOP,82,26,56,0.317,25.8,5.3,12.3,0.434,1.2,3.7,0.33,2.4,3.0,0.789,0.7000000000000001,2.9,3.7,3.4,2.2,1.2,0.4,1.1,1.8,2.5,14.3,-3.5,211,110.8,111.8,111.8,117.6,118.2,118.2,-6.9,-6.4,-6.4,0.195,1.57,17.8,0.026,0.109,0.067,11.3,11.3,0.485,0.525,0.245,0.251,103.69,102.98,85.82,102.98,0.093,4532,437,1006,5.3,12.3,2026,80.0,73.0,75.0,77.0,79.0,75.0,75.0,84.0,40.0,70.0,40.0,41.0,40.0,79.0,85.0,38.0,62.0,63.0,53.0,62.0,60.0,60.0,94.0,49.0,75.0,85.0,85.0,80.0,78.0,88.0,92.0,79.0,69.0,39.0,56.0,88.0
Jeremiah Robinson-Earl,DAL,22,8,14,0.364,16.4,1.7,4.5,0.37,0.5,1.9,0.244,0.8,0.8,0.944,1.6,3.0,4.7,0.7000000000000001,0.5,0.4,0.0,0.5,1.2,0.8,4.6,-3.9,408,109.4,109.3,109.3,120.1,119.5,119.5,-10.7,-10.2,-10.2,0.057,1.25,11.2,0.088,0.183,0.133,9.0,8.9,0.42,0.468,0.129,0.135,104.5,104.82,87.35,104.82,0.069,785,37,100,1.7,4.5,2026,74.0,71.0,91.0,79.0,84.0,70.0,40.0,79.0,75.0,75.0,64.0,65.0,66.0,50.0,70.0,66.0,40.0,46.0,40.0,66.0,52.0,45.0,62.0,60.0,69.0,80.0,85.0,80.0,65.0,69.0,55.0,66.0,38.0,67.0,69.0,62.0
Jeremy Sochan,NYK,44,30,14,0.682,10.6,1.5,2.9,0.496,0.3,1.0,0.244,0.4,0.6000000000000001,0.731,0.8,1.6,2.4,0.9,0.5,0.4,0.2,0.2,1.4,0.6000000000000001,3.6,-1.3,456,108.3,107.2,107.2,110.8,111.1,111.1,-2.5,-3.9,-3.9,0.124,1.9,19.9,0.076,0.149,0.111,10.4,10.4,0.539,0.5630000000000001,0.141,0.147,101.32,101.73,84.77,101.73,0.081,984,64,129,1.5,2.9,2026,74.0,92.0,45.0,70.0,71.0,60.0,40.0,84.0,60.0,80.0,48.0,52.0,53.0,79.0,70.0,65.0,74.0,40.0,52.0,69.0,68.0,65.0,70.0,60.0,74.0,90.0,85.0,80.0,79.0,79.0,65.0,82.0,52.0,67.0,63.0,74.0
Jericho Sims,MIL,67,25,42,0.373,19.7,2.2,2.8,0.784,0.0,0.0,0.0,0.7000000000000001,1.1,0.62,2.2,3.3,5.5,1.6,1.1,0.3,0.3,0.3,2.2,1.2,5.0,-4.1,517,110.1,110.3,110.3,119.9,120.3,120.3,-9.8,-10.1,-10.1,0.109,1.39,26.4,0.115,0.171,0.143,19.0,19.0,0.784,0.772,0.095,0.098,97.97,97.72,81.44,97.72,0.083,2682,145,185,2.2,2.8,2026,74.0,90.0,69.0,26.0,64.0,60.0,60.0,64.0,80.0,89.0,60.0,60.0,60.0,40.0,80.0,66.0,40.0,32.0,51.0,66.0,55.0,40.0,80.0,65.0,83.0,85.0,90.0,80.0,30.0,35.0,34.0,32.0,37.0,82.0,75.0,80.0
Jett Howard,ORL,55,28,27,0.509,12.6,1.9,4.6,0.418,1.0,2.6,0.372,0.7000000000000001,0.7000000000000001,0.949,0.4,1.2,1.6,0.8,0.3,0.2,0.2,0.3,1.2,0.5,5.5,-1.3,274,112.1,112.6,112.6,119.0,118.1,118.1,-6.9,-5.5,-5.5,0.095,3.0,13.7,0.03,0.096,0.06,4.6,4.6,0.526,0.561,0.166,0.171,100.43,100.55,83.79,100.55,0.07,1461,105,251,1.9,4.6,2026,74.0,81.0,68.0,81.0,95.0,70.0,60.0,74.0,35.0,65.0,50.0,54.0,54.0,47.0,85.0,55.0,67.0,33.0,53.0,72.0,52.0,45.0,69.0,58.0,72.0,90.0,80.0,80.0,69.0,73.0,66.0,65.0,38.0,43.0,51.0,69.0
Jevon Carter,ORL,53,26,27,0.491,16.4,2.3,5.8,0.401,1.5,4.1,0.363,0.3,0.4,0.789,0.3,1.4,1.7,1.6,0.7000000000000001,0.8,0.2,0.2,1.1,0.3,6.4,-1.6,164,109.4,110.0,110.0,115.9,115.6,115.6,-6.5,-5.7,-5.7,0.148,2.42,19.8,0.015,0.085,0.048,8.2,8.2,0.528,0.537,0.166,0.171,101.8,101.62,84.69,101.62,0.074,1844,123,307,2.3,5.8,2026,75.0,66.0,93.0,79.0,82.0,80.0,65.0,75.0,25.0,35.0,32.0,34.0,30.0,40.0,80.0,34.0,79.0,66.0,50.0,72.0,75.0,70.0,76.0,60.0,71.0,85.0,76.0,81.0,75.0,79.0,76.0,70.0,56.0,33.0,47.0,83.0
Joan Beringer,MIN,40,22,18,0.55,7.9,1.6,2.5,0.663,0.0,0.0,0.0,0.7000000000000001,0.9,0.7030000000000001,1.1,1.2,2.3,0.3,0.3,0.2,0.7000000000000001,0.3,1.2,0.8,3.9,0.6000000000000001,517,119.7,117.8,117.8,115.0,115.5,115.5,4.7,2.3,2.3,0.052,1.09,8.8,0.141,0.135,0.138,8.0,8.0,0.663,0.683,0.156,0.163,105.15,105.74,88.12,105.74,0.107,695,65,98,1.6,2.5,2026,72.0,69.0,45.0,26.0,62.0,60.0,40.0,70.0,85.0,80.0,57.0,50.0,55.0,40.0,80.0,73.0,40.0,35.0,80.0,66.0,55.0,40.0,56.0,65.0,80.0,85.0,90.0,80.0,49.0,47.0,41.0,47.0,31.0,93.0,70.0,67.0
Jock Landale,ATL,68,36,32,0.529,22.1,4.1,8.1,0.515,1.1,2.8,0.383,1.2,1.9,0.635,2.7,3.0,5.7,1.7,0.9,0.5,0.5,0.5,2.2,2.0,10.6,-0.8,245,112.8,114.6,114.6,116.2,116.8,116.8,-3.4,-2.2,-2.2,0.11,1.92,14.7,0.111,0.136,0.123,7.7,7.7,0.582,0.595,0.177,0.181,102.88,101.83,84.86,101.83,0.098,3202,282,548,4.1,8.1,2026,78.0,98.0,72.0,82.0,64.0,75.0,65.0,75.0,65.0,65.0,84.0,84.0,84.0,44.0,70.0,71.0,48.0,38.0,62.0,62.0,60.0,45.0,54.0,64.0,75.0,80.0,70.0,80.0,57.0,52.0,45.0,57.0,42.0,85.0,63.0,54.0
Joe Ingles,MIN,27,13,14,0.481,5.7,0.6000000000000001,1.0,0.593,0.3,0.6000000000000001,0.438,0.1,0.1,1.0,0.0,0.7000000000000001,0.7000000000000001,1.3,0.5,0.3,0.1,0.0,0.3,0.1,1.5,-0.3,455,113.4,110.9,110.9,116.2,116.7,116.7,-2.8,-5.8,-5.8,0.268,2.43,44.7,0.0,0.11,0.06,18.4,18.5,0.722,0.735,0.106,0.11,109.84,110.81,92.34,110.81,0.096,358,16,27,0.6000000000000001,1.0,2026,73.0,64.0,65.0,86.0,86.0,60.0,45.0,80.0,40.0,45.0,50.0,55.0,48.0,40.0,70.0,58.0,80.0,53.0,35.0,78.0,78.0,75.0,66.0,64.0,60.0,92.0,70.0,80.0,75.0,70.0,60.0,75.0,71.0,34.0,56.0,80.0
Joel Embiid,PHI,38,24,14,0.632,31.6,9.0,18.3,0.489,1.4,4.2,0.333,7.5,8.8,0.854,2.0,5.7,7.7,3.9,2.9,0.6000000000000001,1.2,1.0,2.2,6.1,26.9,4.1,180,118.7,119.1,119.1,111.5,113.2,113.2,7.2,5.8,5.8,0.209,1.38,13.6,0.063,0.169,0.118,9.9,9.9,0.527,0.605,0.336,0.343,101.61,100.69,83.91,100.69,0.163,2522,341,697,9.0,18.3,2026,92.0,94.0,91.0,79.0,85.0,80.0,95.0,87.0,85.0,80.0,96.0,96.0,96.0,97.0,90.0,84.0,68.0,36.0,73.0,83.0,64.0,80.0,60.0,96.0,60.0,70.0,65.0,56.0,74.0,57.0,57.0,82.0,71.0,62.0,90.0,59.0
John Collins,LAC,69,32,37,0.464,27.1,5.3,9.6,0.552,1.3,3.2,0.406,1.7,2.2,0.766,1.6,3.7,5.3,1.0,1.4,0.9,0.7000000000000001,0.6000000000000001,2.7,2.2,13.6,-0.6000000000000001,198,112.3,113.9,113.9,113.1,115.1,115.1,-0.8,-1.2,-1.2,0.058,0.74,7.9,0.061,0.135,0.099,10.7,10.7,0.62,0.643,0.188,0.192,99.54,97.98,81.65,97.98,0.098,3823,364,659,5.3,9.6,2026,81.0,97.0,74.0,83.0,78.0,75.0,40.0,83.0,85.0,90.0,76.0,76.0,76.0,40.0,80.0,70.0,49.0,46.0,66.0,70.0,38.0,50.0,71.0,75.0,85.0,92.0,85.0,84.0,58.0,60.0,50.0,58.0,31.0,57.0,64.0,65.0
John Konchar,UTA,56,18,38,0.321,19.9,1.7,3.6,0.472,0.5,1.8,0.283,0.6000000000000001,0.8,0.727,1.3,3.0,4.3,2.1,0.6000000000000001,1.5,0.7000000000000001,0.1,1.4,0.8,4.4,-2.6,393,106.7,106.1,106.1,111.2,112.0,112.0,-4.5,-5.9,-5.9,0.136,3.37,31.8,0.059,0.14,0.098,9.4,9.4,0.543,0.5680000000000001,0.09,0.092,105.46,105.42,87.85,105.42,0.09,2447,94,199,1.7,3.6,2026,76.0,97.0,73.0,69.0,69.0,85.0,55.0,73.0,40.0,55.0,44.0,47.0,47.0,40.0,85.0,54.0,62.0,91.0,72.0,50.0,60.0,45.0,62.0,40.0,70.0,93.0,90.0,84.0,74.0,76.0,60.0,79.0,45.0,57.0,65.0,69.0
John Poulakidas,DAL,13,3,10,0.231,19.5,3.0,7.0,0.429,2.4,5.9,0.403,0.5,0.5,0.857,0.3,2.0,2.3,0.8,0.3,0.5,0.3,0.0,2.2,0.4,8.8,-1.2,54,110.4,110.5,110.5,113.8,112.8,112.8,-3.4,-2.3,-2.3,0.061,2.75,10.1,0.014,0.096,0.053,3.7,3.7,0.599,0.611,0.153,0.157,105.86,106.25,88.54,106.25,0.069,560,39,91,3.0,7.0,2026,71.0,67.0,75.0,80.0,73.0,75.0,75.0,67.0,50.0,60.0,42.0,45.0,44.0,57.0,70.0,37.0,54.0,42.0,25.0,75.0,50.0,55.0,62.0,53.0,63.0,85.0,65.0,80.0,54.0,59.0,57.0,54.0,31.0,41.0,56.0,57.0
John Tonje,BOS,6,5,1,0.833,7.0,0.7000000000000001,2.3,0.286,0.5,1.7,0.3,0.7000000000000001,0.7000000000000001,1.0,0.0,1.0,1.0,0.3,0.0,0.3,0.0,0.2,0.8,0.7000000000000001,2.5,-1.0,393,109.7,106.6,106.6,113.3,108.4,108.4,-3.7,-1.8,-1.8,0.083,0.0,11.1,0.0,0.12,0.067,0.0,0.0,0.393,0.476,0.157,0.162,102.72,106.54,88.79,106.54,0.061,91,4,14,0.7000000000000001,2.3,2026,69.0,80.0,80.0,81.0,87.0,50.0,40.0,78.0,35.0,70.0,40.0,40.0,40.0,44.0,85.0,50.0,62.0,42.0,40.0,52.0,50.0,50.0,74.0,55.0,79.0,85.0,75.0,80.0,58.0,70.0,67.0,58.0,37.0,43.0,54.0,74.0
Johni Broome,PHI,11,5,6,0.455,5.0,0.4,2.2,0.167,0.0,0.5,0.0,0.2,0.5,0.333,0.6000000000000001,0.8,1.5,0.4,0.3,0.3,0.2,0.3,0.6000000000000001,0.6000000000000001,0.9,-1.6,517,88.2,88.9,88.9,107.4,102.5,102.5,-19.2,-13.6,-13.6,0.118,1.33,11.8,0.109,0.17,0.137,8.8,8.9,0.167,0.188,0.226,0.232,101.45,103.43,86.19,103.43,-0.02,117,4,24,0.4,2.2,2026,70.0,75.0,75.0,69.0,60.0,50.0,50.0,72.0,50.0,60.0,70.0,70.0,70.0,55.0,90.0,70.0,60.0,49.0,72.0,67.0,47.0,60.0,60.0,71.0,51.0,80.0,90.0,80.0,69.0,67.0,57.0,69.0,42.0,69.0,69.0,62.0
Johnny Furphy,IND,35,10,25,0.286,18.4,2.0,4.3,0.47,0.7000000000000001,2.0,0.324,0.5,1.0,0.486,0.9,3.5,4.4,1.2,0.8,0.6000000000000001,0.2,0.5,1.9,0.8,5.1,-1.7,351,111.8,110.1,110.1,114.6,114.8,114.8,-2.8,-4.6,-4.6,0.085,1.41,17.5,0.049,0.191,0.119,12.4,12.4,0.547,0.547,0.125,0.13,101.51,102.22,85.19,102.22,0.066,1372,70,149,2.0,4.3,2026,74.0,89.0,77.0,79.0,49.0,75.0,60.0,79.0,60.0,60.0,47.0,52.0,49.0,48.0,85.0,52.0,57.0,49.0,50.0,52.0,48.0,50.0,79.0,54.0,79.0,85.0,90.0,80.0,60.0,59.0,60.0,64.0,33.0,52.0,77.0,63.0
Johnny Juzang,MIN,21,13,8,0.619,4.2,0.8,1.8,0.421,0.3,1.1,0.25,0.2,0.4,0.625,0.2,0.6000000000000001,0.8,0.3,0.2,0.1,0.0,0.0,0.1,0.2,2.0,-0.2,446,110.1,105.3,105.3,111.0,109.9,109.9,-0.8,-4.6,-4.6,0.095,1.2,11.3,0.054,0.129,0.092,9.4,9.5,0.5,0.518,0.2,0.21,108.69,111.66,93.05,111.66,0.085,206,16,38,0.8,1.8,2026,72.0,89.0,89.0,81.0,83.0,65.0,50.0,71.0,35.0,75.0,55.0,59.0,64.0,44.0,85.0,50.0,58.0,42.0,40.0,52.0,50.0,50.0,70.0,55.0,72.0,85.0,75.0,80.0,59.0,72.0,66.0,62.0,34.0,43.0,54.0,70.0
Jonathan Isaac,ORL,52,29,23,0.558,10.0,0.9,2.1,0.422,0.1,0.7000000000000001,0.184,0.7000000000000001,1.1,0.603,0.8,1.7,2.5,0.4,0.3,0.4,0.6000000000000001,0.1,0.8,1.0,2.6,-0.7000000000000001,484,106.4,104.7,104.7,108.3,106.1,106.1,-1.9,-1.3,-1.3,0.062,1.22,12.4,0.071,0.165,0.115,10.2,10.3,0.454,0.498,0.119,0.123,100.7,102.61,85.51,102.61,0.078,1104,46,109,0.9,2.1,2026,73.0,89.0,44.0,59.0,60.0,35.0,30.0,67.0,60.0,70.0,44.0,45.0,44.0,30.0,68.0,83.0,83.0,86.0,91.0,83.0,78.0,80.0,73.0,70.0,80.0,70.0,65.0,67.0,54.0,57.0,66.0,52.0,29.0,67.0,74.0,80.0
Jonathan Kuminga,ATL,36,22,14,0.611,23.1,4.4,9.4,0.463,1.0,2.9,0.333,2.5,3.4,0.724,1.4,4.3,5.6,2.3,1.9,0.6000000000000001,0.3,0.7000000000000001,1.5,2.6,12.2,2.0,279,111.5,112.0,112.0,106.5,108.0,108.0,5.0,4.1,4.1,0.148,1.24,15.3,0.056,0.182,0.118,12.3,12.3,0.515,0.557,0.226,0.233,103.7,102.73,85.61,102.73,0.111,1777,157,339,4.4,9.4,2026,79.0,92.0,49.0,81.0,72.0,70.0,80.0,89.0,65.0,85.0,49.0,50.0,50.0,79.0,85.0,73.0,73.0,40.0,52.0,70.0,69.0,50.0,84.0,73.0,90.0,88.0,80.0,80.0,69.0,67.0,75.0,68.0,60.0,57.0,78.0,84.0
Jonathan Mogbo,TOR,40,20,20,0.5,6.2,0.7000000000000001,1.1,0.591,0.0,0.0,0.0,0.2,0.4,0.643,0.5,1.2,1.7,0.6000000000000001,0.4,0.3,0.2,0.1,0.7000000000000001,0.3,1.5,-1.3,517,99.8,96.3,96.3,107.4,106.5,106.5,-7.6,-10.2,-10.2,0.159,1.79,28.4,0.071,0.193,0.13,15.9,15.7,0.591,0.608,0.102,0.111,101.7,103.95,86.62,103.95,0.101,540,26,44,0.7000000000000001,1.1,2026,74.0,89.0,53.0,70.0,70.0,60.0,30.0,80.0,60.0,80.0,50.0,50.0,50.0,55.0,64.0,64.0,64.0,56.0,66.0,67.0,68.0,60.0,91.0,68.0,75.0,88.0,85.0,80.0,66.0,70.0,69.0,67.0,52.0,69.0,78.0,79.0
Jordan Clarkson,NYK,72,45,27,0.625,17.8,3.3,7.3,0.451,1.0,3.0,0.327,1.1,1.3,0.8300000000000001,0.9,0.9,1.8,1.3,0.9,0.4,0.1,0.4,1.7,1.1,8.6,1.5,279,114.6,115.4,115.4,110.1,111.7,111.7,4.5,3.7,3.7,0.11,1.52,13.3,0.047,0.049,0.048,8.7,8.7,0.517,0.548,0.203,0.209,99.82,98.78,82.32,98.78,0.068,2638,237,526,3.3,7.3,2026,77.0,97.0,63.0,76.0,82.0,70.0,70.0,82.0,25.0,70.0,30.0,37.0,38.0,60.0,98.0,43.0,58.0,38.0,42.0,52.0,49.0,40.0,79.0,54.0,85.0,80.0,80.0,83.0,73.0,86.0,79.0,73.0,41.0,52.0,38.0,75.0
Jordan Goodwin,PHX,70,39,31,0.557,22.5,3.3,7.9,0.413,1.6,4.3,0.371,0.6000000000000001,0.8,0.6960000000000001,2.0,2.9,4.9,2.2,1.0,1.5,0.2,0.4,1.9,1.0,8.7,1.3,141,112.8,113.4,113.4,109.4,110.1,110.1,3.4,3.3,3.3,0.136,2.22,18.9,0.08,0.134,0.105,8.5,8.5,0.514,0.525,0.167,0.173,99.85,99.3,82.75,99.3,0.098,3245,229,555,3.3,7.9,2026,77.0,79.0,75.0,79.0,70.0,75.0,75.0,78.0,25.0,35.0,33.0,43.0,48.0,66.0,90.0,57.0,76.0,96.0,47.0,75.0,78.0,75.0,75.0,49.0,55.0,80.0,95.0,80.0,78.0,78.0,73.0,78.0,53.0,68.0,63.0,84.0
Jordan Hawkins,NOP,51,13,38,0.255,13.6,1.8,5.0,0.366,0.9,2.6,0.348,0.5,0.5,0.852,0.4,1.3,1.7,0.8,0.7000000000000001,0.3,0.2,0.2,0.6000000000000001,0.6000000000000001,5.1,-2.6,291,107.6,107.0,107.0,116.7,116.8,116.8,-9.1,-9.8,-9.8,0.086,1.24,12.2,0.026,0.089,0.058,9.9,9.9,0.457,0.48,0.175,0.182,103.6,103.84,86.53,103.84,0.055,1503,94,257,1.8,5.0,2026,72.0,53.0,71.0,77.0,80.0,70.0,60.0,75.0,25.0,60.0,37.0,48.0,44.0,55.0,80.0,45.0,65.0,35.0,53.0,67.0,64.0,50.0,70.0,48.0,67.0,89.0,80.0,80.0,70.0,74.0,68.0,71.0,33.0,38.0,50.0,72.0
Jordan McLaughlin,SAS,44,37,7,0.841,6.4,0.8,1.8,0.418,0.4,0.9,0.425,0.1,0.2,0.857,0.2,0.6000000000000001,0.7000000000000001,0.9,0.3,0.5,0.0,0.0,0.3,0.2,2.0,-1.4,423,103.2,100.8,100.8,113.2,112.3,112.3,-10.0,-11.5,-11.5,0.199,2.53,28.1,0.024,0.093,0.057,11.1,11.1,0.525,0.542,0.143,0.15,100.08,101.67,84.73,101.67,0.091,600,33,79,0.8,1.8,2026,72.0,69.0,74.0,86.0,75.0,85.0,55.0,84.0,25.0,65.0,25.0,25.0,25.0,49.0,70.0,25.0,73.0,86.0,25.0,52.0,74.0,60.0,72.0,52.0,74.0,80.0,70.0,83.0,83.0,84.0,70.0,80.0,62.0,35.0,46.0,74.0
Jordan Miller,LAC,60,36,24,0.6000000000000001,22.1,3.5,6.7,0.531,0.6000000000000001,1.8,0.345,2.3,2.9,0.777,0.8,2.2,3.0,2.3,1.1,0.8,0.2,0.8,1.0,2.0,10.0,-0.2,355,115.4,114.3,114.3,113.4,114.7,114.7,2.0,-0.4,-0.4,0.157,2.16,20.0,0.041,0.097,0.071,9.3,9.3,0.579,0.628,0.177,0.183,98.62,98.57,82.14,98.57,0.106,2720,212,399,3.5,6.7,2026,77.0,94.0,90.0,75.0,76.0,75.0,75.0,82.0,40.0,80.0,54.0,52.0,58.0,64.0,65.0,54.0,65.0,53.0,42.0,60.0,40.0,45.0,84.0,52.0,81.0,85.0,70.0,80.0,60.0,69.0,72.0,62.0,57.0,50.0,52.0,78.0
Jordan Poole,NOP,39,16,23,0.41,23.9,4.2,11.4,0.372,2.5,7.4,0.333,2.5,2.9,0.86,0.2,1.7,2.0,3.1,1.8,0.6000000000000001,0.4,0.7000000000000001,2.3,2.9,13.4,-3.7,51,107.8,109.4,109.4,115.4,117.3,117.3,-7.7,-7.9,-7.9,0.185,1.72,17.6,0.009,0.067,0.037,10.2,10.1,0.48,0.53,0.235,0.244,105.81,104.18,86.82,104.18,0.073,2033,165,444,4.2,11.4,2026,76.0,77.0,66.0,75.0,88.0,70.0,70.0,80.0,45.0,60.0,29.0,47.0,44.0,78.0,80.0,47.0,57.0,40.0,53.0,54.0,51.0,30.0,81.0,61.0,73.0,80.0,65.0,80.0,83.0,89.0,80.0,82.0,66.0,30.0,45.0,79.0
Jordan Walsh,BOS,68,46,22,0.676,17.8,2.0,3.9,0.509,0.7000000000000001,1.8,0.384,0.6000000000000001,0.8,0.772,1.3,2.8,4.0,0.8,0.5,0.7000000000000001,0.5,0.3,2.0,0.8,5.4,1.4,335,118.0,117.9,117.9,112.3,112.8,112.8,5.8,5.1,5.1,0.059,1.54,14.2,0.069,0.146,0.108,9.2,9.2,0.599,0.623,0.114,0.119,95.99,95.8,79.84,95.8,0.08,2407,136,267,2.0,3.9,2026,76.0,74.0,67.0,83.0,76.0,70.0,50.0,68.0,40.0,80.0,57.0,54.0,57.0,44.0,85.0,78.0,82.0,63.0,67.0,82.0,85.0,80.0,77.0,63.0,86.0,89.0,90.0,80.0,63.0,68.0,68.0,62.0,31.0,65.0,67.0,81.0
Jose Alvarado,NYK,69,28,41,0.406,19.9,2.7,6.5,0.416,1.5,4.2,0.352,0.5,0.7000000000000001,0.761,0.4,2.1,2.5,3.4,1.1,1.0,0.1,0.4,1.9,0.9,7.4,0.3,166,112.3,112.0,112.0,109.9,110.7,110.7,2.4,1.3,1.3,0.244,3.04,30.0,0.018,0.1,0.06,9.9,9.9,0.529,0.543,0.167,0.173,99.82,99.57,82.98,99.57,0.088,2837,187,449,2.7,6.5,2026,78.0,91.0,74.0,78.0,80.0,75.0,75.0,70.0,25.0,30.0,35.0,30.0,30.0,40.0,85.0,31.0,85.0,85.0,37.0,85.0,85.0,85.0,76.0,42.0,78.0,80.0,79.0,80.0,70.0,73.0,75.0,71.0,71.0,35.0,53.0,86.0
Josh Giddey,CHI,54,21,33,0.389,32.1,5.9,13.3,0.448,1.9,5.2,0.364,3.2,4.2,0.763,1.2,7.1,8.3,9.1,3.6,1.0,0.5,0.8,1.7,2.9,17.0,-3.5,99,111.2,112.1,112.1,116.1,117.1,117.1,-4.9,-5.0,-5.0,0.41,2.52,32.8,0.037,0.201,0.121,13.0,13.0,0.52,0.562,0.238,0.243,105.31,104.46,87.05,104.46,0.142,3768,321,717,5.9,13.3,2026,83.0,92.0,38.0,80.0,76.0,85.0,80.0,94.0,45.0,65.0,55.0,58.0,55.0,89.0,90.0,50.0,62.0,43.0,53.0,57.0,54.0,45.0,79.0,60.0,74.0,88.0,90.0,80.0,90.0,86.0,79.0,92.0,88.0,46.0,83.0,79.0
Josh Green,CHA,58,37,21,0.638,15.7,1.4,3.1,0.459,1.0,2.4,0.42,0.4,0.5,0.893,0.8,1.0,1.8,0.8,0.6000000000000001,0.6000000000000001,0.1,0.1,1.1,0.7000000000000001,4.3,3.6,268,116.8,118.5,118.5,106.8,106.0,106.0,10.0,12.5,12.5,0.069,1.34,17.2,0.048,0.06,0.054,12.8,12.7,0.619,0.644,0.104,0.107,98.57,98.23,81.86,98.23,0.059,1847,83,181,1.4,3.1,2026,75.0,96.0,69.0,86.0,89.0,50.0,30.0,75.0,30.0,80.0,35.0,34.0,30.0,44.0,95.0,35.0,79.0,59.0,37.0,79.0,78.0,75.0,86.0,60.0,80.0,89.0,90.0,83.0,67.0,70.0,72.0,65.0,33.0,53.0,41.0,86.0
Josh Hart,NYK,66,44,22,0.667,30.2,4.6,9.0,0.508,1.5,3.7,0.413,1.4,1.9,0.72,1.4,6.0,7.4,4.8,1.9,1.1,0.3,0.6000000000000001,2.5,2.1,12.0,3.2,152,116.6,118.0,118.0,111.4,112.5,112.5,5.1,5.5,5.5,0.212,2.48,29.2,0.047,0.2,0.123,11.8,11.7,0.593,0.612,0.163,0.167,100.04,98.97,82.47,98.97,0.118,4104,301,592,4.6,9.0,2026,82.0,94.0,82.0,84.0,72.0,70.0,75.0,84.0,25.0,70.0,39.0,58.0,42.0,57.0,95.0,78.0,86.0,56.0,47.0,80.0,78.0,80.0,81.0,64.0,69.0,99.0,99.0,82.0,73.0,79.0,79.0,75.0,71.0,51.0,82.0,86.0
Josh Minott,BKN,49,23,26,0.469,17.0,2.6,5.1,0.5,1.3,3.1,0.418,1.0,1.2,0.787,1.0,2.2,3.2,0.9,0.9,0.9,0.5,0.3,1.5,1.1,7.4,-0.5,195,111.6,111.7,111.7,111.3,111.7,111.7,0.3,-0.1,-0.1,0.083,1.07,12.6,0.055,0.128,0.091,11.8,11.7,0.627,0.653,0.162,0.169,99.18,98.94,82.45,98.94,0.104,1708,126,252,2.6,5.1,2026,78.0,82.0,85.0,85.0,79.0,75.0,70.0,75.0,65.0,80.0,51.0,55.0,52.0,64.0,85.0,59.0,67.0,80.0,65.0,67.0,79.0,65.0,72.0,62.0,80.0,90.0,85.0,80.0,62.0,63.0,68.0,60.0,34.0,57.0,63.0,76.0
Josh Oduro,NOP,3,1,2,0.333,27.3,3.7,5.7,0.647,0.0,0.7000000000000001,0.0,1.0,2.0,0.5,3.7,4.0,7.7,1.3,0.7000000000000001,0.0,0.0,0.0,4.7,2.3,8.3,0.3,517,122.6,127.8,127.8,126.1,124.6,124.6,-3.4,3.2,3.2,0.05,2.0,16.7,0.117,0.136,0.126,8.3,7.8,0.647,0.636,0.09,0.097,112.61,110.95,92.46,110.95,0.05,187,11,17,3.7,5.7,2026,68.0,74.0,70.0,66.0,69.0,60.0,45.0,55.0,65.0,65.0,66.0,68.0,69.0,50.0,64.0,66.0,58.0,52.0,52.0,62.0,55.0,40.0,57.0,66.0,65.0,78.0,90.0,76.0,62.0,62.0,50.0,67.0,47.0,59.0,70.0,58.0
Josh Okogie,HOU,78,49,29,0.628,17.4,1.6,3.8,0.425,0.8,2.1,0.385,0.5,0.9,0.594,1.0,1.5,2.6,0.9,0.5,0.8,0.2,0.3,1.4,1.1,4.5,0.9,315,115.8,115.4,115.4,109.6,109.9,109.9,6.1,5.6,5.6,0.065,1.68,15.8,0.059,0.085,0.072,9.4,9.4,0.531,0.544,0.112,0.116,98.22,98.25,81.87,98.25,0.056,2733,125,294,1.6,3.8,2026,75.0,78.0,70.0,83.0,57.0,70.0,70.0,77.0,30.0,75.0,42.0,44.0,44.0,49.0,70.0,50.0,77.0,70.0,50.0,78.0,77.0,70.0,89.0,58.0,92.0,80.0,95.0,82.0,69.0,76.0,81.0,62.0,31.0,56.0,48.0,84.0
Jrue Holiday,POR,53,28,25,0.528,29.4,6.0,13.4,0.451,2.6,6.8,0.378,1.7,2.0,0.838,1.3,3.3,4.6,6.1,2.8,1.0,0.1,0.7000000000000001,1.5,1.7,16.3,3.7,40,113.7,114.6,114.6,109.0,108.6,108.6,4.7,6.1,6.1,0.302,2.21,26.4,0.042,0.108,0.074,12.0,11.9,0.548,0.5730000000000001,0.227,0.233,103.72,103.5,86.25,103.5,0.124,3361,320,709,6.0,13.4,2026,82.0,91.0,81.0,84.0,83.0,70.0,65.0,85.0,25.0,65.0,30.0,72.0,40.0,40.0,98.0,66.0,90.0,80.0,32.0,89.0,93.0,90.0,79.0,49.0,68.0,80.0,92.0,80.0,80.0,79.0,79.0,80.0,77.0,48.0,55.0,90.0
Julian Champagnie,SAS,82,62,20,0.756,27.6,3.7,8.4,0.437,2.4,6.2,0.381,1.4,1.6,0.844,0.9,4.9,5.8,1.5,0.8,0.8,0.5,0.1,1.6,1.0,11.1,7.2,57,119.8,120.4,120.4,107.7,108.0,108.0,12.1,12.4,12.4,0.071,1.84,13.7,0.032,0.161,0.099,7.4,7.3,0.578,0.609,0.146,0.152,102.94,102.55,85.46,102.55,0.091,4838,301,689,3.7,8.4,2026,80.0,79.0,78.0,85.0,84.0,90.0,80.0,79.0,40.0,60.0,43.0,44.0,52.0,69.0,85.0,45.0,75.0,42.0,53.0,70.0,67.0,70.0,69.0,37.0,67.0,85.0,75.0,80.0,66.0,68.0,65.0,64.0,33.0,42.0,71.0,75.0
Julian Phillips,MIN,48,19,29,0.396,8.9,1.1,2.5,0.421,0.4,1.4,0.308,0.4,0.5,0.783,0.5,0.5,1.0,0.2,0.2,0.5,0.1,0.2,0.9,0.4,2.9,-0.5,415,109.7,107.7,107.7,111.7,110.7,110.7,-2.0,-2.9,-2.9,0.032,0.91,6.6,0.053,0.054,0.053,7.3,7.2,0.504,0.534,0.134,0.14,104.31,105.72,88.1,105.72,0.046,943,51,121,1.1,2.5,2026,72.0,81.0,68.0,75.0,77.0,70.0,50.0,70.0,45.0,80.0,54.0,57.0,55.0,55.0,80.0,55.0,68.0,46.0,55.0,67.0,68.0,65.0,73.0,40.0,80.0,85.0,85.0,80.0,60.0,66.0,67.0,57.0,29.0,63.0,41.0,78.0
Julian Reese,WAS,13,1,12,0.077,30.9,4.8,9.2,0.529,0.0,0.0,0.0,2.2,3.4,0.636,4.2,6.3,10.5,1.8,2.5,1.4,0.6000000000000001,1.8,3.2,3.5,11.8,-8.6,517,109.0,110.8,110.8,123.2,122.6,122.6,-14.2,-11.8,-11.8,0.084,0.75,12.3,0.133,0.219,0.174,16.4,16.5,0.529,0.557,0.173,0.176,103.1,102.52,85.43,102.52,0.092,853,63,119,4.8,9.2,2026,76.0,73.0,66.0,30.0,67.0,65.0,50.0,78.0,70.0,70.0,66.0,65.0,66.0,65.0,60.0,67.0,59.0,43.0,51.0,64.0,50.0,40.0,68.0,76.0,75.0,80.0,95.0,81.0,47.0,62.0,58.0,48.0,37.0,90.0,87.0,64.0
Julian Strawther,DEN,57,38,19,0.667,15.1,2.6,5.6,0.467,1.0,2.6,0.387,1.0,1.2,0.8140000000000001,0.2,1.8,2.0,1.1,0.6000000000000001,0.4,0.1,0.4,1.3,1.2,7.2,0.4,265,115.0,115.0,115.0,115.2,113.5,113.5,-0.3,1.5,1.5,0.101,1.69,13.7,0.014,0.112,0.065,8.1,8.1,0.558,0.59,0.187,0.193,101.11,101.86,84.89,101.86,0.082,1823,149,319,2.6,5.6,2026,77.0,96.0,70.0,81.0,81.0,80.0,70.0,79.0,35.0,70.0,40.0,40.0,40.0,67.0,95.0,44.0,74.0,43.0,40.0,68.0,68.0,65.0,63.0,53.0,64.0,90.0,75.0,80.0,64.0,74.0,57.0,65.0,38.0,34.0,57.0,70.0
Julius Randle,MIN,79,47,32,0.595,33.0,7.3,15.3,0.481,1.4,4.4,0.315,5.0,6.3,0.802,1.7,5.1,6.7,5.0,2.7,1.1,0.2,0.8,2.8,4.4,21.1,2.9,183,116.7,117.0,117.0,112.1,113.1,113.1,4.6,4.0,4.0,0.227,1.83,19.6,0.05,0.146,0.099,10.7,10.6,0.526,0.585,0.258,0.266,102.92,102.3,85.25,102.3,0.128,5568,580,1207,7.3,15.3,2026,85.0,91.0,79.0,73.0,76.0,85.0,80.0,90.0,85.0,80.0,79.0,60.0,86.0,82.0,85.0,77.0,73.0,46.0,40.0,73.0,52.0,75.0,73.0,87.0,69.0,95.0,90.0,84.0,70.0,80.0,68.0,75.0,67.0,52.0,67.0,76.0
Justin Champagnie,WAS,69,13,56,0.188,20.0,3.4,6.7,0.502,0.8,2.4,0.319,1.2,1.5,0.784,2.1,3.5,5.6,1.2,0.7000000000000001,0.9,0.6000000000000001,0.7000000000000001,1.7,1.2,8.7,-4.3,322,109.7,110.0,110.0,119.2,119.4,119.4,-9.6,-9.4,-9.4,0.087,1.87,13.2,0.098,0.171,0.133,7.1,7.1,0.56,0.589,0.161,0.165,103.77,103.51,86.26,103.51,0.106,2964,232,462,3.4,6.7,2026,78.0,71.0,79.0,75.0,78.0,85.0,75.0,79.0,65.0,75.0,48.0,44.0,40.0,42.0,80.0,49.0,73.0,59.0,67.0,74.0,73.0,70.0,73.0,40.0,78.0,80.0,85.0,80.0,62.0,69.0,66.0,62.0,36.0,76.0,72.0,73.0
Justin Edwards,PHI,64,37,27,0.578,15.3,2.2,5.0,0.447,1.0,2.8,0.372,0.5,0.6000000000000001,0.846,0.4,1.1,1.5,1.3,0.6000000000000001,0.8,0.2,0.3,1.4,0.5,6.0,-1.1,256,112.5,111.7,111.7,115.5,115.0,115.0,-3.0,-3.4,-3.4,0.114,2.22,17.7,0.025,0.07,0.047,7.9,7.9,0.552,0.5720000000000001,0.154,0.161,103.3,103.91,86.59,103.91,0.068,2115,143,320,2.2,5.0,2026,76.0,89.0,79.0,80.0,85.0,70.0,70.0,79.0,40.0,80.0,40.0,40.0,40.0,44.0,75.0,50.0,68.0,80.0,51.0,58.0,54.0,50.0,82.0,59.0,81.0,85.0,80.0,80.0,65.0,70.0,79.0,65.0,44.0,38.0,45.0,82.0
KJ Simpson,DEN,20,10,10,0.5,12.9,1.7,5.0,0.343,0.6000000000000001,2.0,0.3,0.6000000000000001,0.9,0.611,0.5,1.4,1.9,2.2,1.3,0.8,0.0,0.4,0.9,1.4,4.6,-0.1,366,108.2,110.1,110.1,112.6,110.0,110.0,-4.4,0.0,0.0,0.246,1.72,24.6,0.034,0.112,0.072,14.3,14.3,0.404,0.426,0.21,0.216,99.96,100.24,83.54,100.24,0.065,537,34,99,1.7,5.0,2026,73.0,76.0,53.0,74.0,81.0,75.0,65.0,78.0,25.0,50.0,28.0,40.0,37.0,50.0,80.0,42.0,64.0,86.0,25.0,59.0,59.0,40.0,76.0,52.0,82.0,85.0,80.0,80.0,78.0,87.0,76.0,78.0,71.0,38.0,57.0,83.0
Kam Jones,IND,37,6,31,0.162,16.7,1.8,4.6,0.402,0.6000000000000001,2.0,0.293,0.1,0.2,0.5,0.4,1.2,1.6,3.2,1.0,0.5,0.0,0.3,1.1,0.3,4.4,-3.9,373,106.6,106.0,106.0,116.6,116.0,116.0,-9.9,-10.0,-10.0,0.262,3.31,36.3,0.024,0.071,0.048,11.0,11.0,0.467,0.47,0.141,0.145,103.65,104.2,86.84,104.2,0.061,1334,68,169,1.8,4.6,2026,74.0,88.0,79.0,73.0,66.0,70.0,65.0,79.0,30.0,60.0,40.0,40.0,40.0,54.0,89.0,30.0,60.0,41.0,25.0,58.0,57.0,40.0,76.0,52.0,60.0,88.0,85.0,80.0,79.0,82.0,76.0,79.0,70.0,35.0,44.0,75.0
Karl-Anthony Towns,NYK,75,49,26,0.653,31.0,6.9,13.8,0.501,1.5,4.1,0.368,4.8,5.5,0.858,3.1,8.7,11.9,3.0,2.5,0.9,0.5,1.0,3.4,4.9,20.1,5.0,155,118.1,118.8,118.8,111.5,111.8,111.8,6.6,7.0,7.0,0.142,1.21,14.0,0.101,0.283,0.192,11.6,11.5,0.556,0.619,0.251,0.258,99.95,99.48,82.9,99.48,0.154,4830,517,1032,6.9,13.8,2026,91.0,93.0,69.0,83.0,86.0,85.0,85.0,82.0,85.0,75.0,92.0,92.0,89.0,80.0,98.0,71.0,50.0,42.0,57.0,79.0,55.0,65.0,76.0,87.0,70.0,98.0,90.0,82.0,75.0,65.0,66.0,79.0,70.0,76.0,93.0,76.0
Kawhi Leonard,LAC,65,37,28,0.5690000000000001,32.1,9.8,19.4,0.505,2.6,6.8,0.387,5.7,6.4,0.892,1.1,5.3,6.4,3.6,2.0,1.9,0.4,0.5,1.2,5.1,27.9,5.2,37,119.0,120.3,120.3,110.5,112.8,112.8,8.4,7.5,7.5,0.193,1.76,13.1,0.036,0.162,0.102,7.4,7.4,0.5730000000000001,0.629,0.326,0.333,99.07,97.53,81.28,97.53,0.185,4245,635,1258,9.8,19.4,2026,95.0,98.0,88.0,85.0,90.0,98.0,95.0,90.0,55.0,80.0,65.0,88.0,84.0,84.0,98.0,81.0,89.0,93.0,52.0,91.0,90.0,90.0,84.0,79.0,79.0,85.0,85.0,82.0,79.0,86.0,83.0,82.0,70.0,45.0,72.0,89.0
Keaton Wallace,ATL,53,31,22,0.585,10.1,1.3,3.2,0.398,0.7000000000000001,1.9,0.373,0.2,0.3,0.667,0.1,1.0,1.1,1.8,0.5,0.5,0.1,0.1,0.9,0.3,3.5,-1.9,331,104.2,102.2,102.2,111.7,110.8,110.8,-7.4,-8.6,-8.6,0.264,3.36,31.2,0.005,0.097,0.05,9.3,9.3,0.509,0.52,0.161,0.17,101.15,102.54,85.45,102.54,0.077,1144,68,171,1.3,3.2,2026,72.0,84.0,69.0,85.0,83.0,70.0,65.0,77.0,25.0,50.0,32.0,30.0,29.0,40.0,85.0,44.0,70.0,76.0,47.0,70.0,68.0,70.0,80.0,49.0,72.0,88.0,70.0,84.0,70.0,72.0,76.0,74.0,72.0,26.0,55.0,79.0
Keegan Murray,SAC,23,5,18,0.217,34.5,5.5,13.0,0.42,1.3,4.9,0.277,1.7,2.1,0.776,1.4,4.3,5.7,1.7,1.2,1.0,1.6,0.7000000000000001,1.8,1.7,14.0,-7.1,189,106.2,107.6,107.6,115.0,118.4,118.4,-8.8,-10.7,-10.7,0.07,1.41,9.8,0.039,0.122,0.079,7.0,7.0,0.472,0.499,0.182,0.187,102.4,100.29,83.57,100.29,0.078,1663,126,300,5.5,13.0,2026,79.0,97.0,73.0,76.0,78.0,60.0,75.0,77.0,60.0,80.0,69.0,69.0,69.0,45.0,80.0,68.0,78.0,43.0,80.0,64.0,75.0,75.0,76.0,60.0,79.0,85.0,86.0,80.0,65.0,70.0,73.0,66.0,33.0,47.0,62.0,79.0
Keldon Johnson,SAS,82,62,20,0.756,23.3,5.0,9.7,0.519,1.2,3.3,0.363,1.9,2.4,0.794,1.7,3.7,5.4,1.4,0.9,0.6000000000000001,0.1,0.7000000000000001,2.0,1.8,13.2,3.9,213,115.5,116.0,116.0,108.0,108.2,108.2,7.5,7.8,7.8,0.085,1.59,10.4,0.067,0.143,0.106,6.6,6.6,0.582,0.613,0.201,0.207,102.55,102.22,85.18,102.22,0.118,4070,414,797,5.0,9.7,2026,79.0,97.0,83.0,81.0,80.0,60.0,70.0,87.0,65.0,75.0,59.0,62.0,62.0,61.0,95.0,67.0,73.0,38.0,35.0,69.0,64.0,65.0,76.0,70.0,71.0,90.0,95.0,80.0,74.0,79.0,73.0,74.0,36.0,62.0,67.0,78.0
Kelly Olynyk,SAS,42,33,9,0.786,8.6,1.1,2.3,0.49,0.3,1.1,0.255,0.6000000000000001,0.9,0.711,0.6000000000000001,1.2,1.8,1.2,0.6000000000000001,0.4,0.1,0.2,0.9,0.9,3.2,-0.9,446,104.5,104.2,104.2,111.3,111.1,111.1,-6.8,-6.9,-6.9,0.203,2.04,26.2,0.063,0.138,0.101,12.8,12.9,0.552,0.59,0.16,0.163,100.58,100.81,84.01,100.81,0.096,763,47,96,1.1,2.3,2026,75.0,93.0,70.0,74.0,71.0,70.0,65.0,75.0,70.0,60.0,79.0,79.0,79.0,49.0,78.0,70.0,50.0,53.0,60.0,66.0,45.0,65.0,31.0,70.0,55.0,89.0,90.0,82.0,70.0,42.0,25.0,76.0,70.0,66.0,71.0,35.0
Kelly Oubre Jr.,PHI,50,27,23,0.54,31.5,5.1,10.9,0.467,1.7,4.8,0.36,2.2,2.9,0.766,1.0,4.0,5.0,1.6,1.4,1.4,0.5,0.7000000000000001,2.5,2.5,14.1,-1.3,126,114.2,115.3,115.3,114.4,117.2,117.2,-0.3,-1.9,-1.9,0.073,1.16,10.6,0.031,0.121,0.077,9.2,9.1,0.546,0.58,0.179,0.184,102.05,100.39,83.66,100.39,0.083,3291,254,544,5.1,10.9,2026,80.0,91.0,83.0,80.0,76.0,65.0,80.0,84.0,40.0,84.0,45.0,53.0,52.0,70.0,88.0,49.0,74.0,56.0,53.0,70.0,75.0,55.0,72.0,58.0,95.0,90.0,75.0,84.0,73.0,74.0,69.0,75.0,34.0,42.0,60.0,82.0
Kenrich Williams,OKC,56,41,15,0.732,15.3,2.5,5.3,0.473,0.9,2.3,0.388,0.6000000000000001,0.9,0.635,1.1,2.3,3.3,1.4,0.8,0.6000000000000001,0.1,0.3,1.1,1.0,6.5,0.8,296,113.9,112.6,112.6,110.6,109.5,109.5,3.2,3.1,3.1,0.132,1.84,18.0,0.068,0.143,0.106,9.8,9.8,0.557,0.5690000000000001,0.178,0.186,99.74,100.84,84.03,100.84,0.098,1792,140,296,2.5,5.3,2026,78.0,84.0,90.0,84.0,64.0,70.0,60.0,79.0,40.0,65.0,57.0,58.0,58.0,55.0,90.0,68.0,75.0,53.0,42.0,74.0,75.0,75.0,66.0,63.0,72.0,80.0,90.0,80.0,69.0,69.0,63.0,69.0,46.0,60.0,63.0,75.0
Kentavious Caldwell-Pope,MEM,51,20,31,0.392,21.3,2.9,7.2,0.41,1.1,3.4,0.316,1.4,1.6,0.913,0.4,2.1,2.5,2.7,1.2,0.8,0.2,0.2,1.1,1.3,8.4,-2.2,249,109.6,110.8,110.8,113.9,115.3,115.3,-4.2,-4.5,-4.5,0.181,2.28,23.1,0.017,0.094,0.054,10.1,10.1,0.485,0.533,0.173,0.177,103.48,102.31,85.26,102.31,0.083,2314,150,366,2.9,7.2,2026,75.0,88.0,87.0,80.0,91.0,50.0,30.0,74.0,35.0,73.0,35.0,58.0,35.0,40.0,90.0,45.0,87.0,53.0,45.0,82.0,82.0,85.0,85.0,60.0,69.0,92.0,85.0,84.0,67.0,70.0,80.0,68.0,68.0,35.0,50.0,84.0
Keon Ellis,CLE,72,31,41,0.431,20.5,2.3,5.3,0.44,1.3,3.5,0.363,0.7000000000000001,1.0,0.729,0.5,1.3,1.9,1.0,0.6000000000000001,1.2,0.6000000000000001,0.1,1.9,1.2,6.7,-2.0,204,110.2,110.6,110.6,114.8,115.4,115.4,-4.5,-4.8,-4.8,0.067,1.76,13.7,0.025,0.066,0.045,7.8,7.8,0.559,0.579,0.129,0.133,100.91,100.49,83.74,100.49,0.058,3097,169,384,2.3,5.3,2026,77.0,95.0,60.0,80.0,72.0,50.0,40.0,75.0,25.0,65.0,27.0,40.0,38.0,54.0,85.0,58.0,84.0,93.0,70.0,82.0,87.0,85.0,81.0,48.0,79.0,85.0,80.0,80.0,64.0,74.0,77.0,65.0,31.0,39.0,42.0,84.0
Keshad Johnson,MIA,32,16,16,0.5,8.7,1.6,3.3,0.49,0.4,1.4,0.295,0.7000000000000001,0.9,0.724,0.8,1.1,1.9,0.3,0.4,0.5,0.3,0.2,0.9,0.6000000000000001,4.3,2.8,418,123.7,122.3,122.3,110.3,109.3,109.3,13.5,13.0,13.0,0.036,0.62,5.8,0.08,0.12,0.1,9.4,9.4,0.553,0.582,0.171,0.175,108.51,109.64,91.37,109.64,0.083,642,51,104,1.6,3.3,2026,72.0,75.0,70.0,71.0,68.0,60.0,65.0,72.0,50.0,86.0,59.0,59.0,59.0,40.0,80.0,52.0,60.0,46.0,70.0,57.0,52.0,40.0,92.0,65.0,89.0,88.0,90.0,80.0,57.0,65.0,70.0,55.0,37.0,68.0,66.0,80.0
Keshon Gilbert,ATL,4,0,4,0.0,18.4,1.3,3.0,0.417,0.0,0.8,0.0,1.8,1.8,1.0,0.5,0.8,1.3,3.0,2.0,0.8,1.0,0.0,1.3,1.3,4.3,-14.5,517,105.8,103.2,103.2,141.1,141.3,141.3,-35.3,-38.1,-38.1,0.222,1.5,34.3,0.028,0.046,0.036,22.9,22.8,0.417,0.5640000000000001,0.131,0.139,99.99,101.16,84.3,101.16,0.049,156,5,12,1.3,3.0,2026,68.0,76.0,73.0,73.0,75.0,60.0,35.0,76.0,25.0,60.0,32.0,34.0,30.0,40.0,80.0,34.0,76.0,67.0,34.0,70.0,72.0,65.0,77.0,60.0,71.0,85.0,76.0,81.0,70.0,74.0,73.0,70.0,67.0,38.0,43.0,83.0
Kevin Durant,HOU,78,48,30,0.615,36.4,9.2,17.6,0.52,2.4,5.8,0.413,5.2,6.0,0.874,0.5,4.9,5.5,4.8,3.2,0.8,0.9,0.5,1.8,4.8,26.0,4.4,54,116.0,117.9,117.9,111.4,112.4,112.4,4.6,5.5,5.5,0.203,1.51,17.0,0.014,0.131,0.073,11.3,11.2,0.588,0.641,0.263,0.27,99.4,98.14,81.78,98.14,0.15,5816,716,1376,9.2,17.6,2026,93.0,98.0,97.0,91.0,88.0,80.0,95.0,96.0,60.0,85.0,74.0,86.0,86.0,85.0,98.0,70.0,77.0,38.0,62.0,75.0,75.0,75.0,80.0,63.0,77.0,94.0,90.0,88.0,78.0,92.0,80.0,88.0,70.0,33.0,62.0,78.0
Kevin Huerter,DET,69,40,29,0.58,22.5,3.9,8.6,0.451,1.4,4.7,0.308,0.8,1.0,0.775,0.5,3.0,3.5,2.6,1.0,0.9,0.5,0.4,1.7,1.0,10.0,1.2,171,112.8,113.1,113.1,110.8,110.8,110.8,2.0,2.3,2.3,0.161,2.47,20.3,0.021,0.125,0.074,8.2,8.2,0.535,0.552,0.184,0.19,103.09,102.94,85.78,102.94,0.093,3327,269,596,3.9,8.6,2026,77.0,94.0,67.0,75.0,77.0,55.0,75.0,85.0,30.0,65.0,25.0,58.0,35.0,50.0,90.0,44.0,64.0,53.0,58.0,58.0,57.0,50.0,84.0,50.0,75.0,85.0,80.0,83.0,74.0,79.0,72.0,76.0,62.0,37.0,61.0,73.0
Kevin Love,UTA,37,10,27,0.27,16.6,2.1,5.4,0.397,1.4,3.8,0.373,1.0,1.2,0.841,1.5,4.3,5.8,1.8,0.8,0.4,0.2,0.0,1.5,1.1,6.7,-2.2,175,115.6,115.8,115.8,121.6,122.5,122.5,-6.0,-6.7,-6.7,0.145,2.23,21.3,0.083,0.256,0.167,9.6,9.5,0.53,0.5680000000000001,0.161,0.166,104.71,104.18,86.81,104.18,0.103,1334,79,199,2.1,5.4,2026,76.0,98.0,79.0,80.0,84.0,50.0,55.0,72.0,70.0,50.0,71.0,77.0,75.0,50.0,80.0,69.0,50.0,36.0,57.0,75.0,57.0,50.0,60.0,80.0,60.0,60.0,80.0,77.0,65.0,52.0,33.0,77.0,57.0,68.0,89.0,54.0
Kevin McCullar Jr.,NYK,21,11,10,0.524,7.4,1.0,2.2,0.426,0.4,1.1,0.333,0.1,0.2,0.4,0.5,0.8,1.3,1.0,0.6000000000000001,0.4,0.0,0.1,1.0,0.2,2.4,-2.3,424,103.4,98.8,98.8,111.3,110.9,110.9,-8.0,-12.1,-12.1,0.208,1.67,24.7,0.065,0.099,0.082,14.8,14.8,0.511,0.508,0.166,0.177,98.83,101.27,84.39,101.27,0.062,323,20,47,1.0,2.2,2026,71.0,76.0,75.0,74.0,79.0,50.0,40.0,76.0,45.0,75.0,59.0,62.0,60.0,45.0,85.0,52.0,72.0,56.0,63.0,70.0,68.0,50.0,75.0,55.0,75.0,90.0,80.0,80.0,68.0,66.0,68.0,67.0,33.0,74.0,55.0,82.0
Kevin Porter Jr.,MIL,38,18,20,0.474,33.2,6.3,13.5,0.465,1.2,3.8,0.322,3.6,4.1,0.878,0.9,4.3,5.2,7.4,2.9,2.2,0.5,0.8,2.3,3.6,17.4,-2.8,212,110.8,111.4,111.4,115.5,116.1,116.1,-4.7,-4.7,-4.7,0.336,2.55,28.8,0.027,0.123,0.077,11.3,11.3,0.51,0.5670000000000001,0.236,0.242,99.74,99.18,82.65,99.18,0.132,2612,239,514,6.3,13.5,2026,82.0,79.0,94.0,76.0,88.0,75.0,75.0,85.0,40.0,80.0,25.0,62.0,44.0,84.0,80.0,44.0,69.0,96.0,53.0,64.0,75.0,55.0,85.0,52.0,75.0,88.0,80.0,80.0,82.0,82.0,83.0,82.0,78.0,40.0,62.0,75.0
Kevon Looney,NOP,21,3,18,0.143,14.6,1.2,2.9,0.417,0.1,0.6000000000000001,0.154,0.3,0.5,0.7000000000000001,2.3,3.3,5.6,1.6,0.4,0.4,0.5,0.2,1.6,0.4,2.8,-3.0,490,105.4,105.3,105.3,114.2,115.7,115.7,-8.8,-10.4,-10.4,0.148,3.78,31.5,0.132,0.214,0.171,8.3,8.4,0.433,0.458,0.096,0.098,103.26,102.64,85.53,102.64,0.093,660,25,60,1.2,2.9,2026,74.0,74.0,44.0,69.0,55.0,50.0,35.0,70.0,75.0,70.0,55.0,52.0,62.0,38.0,66.0,72.0,46.0,59.0,70.0,74.0,64.0,65.0,58.0,74.0,63.0,85.0,96.0,84.0,55.0,61.0,48.0,66.0,55.0,94.0,77.0,69.0
Keyonte George,UTA,54,16,38,0.296,33.1,7.4,16.3,0.456,2.5,6.7,0.371,6.2,7.0,0.892,0.4,3.3,3.7,6.1,3.1,1.1,0.3,1.1,2.2,4.7,23.6,-6.2,49,113.7,115.1,115.1,122.0,123.6,123.6,-8.3,-8.6,-8.6,0.286,2.0,21.6,0.012,0.096,0.054,10.8,10.7,0.532,0.609,0.275,0.281,104.57,103.25,86.04,103.25,0.122,3840,402,881,7.4,16.3,2026,87.0,94.0,83.0,81.0,89.0,95.0,95.0,90.0,40.0,65.0,47.0,49.0,48.0,86.0,90.0,34.0,65.0,43.0,45.0,57.0,58.0,50.0,79.0,55.0,72.0,84.0,85.0,80.0,85.0,86.0,78.0,85.0,74.0,32.0,52.0,78.0
Khaman Maluach,PHX,46,22,24,0.478,8.9,1.2,2.3,0.533,0.1,0.5,0.238,0.5,0.7000000000000001,0.71,1.1,1.8,2.9,0.1,0.5,0.1,0.7000000000000001,0.3,0.9,0.6000000000000001,3.0,1.0,487,105.6,106.0,106.0,103.0,103.5,103.5,2.6,2.5,2.5,0.021,0.24,4.0,0.107,0.198,0.151,16.6,16.7,0.557,0.586,0.142,0.147,98.34,97.92,81.6,97.92,0.098,851,56,105,1.2,2.3,2026,75.0,70.0,66.0,50.0,71.0,50.0,40.0,71.0,85.0,80.0,65.0,52.0,60.0,40.0,85.0,81.0,63.0,32.0,94.0,82.0,57.0,75.0,48.0,70.0,65.0,85.0,85.0,80.0,51.0,44.0,37.0,51.0,27.0,79.0,80.0,63.0
Khris Middleton,DAL,63,18,45,0.286,22.8,3.6,8.6,0.42,1.1,3.0,0.36,1.9,2.2,0.875,0.8,2.9,3.7,2.8,1.7,0.7000000000000001,0.1,0.4,2.3,1.8,10.2,-5.3,254,109.9,110.0,110.0,120.2,121.1,121.1,-10.3,-11.1,-11.1,0.171,1.63,20.0,0.033,0.118,0.075,12.3,12.2,0.482,0.533,0.198,0.205,104.34,103.88,86.57,103.88,0.073,3118,227,540,3.6,8.6,2026,76.0,81.0,87.0,78.0,87.0,60.0,40.0,80.0,40.0,65.0,67.0,70.0,70.0,40.0,80.0,67.0,74.0,42.0,40.0,74.0,70.0,70.0,71.0,73.0,66.0,75.0,80.0,90.0,74.0,75.0,71.0,74.0,65.0,43.0,60.0,74.0
Killian Hayes,SAC,23,10,13,0.435,17.6,1.8,6.0,0.304,0.7000000000000001,2.7,0.27,1.1,1.2,0.929,0.2,2.2,2.3,3.5,1.2,0.9,0.2,0.2,1.6,1.1,5.5,-0.8,324,107.7,107.8,107.8,110.7,110.6,110.6,-3.0,-2.8,-2.8,0.265,2.89,31.2,0.009,0.117,0.061,10.8,10.8,0.366,0.422,0.179,0.183,100.92,100.91,84.09,100.91,0.071,855,42,138,1.8,6.0,2026,72.0,65.0,65.0,72.0,70.0,70.0,50.0,74.0,25.0,60.0,35.0,55.0,60.0,40.0,85.0,49.0,73.0,53.0,51.0,69.0,70.0,65.0,79.0,56.0,70.0,89.0,85.0,83.0,82.0,83.0,75.0,84.0,74.0,30.0,64.0,79.0
Klay Thompson,DAL,69,21,48,0.304,21.7,4.1,10.6,0.393,2.9,7.6,0.383,0.5,0.7000000000000001,0.766,0.3,1.8,2.1,1.4,0.9,0.5,0.3,0.1,1.0,0.4,11.7,-1.9,20,106.0,106.3,106.3,111.9,111.0,111.0,-5.8,-4.7,-4.7,0.096,1.52,10.7,0.011,0.074,0.043,7.0,6.9,0.532,0.541,0.214,0.223,105.77,106.06,88.39,106.06,0.077,3318,286,728,4.1,10.6,2026,78.0,85.0,69.0,88.0,76.0,80.0,80.0,67.0,35.0,65.0,35.0,65.0,64.0,60.0,85.0,60.0,75.0,37.0,51.0,70.0,48.0,70.0,71.0,62.0,67.0,91.0,80.0,94.0,57.0,67.0,71.0,57.0,38.0,31.0,47.0,75.0
Kobe Brown,IND,61,17,44,0.279,15.8,2.1,4.4,0.469,0.9,2.3,0.374,0.8,1.0,0.797,1.1,1.9,3.0,1.3,0.9,0.4,0.2,0.4,1.1,0.9,5.8,-3.6,302,109.1,108.4,108.4,118.8,119.0,119.0,-9.7,-10.5,-10.5,0.123,1.51,18.6,0.072,0.119,0.096,12.3,12.3,0.5650000000000001,0.594,0.154,0.159,100.38,100.6,83.83,100.6,0.078,2014,127,271,2.1,4.4,2026,76.0,85.0,72.0,81.0,80.0,75.0,70.0,79.0,60.0,65.0,64.0,64.0,64.0,50.0,80.0,62.0,62.0,38.0,51.0,60.0,57.0,45.0,60.0,74.0,66.0,88.0,85.0,80.0,69.0,70.0,57.0,70.0,43.0,65.0,60.0,62.0
Kobe Bufkin,LAL,16,10,6,0.625,7.5,0.9,3.1,0.3,0.3,1.6,0.192,0.7000000000000001,0.8,0.917,0.1,0.8,0.8,0.6000000000000001,0.3,0.1,0.2,0.1,0.6000000000000001,0.7000000000000001,2.9,-4.3,439,102.8,97.7,97.7,128.8,127.9,127.9,-26.0,-30.2,-30.2,0.128,2.0,14.1,0.008,0.102,0.055,7.0,7.1,0.35,0.416,0.219,0.234,99.52,102.44,85.37,102.44,0.038,259,15,50,0.9,3.1,2026,71.0,80.0,79.0,70.0,72.0,60.0,55.0,80.0,30.0,75.0,42.0,44.0,43.0,40.0,90.0,48.0,64.0,38.0,56.0,54.0,52.0,40.0,86.0,40.0,80.0,95.0,80.0,80.0,72.0,87.0,86.0,73.0,67.0,46.0,61.0,86.0
Kobe Sanders,LAC,68,36,32,0.529,19.9,2.6,5.6,0.466,1.2,2.9,0.408,0.8,1.0,0.8260000000000001,0.4,1.8,2.3,1.6,1.2,0.7000000000000001,0.1,0.3,2.1,0.9,7.3,0.5,222,113.4,113.1,113.1,112.1,112.9,112.9,1.3,0.2,0.2,0.117,1.35,18.1,0.022,0.088,0.056,13.4,13.4,0.5700000000000001,0.597,0.155,0.161,99.56,99.33,82.77,99.33,0.062,2808,179,384,2.6,5.6,2026,76.0,85.0,77.0,84.0,79.0,80.0,70.0,79.0,70.0,85.0,47.0,52.0,49.0,64.0,95.0,48.0,57.0,49.0,40.0,51.0,50.0,45.0,77.0,42.0,75.0,85.0,90.0,80.0,70.0,75.0,74.0,79.0,43.0,38.0,51.0,75.0
Koby Brea,PHX,12,5,7,0.417,7.0,1.3,3.0,0.417,1.1,2.5,0.433,0.2,0.2,1.0,0.1,0.6000000000000001,0.7000000000000001,0.8,0.3,0.1,0.0,0.1,0.5,0.1,3.8,-0.4,247,101.2,101.8,101.8,107.5,106.0,106.0,-6.3,-4.2,-4.2,0.189,2.5,19.6,0.012,0.088,0.048,7.8,7.9,0.597,0.61,0.203,0.211,95.8,96.15,80.13,96.15,0.101,169,15,36,1.3,3.0,2026,68.0,72.0,74.0,84.0,89.0,60.0,50.0,71.0,40.0,60.0,40.0,41.0,40.0,30.0,85.0,48.0,59.0,42.0,45.0,59.0,55.0,50.0,68.0,51.0,64.0,85.0,88.0,80.0,68.0,67.0,62.0,66.0,37.0,41.0,57.0,66.0
Kon Knueppel,CHA,81,44,37,0.543,31.5,6.4,13.4,0.475,3.4,7.9,0.425,2.4,2.8,0.863,1.2,4.1,5.3,3.4,2.0,0.7000000000000001,0.2,0.6000000000000001,2.1,2.3,18.5,4.0,5,116.4,119.2,119.2,112.8,113.0,113.0,3.6,6.2,6.2,0.158,1.7,17.0,0.036,0.128,0.082,10.0,9.9,0.601,0.633,0.216,0.221,101.07,99.73,83.11,99.73,0.115,5297,515,1084,6.4,13.4,2026,86.0,97.0,72.0,94.0,87.0,95.0,95.0,84.0,40.0,55.0,40.0,40.0,40.0,44.0,90.0,48.0,70.0,38.0,42.0,67.0,67.0,65.0,65.0,62.0,78.0,89.0,95.0,80.0,75.0,76.0,64.0,75.0,64.0,46.0,62.0,70.0
Kris Dunn,LAC,82,42,40,0.512,27.2,2.8,5.8,0.476,1.0,2.6,0.374,0.8,1.0,0.765,0.7000000000000001,2.6,3.3,3.6,1.4,1.6,0.2,0.3,2.3,0.9,7.3,0.2,277,114.4,114.6,114.6,112.8,114.1,114.1,1.5,0.5,0.5,0.179,2.66,32.1,0.028,0.097,0.063,12.1,12.1,0.56,0.581,0.122,0.125,98.89,98.23,81.86,98.23,0.074,4560,227,477,2.8,5.8,2026,77.0,95.0,71.0,81.0,78.0,70.0,45.0,70.0,40.0,55.0,39.0,60.0,42.0,40.0,80.0,40.0,87.0,90.0,40.0,88.0,88.0,85.0,83.0,56.0,83.0,85.0,90.0,84.0,72.0,78.0,82.0,74.0,66.0,40.0,51.0,87.0
Kris Murray,POR,57,28,29,0.491,23.4,2.3,4.8,0.467,0.6000000000000001,2.1,0.279,0.7000000000000001,1.0,0.684,1.6,2.0,3.6,1.4,0.8,0.9,0.4,0.3,1.6,0.8,5.8,0.8,372,109.6,110.6,110.6,109.3,109.1,109.1,0.3,1.5,1.5,0.082,1.72,18.9,0.062,0.084,0.073,11.0,11.0,0.529,0.55,0.103,0.106,102.61,102.27,85.22,102.27,0.063,2841,129,276,2.3,4.8,2026,74.0,91.0,77.0,66.0,71.0,75.0,70.0,70.0,60.0,75.0,50.0,52.0,52.0,60.0,80.0,60.0,66.0,53.0,56.0,65.0,66.0,50.0,68.0,60.0,75.0,90.0,80.0,80.0,60.0,69.0,62.0,60.0,34.0,61.0,48.0,73.0
Kyle Anderson,MIN,43,15,28,0.349,19.8,2.5,4.7,0.53,0.1,0.3,0.364,1.1,1.6,0.706,1.0,2.5,3.5,2.9,0.9,1.0,0.6000000000000001,0.3,2.2,1.5,6.2,-1.9,491,107.5,107.4,107.4,111.6,111.6,111.6,-4.2,-4.2,-4.2,0.204,3.23,31.7,0.047,0.121,0.084,9.8,9.8,0.54,0.5730000000000001,0.131,0.135,103.83,103.85,86.54,103.85,0.095,1844,107,202,2.5,4.7,2026,75.0,97.0,48.0,79.0,71.0,70.0,40.0,84.0,55.0,45.0,45.0,48.0,41.0,49.0,70.0,60.0,79.0,73.0,67.0,78.0,75.0,75.0,66.0,62.0,66.0,85.0,64.0,83.0,78.0,81.0,65.0,79.0,67.0,50.0,61.0,80.0
Kyle Filipowski,UTA,77,21,56,0.273,23.4,4.2,8.5,0.492,1.0,3.0,0.325,2.1,2.8,0.75,1.9,5.3,7.2,2.6,1.6,0.9,0.5,0.7000000000000001,3.0,1.9,11.4,-3.3,282,113.5,113.7,113.7,120.1,120.4,120.4,-6.6,-6.6,-6.6,0.156,1.58,18.4,0.076,0.225,0.149,11.6,11.6,0.548,0.586,0.197,0.201,104.31,104.07,86.72,104.07,0.106,3906,323,657,4.2,8.5,2026,79.0,97.0,70.0,76.0,75.0,80.0,75.0,64.0,70.0,70.0,74.0,72.0,74.0,50.0,85.0,60.0,55.0,59.0,61.0,65.0,57.0,50.0,77.0,68.0,66.0,85.0,90.0,80.0,60.0,69.0,57.0,60.0,61.0,65.0,86.0,57.0
Kyle Kuzma,MIL,69,31,38,0.449,26.2,4.9,10.0,0.492,1.2,3.5,0.347,2.0,2.7,0.726,0.8,3.7,4.5,2.7,1.7,0.7000000000000001,0.4,0.5,1.9,2.3,13.0,-4.1,215,110.1,110.2,110.2,116.6,116.8,116.8,-6.5,-6.6,-6.6,0.153,1.55,17.2,0.032,0.134,0.084,11.1,11.1,0.552,0.581,0.212,0.219,100.69,100.59,83.82,100.59,0.096,3769,339,689,4.9,10.0,2026,80.0,84.0,79.0,78.0,72.0,70.0,70.0,75.0,75.0,75.0,66.0,65.0,66.0,50.0,95.0,66.0,75.0,41.0,55.0,74.0,72.0,70.0,74.0,74.0,75.0,85.0,95.0,83.0,66.0,77.0,67.0,78.0,59.0,42.0,66.0,74.0
Kyle Lowry,PHI,14,9,5,0.643,8.4,0.3,1.8,0.16,0.3,1.8,0.16,0.4,0.4,0.833,0.0,0.6000000000000001,0.6000000000000001,0.8,0.3,0.1,0.1,0.0,0.6000000000000001,0.4,1.2,-2.8,446,100.0,98.5,98.5,114.4,116.5,116.5,-14.4,-18.0,-18.0,0.131,2.75,25.6,0.0,0.065,0.032,9.3,9.4,0.24,0.308,0.106,0.11,105.21,105.12,87.6,105.12,0.013,262,4,25,0.3,1.8,2026,73.0,67.0,85.0,75.0,82.0,60.0,40.0,70.0,25.0,25.0,38.0,44.0,40.0,40.0,95.0,60.0,80.0,76.0,56.0,80.0,80.0,80.0,84.0,67.0,72.0,96.0,97.0,79.0,75.0,79.0,84.0,80.0,67.0,34.0,48.0,84.0
LJ Cryer,GSW,18,6,12,0.333,16.2,2.6,6.5,0.402,2.1,5.2,0.394,0.9,1.1,0.895,0.2,1.3,1.6,1.0,0.8,0.2,0.0,0.1,1.6,0.7000000000000001,8.2,0.9,78,111.6,109.2,109.2,109.9,109.6,109.6,1.7,-0.4,-0.4,0.092,1.29,11.6,0.014,0.084,0.049,9.0,8.9,0.56,0.59,0.196,0.208,97.93,99.16,82.63,99.16,0.07,612,47,117,2.6,6.5,2026,74.0,86.0,79.0,83.0,85.0,70.0,75.0,70.0,25.0,30.0,25.0,32.0,25.0,57.0,95.0,25.0,57.0,28.0,25.0,57.0,57.0,45.0,84.0,32.0,70.0,80.0,78.0,83.0,77.0,79.0,84.0,77.0,36.0,33.0,48.0,82.0
LaMelo Ball,CHA,72,41,31,0.5690000000000001,28.0,7.0,17.3,0.407,3.8,10.3,0.368,2.2,2.5,0.899,0.9,3.9,4.8,7.1,2.8,1.2,0.3,0.7000000000000001,2.7,3.0,20.1,5.8,3,119.9,123.2,123.2,113.9,114.1,114.1,6.0,9.1,9.1,0.384,2.54,25.3,0.03,0.14,0.084,9.9,9.9,0.516,0.546,0.306,0.313,100.87,99.43,82.86,99.43,0.134,4194,506,1244,7.0,17.3,2026,88.0,83.0,76.0,84.0,89.0,85.0,90.0,84.0,45.0,75.0,52.0,58.0,52.0,70.0,98.0,45.0,70.0,63.0,42.0,79.0,89.0,75.0,84.0,50.0,79.0,93.0,89.0,82.0,93.0,88.0,84.0,93.0,90.0,42.0,65.0,84.0
Lachlan Olbrich,CHI,37,9,28,0.243,9.3,1.0,2.1,0.468,0.1,0.5,0.105,0.4,1.1,0.375,1.2,1.8,3.0,1.1,0.4,0.3,0.2,0.2,1.3,1.0,2.4,0.7000000000000001,497,109.5,109.0,109.0,108.3,106.7,106.7,1.2,2.3,2.3,0.153,2.63,27.1,0.112,0.174,0.142,10.3,10.5,0.481,0.47,0.125,0.129,104.89,105.91,88.26,105.91,0.074,763,36,77,1.0,2.1,2026,70.0,84.0,66.0,61.0,39.0,50.0,50.0,67.0,60.0,65.0,65.0,65.0,69.0,60.0,80.0,60.0,37.0,47.0,50.0,66.0,50.0,50.0,50.0,68.0,49.0,85.0,90.0,80.0,68.0,60.0,48.0,69.0,48.0,79.0,77.0,48.0
Landry Shamet,NYK,51,35,16,0.686,23.0,3.1,7.1,0.437,2.0,5.2,0.392,1.1,1.5,0.711,0.5,1.4,1.8,1.4,0.6000000000000001,0.6000000000000001,0.2,0.4,1.5,1.6,9.3,3.7,83,115.3,115.2,115.2,107.6,107.0,107.0,7.8,8.1,8.1,0.084,2.4,14.5,0.019,0.058,0.038,6.0,6.0,0.578,0.598,0.151,0.157,99.13,99.44,82.87,99.44,0.07,2423,159,364,3.1,7.1,2026,77.0,69.0,97.0,83.0,72.0,80.0,75.0,79.0,35.0,70.0,30.0,38.0,26.0,69.0,76.0,25.0,60.0,40.0,45.0,57.0,50.0,35.0,85.0,41.0,80.0,85.0,81.0,81.0,79.0,78.0,82.0,79.0,36.0,36.0,41.0,85.0
Larry Nance Jr.,CLE,35,25,10,0.714,12.8,1.5,3.5,0.419,0.6000000000000001,1.8,0.333,0.2,0.4,0.462,0.8,1.8,2.7,1.0,0.6000000000000001,0.6000000000000001,0.2,0.2,1.6,0.6000000000000001,3.7,-0.5,366,107.3,108.2,108.2,110.6,111.1,111.1,-3.2,-2.9,-2.9,0.105,1.7,18.5,0.058,0.143,0.098,10.9,10.9,0.504,0.505,0.137,0.139,102.27,101.61,84.68,101.61,0.062,955,52,124,1.5,3.5,2026,73.0,93.0,74.0,71.0,70.0,65.0,40.0,72.0,75.0,80.0,58.0,54.0,59.0,50.0,78.0,74.0,61.0,76.0,74.0,78.0,76.0,60.0,65.0,69.0,86.0,80.0,85.0,83.0,69.0,64.0,49.0,70.0,44.0,52.0,70.0,61.0
Lauri Markkanen,UTA,42,17,25,0.405,34.3,9.1,19.2,0.477,2.7,7.7,0.355,5.7,6.4,0.896,2.0,4.9,6.9,2.1,1.5,1.0,0.5,1.1,1.8,5.5,26.7,-1.3,27,112.1,113.6,113.6,115.4,115.2,115.2,-3.3,-1.5,-1.5,0.101,1.41,8.4,0.054,0.134,0.094,5.9,5.9,0.548,0.608,0.269,0.277,105.08,104.48,87.07,104.48,0.139,3137,384,805,9.1,19.2,2026,87.0,96.0,72.0,82.0,90.0,90.0,90.0,80.0,80.0,80.0,84.0,84.0,86.0,85.0,95.0,66.0,65.0,41.0,52.0,66.0,64.0,65.0,63.0,61.0,62.0,85.0,85.0,80.0,67.0,65.0,42.0,75.0,39.0,55.0,66.0,65.0
LeBron James,LAL,60,39,21,0.65,33.2,7.9,15.3,0.515,1.3,4.1,0.317,3.9,5.3,0.737,0.7000000000000001,5.4,6.1,7.2,3.0,1.2,0.6000000000000001,0.8,1.4,3.7,20.9,2.0,200,115.5,115.0,115.0,111.7,112.4,112.4,3.8,2.6,2.6,0.338,2.41,26.0,0.023,0.16,0.093,10.8,10.7,0.557,0.594,0.262,0.273,100.39,100.29,83.58,100.29,0.154,4160,473,919,7.9,15.3,2026,92.0,94.0,76.0,76.0,74.0,95.0,80.0,97.0,80.0,85.0,82.0,88.0,84.0,80.0,98.0,74.0,74.0,46.0,57.0,70.0,70.0,60.0,87.0,89.0,89.0,88.0,70.0,97.0,90.0,84.0,85.0,97.0,81.0,38.0,69.0,84.0
Leaky Black,WAS,15,1,14,0.067,28.9,2.7,6.9,0.388,1.3,3.7,0.345,0.5,0.5,0.875,1.0,4.0,5.0,1.5,0.9,1.2,0.5,0.2,2.7,0.5,7.1,-6.8,203,108.5,109.6,109.6,120.1,119.5,119.5,-11.6,-9.9,-9.9,0.064,1.57,15.4,0.032,0.14,0.084,9.8,9.8,0.481,0.498,0.113,0.115,103.89,103.63,86.36,103.63,0.051,931,40,103,2.7,6.9,2026,73.0,76.0,73.0,83.0,74.0,80.0,50.0,66.0,40.0,80.0,42.0,38.0,40.0,38.0,70.0,59.0,69.0,40.0,61.0,70.0,65.0,55.0,75.0,50.0,77.0,85.0,80.0,80.0,55.0,60.0,63.0,50.0,34.0,48.0,64.0,73.0
Leonard Miller,CHI,46,18,28,0.391,15.6,3.2,5.7,0.553,0.7000000000000001,2.2,0.323,0.8,1.2,0.736,1.2,2.8,3.9,0.9,0.8,0.4,0.3,0.3,1.4,0.9,7.8,-0.6000000000000001,340,112.4,111.7,111.7,113.8,114.1,114.1,-1.4,-2.5,-2.5,0.077,1.11,11.1,0.073,0.158,0.118,10.0,10.0,0.615,0.633,0.176,0.183,106.68,106.87,89.05,106.87,0.104,1605,145,262,3.2,5.7,2026,76.0,95.0,70.0,73.0,74.0,70.0,75.0,84.0,65.0,85.0,59.0,54.0,55.0,67.0,85.0,57.0,63.0,38.0,56.0,60.0,59.0,40.0,73.0,55.0,82.0,90.0,85.0,80.0,51.0,70.0,70.0,52.0,34.0,65.0,72.0,73.0
Liam McNeeley,CHA,31,12,19,0.387,11.9,1.2,3.1,0.4,0.8,1.9,0.4,1.0,1.3,0.8210000000000001,0.4,1.9,2.4,0.8,0.4,0.2,0.1,0.2,1.2,0.9,4.3,0.3,320,110.7,111.5,111.5,112.0,109.9,109.9,-1.3,1.6,1.6,0.096,1.85,15.9,0.034,0.167,0.098,8.6,8.7,0.526,0.588,0.144,0.148,98.18,98.74,82.28,98.74,0.079,754,38,95,1.2,3.1,2026,72.0,56.0,70.0,82.0,82.0,60.0,60.0,67.0,40.0,60.0,38.0,39.0,39.0,58.0,85.0,51.0,62.0,47.0,37.0,58.0,57.0,40.0,81.0,54.0,72.0,84.0,80.0,80.0,68.0,69.0,70.0,68.0,51.0,42.0,66.0,73.0
Lindy Waters III,SAS,40,31,9,0.775,7.1,0.8,2.2,0.375,0.7000000000000001,2.0,0.342,0.1,0.1,0.667,0.1,0.7000000000000001,0.7000000000000001,0.5,0.2,0.2,0.0,0.1,0.6000000000000001,0.3,2.4,-0.1,346,107.9,107.1,107.1,110.9,108.7,108.7,-3.0,-1.6,-1.6,0.09,2.71,16.5,0.01,0.087,0.05,6.1,6.1,0.528,0.532,0.141,0.148,99.85,101.17,84.31,101.17,0.052,602,33,88,0.8,2.2,2026,73.0,90.0,85.0,77.0,80.0,75.0,75.0,70.0,25.0,65.0,28.0,54.0,34.0,65.0,70.0,53.0,67.0,46.0,55.0,62.0,62.0,40.0,60.0,33.0,67.0,83.0,70.0,80.0,69.0,69.0,50.0,67.0,37.0,37.0,60.0,69.0
Lonzo Ball,CLE,35,19,16,0.543,20.8,1.5,5.0,0.301,1.1,4.2,0.272,0.4,0.6000000000000001,0.667,0.7000000000000001,3.3,4.0,3.9,1.5,1.3,0.3,0.2,1.3,0.5,4.6,0.9,234,110.5,111.0,111.0,109.8,109.7,109.7,0.7000000000000001,1.3,1.3,0.236,2.62,36.6,0.032,0.148,0.089,14.0,13.9,0.415,0.432,0.13,0.134,105.04,104.87,87.39,104.87,0.077,1595,53,176,1.5,5.0,2026,77.0,55.0,68.0,77.0,82.0,50.0,60.0,70.0,30.0,75.0,35.0,44.0,40.0,50.0,84.0,60.0,81.0,80.0,58.0,80.0,80.0,75.0,85.0,52.0,80.0,93.0,70.0,80.0,83.0,86.0,85.0,83.0,68.0,41.0,56.0,86.0
Luguentz Dort,OKC,69,53,16,0.768,26.8,2.9,7.6,0.385,1.9,5.4,0.344,0.6000000000000001,0.8,0.759,0.8,2.7,3.6,1.2,0.8,0.9,0.4,0.2,2.6,1.5,8.3,4.3,111,116.2,116.2,116.2,106.7,108.2,108.2,9.4,8.0,8.0,0.059,1.57,12.4,0.03,0.094,0.063,7.8,7.8,0.508,0.524,0.139,0.142,101.28,100.54,83.79,100.54,0.049,3865,202,524,2.9,7.6,2026,80.0,64.0,86.0,77.0,76.0,50.0,40.0,74.0,50.0,85.0,40.0,38.0,44.0,40.0,85.0,75.0,94.0,75.0,55.0,90.0,88.0,90.0,79.0,70.0,87.0,92.0,94.0,80.0,67.0,72.0,76.0,68.0,31.0,42.0,51.0,94.0
Luka Garza,BOS,69,47,22,0.681,16.2,3.0,5.2,0.577,0.8,1.8,0.433,1.3,1.7,0.769,2.3,1.8,4.1,1.0,0.7000000000000001,0.4,0.4,0.4,2.3,1.7,8.1,1.8,314,117.9,119.4,119.4,114.0,113.6,113.6,3.9,5.8,5.8,0.085,1.43,12.7,0.129,0.11,0.12,8.9,8.8,0.654,0.682,0.168,0.173,97.83,97.4,81.17,97.4,0.103,2265,206,357,3.0,5.2,2026,78.0,98.0,74.0,87.0,76.0,85.0,85.0,74.0,60.0,45.0,79.0,79.0,79.0,59.0,85.0,54.0,30.0,40.0,65.0,52.0,56.0,30.0,40.0,69.0,48.0,80.0,85.0,80.0,55.0,35.0,34.0,55.0,36.0,91.0,53.0,40.0
Luke Kennard,LAL,78,45,33,0.577,21.5,3.0,5.7,0.533,1.5,3.1,0.478,0.8,0.9,0.913,0.4,1.9,2.3,2.2,0.8,0.7000000000000001,0.1,0.2,1.3,0.7000000000000001,8.4,0.5,156,114.8,114.2,114.2,113.6,113.7,113.7,1.3,0.5,0.5,0.139,2.9,24.9,0.019,0.086,0.053,8.6,8.5,0.665,0.6890000000000001,0.131,0.137,101.49,101.7,84.75,101.7,0.089,3571,236,443,3.0,5.7,2026,78.0,98.0,98.0,93.0,93.0,65.0,70.0,70.0,30.0,60.0,28.0,35.0,32.0,49.0,80.0,35.0,51.0,42.0,37.0,50.0,50.0,40.0,69.0,40.0,60.0,92.0,70.0,80.0,74.0,75.0,66.0,74.0,46.0,35.0,48.0,68.0
Luke Kornet,SAS,68,52,16,0.765,21.0,2.6,4.0,0.643,0.0,0.0,0.0,1.4,1.7,0.8250000000000001,2.7,3.4,6.1,1.9,0.4,0.5,1.0,0.3,1.8,1.8,6.5,1.7,517,114.6,114.4,114.4,110.3,110.5,110.5,4.3,3.9,3.9,0.114,4.5,26.3,0.116,0.147,0.132,5.8,5.9,0.643,0.6890000000000001,0.1,0.102,102.35,102.41,85.34,102.41,0.109,3051,175,272,2.6,4.0,2026,78.0,85.0,66.0,70.0,82.0,80.0,75.0,69.0,75.0,60.0,78.0,78.0,78.0,58.0,85.0,74.0,32.0,37.0,81.0,76.0,54.0,70.0,38.0,66.0,62.0,85.0,85.0,77.0,50.0,43.0,33.0,60.0,42.0,90.0,68.0,37.0
Luke Travers,CLE,12,6,6,0.5,8.6,0.8,3.0,0.25,0.1,1.3,0.063,0.8,0.8,1.0,0.8,1.3,2.0,0.8,0.3,0.6000000000000001,0.3,0.3,0.5,0.4,2.3,-2.7,494,98.8,97.3,97.3,108.5,110.5,110.5,-9.7,-13.2,-13.2,0.123,3.0,17.3,0.069,0.133,0.098,5.8,5.8,0.264,0.35,0.161,0.168,105.92,105.69,88.08,105.69,0.071,226,9,36,0.8,3.0,2026,69.0,70.0,72.0,74.0,68.0,60.0,50.0,70.0,30.0,65.0,35.0,34.0,30.0,54.0,90.0,52.0,62.0,36.0,56.0,52.0,45.0,50.0,68.0,48.0,75.0,80.0,84.0,80.0,64.0,71.0,65.0,63.0,31.0,37.0,33.0,66.0
Mac McClung,CHI,11,2,9,0.182,12.3,2.1,5.4,0.39,0.6000000000000001,2.7,0.233,1.3,1.6,0.778,0.2,0.7000000000000001,0.9,0.9,0.8,1.0,0.3,0.2,1.7,1.0,6.1,-2.4,354,109.0,112.3,112.3,122.1,121.7,121.7,-13.2,-9.4,-9.4,0.096,1.11,12.3,0.012,0.063,0.034,11.1,10.5,0.449,0.501,0.199,0.216,108.3,106.88,89.07,106.88,0.047,302,23,59,2.1,5.4,2026,71.0,78.0,64.0,75.0,64.0,70.0,65.0,78.0,35.0,94.0,44.0,45.0,43.0,39.0,85.0,40.0,67.0,52.0,42.0,50.0,58.0,40.0,79.0,48.0,82.0,84.0,80.0,82.0,75.0,69.0,78.0,68.0,75.0,29.0,67.0,70.0
Malachi Smith,BKN,15,3,12,0.2,23.9,3.2,6.6,0.485,1.3,3.1,0.435,0.5,0.5,1.0,0.8,2.6,3.4,3.3,0.9,0.8,0.3,0.3,0.9,1.3,8.3,-6.0,190,105.8,104.9,104.9,116.9,118.0,118.0,-11.1,-13.2,-13.2,0.204,3.5,29.9,0.032,0.123,0.073,8.5,8.5,0.586,0.605,0.136,0.143,100.65,100.6,83.83,100.6,0.102,756,48,99,3.2,6.6,2026,72.0,78.0,77.0,83.0,78.0,75.0,60.0,70.0,25.0,55.0,47.0,47.0,48.0,44.0,84.0,45.0,60.0,83.0,45.0,62.0,63.0,45.0,76.0,52.0,65.0,84.0,69.0,80.0,76.0,75.0,75.0,76.0,66.0,46.0,48.0,69.0
Malaki Branham,WAS,28,7,21,0.25,9.8,1.5,3.3,0.473,0.5,1.3,0.378,1.0,1.2,0.8240000000000001,0.4,1.1,1.6,0.8,0.5,0.4,0.1,0.3,0.8,0.7000000000000001,4.6,-1.5,393,104.9,102.5,102.5,110.4,111.3,111.3,-5.4,-8.8,-8.8,0.131,1.53,15.8,0.039,0.113,0.074,10.3,10.4,0.549,0.604,0.177,0.184,101.63,102.37,85.31,102.37,0.099,592,43,91,1.5,3.3,2026,71.0,74.0,74.0,83.0,82.0,70.0,65.0,74.0,60.0,75.0,47.0,44.0,49.0,41.0,80.0,45.0,63.0,42.0,42.0,54.0,52.0,45.0,82.0,55.0,75.0,86.0,70.0,80.0,59.0,69.0,74.0,59.0,60.0,33.0,52.0,82.0
Malevy Leons,GSW,25,7,18,0.28,11.1,1.3,2.9,0.444,0.2,0.6000000000000001,0.25,0.6000000000000001,0.8,0.789,1.2,0.9,2.1,0.9,0.5,0.6000000000000001,0.4,0.2,1.2,0.7000000000000001,3.3,-3.0,475,112.8,111.6,111.6,123.0,122.2,122.2,-10.2,-10.6,-10.6,0.117,1.77,19.7,0.106,0.089,0.098,11.1,11.2,0.472,0.516,0.137,0.143,98.99,99.83,83.19,99.83,0.062,569,32,72,1.3,2.9,2026,70.0,64.0,68.0,74.0,79.0,40.0,40.0,60.0,65.0,65.0,59.0,59.0,59.0,40.0,80.0,72.0,72.0,67.0,73.0,70.0,65.0,60.0,52.0,55.0,60.0,85.0,85.0,82.0,57.0,47.0,47.0,52.0,32.0,82.0,48.0,75.0
Malik Monk,SAC,62,18,44,0.29,22.0,4.5,10.2,0.438,2.0,5.1,0.395,1.5,1.7,0.879,0.2,1.6,1.9,3.0,1.5,0.6000000000000001,0.4,0.5,1.6,1.5,12.5,-4.1,86,109.3,110.0,110.0,117.8,118.3,118.3,-8.5,-8.3,-8.3,0.208,2.03,19.4,0.01,0.071,0.041,9.5,9.5,0.536,0.5680000000000001,0.234,0.24,102.69,102.11,85.1,102.11,0.094,2895,277,632,4.5,10.2,2026,80.0,83.0,79.0,83.0,88.0,75.0,80.0,82.0,40.0,75.0,25.0,62.0,45.0,44.0,95.0,45.0,60.0,41.0,55.0,54.0,57.0,45.0,80.0,48.0,88.0,88.0,72.0,80.0,75.0,79.0,76.0,75.0,70.0,31.0,46.0,80.0
MarJon Beauchamp,PHI,14,7,7,0.5,14.0,2.4,5.4,0.434,1.1,3.4,0.34,0.9,1.4,0.684,0.5,1.8,2.3,1.1,0.9,0.6000000000000001,0.3,0.4,0.9,0.9,6.8,-1.9,234,106.7,107.5,107.5,111.8,111.6,111.6,-5.1,-4.0,-4.0,0.109,1.15,13.3,0.033,0.114,0.075,11.5,11.6,0.539,0.5630000000000001,0.203,0.207,105.05,104.76,87.3,104.76,0.087,424,33,76,2.4,5.4,2026,70.0,86.0,80.0,78.0,68.0,55.0,35.0,79.0,40.0,70.0,29.0,42.0,44.0,37.0,74.0,54.0,69.0,66.0,58.0,65.0,69.0,45.0,76.0,52.0,82.0,89.0,70.0,80.0,65.0,70.0,70.0,67.0,42.0,41.0,62.0,76.0
Marcus Sasser,DET,38,28,10,0.737,12.0,1.8,4.7,0.39,1.2,2.8,0.415,0.4,0.5,0.833,0.2,0.8,1.0,2.0,0.8,0.5,0.1,0.2,1.1,0.4,5.2,3.1,229,115.3,116.4,116.4,104.2,103.1,103.1,11.1,13.4,13.4,0.217,2.42,25.8,0.016,0.07,0.044,10.7,10.7,0.514,0.533,0.197,0.201,101.65,101.68,84.73,101.68,0.078,961,69,177,1.8,4.7,2026,76.0,76.0,60.0,87.0,84.0,85.0,75.0,78.0,25.0,50.0,32.0,37.0,37.0,47.0,75.0,35.0,70.0,70.0,42.0,67.0,67.0,65.0,75.0,47.0,69.0,85.0,85.0,80.0,74.0,80.0,75.0,74.0,71.0,34.0,43.0,83.0
Marcus Smart,LAL,62,41,21,0.661,28.5,3.0,7.7,0.395,1.6,4.7,0.331,1.7,2.1,0.8220000000000001,0.6000000000000001,2.2,2.8,3.0,1.5,1.4,0.4,0.2,2.6,2.3,9.3,4.1,142,117.1,117.3,117.3,109.4,110.6,110.6,7.7,6.8,6.8,0.133,2.01,22.9,0.022,0.077,0.05,11.4,11.4,0.497,0.543,0.151,0.155,100.67,100.07,83.39,100.07,0.059,3691,188,476,3.0,7.7,2026,80.0,82.0,98.0,80.0,82.0,70.0,60.0,70.0,25.0,50.0,25.0,58.0,78.0,27.0,70.0,74.0,86.0,80.0,51.0,86.0,85.0,85.0,75.0,73.0,83.0,89.0,90.0,83.0,75.0,74.0,74.0,75.0,48.0,37.0,46.0,89.0
Mark Sears,MIL,7,1,6,0.143,3.7,0.9,1.9,0.462,0.6000000000000001,1.1,0.5,0.9,1.1,0.75,0.1,0.1,0.3,0.3,0.6000000000000001,0.0,0.0,0.0,0.6000000000000001,0.9,3.1,1.7,377,135.2,123.2,123.2,104.6,101.8,101.8,30.6,21.4,21.4,0.125,0.5,8.7,0.053,0.045,0.049,17.4,17.8,0.615,0.666,0.344,0.366,97.1,103.06,85.88,103.06,0.078,56,6,13,0.9,1.9,2026,68.0,78.0,83.0,79.0,84.0,50.0,55.0,76.0,25.0,30.0,25.0,40.0,29.0,45.0,80.0,31.0,60.0,50.0,30.0,60.0,52.0,40.0,79.0,40.0,70.0,85.0,80.0,80.0,76.0,83.0,79.0,76.0,72.0,30.0,37.0,79.0
Mark Williams,PHX,60,34,26,0.5670000000000001,23.6,4.7,7.3,0.644,0.0,0.0,1.0,2.3,2.9,0.771,3.1,4.9,8.0,1.0,1.1,0.9,0.9,0.4,2.2,2.4,11.7,-0.7000000000000001,512,110.7,111.3,111.3,111.8,113.3,113.3,-1.1,-2.0,-2.0,0.064,0.89,9.2,0.124,0.201,0.162,10.3,10.2,0.645,0.68,0.167,0.172,101.99,101.01,84.18,101.01,0.141,2988,282,438,4.7,7.3,2026,82.0,97.0,60.0,36.0,77.0,85.0,85.0,77.0,85.0,75.0,60.0,60.0,60.0,55.0,85.0,75.0,44.0,56.0,76.0,74.0,60.0,60.0,65.0,86.0,75.0,75.0,88.0,57.0,44.0,35.0,32.0,64.0,32.0,90.0,84.0,64.0
Marvin Bagley III,DAL,60,16,44,0.267,20.0,4.2,6.9,0.618,0.4,0.9,0.462,1.6,2.4,0.66,2.5,3.6,6.1,1.4,1.0,0.5,0.7000000000000001,0.5,2.1,2.0,10.5,-3.7,419,109.9,109.9,109.9,118.4,119.0,119.0,-8.5,-9.1,-9.1,0.107,1.39,13.7,0.116,0.171,0.143,9.8,9.8,0.647,0.661,0.18,0.184,103.49,103.2,86.0,103.2,0.123,2588,254,411,4.2,6.9,2026,79.0,94.0,79.0,80.0,65.0,75.0,75.0,78.0,70.0,75.0,78.0,78.0,78.0,50.0,70.0,58.0,49.0,38.0,70.0,60.0,65.0,40.0,73.0,80.0,86.0,85.0,80.0,87.0,47.0,62.0,64.0,60.0,42.0,86.0,75.0,74.0
Mason Plumlee,SAS,20,10,10,0.5,8.6,0.6000000000000001,0.7000000000000001,0.786,0.0,0.0,0.0,0.5,0.7000000000000001,0.643,0.9,1.8,2.7,1.0,0.6000000000000001,0.5,0.0,0.1,0.9,0.8,1.6,-0.4,517,115.0,114.4,114.4,121.0,116.5,116.5,-6.0,-2.2,-2.2,0.145,1.67,38.5,0.099,0.224,0.159,23.1,23.0,0.786,0.769,0.074,0.078,101.08,103.28,86.07,103.28,0.084,369,11,14,0.6000000000000001,0.7000000000000001,2026,76.0,85.0,60.0,58.0,65.0,70.0,55.0,81.0,85.0,80.0,75.0,70.0,70.0,40.0,81.0,74.0,46.0,40.0,75.0,72.0,68.0,60.0,57.0,80.0,75.0,78.0,92.0,83.0,75.0,37.0,50.0,72.0,66.0,71.0,89.0,48.0
Matas Buzelis,CHI,77,28,49,0.364,29.2,5.8,12.5,0.463,2.2,6.4,0.349,2.4,3.1,0.786,1.0,4.8,5.8,2.1,2.1,0.7000000000000001,1.5,0.7000000000000001,2.3,2.6,16.3,-4.0,67,110.6,110.6,110.6,115.5,116.9,116.9,-4.9,-6.3,-6.3,0.103,0.99,11.4,0.033,0.152,0.094,11.5,11.5,0.553,0.586,0.223,0.229,104.93,104.25,86.88,104.25,0.097,4883,446,963,5.8,12.5,2026,82.0,85.0,83.0,80.0,79.0,95.0,90.0,85.0,65.0,89.0,62.0,58.0,60.0,79.0,90.0,58.0,62.0,38.0,82.0,65.0,62.0,50.0,86.0,60.0,84.0,90.0,85.0,80.0,65.0,72.0,76.0,69.0,40.0,43.0,68.0,70.0
Matisse Thybulle,POR,30,17,13,0.5670000000000001,16.0,1.9,4.5,0.433,1.2,3.1,0.398,0.7000000000000001,0.8,0.84,0.6000000000000001,1.4,2.0,0.9,0.9,2.0,0.5,0.1,1.4,0.8,5.8,2.9,210,108.8,108.8,108.8,100.5,99.8,99.8,8.3,9.0,9.0,0.079,0.96,13.4,0.033,0.087,0.059,13.9,14.0,0.5710000000000001,0.6000000000000001,0.144,0.149,103.37,103.73,86.44,103.73,0.093,1034,58,134,1.9,4.5,2026,76.0,62.0,48.0,83.0,87.0,50.0,25.0,74.0,35.0,70.0,30.0,30.0,30.0,25.0,70.0,60.0,85.0,98.0,68.0,85.0,97.0,85.0,76.0,59.0,70.0,85.0,90.0,80.0,55.0,65.0,69.0,35.0,35.0,46.0,52.0,85.0
Max Christie,DAL,77,24,53,0.312,29.1,4.2,9.4,0.441,2.3,5.8,0.404,1.6,1.8,0.899,0.2,3.0,3.2,2.0,1.2,0.6000000000000001,0.4,0.5,1.3,1.5,12.3,-4.4,60,108.0,108.3,108.3,114.6,115.2,115.2,-6.5,-6.9,-6.9,0.095,1.57,14.6,0.006,0.097,0.052,9.3,9.3,0.5660000000000001,0.601,0.162,0.167,103.67,103.23,86.02,103.23,0.079,4824,320,725,4.2,9.4,2026,77.0,75.0,81.0,84.0,89.0,75.0,75.0,74.0,35.0,80.0,39.0,42.0,42.0,41.0,90.0,44.0,80.0,36.0,50.0,77.0,75.0,75.0,87.0,55.0,82.0,98.0,85.0,80.0,68.0,70.0,78.0,66.0,38.0,29.0,52.0,87.0
Max Shulga,BOS,11,8,3,0.727,3.3,0.2,0.7000000000000001,0.25,0.1,0.4,0.25,0.2,0.2,1.0,0.3,0.3,0.5,0.2,0.3,0.1,0.0,0.0,0.9,0.1,0.6000000000000001,-0.8,492,93.3,92.4,92.4,101.2,100.0,100.0,-8.0,-7.6,-7.6,0.087,0.67,14.3,0.07,0.083,0.076,21.4,21.6,0.313,0.394,0.128,0.132,105.38,106.52,88.77,106.52,-0.038,79,2,8,0.2,0.7000000000000001,2026,68.0,74.0,77.0,80.0,78.0,50.0,50.0,74.0,30.0,45.0,30.0,44.0,48.0,55.0,80.0,42.0,60.0,75.0,28.0,57.0,54.0,50.0,75.0,52.0,67.0,80.0,60.0,80.0,75.0,75.0,74.0,75.0,54.0,41.0,47.0,72.0
Max Strus,CLE,12,9,3,0.75,24.0,3.9,8.8,0.443,2.8,6.8,0.402,0.6000000000000001,0.8,0.778,0.8,4.7,5.4,2.0,0.8,0.3,0.0,0.3,2.8,1.2,11.2,-0.3,26,118.1,117.6,117.6,117.4,117.3,117.3,0.7000000000000001,0.3,0.3,0.113,2.67,16.8,0.031,0.18,0.108,6.3,6.3,0.599,0.609,0.17,0.174,103.28,103.56,86.3,103.56,0.088,620,47,106,3.9,8.8,2026,79.0,86.0,85.0,89.0,88.0,70.0,70.0,74.0,35.0,65.0,48.0,47.0,47.0,42.0,85.0,45.0,66.0,33.0,25.0,60.0,57.0,50.0,76.0,40.0,74.0,95.0,70.0,85.0,72.0,69.0,74.0,70.0,42.0,47.0,81.0,76.0
Maxi Kleber,LAL,43,20,23,0.465,10.7,0.8,1.7,0.452,0.1,0.6000000000000001,0.231,0.3,0.6000000000000001,0.538,0.8,1.1,2.0,0.6000000000000001,0.4,0.4,0.3,0.1,1.4,0.6000000000000001,2.0,1.3,482,116.7,113.4,113.4,110.8,110.3,110.3,5.8,3.1,3.1,0.075,1.59,20.8,0.084,0.107,0.095,13.1,13.2,0.493,0.509,0.092,0.095,99.74,101.41,84.51,101.41,0.038,985,33,73,0.8,1.7,2026,74.0,86.0,70.0,67.0,58.0,60.0,35.0,73.0,75.0,75.0,67.0,67.0,64.0,40.0,80.0,80.0,77.0,33.0,63.0,75.0,75.0,75.0,45.0,79.0,56.0,85.0,80.0,80.0,70.0,64.0,45.0,68.0,35.0,67.0,54.0,77.0
Maxime Raynaud,SAC,74,21,53,0.284,26.5,5.2,9.1,0.5710000000000001,0.3,1.0,0.324,1.8,2.3,0.786,1.9,5.6,7.5,1.4,1.3,0.5,0.5,0.5,2.3,1.9,12.5,-6.2,436,109.6,110.4,110.4,119.7,121.3,121.3,-10.1,-10.9,-10.9,0.074,1.06,10.6,0.07,0.211,0.14,10.0,10.0,0.589,0.619,0.178,0.182,102.42,101.41,84.51,101.41,0.109,4145,383,671,5.2,9.1,2026,81.0,98.0,85.0,72.0,79.0,85.0,85.0,69.0,75.0,75.0,70.0,70.0,70.0,69.0,90.0,59.0,32.0,36.0,57.0,55.0,52.0,50.0,67.0,69.0,66.0,85.0,85.0,80.0,50.0,52.0,44.0,54.0,34.0,64.0,85.0,52.0
Micah Peavy,NOP,61,17,44,0.279,15.0,1.7,4.5,0.385,0.5,1.8,0.259,0.4,0.5,0.759,0.8,1.2,1.9,1.0,0.3,0.7000000000000001,0.1,0.3,1.6,0.4,4.3,-1.7,406,110.3,110.4,110.4,114.9,114.5,114.5,-4.6,-4.1,-4.1,0.089,3.05,16.5,0.046,0.073,0.059,5.4,5.4,0.436,0.455,0.135,0.14,102.98,103.08,85.9,103.08,0.044,1950,106,275,1.7,4.5,2026,72.0,59.0,75.0,69.0,71.0,60.0,50.0,79.0,40.0,80.0,52.0,51.0,47.0,42.0,85.0,59.0,71.0,66.0,47.0,70.0,55.0,50.0,85.0,53.0,78.0,85.0,75.0,80.0,75.0,76.0,70.0,75.0,38.0,53.0,47.0,82.0
Micah Potter,IND,47,11,36,0.234,19.3,3.2,6.2,0.515,1.5,3.6,0.423,1.8,2.1,0.842,1.2,3.7,5.0,1.5,1.0,0.5,0.3,0.2,1.7,1.8,9.7,-2.6,153,109.9,108.4,108.4,114.9,114.8,114.8,-4.9,-6.4,-6.4,0.111,1.47,15.1,0.061,0.193,0.125,10.3,10.4,0.637,0.679,0.174,0.179,104.83,105.56,87.96,105.56,0.114,2001,151,293,3.2,6.2,2026,76.0,95.0,70.0,85.0,88.0,95.0,70.0,60.0,75.0,65.0,63.0,63.0,63.0,50.0,76.0,59.0,37.0,38.0,55.0,59.0,57.0,45.0,43.0,74.0,60.0,80.0,85.0,81.0,54.0,42.0,32.0,55.0,42.0,57.0,75.0,43.0
Michael Porter Jr.,BKN,52,14,38,0.269,32.5,8.5,18.4,0.463,3.4,9.3,0.363,3.8,4.4,0.859,1.3,5.7,7.1,3.0,2.3,1.1,0.3,0.7000000000000001,2.2,3.5,24.2,-3.9,4,110.2,113.0,113.0,117.8,119.6,119.6,-7.6,-6.6,-6.6,0.165,1.3,12.0,0.04,0.188,0.11,9.3,9.1,0.555,0.595,0.292,0.301,99.96,97.97,81.64,97.97,0.141,3456,444,958,8.5,18.4,2026,86.0,89.0,74.0,84.0,86.0,80.0,90.0,92.0,60.0,80.0,50.0,62.0,68.0,55.0,80.0,60.0,64.0,46.0,42.0,60.0,68.0,40.0,80.0,68.0,88.0,88.0,80.0,66.0,65.0,78.0,77.0,62.0,66.0,47.0,80.0,81.0
Mikal Bridges,NYK,82,53,29,0.646,32.8,5.8,11.7,0.49,1.9,5.1,0.371,1.0,1.2,0.8270000000000001,1.0,2.8,3.8,3.7,1.0,1.3,0.8,0.2,2.0,1.5,14.4,3.6,103,117.4,118.0,118.0,110.9,112.0,112.0,6.4,6.0,6.0,0.158,3.66,21.9,0.029,0.085,0.057,6.0,6.0,0.5710000000000001,0.587,0.17,0.175,99.65,98.88,82.4,98.88,0.099,5530,472,963,5.8,11.7,2026,84.0,92.0,89.0,82.0,83.0,75.0,75.0,75.0,40.0,75.0,55.0,57.0,57.0,60.0,80.0,69.0,88.0,70.0,63.0,82.0,86.0,85.0,80.0,68.0,85.0,92.0,95.0,84.0,78.0,82.0,72.0,88.0,62.0,41.0,49.0,87.0
Mike Conley,MIN,54,33,21,0.611,18.4,1.3,4.0,0.335,1.0,3.1,0.337,0.8,0.9,0.9,0.3,1.4,1.7,2.9,0.6000000000000001,0.6000000000000001,0.3,0.1,1.6,0.9,4.5,0.3,258,112.4,112.3,112.3,111.4,112.1,112.1,1.0,0.2,0.2,0.205,4.62,36.7,0.017,0.074,0.045,7.9,7.9,0.465,0.517,0.113,0.117,102.85,102.58,85.48,102.58,0.061,2123,72,215,1.3,4.0,2026,77.0,86.0,70.0,74.0,90.0,90.0,40.0,72.0,25.0,30.0,25.0,40.0,29.0,60.0,84.0,31.0,83.0,43.0,51.0,83.0,80.0,80.0,83.0,40.0,92.0,85.0,80.0,82.0,82.0,82.0,83.0,82.0,70.0,34.0,45.0,84.0
Miles Bridges,CHA,77,42,35,0.545,31.0,6.2,13.5,0.46,1.9,5.8,0.333,2.7,3.3,0.8220000000000001,1.0,4.9,5.8,3.2,1.4,0.6000000000000001,0.4,0.5,1.7,2.3,17.1,1.9,97,115.6,118.3,118.3,113.8,114.8,114.8,1.8,3.5,3.5,0.154,2.3,16.3,0.03,0.155,0.092,7.1,7.1,0.531,0.5700000000000001,0.221,0.225,100.27,98.66,82.22,98.66,0.114,4896,479,1042,6.2,13.5,2026,81.0,89.0,57.0,76.0,83.0,85.0,95.0,86.0,60.0,88.0,84.0,84.0,84.0,89.0,95.0,60.0,59.0,37.0,52.0,62.0,68.0,45.0,75.0,84.0,85.0,93.0,80.0,85.0,69.0,76.0,71.0,74.0,61.0,42.0,68.0,76.0
Miles Kelly,DAL,14,7,7,0.5,9.6,1.1,3.1,0.364,0.7000000000000001,2.4,0.303,0.1,0.1,1.0,0.4,1.4,1.7,0.9,0.4,0.3,0.1,0.0,0.9,0.1,3.1,-0.9,332,101.7,101.3,101.3,107.0,106.5,106.5,-5.3,-5.1,-5.1,0.133,2.0,19.4,0.032,0.127,0.078,9.7,9.6,0.477,0.484,0.144,0.151,105.64,106.07,88.39,106.07,0.064,297,16,44,1.1,3.1,2026,68.0,69.0,74.0,77.0,83.0,50.0,40.0,70.0,40.0,70.0,47.0,51.0,47.0,48.0,79.0,44.0,60.0,40.0,32.0,67.0,66.0,60.0,69.0,47.0,75.0,85.0,75.0,80.0,65.0,64.0,62.0,54.0,47.0,41.0,46.0,73.0
Miles McBride,NYK,41,25,16,0.61,26.3,4.2,9.9,0.423,2.7,6.6,0.413,0.9,1.1,0.787,0.6000000000000001,1.9,2.4,2.6,0.8,0.9,0.2,0.3,1.7,1.0,12.0,5.5,28,119.7,119.9,119.9,109.4,110.4,110.4,10.4,9.5,9.5,0.136,3.21,18.8,0.02,0.068,0.044,5.9,5.9,0.562,0.578,0.174,0.178,99.15,98.57,82.15,98.57,0.085,2224,171,404,4.2,9.9,2026,79.0,58.0,91.0,86.0,81.0,80.0,70.0,75.0,25.0,65.0,25.0,58.0,48.0,55.0,80.0,40.0,81.0,42.0,40.0,78.0,74.0,75.0,86.0,44.0,80.0,85.0,85.0,80.0,72.0,88.0,80.0,72.0,52.0,37.0,44.0,86.0
Mitchell Robinson,NYK,60,40,20,0.667,19.6,2.5,3.4,0.723,0.0,0.0,0.0,0.7000000000000001,1.7,0.408,4.2,4.6,8.8,0.9,0.7000000000000001,0.9,1.2,0.2,2.1,1.5,5.7,2.6,517,118.2,117.7,117.7,109.5,109.9,109.9,8.7,7.8,7.8,0.058,1.27,15.1,0.201,0.227,0.214,11.9,11.9,0.723,0.676,0.102,0.105,98.25,98.23,81.86,98.23,0.124,2390,149,206,2.5,3.4,2026,80.0,90.0,68.0,32.0,41.0,70.0,35.0,66.0,85.0,80.0,65.0,52.0,50.0,41.0,80.0,83.0,49.0,66.0,88.0,87.0,65.0,80.0,48.0,84.0,76.0,80.0,85.0,80.0,70.0,40.0,25.0,54.0,31.0,98.0,87.0,65.0
Mohamed Diawara,NYK,69,42,27,0.609,9.2,1.3,3.1,0.423,0.7000000000000001,1.9,0.369,0.3,0.3,0.75,0.2,1.1,1.4,0.8,0.4,0.2,0.1,0.1,0.7000000000000001,0.3,3.6,0.8,340,114.2,112.0,112.0,108.6,106.7,106.7,5.6,5.3,5.3,0.114,1.77,17.3,0.024,0.125,0.075,9.8,9.8,0.535,0.55,0.169,0.177,97.71,99.57,82.98,99.57,0.076,1310,90,213,1.3,3.1,2026,74.0,81.0,88.0,83.0,55.0,75.0,65.0,72.0,70.0,85.0,59.0,59.0,59.0,59.0,85.0,64.0,60.0,41.0,50.0,65.0,50.0,50.0,74.0,69.0,84.0,85.0,85.0,80.0,54.0,57.0,60.0,54.0,41.0,38.0,61.0,69.0
Monte Morris,IND,6,0,6,0.0,10.8,1.2,3.3,0.35,0.3,1.3,0.25,0.3,0.7000000000000001,0.5,0.2,1.0,1.2,1.5,0.3,0.2,0.2,0.2,0.5,0.5,3.0,-4.8,429,85.5,83.3,83.3,101.3,104.2,104.2,-15.8,-20.9,-20.9,0.29,4.5,27.3,0.012,0.08,0.044,6.1,6.1,0.4,0.414,0.141,0.149,106.79,106.6,88.83,106.6,0.076,144,7,20,1.2,3.3,2026,73.0,83.0,89.0,72.0,85.0,60.0,35.0,79.0,25.0,50.0,28.0,45.0,32.0,37.0,80.0,44.0,62.0,43.0,40.0,52.0,55.0,35.0,83.0,41.0,72.0,85.0,80.0,81.0,94.0,86.0,83.0,94.0,67.0,36.0,49.0,83.0
Moritz Wagner,ORL,36,21,15,0.583,11.8,2.3,5.4,0.426,0.6000000000000001,1.9,0.314,1.6,2.0,0.8190000000000001,0.8,2.4,3.2,0.8,0.5,0.4,0.1,0.5,1.6,1.9,6.9,-2.4,361,106.0,107.2,107.2,116.9,117.2,117.2,-10.9,-10.0,-10.0,0.107,1.42,9.9,0.056,0.207,0.127,7.0,7.0,0.482,0.545,0.237,0.244,102.27,101.6,84.67,101.6,0.106,904,83,195,2.3,5.4,2026,77.0,80.0,84.0,75.0,82.0,60.0,80.0,75.0,75.0,65.0,74.0,74.0,74.0,40.0,70.0,58.0,40.0,59.0,32.0,58.0,54.0,35.0,73.0,78.0,75.0,78.0,85.0,81.0,54.0,40.0,53.0,55.0,38.0,58.0,83.0,67.0
Moses Moody,GSW,60,30,30,0.5,25.7,4.1,9.3,0.44,2.5,6.3,0.401,1.5,1.9,0.77,0.9,2.5,3.3,1.6,1.0,1.0,0.6000000000000001,0.4,2.0,1.4,12.1,1.3,46,110.8,111.1,111.1,109.0,108.9,108.9,1.8,2.2,2.2,0.093,1.72,13.0,0.031,0.092,0.061,7.5,7.5,0.5750000000000001,0.6000000000000001,0.174,0.181,102.69,102.6,85.5,102.6,0.083,3295,245,557,4.1,9.3,2026,79.0,82.0,73.0,86.0,77.0,70.0,70.0,84.0,40.0,70.0,44.0,48.0,49.0,70.0,80.0,68.0,71.0,53.0,60.0,69.0,60.0,65.0,73.0,68.0,70.0,88.0,80.0,80.0,65.0,74.0,70.0,64.0,37.0,42.0,52.0,77.0
Mouhamadou Gueye,CHI,2,0,2,0.0,22.7,3.0,5.5,0.545,0.5,2.5,0.2,1.5,2.0,0.75,1.0,2.0,3.0,3.0,1.5,1.0,0.5,0.0,2.0,1.0,8.0,-8.0,393,108.4,112.0,112.0,127.8,129.3,129.3,-19.5,-17.3,-17.3,0.162,2.0,27.3,0.039,0.078,0.059,13.6,13.8,0.591,0.627,0.138,0.134,107.47,105.1,87.58,105.1,0.073,100,6,11,3.0,5.5,2026,67.0,64.0,62.0,60.0,55.0,40.0,30.0,65.0,70.0,70.0,54.0,52.0,54.0,44.0,78.0,60.0,55.0,40.0,85.0,54.0,52.0,35.0,57.0,65.0,75.0,80.0,80.0,83.0,47.0,57.0,47.0,50.0,30.0,74.0,67.0,59.0
Mouhamed Gueye,ATL,77,44,33,0.5710000000000001,15.3,1.7,3.8,0.452,0.5,1.7,0.308,0.5,0.8,0.645,1.2,2.4,3.6,0.9,0.4,0.8,0.5,0.1,1.6,0.7000000000000001,4.4,0.6000000000000001,387,113.3,112.5,112.5,110.8,110.1,110.1,2.5,2.3,2.3,0.076,2.09,16.5,0.071,0.151,0.111,7.9,7.9,0.521,0.539,0.12,0.126,101.9,102.61,85.51,102.61,0.075,2513,131,290,1.7,3.8,2026,74.0,71.0,54.0,73.0,65.0,75.0,70.0,72.0,75.0,80.0,52.0,51.0,52.0,58.0,90.0,60.0,48.0,76.0,68.0,57.0,50.0,45.0,67.0,63.0,75.0,88.0,90.0,80.0,60.0,60.0,52.0,62.0,34.0,65.0,68.0,67.0
Moussa Cisse,DAL,38,11,27,0.289,13.9,1.7,3.0,0.5740000000000001,0.0,0.0,0.0,1.0,2.1,0.469,2.3,3.3,5.7,0.2,0.8,0.5,1.2,0.3,1.9,1.8,4.5,-0.1,517,110.7,111.2,111.2,110.0,110.7,110.7,0.7000000000000001,0.5,0.5,0.023,0.3,4.7,0.15,0.215,0.182,15.8,15.8,0.5740000000000001,0.5640000000000001,0.136,0.139,104.57,104.05,86.71,104.05,0.087,1144,66,115,1.7,3.0,2026,73.0,81.0,44.0,25.0,44.0,50.0,25.0,67.0,80.0,80.0,57.0,47.0,50.0,40.0,75.0,75.0,44.0,42.0,96.0,78.0,40.0,60.0,59.0,68.0,79.0,80.0,90.0,82.0,40.0,40.0,40.0,40.0,27.0,94.0,83.0,57.0
Myles Turner,MIL,71,30,41,0.423,26.9,4.0,9.1,0.44,2.1,5.4,0.383,1.8,2.5,0.74,1.1,4.3,5.3,1.5,1.2,0.7000000000000001,1.6,0.5,2.6,2.2,11.9,-3.2,74,108.9,109.6,109.6,114.4,115.8,115.8,-5.5,-6.2,-6.2,0.079,1.24,11.3,0.039,0.152,0.096,9.1,9.1,0.553,0.584,0.181,0.185,101.37,100.47,83.72,100.47,0.086,4011,284,646,4.0,9.1,2026,78.0,85.0,88.0,82.0,74.0,60.0,40.0,70.0,80.0,65.0,76.0,80.0,80.0,40.0,85.0,87.0,70.0,41.0,87.0,87.0,70.0,85.0,56.0,80.0,69.0,95.0,80.0,83.0,31.0,35.0,32.0,68.0,34.0,46.0,69.0,66.0
Myron Gardner,MIA,45,24,21,0.533,9.1,1.3,2.7,0.48,0.6000000000000001,1.4,0.406,0.4,0.6000000000000001,0.731,0.9,1.8,2.7,1.0,0.4,0.4,0.2,0.1,1.7,0.5,3.6,1.7,375,115.6,114.7,114.7,106.9,106.3,106.3,8.7,8.4,8.4,0.143,2.59,22.6,0.079,0.193,0.132,8.7,8.7,0.585,0.606,0.139,0.145,106.55,107.28,89.4,107.28,0.093,918,59,123,1.3,2.7,2026,75.0,88.0,72.0,83.0,73.0,70.0,70.0,76.0,40.0,70.0,43.0,47.0,48.0,45.0,84.0,45.0,69.0,70.0,48.0,68.0,67.0,65.0,70.0,62.0,78.0,84.0,75.0,80.0,69.0,72.0,65.0,69.0,54.0,73.0,78.0,78.0
Naji Marshall,DAL,74,25,49,0.338,29.5,5.7,11.1,0.51,0.8,2.9,0.291,3.1,4.1,0.76,0.9,3.8,4.7,3.3,1.6,1.1,0.1,0.6000000000000001,1.9,2.6,15.2,-2.9,305,109.6,109.7,109.7,113.9,114.3,114.3,-4.3,-4.6,-4.6,0.162,2.03,18.4,0.028,0.12,0.075,9.1,9.1,0.548,0.592,0.2,0.206,104.56,104.35,86.96,104.35,0.106,4748,419,821,5.7,11.1,2026,81.0,97.0,70.0,71.0,77.0,85.0,85.0,89.0,45.0,70.0,57.0,58.0,58.0,86.0,95.0,52.0,60.0,49.0,30.0,62.0,64.0,40.0,62.0,67.0,75.0,85.0,70.0,80.0,75.0,74.0,62.0,75.0,63.0,41.0,60.0,65.0
Nate Williams,GSW,14,2,12,0.143,17.1,3.1,6.3,0.489,0.9,2.1,0.433,0.9,1.1,0.867,1.4,0.7000000000000001,2.1,1.0,1.1,0.4,0.0,0.6000000000000001,1.9,1.2,8.0,-5.6,289,113.7,112.2,112.2,124.8,127.3,127.3,-11.1,-15.1,-15.1,0.083,0.93,11.3,0.079,0.046,0.064,12.1,12.1,0.5630000000000001,0.592,0.192,0.198,99.28,98.94,82.45,98.94,0.056,491,43,88,3.1,6.3,2026,74.0,64.0,79.0,83.0,85.0,75.0,70.0,72.0,40.0,70.0,37.0,45.0,48.0,40.0,80.0,40.0,52.0,41.0,25.0,50.0,47.0,40.0,68.0,52.0,70.0,95.0,65.0,83.0,65.0,71.0,65.0,66.0,34.0,66.0,38.0,68.0
Naz Reid,MIN,77,46,31,0.597,26.1,5.2,11.3,0.456,2.1,5.8,0.362,1.2,1.6,0.732,1.2,5.0,6.2,2.2,1.6,1.0,1.0,0.5,2.5,1.5,13.6,2.2,72,112.7,113.0,113.0,108.7,109.9,109.9,4.0,3.2,3.2,0.124,1.35,13.9,0.042,0.187,0.113,10.3,10.3,0.549,0.5650000000000001,0.212,0.22,103.47,102.77,85.65,102.77,0.112,4313,397,871,5.2,11.3,2026,82.0,97.0,63.0,81.0,73.0,50.0,80.0,82.0,80.0,80.0,82.0,70.0,82.0,60.0,94.0,78.0,54.0,53.0,73.0,80.0,65.0,75.0,50.0,87.0,75.0,88.0,95.0,80.0,59.0,58.0,49.0,65.0,48.0,49.0,78.0,54.0
Neemias Queta,BOS,76,52,24,0.684,25.3,4.3,6.6,0.653,0.0,0.1,0.125,1.6,2.3,0.7030000000000001,3.0,5.3,8.4,1.7,1.0,0.8,1.3,0.5,2.8,2.5,10.2,6.3,516,117.5,118.8,118.8,105.5,105.6,105.6,12.0,13.2,13.2,0.091,1.68,16.2,0.118,0.194,0.157,9.6,9.7,0.654,0.674,0.145,0.149,96.71,96.15,80.13,96.15,0.13,3846,326,499,4.3,6.6,2026,81.0,98.0,76.0,50.0,70.0,85.0,80.0,75.0,75.0,70.0,62.0,60.0,62.0,50.0,85.0,76.0,45.0,46.0,86.0,70.0,48.0,65.0,59.0,79.0,65.0,80.0,95.0,80.0,52.0,38.0,30.0,62.0,37.0,84.0,83.0,59.0
Nic Claxton,BKN,69,17,52,0.246,27.8,4.8,8.4,0.5710000000000001,0.0,0.3,0.158,2.0,3.3,0.616,2.4,4.5,6.9,3.7,1.4,0.7000000000000001,1.1,0.7000000000000001,2.3,3.5,11.7,-7.5,501,105.5,107.4,107.4,118.3,120.3,120.3,-12.7,-12.9,-12.9,0.216,2.64,24.6,0.084,0.167,0.124,9.3,9.3,0.5740000000000001,0.592,0.175,0.178,100.08,98.37,81.97,98.37,0.117,3932,333,583,4.8,8.4,2026,81.0,89.0,75.0,64.0,62.0,70.0,70.0,79.0,80.0,75.0,72.0,64.0,72.0,55.0,80.0,84.0,79.0,40.0,76.0,85.0,64.0,85.0,69.0,71.0,79.0,90.0,89.0,80.0,40.0,49.0,44.0,48.0,70.0,69.0,75.0,77.0
Nick Richards,CHI,48,20,28,0.417,14.6,2.1,4.2,0.512,0.1,0.4,0.278,1.4,2.1,0.644,1.6,3.5,5.1,0.3,1.2,0.2,0.7000000000000001,0.7000000000000001,1.8,1.7,5.8,-2.8,488,107.3,108.9,108.9,116.9,117.2,117.2,-9.6,-8.4,-8.4,0.033,0.27,5.0,0.103,0.221,0.163,18.4,18.4,0.525,0.562,0.176,0.179,103.17,102.27,85.23,102.27,0.079,1488,103,201,2.1,4.2,2026,75.0,69.0,79.0,47.0,64.0,60.0,60.0,62.0,75.0,75.0,52.0,47.0,52.0,40.0,80.0,75.0,47.0,33.0,80.0,78.0,40.0,70.0,72.0,65.0,75.0,81.0,85.0,84.0,37.0,35.0,49.0,36.0,28.0,79.0,87.0,70.0
Nick Smith Jr.,LAL,30,15,15,0.5,12.5,2.3,5.4,0.435,1.1,2.9,0.395,0.4,0.5,0.733,0.1,0.7000000000000001,0.8,1.0,0.7000000000000001,0.3,0.1,0.2,0.9,0.6000000000000001,6.2,-0.1,237,112.4,110.6,110.6,112.7,111.7,111.7,-0.4,-1.1,-1.1,0.127,1.48,14.2,0.009,0.054,0.032,9.6,9.6,0.54,0.552,0.212,0.222,100.06,101.35,84.45,101.35,0.067,794,70,161,2.3,5.4,2026,73.0,96.0,70.0,83.0,91.0,70.0,65.0,82.0,40.0,80.0,37.0,39.0,38.0,41.0,80.0,33.0,63.0,43.0,42.0,57.0,50.0,40.0,84.0,48.0,86.0,89.0,75.0,80.0,70.0,79.0,84.0,72.0,42.0,29.0,41.0,84.0
Nickeil Alexander-Walker,ATL,78,43,35,0.551,33.4,7.0,15.3,0.459,3.2,8.1,0.399,3.6,3.9,0.902,0.7000000000000001,2.8,3.4,3.7,2.1,1.3,0.5,0.8,2.2,3.7,20.8,3.1,9,115.4,116.1,116.1,111.2,112.0,112.0,4.2,4.0,4.0,0.155,1.77,16.2,0.019,0.079,0.049,9.2,9.1,0.5640000000000001,0.61,0.23,0.238,105.04,104.38,86.99,104.38,0.105,5668,548,1195,7.0,15.3,2026,83.0,78.0,79.0,86.0,90.0,85.0,85.0,84.0,40.0,60.0,54.0,58.0,64.0,67.0,88.0,52.0,84.0,56.0,55.0,82.0,80.0,80.0,72.0,60.0,70.0,90.0,75.0,80.0,75.0,81.0,72.0,76.0,62.0,36.0,48.0,87.0
Nicolas Batum,LAC,74,39,35,0.527,17.5,1.3,3.2,0.403,1.2,3.1,0.404,0.1,0.1,0.8180000000000001,0.3,2.2,2.5,0.9,0.5,0.6000000000000001,0.3,0.0,1.4,0.1,4.0,-0.2,208,113.7,113.2,113.2,113.2,113.8,113.8,0.6000000000000001,-0.5,-0.5,0.069,1.73,18.7,0.018,0.119,0.071,10.8,10.8,0.597,0.603,0.092,0.096,98.98,98.96,82.47,98.96,0.058,2669,96,238,1.3,3.2,2026,74.0,77.0,70.0,83.0,77.0,70.0,35.0,74.0,55.0,60.0,40.0,63.0,62.0,35.0,85.0,66.0,73.0,56.0,56.0,68.0,50.0,65.0,68.0,65.0,82.0,88.0,85.0,83.0,70.0,71.0,68.0,73.0,32.0,36.0,61.0,75.0
Nigel Hayes-Davis,PHX,27,15,12,0.556,7.2,0.6000000000000001,1.7,0.326,0.1,0.6000000000000001,0.125,0.1,0.1,0.5,0.4,0.8,1.2,0.3,0.3,0.3,0.1,0.0,0.6000000000000001,0.1,1.3,-2.7,496,96.2,95.1,95.1,114.0,112.8,112.8,-17.8,-17.7,-17.7,0.055,0.88,11.1,0.057,0.113,0.083,12.7,12.7,0.348,0.356,0.116,0.122,98.73,99.83,83.19,99.83,0.028,406,15,46,0.6000000000000001,1.7,2026,72.0,78.0,74.0,80.0,88.0,50.0,40.0,78.0,60.0,75.0,54.0,54.0,54.0,62.0,70.0,63.0,73.0,73.0,47.0,70.0,70.0,60.0,73.0,68.0,75.0,90.0,80.0,80.0,60.0,69.0,64.0,64.0,40.0,40.0,47.0,73.0
Nique Clifford,SAC,75,21,54,0.28,25.1,3.3,7.9,0.418,1.0,3.1,0.333,0.9,1.3,0.722,0.9,2.9,3.8,2.4,1.5,0.9,0.3,0.5,2.1,1.0,8.6,-2.9,262,110.6,111.3,111.3,115.1,115.8,115.8,-4.4,-4.5,-4.5,0.13,1.54,19.1,0.034,0.115,0.074,12.4,12.4,0.482,0.505,0.167,0.17,101.43,100.77,83.98,100.77,0.062,3933,249,596,3.3,7.9,2026,77.0,83.0,74.0,77.0,69.0,70.0,75.0,80.0,40.0,70.0,44.0,48.0,49.0,60.0,80.0,55.0,66.0,53.0,51.0,62.0,60.0,55.0,86.0,62.0,80.0,88.0,80.0,80.0,65.0,74.0,79.0,64.0,48.0,43.0,58.0,82.0
Noa Essengue,CHI,2,1,1,0.5,3.0,0.0,1.5,0.0,0.0,1.0,0.0,0.0,0.0,0.0,0.0,0.0,0.0,0.0,0.0,0.5,0.0,0.5,0.5,0.0,0.0,-7.5,517,64.3,60.0,60.0,169.0,171.4,171.4,-104.7,-111.4,-111.4,0.0,0.0,0.0,0.0,0.0,0.0,0.0,0.0,0.0,0.0,0.188,0.2,112.18,115.36,96.13,115.36,-0.095,15,0,3,0.0,1.5,2026,72.0,71.0,70.0,70.0,70.0,60.0,50.0,72.0,50.0,80.0,60.0,60.0,60.0,76.0,90.0,60.0,68.0,60.0,45.0,60.0,68.0,45.0,85.0,55.0,82.0,80.0,80.0,80.0,60.0,69.0,72.0,60.0,39.0,55.0,54.0,82.0
Noah Clowney,BKN,66,17,49,0.258,27.0,3.8,9.6,0.396,2.0,5.9,0.329,2.7,3.4,0.804,0.8,3.3,4.1,1.6,1.5,0.8,0.7000000000000001,0.6000000000000001,2.5,2.8,12.3,-5.0,93,108.0,109.7,109.7,117.1,118.3,118.3,-9.1,-8.7,-8.7,0.095,1.06,11.5,0.029,0.128,0.077,10.8,10.9,0.498,0.554,0.202,0.204,99.77,98.49,82.08,98.49,0.072,3647,250,631,3.8,9.6,2026,77.0,88.0,43.0,76.0,80.0,95.0,80.0,72.0,80.0,80.0,60.0,59.0,60.0,65.0,85.0,68.0,57.0,42.0,62.0,67.0,66.0,55.0,64.0,64.0,75.0,90.0,85.0,80.0,57.0,59.0,57.0,68.0,38.0,41.0,64.0,64.0
Noah Penda,ORL,59,30,29,0.508,12.8,1.4,3.4,0.404,0.5,1.6,0.323,0.6000000000000001,0.8,0.6880000000000001,1.1,2.0,3.2,1.2,0.7000000000000001,0.5,0.3,0.2,1.2,0.7000000000000001,3.8,-0.9,390,110.1,110.4,110.4,115.4,113.4,113.4,-5.3,-3.0,-3.0,0.124,1.67,20.8,0.081,0.159,0.118,12.5,12.5,0.478,0.506,0.14,0.145,100.68,101.42,84.51,101.42,0.076,1597,82,203,1.4,3.4,2026,75.0,63.0,68.0,76.0,69.0,70.0,60.0,73.0,50.0,75.0,52.0,51.0,52.0,57.0,80.0,73.0,73.0,59.0,62.0,70.0,70.0,65.0,66.0,70.0,67.0,85.0,85.0,80.0,67.0,69.0,62.0,68.0,44.0,70.0,71.0,84.0
Nolan Traore,BKN,56,14,42,0.25,22.2,3.3,8.6,0.38,1.1,3.4,0.318,1.3,1.7,0.787,0.3,1.5,1.8,3.8,2.3,0.8,0.4,0.6000000000000001,2.1,1.3,8.9,-5.0,244,107.6,108.2,108.2,118.0,118.8,118.8,-10.4,-10.5,-10.5,0.265,1.65,24.7,0.011,0.073,0.04,14.9,15.0,0.444,0.479,0.224,0.229,98.97,98.4,82.0,98.4,0.056,2544,182,479,3.3,8.6,2026,77.0,83.0,57.0,74.0,77.0,80.0,80.0,81.0,30.0,70.0,42.0,44.0,69.0,62.0,81.0,44.0,60.0,49.0,56.0,57.0,60.0,40.0,85.0,56.0,74.0,92.0,80.0,80.0,79.0,86.0,85.0,80.0,73.0,31.0,45.0,85.0
Norchad Omier,LAC,6,5,1,0.833,3.9,1.2,1.7,0.7000000000000001,0.0,0.2,0.0,0.5,0.5,1.0,0.7000000000000001,0.5,1.2,0.3,0.0,0.2,0.0,0.2,0.7000000000000001,0.3,2.8,-3.8,517,96.8,92.0,92.0,147.7,146.8,146.8,-50.9,-54.8,-54.8,0.182,0.0,15.4,0.129,0.2,0.152,0.0,0.0,0.7000000000000001,0.751,0.18,0.204,95.57,98.37,81.97,98.37,0.16,50,7,10,1.2,1.7,2026,68.0,71.0,70.0,71.0,75.0,50.0,40.0,70.0,60.0,75.0,54.0,52.0,57.0,44.0,74.0,67.0,63.0,60.0,44.0,62.0,54.0,40.0,71.0,70.0,70.0,80.0,80.0,79.0,44.0,54.0,53.0,55.0,30.0,75.0,75.0,66.0
Norman Powell,MIA,58,29,29,0.5,29.6,7.3,15.4,0.47,2.7,7.1,0.38,4.5,5.5,0.8270000000000001,0.4,3.1,3.5,2.5,1.9,1.1,0.2,0.9,2.2,3.9,21.7,0.7000000000000001,33,113.1,114.7,114.7,113.0,114.1,114.1,0.1,0.6000000000000001,0.6000000000000001,0.123,1.29,11.3,0.012,0.097,0.054,8.7,8.6,0.558,0.609,0.262,0.27,106.94,105.69,88.08,105.69,0.113,3788,421,895,7.3,15.4,2026,85.0,97.0,75.0,82.0,83.0,80.0,95.0,87.0,25.0,80.0,30.0,32.0,28.0,65.0,88.0,50.0,79.0,53.0,45.0,77.0,74.0,75.0,79.0,46.0,80.0,92.0,90.0,82.0,74.0,79.0,77.0,75.0,49.0,31.0,52.0,80.0
OG Anunoby,NYK,67,45,22,0.672,33.2,5.8,12.0,0.484,2.3,6.1,0.386,2.7,3.3,0.8280000000000001,1.3,4.0,5.2,2.2,1.8,1.6,0.7000000000000001,0.8,2.4,2.3,16.7,6.1,59,119.4,119.4,119.4,110.3,110.2,110.2,9.1,9.2,9.2,0.09,1.18,12.4,0.039,0.116,0.078,10.5,10.5,0.581,0.62,0.194,0.198,99.77,99.84,83.2,99.84,0.099,4618,389,804,5.8,12.0,2026,88.0,81.0,76.0,85.0,82.0,90.0,90.0,81.0,60.0,85.0,38.0,37.0,36.0,69.0,90.0,81.0,90.0,73.0,62.0,89.0,89.0,90.0,81.0,68.0,85.0,85.0,85.0,81.0,58.0,72.0,71.0,52.0,37.0,46.0,59.0,91.0
Obi Toppin,IND,24,4,20,0.167,17.7,4.2,8.3,0.503,1.5,4.4,0.352,1.8,1.9,0.913,0.5,3.9,4.4,2.3,1.2,0.5,0.0,0.3,1.2,1.7,11.6,-1.4,148,113.3,113.9,113.9,117.7,117.5,117.5,-4.4,-3.6,-3.6,0.193,1.96,18.3,0.03,0.206,0.12,9.3,9.3,0.595,0.636,0.241,0.249,104.31,104.11,86.75,104.11,0.143,919,100,199,4.2,8.3,2026,80.0,98.0,53.0,75.0,85.0,70.0,60.0,88.0,85.0,90.0,67.0,67.0,69.0,60.0,90.0,66.0,48.0,43.0,32.0,62.0,47.0,40.0,70.0,74.0,90.0,88.0,70.0,88.0,55.0,60.0,56.0,59.0,70.0,41.0,83.0,69.0
Ochai Agbaji,BKN,62,28,34,0.452,15.7,2.0,4.5,0.436,0.5,2.1,0.266,0.6000000000000001,0.7000000000000001,0.837,0.7000000000000001,1.5,2.3,0.8,0.5,0.4,0.3,0.3,1.5,0.6000000000000001,5.1,-1.0,381,107.2,106.4,106.4,109.5,109.0,109.0,-2.2,-2.7,-2.7,0.07,1.52,12.4,0.046,0.096,0.071,8.2,8.2,0.496,0.525,0.142,0.147,99.71,100.34,83.62,100.34,0.057,2031,122,280,2.0,4.5,2026,75.0,72.0,83.0,65.0,84.0,75.0,50.0,78.0,65.0,80.0,52.0,52.0,52.0,40.0,78.0,57.0,78.0,40.0,56.0,77.0,75.0,65.0,85.0,64.0,85.0,90.0,85.0,80.0,60.0,75.0,78.0,60.0,32.0,51.0,53.0,79.0
Olivier Sarr,CLE,4,3,1,0.75,9.8,1.3,1.8,0.714,0.5,0.8,0.667,0.5,1.3,0.4,0.5,2.3,2.8,1.3,0.5,0.5,0.8,0.0,2.3,1.3,3.5,6.5,393,131.4,133.3,133.3,102.6,106.8,106.8,28.8,26.5,26.5,0.143,2.5,31.3,0.069,0.196,0.147,12.5,12.3,0.857,0.761,0.108,0.115,111.59,108.56,90.47,108.56,0.088,90,5,7,1.3,1.8,2026,68.0,68.0,74.0,69.0,79.0,55.0,35.0,60.0,75.0,75.0,64.0,62.0,64.0,40.0,70.0,58.0,40.0,30.0,80.0,59.0,48.0,35.0,65.0,63.0,74.0,85.0,80.0,80.0,50.0,52.0,49.0,55.0,29.0,75.0,70.0,63.0
Olivier-Maxence Prosper,MEM,53,16,37,0.302,18.6,3.6,6.6,0.549,1.1,2.8,0.405,1.6,2.2,0.754,1.1,2.4,3.5,1.0,0.9,0.8,0.2,0.3,1.6,1.6,10.0,-3.9,239,111.2,110.7,110.7,119.7,120.4,120.4,-8.5,-9.7,-9.7,0.077,1.09,10.3,0.057,0.127,0.091,9.5,9.4,0.634,0.662,0.183,0.19,104.79,104.7,87.25,104.7,0.103,2145,192,350,3.6,6.6,2026,78.0,92.0,68.0,83.0,76.0,80.0,75.0,78.0,40.0,85.0,57.0,57.0,57.0,69.0,80.0,74.0,74.0,56.0,52.0,64.0,58.0,60.0,79.0,60.0,88.0,88.0,85.0,80.0,65.0,60.0,66.0,61.0,34.0,57.0,62.0,81.0
Onyeka Okongwu,ATL,74,41,33,0.554,31.0,5.6,11.6,0.48,1.9,5.2,0.376,2.1,2.7,0.757,1.9,5.7,7.6,3.1,1.7,1.1,1.1,0.7000000000000001,3.3,2.3,15.2,1.5,95,112.7,113.4,113.4,111.0,111.3,111.3,1.7,2.1,2.1,0.14,1.82,17.7,0.058,0.178,0.117,9.7,9.7,0.5640000000000001,0.592,0.189,0.195,104.88,104.39,86.99,104.39,0.104,4998,413,860,5.6,11.6,2026,82.0,92.0,88.0,81.0,76.0,80.0,80.0,86.0,85.0,85.0,54.0,55.0,57.0,75.0,80.0,79.0,64.0,49.0,72.0,83.0,65.0,65.0,74.0,70.0,75.0,88.0,95.0,83.0,51.0,54.0,60.0,50.0,57.0,57.0,77.0,74.0
Orlando Robinson,ORL,4,2,2,0.5,6.2,0.8,1.3,0.6000000000000001,0.3,0.5,0.5,0.0,0.0,0.0,0.5,0.5,1.0,0.8,0.0,0.3,0.0,0.0,0.8,0.3,1.8,-2.8,456,118.9,122.4,122.4,152.0,144.9,144.9,-33.1,-22.4,-22.4,0.158,0.0,37.5,0.069,0.125,0.089,0.0,0.0,0.7000000000000001,0.7000000000000001,0.081,0.083,94.0,94.78,78.98,94.78,0.074,49,3,5,0.8,1.3,2026,72.0,75.0,69.0,76.0,80.0,70.0,35.0,70.0,70.0,60.0,59.0,58.0,59.0,38.0,85.0,62.0,36.0,38.0,61.0,60.0,54.0,60.0,49.0,70.0,64.0,80.0,90.0,77.0,52.0,40.0,35.0,54.0,55.0,80.0,71.0,49.0
Oscar Tshiebwe,UTA,27,3,24,0.111,16.6,3.4,5.4,0.634,0.0,0.0,0.0,1.0,1.8,0.551,2.9,3.8,6.6,1.2,0.8,0.6000000000000001,0.2,0.6000000000000001,1.4,1.3,7.8,-2.9,517,110.7,110.9,110.9,120.6,118.9,118.9,-9.9,-8.0,-8.0,0.101,1.52,14.7,0.151,0.224,0.185,9.6,9.6,0.634,0.633,0.162,0.167,104.1,104.74,87.28,104.74,0.125,978,92,145,3.4,5.4,2026,73.0,97.0,69.0,37.0,57.0,70.0,50.0,78.0,75.0,75.0,54.0,48.0,48.0,37.0,95.0,69.0,48.0,53.0,45.0,69.0,40.0,55.0,75.0,69.0,75.0,80.0,90.0,80.0,42.0,40.0,39.0,55.0,40.0,96.0,80.0,67.0
Oso Ighodaro,PHX,82,45,37,0.549,22.1,2.9,4.5,0.653,0.0,0.0,0.0,0.6000000000000001,1.4,0.453,1.7,3.4,5.1,2.3,1.2,0.9,0.7000000000000001,0.3,2.7,1.3,6.5,2.0,517,114.3,114.8,114.8,109.8,109.7,109.7,4.6,5.1,5.1,0.139,1.83,26.4,0.071,0.158,0.113,14.4,14.4,0.653,0.636,0.12,0.124,98.58,98.44,82.03,98.44,0.09,3696,239,366,2.9,4.5,2026,77.0,97.0,60.0,35.0,46.0,80.0,70.0,74.0,80.0,80.0,60.0,59.0,59.0,37.0,80.0,62.0,47.0,59.0,67.0,62.0,57.0,45.0,86.0,64.0,90.0,85.0,85.0,80.0,58.0,60.0,65.0,59.0,55.0,65.0,69.0,74.0
Ousmane Dieng,MIL,57,33,24,0.579,19.3,2.9,7.0,0.422,1.1,3.2,0.341,0.6000000000000001,0.8,0.711,0.5,2.6,3.2,2.4,1.3,0.4,0.3,0.3,1.4,0.8,7.6,-3.7,241,108.7,108.7,108.7,117.9,117.3,117.3,-9.2,-8.6,-8.6,0.185,1.81,21.6,0.026,0.136,0.081,11.9,11.9,0.501,0.516,0.192,0.197,99.64,99.84,83.2,99.84,0.075,2281,168,398,2.9,7.0,2026,77.0,85.0,77.0,80.0,76.0,75.0,65.0,69.0,45.0,75.0,45.0,48.0,48.0,47.0,90.0,67.0,68.0,40.0,56.0,60.0,52.0,45.0,78.0,62.0,79.0,88.0,80.0,80.0,69.0,70.0,75.0,70.0,62.0,39.0,62.0,78.0
P.J. Washington,DAL,56,16,40,0.286,31.0,5.3,11.8,0.45,1.4,4.2,0.325,2.2,3.3,0.687,1.5,5.5,7.0,1.8,1.7,1.0,1.1,0.8,2.1,2.4,14.2,-4.9,186,106.7,107.0,107.0,113.3,114.4,114.4,-6.6,-7.3,-7.3,0.082,1.04,10.6,0.045,0.162,0.105,10.1,10.1,0.508,0.537,0.194,0.2,104.5,103.86,86.55,103.86,0.093,3755,296,658,5.3,11.8,2026,80.0,87.0,73.0,75.0,69.0,70.0,50.0,75.0,65.0,80.0,68.0,63.0,63.0,44.0,95.0,78.0,79.0,43.0,70.0,80.0,78.0,80.0,75.0,68.0,69.0,85.0,85.0,79.0,55.0,70.0,63.0,60.0,35.0,51.0,72.0,80.0
PJ Hall,CHA,19,7,12,0.368,11.2,1.6,3.1,0.508,0.2,0.3,0.6000000000000001,1.2,1.5,0.793,1.7,2.2,3.9,0.5,0.8,0.2,0.5,0.5,1.2,1.1,4.5,-1.5,476,108.2,108.4,108.4,114.1,113.9,113.9,-5.9,-5.4,-5.4,0.077,0.63,10.2,0.146,0.18,0.163,16.3,16.4,0.534,0.599,0.17,0.174,101.68,101.68,84.73,101.68,0.098,450,30,59,1.6,3.1,2026,72.0,60.0,73.0,74.0,79.0,50.0,65.0,68.0,75.0,75.0,60.0,60.0,60.0,69.0,70.0,55.0,47.0,50.0,60.0,55.0,57.0,40.0,73.0,70.0,82.0,87.0,80.0,80.0,48.0,60.0,59.0,52.0,37.0,89.0,77.0,52.0
Paolo Banchero,ORL,72,38,34,0.528,34.7,7.3,16.0,0.459,1.2,3.8,0.305,6.3,8.2,0.775,1.2,7.2,8.4,5.2,3.1,0.7000000000000001,0.6000000000000001,1.2,2.0,5.5,22.2,0.0,224,112.0,114.0,114.0,112.1,114.1,114.1,-0.1,-0.2,-0.2,0.235,1.68,18.6,0.034,0.204,0.119,11.0,11.1,0.496,0.5660000000000001,0.274,0.278,102.75,100.96,84.14,100.96,0.138,5265,529,1152,7.3,16.0,2026,88.0,88.0,75.0,78.0,78.0,70.0,95.0,90.0,75.0,85.0,80.0,80.0,80.0,96.0,95.0,68.0,66.0,36.0,55.0,64.0,67.0,45.0,80.0,77.0,83.0,90.0,85.0,80.0,74.0,76.0,74.0,84.0,71.0,43.0,83.0,80.0
Pascal Siakam,IND,62,17,45,0.274,33.2,9.0,18.6,0.484,1.7,4.7,0.358,4.2,6.1,0.6930000000000001,1.4,5.2,6.6,3.8,2.2,1.1,0.4,0.8,2.4,5.1,24.0,-3.7,129,111.6,111.5,111.5,116.3,117.2,117.2,-4.6,-5.6,-5.6,0.19,1.71,13.9,0.041,0.151,0.095,8.2,8.1,0.529,0.562,0.292,0.301,103.31,102.95,85.79,102.95,0.13,4419,559,1155,9.0,18.6,2026,87.0,97.0,69.0,80.0,69.0,85.0,85.0,88.0,80.0,80.0,89.0,89.0,89.0,78.0,90.0,85.0,79.0,46.0,50.0,86.0,82.0,80.0,76.0,70.0,79.0,95.0,80.0,82.0,72.0,79.0,69.0,79.0,69.0,47.0,69.0,78.0
Pat Connaughton,CHA,42,25,17,0.595,7.1,0.9,2.0,0.447,0.5,1.2,0.404,0.3,0.5,0.65,0.4,1.1,1.5,0.4,0.3,0.3,0.0,0.1,0.2,0.5,2.6,-0.7000000000000001,393,99.0,97.2,97.2,105.2,101.5,101.5,-6.2,-4.3,-4.3,0.11,1.64,14.6,0.047,0.153,0.099,8.9,9.0,0.5710000000000001,0.586,0.15,0.156,94.25,96.88,80.74,96.88,0.117,597,38,85,0.9,2.0,2026,73.0,90.0,69.0,79.0,65.0,70.0,35.0,78.0,30.0,86.0,35.0,34.0,30.0,66.0,90.0,35.0,73.0,32.0,57.0,70.0,71.0,65.0,77.0,45.0,95.0,80.0,80.0,83.0,69.0,78.0,65.0,78.0,49.0,45.0,63.0,78.0
Pat Spencer,GSW,66,30,36,0.455,18.6,2.8,6.6,0.427,0.9,2.5,0.357,0.7000000000000001,0.9,0.772,0.8,1.6,2.4,3.5,1.3,0.7000000000000001,0.1,0.5,1.1,0.7000000000000001,7.2,-1.4,293,111.7,112.1,112.1,115.2,115.6,115.6,-3.4,-3.4,-3.4,0.27,2.73,29.8,0.041,0.091,0.065,10.9,10.9,0.495,0.516,0.185,0.19,100.17,99.81,83.18,99.81,0.087,2552,186,436,2.8,6.6,2026,76.0,86.0,76.0,80.0,77.0,75.0,75.0,70.0,40.0,75.0,42.0,56.0,42.0,59.0,85.0,44.0,55.0,59.0,35.0,45.0,47.0,40.0,75.0,54.0,83.0,85.0,85.0,84.0,79.0,79.0,75.0,79.0,73.0,47.0,50.0,75.0
Patrick Baldwin Jr.,SAC,9,3,6,0.333,11.4,1.2,3.0,0.407,0.7000000000000001,1.6,0.429,0.6000000000000001,0.8,0.714,1.3,1.2,2.6,0.6000000000000001,0.6000000000000001,0.3,0.6000000000000001,0.0,1.7,0.6000000000000001,3.7,-4.3,347,102.7,100.0,100.0,115.6,117.2,117.2,-12.9,-17.2,-17.2,0.072,1.0,12.5,0.103,0.11,0.106,12.5,12.5,0.519,0.549,0.142,0.148,99.65,100.24,83.54,100.24,0.052,213,11,27,1.2,3.0,2026,71.0,70.0,72.0,77.0,74.0,70.0,55.0,74.0,55.0,70.0,54.0,52.0,52.0,52.0,80.0,56.0,59.0,49.0,65.0,55.0,54.0,40.0,57.0,69.0,62.0,85.0,70.0,80.0,55.0,58.0,55.0,60.0,34.0,42.0,84.0,64.0
Patrick Williams,CHI,72,24,48,0.333,20.5,2.5,6.6,0.372,1.3,3.8,0.347,0.8,1.0,0.72,0.7000000000000001,2.3,3.0,1.5,1.0,0.7000000000000001,0.4,0.4,1.3,0.9,7.0,-4.8,193,103.9,103.8,103.8,114.3,114.8,114.8,-10.5,-11.0,-11.0,0.101,1.4,15.2,0.03,0.106,0.067,10.9,10.9,0.472,0.494,0.159,0.164,105.86,105.67,88.06,105.67,0.057,3250,178,478,2.5,6.6,2026,75.0,61.0,86.0,77.0,68.0,60.0,55.0,68.0,60.0,65.0,44.0,42.0,40.0,45.0,80.0,70.0,76.0,42.0,53.0,80.0,65.0,65.0,70.0,64.0,77.0,88.0,75.0,81.0,60.0,70.0,64.0,62.0,36.0,44.0,53.0,74.0
Paul George,PHI,37,22,15,0.595,30.7,6.1,13.9,0.439,2.7,6.9,0.392,2.5,3.0,0.8200000000000001,0.5,4.8,5.3,3.6,1.7,1.7,0.4,0.5,2.3,2.6,17.3,2.4,32,114.6,115.0,115.0,110.2,111.4,111.4,4.4,3.6,3.6,0.175,2.08,17.6,0.017,0.147,0.081,8.5,8.4,0.536,0.5700000000000001,0.229,0.236,101.03,100.33,83.61,100.33,0.117,2374,225,513,6.1,13.9,2026,83.0,90.0,90.0,83.0,84.0,60.0,85.0,82.0,55.0,80.0,40.0,70.0,60.0,40.0,80.0,71.0,79.0,86.0,55.0,79.0,78.0,70.0,79.0,70.0,75.0,95.0,75.0,93.0,78.0,87.0,79.0,70.0,67.0,35.0,68.0,84.0
Paul Reed,DET,65,47,18,0.723,13.9,3.2,5.2,0.617,0.2,0.6000000000000001,0.325,1.1,1.7,0.664,2.0,2.5,4.5,1.2,0.9,0.9,0.9,0.4,1.8,1.2,7.8,2.1,466,112.3,112.5,112.5,104.0,104.4,104.4,8.2,8.1,8.1,0.134,1.38,15.2,0.142,0.176,0.159,11.0,11.0,0.636,0.65,0.2,0.206,102.04,101.72,84.76,101.72,0.153,1901,209,339,3.2,5.2,2026,79.0,98.0,74.0,76.0,65.0,75.0,70.0,79.0,80.0,75.0,70.0,70.0,70.0,64.0,75.0,69.0,43.0,91.0,90.0,66.0,58.0,40.0,49.0,84.0,65.0,80.0,80.0,80.0,48.0,52.0,41.0,44.0,50.0,92.0,76.0,52.0
Payton Pritchard,BOS,79,54,25,0.684,32.3,6.4,13.8,0.464,2.7,7.1,0.377,1.5,1.7,0.89,0.9,3.1,3.9,5.2,1.4,0.7000000000000001,0.1,0.5,1.5,1.6,17.0,5.4,34,117.6,120.1,120.1,111.2,112.1,112.1,6.4,8.0,8.0,0.234,3.74,24.5,0.026,0.09,0.059,6.5,6.5,0.561,0.584,0.21,0.215,97.23,95.81,79.84,95.81,0.12,5109,506,1091,6.4,13.8,2026,82.0,98.0,88.0,85.0,89.0,85.0,90.0,85.0,25.0,35.0,40.0,46.0,35.0,57.0,75.0,36.0,60.0,38.0,35.0,60.0,45.0,35.0,75.0,41.0,66.0,84.0,78.0,81.0,84.0,82.0,75.0,82.0,71.0,40.0,51.0,75.0
Payton Sandfort,OKC,4,2,2,0.5,15.8,3.3,6.5,0.5,1.8,4.3,0.412,0.5,1.0,0.5,0.3,2.3,2.5,0.0,0.3,0.3,0.0,0.0,2.0,0.5,8.8,-4.8,121,113.2,111.8,111.8,126.0,125.7,125.7,-12.8,-14.0,-14.0,0.0,0.0,0.0,0.014,0.145,0.075,3.4,3.5,0.635,0.63,0.186,0.19,102.29,103.07,85.89,103.07,0.066,136,13,26,3.3,6.5,2026,68.0,72.0,78.0,80.0,87.0,60.0,40.0,72.0,40.0,55.0,40.0,40.0,40.0,37.0,95.0,42.0,59.0,37.0,37.0,55.0,50.0,40.0,59.0,50.0,60.0,85.0,70.0,79.0,57.0,58.0,54.0,55.0,32.0,39.0,44.0,65.0
Pelle Larsson,MIA,70,38,32,0.543,26.4,4.0,8.0,0.496,0.9,2.7,0.323,2.6,3.3,0.797,1.0,2.5,3.5,3.4,1.4,0.7000000000000001,0.2,0.5,2.1,3.2,11.4,1.1,299,115.0,115.7,115.7,112.1,113.3,113.3,2.9,2.4,2.4,0.163,2.34,23.7,0.035,0.088,0.062,10.2,10.1,0.551,0.605,0.165,0.169,106.35,105.49,87.91,105.49,0.084,4057,277,559,4.0,8.0,2026,80.0,94.0,87.0,75.0,79.0,80.0,75.0,74.0,45.0,75.0,38.0,44.0,42.0,69.0,80.0,52.0,65.0,41.0,45.0,60.0,57.0,50.0,87.0,55.0,79.0,85.0,85.0,80.0,64.0,68.0,74.0,68.0,65.0,45.0,49.0,80.0
Pete Nance,MIL,47,14,33,0.298,15.7,2.1,4.1,0.515,1.1,2.5,0.42,0.1,0.2,0.364,0.6000000000000001,2.1,2.7,1.0,0.6000000000000001,0.3,0.3,0.1,1.3,0.3,5.4,-1.7,253,112.5,112.2,112.2,118.2,117.4,117.4,-5.7,-5.2,-5.2,0.092,1.85,17.6,0.038,0.135,0.086,9.5,9.5,0.644,0.639,0.132,0.137,97.36,97.81,81.51,97.81,0.078,1502,100,194,2.1,4.1,2026,74.0,89.0,70.0,85.0,76.0,75.0,70.0,70.0,75.0,75.0,70.0,54.0,60.0,40.0,70.0,60.0,48.0,36.0,58.0,60.0,60.0,40.0,63.0,69.0,75.0,85.0,85.0,83.0,47.0,52.0,49.0,50.0,35.0,46.0,64.0,57.0
Peyton Watson,DEN,54,36,18,0.667,29.6,5.3,10.8,0.491,1.5,3.6,0.411,2.6,3.5,0.73,0.9,4.0,4.9,2.1,1.7,0.9,1.1,0.6000000000000001,2.5,2.6,14.6,3.6,156,122.7,123.7,123.7,116.5,117.6,117.6,6.2,6.2,6.2,0.096,1.19,12.8,0.033,0.127,0.083,10.7,10.7,0.56,0.594,0.204,0.208,100.32,99.45,82.88,99.45,0.087,3307,285,581,5.3,10.8,2026,82.0,84.0,90.0,85.0,73.0,80.0,80.0,74.0,60.0,65.0,44.0,42.0,40.0,40.0,95.0,78.0,78.0,43.0,74.0,80.0,78.0,80.0,77.0,55.0,82.0,88.0,75.0,80.0,60.0,70.0,76.0,62.0,39.0,42.0,62.0,80.0
Precious Achiuwa,SAC,73,20,53,0.274,23.9,4.3,8.2,0.528,0.4,1.3,0.278,1.1,1.9,0.554,2.4,4.3,6.7,1.4,0.9,0.9,0.7000000000000001,0.6000000000000001,1.7,1.5,10.1,-3.7,425,110.9,110.9,110.9,116.9,118.1,118.1,-6.0,-7.2,-7.2,0.082,1.55,12.2,0.098,0.18,0.139,7.9,7.9,0.551,0.558,0.172,0.177,100.9,100.39,83.66,100.39,0.102,3646,316,598,4.3,8.2,2026,79.0,94.0,60.0,73.0,56.0,70.0,65.0,79.0,85.0,80.0,57.0,44.0,42.0,50.0,75.0,79.0,56.0,56.0,66.0,79.0,70.0,75.0,75.0,78.0,79.0,84.0,90.0,76.0,36.0,49.0,66.0,50.0,35.0,75.0,78.0,74.0
Quentin Grimes,PHI,75,42,33,0.56,29.4,4.5,10.1,0.45,1.7,5.1,0.334,2.7,3.2,0.84,0.6000000000000001,3.0,3.6,3.3,1.8,0.9,0.4,0.4,2.1,2.6,13.4,0.1,130,111.4,112.4,112.4,110.7,112.4,112.4,0.7000000000000001,-0.1,-0.1,0.159,1.83,19.8,0.02,0.096,0.058,10.8,10.8,0.534,0.585,0.183,0.189,102.65,101.43,84.53,101.43,0.092,4666,340,755,4.5,10.1,2026,79.0,89.0,70.0,76.0,84.0,70.0,75.0,82.0,25.0,70.0,39.0,48.0,42.0,72.0,80.0,46.0,83.0,42.0,51.0,80.0,78.0,75.0,86.0,63.0,75.0,85.0,80.0,80.0,70.0,79.0,79.0,75.0,62.0,36.0,53.0,84.0
Quenton Jackson,IND,49,10,39,0.204,18.3,3.1,6.7,0.47,0.9,2.4,0.356,2.0,2.4,0.8240000000000001,0.6000000000000001,1.8,2.3,2.9,1.3,0.6000000000000001,0.1,0.5,1.7,2.6,9.1,-1.3,301,109.8,109.1,109.1,113.0,112.9,112.9,-3.2,-3.8,-3.8,0.227,2.26,24.1,0.03,0.092,0.061,10.7,10.6,0.534,0.589,0.2,0.207,105.0,105.34,87.78,105.34,0.096,1975,154,328,3.1,6.7,2026,76.0,76.0,45.0,82.0,81.0,80.0,75.0,80.0,40.0,80.0,33.0,40.0,31.0,57.0,80.0,46.0,73.0,43.0,42.0,70.0,75.0,65.0,85.0,42.0,88.0,80.0,75.0,79.0,78.0,78.0,76.0,78.0,70.0,41.0,52.0,85.0
Quinten Post,GSW,67,32,35,0.478,17.3,2.9,6.6,0.44,1.4,4.1,0.336,0.5,0.6000000000000001,0.791,1.0,3.0,4.0,1.4,0.8,0.4,0.5,0.3,1.9,0.7000000000000001,7.7,0.9,182,112.7,112.4,112.4,111.2,110.2,110.2,1.5,2.3,2.3,0.116,1.68,15.4,0.057,0.165,0.111,9.2,9.2,0.546,0.56,0.183,0.188,101.13,101.7,84.75,101.7,0.089,2458,193,439,2.9,6.6,2026,76.0,95.0,89.0,76.0,79.0,80.0,70.0,69.0,75.0,65.0,67.0,62.0,65.0,52.0,80.0,62.0,33.0,38.0,67.0,60.0,45.0,50.0,47.0,70.0,40.0,80.0,70.0,80.0,59.0,43.0,32.0,60.0,44.0,56.0,74.0,33.0
Rasheer Fleming,PHX,55,29,26,0.527,12.2,1.6,3.9,0.405,0.8,2.4,0.346,0.3,0.6000000000000001,0.559,1.0,1.2,2.3,0.3,0.5,0.4,0.4,0.1,1.2,0.5,4.3,1.8,308,113.1,112.7,112.7,106.0,106.6,106.6,7.1,6.1,6.1,0.033,0.55,5.8,0.08,0.099,0.089,10.5,10.5,0.509,0.517,0.159,0.164,97.02,96.98,80.81,96.98,0.056,1367,87,215,1.6,3.9,2026,76.0,71.0,74.0,78.0,56.0,80.0,65.0,74.0,70.0,75.0,60.0,60.0,60.0,69.0,80.0,67.0,40.0,46.0,71.0,68.0,62.0,55.0,77.0,75.0,75.0,85.0,80.0,80.0,55.0,62.0,69.0,52.0,27.0,70.0,53.0,70.0
RayJ Dennis,ATL,17,3,14,0.176,12.1,1.5,4.9,0.313,0.8,2.6,0.311,0.5,0.5,0.889,0.5,1.1,1.5,1.9,1.0,0.2,0.2,0.1,1.2,0.5,4.4,-3.6,307,95.9,95.8,95.8,112.1,110.0,110.0,-16.2,-14.2,-14.2,0.26,1.94,24.1,0.03,0.081,0.053,12.4,12.4,0.398,0.425,0.195,0.201,104.15,105.2,87.67,105.2,0.051,453,26,83,1.5,4.9,2026,71.0,72.0,74.0,75.0,73.0,70.0,55.0,73.0,25.0,55.0,33.0,34.0,33.0,47.0,84.0,44.0,67.0,68.0,35.0,62.0,55.0,45.0,79.0,42.0,75.0,85.0,80.0,80.0,75.0,74.0,79.0,75.0,73.0,32.0,44.0,80.0
Rayan Rupert,MEM,64,29,35,0.453,16.8,1.9,4.9,0.393,0.7000000000000001,2.1,0.324,0.7000000000000001,0.8,0.778,0.8,2.2,2.9,1.1,0.9,0.9,0.1,0.4,1.9,0.6000000000000001,5.2,-5.0,345,102.3,103.5,103.5,116.7,117.0,117.0,-14.4,-13.6,-13.6,0.093,1.24,14.8,0.04,0.129,0.082,12.0,12.0,0.463,0.493,0.148,0.151,103.74,103.02,85.85,103.02,0.055,2299,123,313,1.9,4.9,2026,74.0,75.0,63.0,77.0,74.0,70.0,65.0,82.0,45.0,70.0,40.0,44.0,42.0,40.0,70.0,53.0,70.0,70.0,40.0,70.0,70.0,65.0,67.0,52.0,69.0,88.0,85.0,80.0,68.0,72.0,65.0,68.0,33.0,46.0,60.0,72.0
Reed Sheppard,HOU,82,52,30,0.634,26.2,5.0,11.5,0.43,2.8,7.0,0.394,0.8,1.0,0.802,0.3,2.6,2.9,3.4,1.5,1.5,0.7000000000000001,0.4,2.0,0.8,13.5,3.4,25,114.1,115.9,115.9,111.5,111.6,111.6,2.6,4.3,4.3,0.183,2.25,20.1,0.012,0.092,0.053,8.9,8.9,0.55,0.5640000000000001,0.21,0.214,99.57,98.73,82.28,98.73,0.102,4455,407,946,5.0,11.5,2026,80.0,88.0,83.0,83.0,81.0,80.0,75.0,78.0,25.0,70.0,44.0,45.0,40.0,52.0,90.0,54.0,78.0,86.0,62.0,70.0,77.0,70.0,90.0,56.0,87.0,93.0,95.0,80.0,79.0,79.0,84.0,79.0,68.0,32.0,51.0,89.0
Riley Minix,CLE,9,7,2,0.778,6.5,1.6,2.6,0.609,0.4,1.3,0.333,0.3,0.3,1.0,0.2,0.4,0.7000000000000001,0.6000000000000001,0.3,0.2,0.1,0.0,0.6000000000000001,0.4,3.9,3.6,410,132.1,129.3,129.3,107.0,108.5,108.5,25.1,20.8,20.8,0.104,1.67,15.6,0.042,0.066,0.055,9.4,9.3,0.6960000000000001,0.72,0.176,0.188,107.83,108.26,90.22,108.26,0.114,133,14,23,1.6,2.6,2026,67.0,69.0,71.0,76.0,83.0,50.0,40.0,62.0,45.0,60.0,54.0,54.0,54.0,40.0,70.0,55.0,59.0,62.0,47.0,57.0,60.0,50.0,60.0,58.0,70.0,80.0,80.0,80.0,54.0,55.0,55.0,54.0,30.0,60.0,62.0,60.0
Rob Dillingham,CHI,65,29,36,0.446,14.9,2.5,6.3,0.396,0.6000000000000001,2.0,0.316,0.6000000000000001,0.8,0.745,0.3,1.7,2.0,2.2,1.5,0.7000000000000001,0.1,0.6000000000000001,1.8,0.9,6.3,-2.2,352,105.9,105.9,105.9,112.7,113.3,113.3,-6.9,-7.4,-7.4,0.206,1.43,21.1,0.018,0.105,0.062,14.7,14.7,0.447,0.469,0.218,0.225,106.34,106.08,88.4,106.08,0.06,2149,163,412,2.5,6.3,2026,73.0,67.0,74.0,74.0,76.0,65.0,75.0,77.0,30.0,75.0,37.0,39.0,39.0,45.0,90.0,34.0,63.0,70.0,37.0,57.0,58.0,50.0,91.0,39.0,85.0,90.0,85.0,80.0,69.0,90.0,91.0,68.0,70.0,36.0,53.0,86.0
Robert Williams III,POR,59,30,29,0.508,17.1,3.0,4.2,0.708,0.2,0.4,0.391,0.6000000000000001,1.0,0.596,2.4,4.6,7.0,1.0,0.8,0.6000000000000001,1.5,0.2,1.3,0.7000000000000001,6.7,1.2,478,110.1,110.6,110.6,107.4,107.2,107.2,2.6,3.4,3.4,0.089,1.22,15.5,0.133,0.25,0.192,12.7,12.8,0.726,0.722,0.129,0.133,103.03,102.86,85.72,102.86,0.163,2160,177,250,3.0,4.2,2026,80.0,98.0,69.0,74.0,62.0,50.0,55.0,82.0,80.0,75.0,60.0,50.0,65.0,37.0,75.0,83.0,40.0,46.0,95.0,88.0,85.0,85.0,71.0,83.0,75.0,80.0,90.0,81.0,57.0,48.0,38.0,62.0,37.0,91.0,91.0,64.0
Rocco Zikarsky,MIN,5,1,4,0.2,7.3,1.0,1.6,0.625,0.0,0.0,0.0,0.8,0.8,1.0,0.4,2.4,2.8,0.4,0.2,0.0,1.0,0.0,0.6000000000000001,0.4,2.8,1.4,517,121.1,122.4,122.4,110.5,116.2,116.2,10.6,6.2,6.2,0.067,2.0,15.4,0.067,0.245,0.177,7.7,7.8,0.625,0.717,0.131,0.135,101.7,98.68,82.23,98.68,0.151,76,5,8,1.0,1.6,2026,68.0,70.0,50.0,39.0,62.0,60.0,50.0,57.0,75.0,65.0,67.0,48.0,60.0,54.0,66.0,68.0,52.0,48.0,74.0,62.0,44.0,50.0,48.0,65.0,54.0,80.0,70.0,80.0,50.0,37.0,29.0,50.0,30.0,70.0,70.0,30.0
Ron Harper Jr.,BOS,29,22,7,0.759,10.9,1.6,3.8,0.418,1.0,2.8,0.35,0.1,0.1,0.75,0.5,1.1,1.7,0.8,0.3,0.3,0.3,0.0,0.7000000000000001,0.3,4.2,0.6000000000000001,281,111.7,111.6,111.6,109.3,109.0,109.0,2.4,2.7,2.7,0.1,2.75,15.5,0.043,0.101,0.072,5.6,5.6,0.545,0.55,0.158,0.163,96.05,96.22,80.18,96.22,0.086,637,46,110,1.6,3.8,2026,73.0,70.0,72.0,78.0,79.0,75.0,70.0,72.0,40.0,70.0,44.0,45.0,30.0,57.0,85.0,42.0,60.0,43.0,47.0,60.0,52.0,55.0,69.0,47.0,70.0,80.0,75.0,80.0,59.0,72.0,63.0,68.0,33.0,57.0,48.0,69.0
Rudy Gobert,MIN,76,46,30,0.605,31.3,4.4,6.5,0.682,0.0,0.1,0.0,2.1,4.0,0.526,3.9,7.5,11.5,1.7,1.4,0.8,1.6,0.5,2.6,4.0,10.9,3.1,517,112.1,113.0,113.0,106.6,108.0,108.0,5.5,5.0,5.0,0.074,1.21,14.9,0.121,0.222,0.173,12.3,12.4,0.682,0.664,0.127,0.129,102.6,101.49,84.58,101.49,0.121,5023,335,491,4.4,6.5,2026,85.0,80.0,54.0,25.0,53.0,75.0,40.0,57.0,85.0,75.0,65.0,58.0,65.0,70.0,85.0,90.0,64.0,40.0,82.0,95.0,74.0,95.0,48.0,87.0,57.0,90.0,95.0,81.0,68.0,35.0,25.0,58.0,33.0,90.0,87.0,65.0
Rui Hachimura,LAL,68,47,21,0.6910000000000001,28.3,4.5,8.8,0.514,1.7,3.9,0.443,0.7000000000000001,1.1,0.6940000000000001,0.6000000000000001,2.7,3.3,0.8,0.6000000000000001,0.6000000000000001,0.3,0.3,1.6,0.7000000000000001,11.5,1.2,127,115.6,116.4,116.4,113.3,114.4,114.4,2.3,2.0,2.0,0.041,1.36,7.8,0.023,0.094,0.06,5.8,5.8,0.611,0.62,0.149,0.152,101.66,100.83,84.03,100.83,0.073,4047,307,597,4.5,8.8,2026,81.0,87.0,98.0,88.0,73.0,75.0,85.0,79.0,80.0,80.0,74.0,70.0,72.0,50.0,85.0,60.0,54.0,36.0,50.0,59.0,50.0,35.0,72.0,79.0,80.0,90.0,85.0,80.0,51.0,72.0,67.0,54.0,28.0,37.0,51.0,74.0
Russell Westbrook,SAC,64,16,48,0.25,28.9,5.6,13.1,0.427,2.0,5.9,0.338,2.0,2.9,0.6940000000000001,1.3,4.2,5.4,6.7,3.3,1.3,0.2,0.7000000000000001,2.3,2.2,15.2,-7.1,86,109.5,110.0,110.0,119.9,122.1,122.1,-10.4,-12.1,-12.1,0.33,2.04,27.4,0.042,0.147,0.093,13.4,13.4,0.503,0.528,0.252,0.257,103.34,102.15,85.12,102.15,0.105,3951,358,839,5.6,13.1,2026,81.0,93.0,70.0,77.0,69.0,60.0,90.0,87.0,30.0,80.0,45.0,66.0,66.0,60.0,85.0,42.0,74.0,66.0,37.0,70.0,55.0,70.0,89.0,75.0,92.0,92.0,95.0,92.0,80.0,86.0,89.0,82.0,79.0,48.0,67.0,89.0
Ryan Dunn,PHX,70,40,30,0.5710000000000001,19.4,2.3,5.2,0.453,0.8,2.4,0.331,0.3,0.7000000000000001,0.489,1.4,2.8,4.2,1.5,0.8,0.9,0.4,0.3,1.9,0.5,5.8,0.1,311,110.3,110.4,110.4,107.9,108.7,108.7,2.4,1.7,1.7,0.105,1.82,18.8,0.068,0.142,0.105,10.3,10.4,0.53,0.532,0.136,0.139,98.48,98.02,81.68,98.02,0.081,2748,164,362,2.3,5.2,2026,75.0,77.0,70.0,76.0,48.0,50.0,50.0,75.0,55.0,80.0,38.0,37.0,37.0,30.0,80.0,76.0,80.0,66.0,60.0,80.0,80.0,80.0,83.0,65.0,79.0,88.0,90.0,80.0,60.0,69.0,69.0,55.0,40.0,65.0,66.0,88.0
Ryan Kalkbrenner,CHA,69,39,30,0.5650000000000001,21.4,3.2,4.2,0.753,0.0,0.1,0.0,1.2,1.7,0.716,2.4,3.0,5.5,0.8,0.9,0.5,1.5,0.4,1.6,1.4,7.6,0.7000000000000001,517,110.6,112.3,112.3,111.4,111.2,111.2,-0.9,1.1,1.1,0.053,0.87,11.8,0.109,0.133,0.121,13.5,13.5,0.753,0.762,0.113,0.115,101.08,100.4,83.67,100.4,0.108,3099,219,291,3.2,4.2,2026,80.0,98.0,74.0,73.0,71.0,85.0,70.0,60.0,80.0,75.0,71.0,60.0,70.0,67.0,85.0,78.0,30.0,38.0,89.0,78.0,54.0,75.0,44.0,67.0,74.0,85.0,85.0,80.0,50.0,37.0,30.0,50.0,30.0,85.0,65.0,35.0
Ryan Nembhard,DAL,60,20,40,0.333,19.5,2.7,6.5,0.415,0.8,2.3,0.356,0.4,0.5,0.806,0.2,2.0,2.2,5.3,1.4,0.4,0.0,0.2,1.4,0.7000000000000001,6.6,-0.4,311,110.8,111.2,111.2,112.9,113.1,113.1,-2.1,-1.9,-1.9,0.353,3.72,39.3,0.011,0.095,0.054,10.6,10.6,0.477,0.492,0.173,0.178,102.14,101.89,84.91,101.89,0.087,2496,162,390,2.7,6.5,2026,75.0,82.0,79.0,80.0,77.0,70.0,60.0,79.0,25.0,30.0,35.0,30.0,30.0,35.0,85.0,31.0,66.0,36.0,30.0,57.0,75.0,45.0,80.0,37.0,68.0,85.0,85.0,80.0,89.0,86.0,80.0,89.0,81.0,30.0,50.0,79.0
Ryan Rollins,MIL,74,29,45,0.392,32.1,6.6,13.9,0.472,2.5,6.1,0.406,1.7,2.1,0.796,0.7000000000000001,3.8,4.6,5.6,2.7,1.5,0.4,1.0,2.6,2.1,17.3,-2.4,48,112.4,113.3,113.3,115.2,116.5,116.5,-2.8,-3.2,-3.2,0.264,2.06,24.2,0.023,0.115,0.07,11.7,11.7,0.561,0.583,0.236,0.242,100.49,99.55,82.96,99.55,0.111,4920,486,1030,6.6,13.9,2026,82.0,85.0,79.0,84.0,79.0,85.0,80.0,85.0,25.0,65.0,40.0,42.0,42.0,79.0,85.0,43.0,68.0,70.0,52.0,67.0,62.0,60.0,86.0,39.0,80.0,85.0,85.0,80.0,79.0,79.0,82.0,79.0,73.0,37.0,60.0,86.0
Saddiq Bey,NOP,72,24,48,0.333,31.2,6.1,13.4,0.451,2.1,5.7,0.367,3.4,4.1,0.841,1.7,3.9,5.6,2.5,0.9,0.9,0.1,0.7000000000000001,1.3,2.5,17.7,-2.6,73,112.7,113.3,113.3,115.9,116.8,116.8,-3.2,-3.6,-3.6,0.12,2.68,13.5,0.051,0.12,0.085,5.1,5.0,0.529,0.579,0.213,0.218,102.75,102.05,85.04,102.05,0.112,4767,436,967,6.1,13.4,2026,84.0,87.0,64.0,82.0,84.0,90.0,90.0,87.0,45.0,75.0,63.0,64.0,64.0,88.0,95.0,64.0,69.0,42.0,32.0,67.0,65.0,65.0,63.0,74.0,70.0,81.0,90.0,81.0,64.0,76.0,57.0,75.0,46.0,53.0,60.0,72.0
Sam Hauser,BOS,78,54,24,0.6920000000000001,24.8,3.2,7.7,0.419,2.5,6.5,0.393,0.2,0.3,0.85,0.7000000000000001,3.1,3.8,1.5,0.4,0.5,0.3,0.1,1.4,0.4,9.2,4.7,44,118.4,119.8,119.8,110.4,111.0,111.0,8.0,8.8,8.8,0.077,3.26,15.0,0.028,0.118,0.073,4.6,4.6,0.584,0.59,0.141,0.145,98.12,97.23,81.03,97.23,0.08,3928,252,601,3.2,7.7,2026,78.0,94.0,79.0,86.0,89.0,85.0,75.0,60.0,40.0,60.0,44.0,45.0,45.0,55.0,95.0,48.0,55.0,38.0,52.0,52.0,44.0,45.0,61.0,66.0,62.0,85.0,88.0,80.0,50.0,43.0,55.0,60.0,34.0,41.0,60.0,62.0
Sam Merrill,CLE,52,37,15,0.712,26.5,4.3,9.3,0.461,3.0,7.2,0.421,1.1,1.3,0.855,0.5,2.0,2.6,2.4,0.8,0.6000000000000001,0.1,0.2,2.4,1.8,12.8,4.7,16,119.4,120.3,120.3,111.5,112.6,112.6,8.0,7.7,7.7,0.119,2.98,18.4,0.02,0.072,0.047,6.2,6.2,0.624,0.644,0.167,0.17,102.4,101.54,84.61,101.54,0.081,2921,223,484,4.3,9.3,2026,78.0,87.0,69.0,87.0,86.0,95.0,80.0,64.0,30.0,45.0,30.0,44.0,48.0,55.0,80.0,42.0,68.0,38.0,37.0,62.0,62.0,55.0,62.0,52.0,60.0,80.0,60.0,79.0,74.0,76.0,60.0,79.0,46.0,36.0,46.0,68.0
Sandro Mamukelashvili,TOR,80,44,36,0.55,21.9,4.1,7.9,0.523,1.4,3.7,0.389,1.5,2.0,0.747,1.4,3.6,4.9,1.9,0.8,0.8,0.5,0.4,1.8,1.4,11.2,2.3,173,114.3,114.9,114.9,109.6,109.7,109.7,4.7,5.3,5.3,0.123,2.25,16.5,0.06,0.163,0.111,7.3,7.3,0.614,0.637,0.181,0.187,101.49,101.19,84.32,101.19,0.123,3686,330,631,4.1,7.9,2026,79.0,90.0,70.0,82.0,75.0,85.0,80.0,69.0,65.0,65.0,62.0,60.0,63.0,54.0,85.0,65.0,50.0,53.0,63.0,68.0,52.0,45.0,59.0,73.0,69.0,85.0,85.0,80.0,62.0,59.0,49.0,69.0,46.0,60.0,71.0,59.0
Santi Aldama,MEM,43,19,24,0.442,27.9,5.3,11.1,0.479,1.6,4.7,0.35,1.8,2.7,0.667,1.6,5.1,6.7,2.9,1.3,0.9,0.7000000000000001,0.3,1.6,2.2,14.0,-1.1,140,111.8,113.6,113.6,114.6,116.0,116.0,-2.8,-2.4,-2.4,0.153,2.29,18.1,0.052,0.171,0.112,7.9,7.8,0.553,0.5720000000000001,0.191,0.199,104.96,103.47,86.22,103.47,0.115,2589,228,476,5.3,11.1,2026,81.0,97.0,80.0,78.0,67.0,85.0,85.0,79.0,70.0,65.0,72.0,71.0,72.0,50.0,95.0,67.0,66.0,43.0,62.0,74.0,68.0,65.0,59.0,70.0,59.0,80.0,80.0,79.0,70.0,68.0,54.0,70.0,62.0,55.0,73.0,60.0
Scoot Henderson,POR,30,18,12,0.6000000000000001,24.9,4.8,11.4,0.418,1.9,5.4,0.352,2.8,3.3,0.84,0.6000000000000001,2.1,2.7,3.7,2.4,0.9,0.3,0.6000000000000001,2.8,3.0,14.2,1.8,104,111.7,112.2,112.2,109.3,109.0,109.0,2.5,3.2,3.2,0.231,1.53,19.5,0.022,0.078,0.05,12.7,12.8,0.501,0.553,0.246,0.251,103.4,103.34,86.12,103.34,0.086,1611,143,342,4.8,11.4,2026,81.0,74.0,97.0,79.0,84.0,80.0,80.0,83.0,35.0,88.0,44.0,44.0,44.0,40.0,95.0,41.0,66.0,43.0,50.0,65.0,67.0,50.0,90.0,53.0,90.0,95.0,80.0,80.0,79.0,86.0,90.0,77.0,72.0,38.0,49.0,89.0
Scottie Barnes,TOR,80,45,35,0.5630000000000001,33.5,7.1,14.0,0.507,0.9,2.8,0.304,3.0,3.7,0.8150000000000001,1.9,5.6,7.5,5.9,2.6,1.4,1.5,0.6000000000000001,2.6,3.3,18.1,3.3,303,113.8,114.6,114.6,109.6,110.0,110.0,4.2,4.6,4.6,0.255,2.26,24.5,0.055,0.166,0.11,10.9,10.8,0.537,0.577,0.226,0.233,101.54,101.0,84.17,101.0,0.139,5645,569,1123,7.1,14.0,2026,89.0,97.0,87.0,77.0,81.0,80.0,90.0,89.0,80.0,80.0,70.0,72.0,72.0,86.0,95.0,80.0,80.0,63.0,81.0,80.0,78.0,85.0,82.0,74.0,92.0,88.0,95.0,80.0,82.0,79.0,77.0,88.0,80.0,57.0,73.0,82.0
Scotty Pippen Jr.,MEM,10,2,8,0.2,21.2,4.3,9.6,0.448,1.0,3.2,0.313,1.8,2.3,0.783,0.8,1.4,2.2,4.7,2.7,1.9,0.4,0.6000000000000001,3.1,2.9,11.4,-5.0,268,108.2,107.1,107.1,115.8,118.7,118.7,-7.6,-11.5,-11.5,0.324,1.74,26.3,0.035,0.065,0.05,15.1,15.0,0.5,0.537,0.255,0.265,105.53,104.78,87.32,104.78,0.086,464,43,96,4.3,9.6,2026,77.0,74.0,79.0,75.0,78.0,80.0,75.0,82.0,25.0,65.0,25.0,36.0,31.0,50.0,72.0,31.0,62.0,93.0,62.0,54.0,55.0,50.0,82.0,39.0,79.0,82.0,75.0,80.0,85.0,86.0,82.0,85.0,82.0,47.0,39.0,82.0
Sean Pedulla,LAC,7,4,3,0.5710000000000001,4.4,0.7000000000000001,2.1,0.333,0.4,1.4,0.3,0.0,0.0,0.0,0.0,0.4,0.4,0.7000000000000001,0.1,0.0,0.0,0.1,0.6000000000000001,0.0,1.9,-2.9,412,85.0,82.5,82.5,117.7,112.5,112.5,-32.8,-30.0,-30.0,0.294,5.0,23.8,0.0,0.13,0.048,4.8,4.8,0.433,0.433,0.219,0.231,94.73,98.32,81.94,98.32,0.05,63,5,15,0.7000000000000001,2.1,2026,68.0,72.0,75.0,77.0,82.0,60.0,50.0,76.0,25.0,50.0,28.0,45.0,32.0,37.0,80.0,44.0,63.0,54.0,30.0,62.0,55.0,35.0,75.0,41.0,72.0,85.0,80.0,81.0,77.0,76.0,75.0,77.0,72.0,32.0,49.0,74.0
Seth Curry,GSW,10,1,9,0.1,13.3,2.4,4.9,0.49,1.2,2.5,0.48,1.1,1.2,0.917,0.4,0.8,1.2,1.0,0.2,0.3,0.0,0.1,0.7000000000000001,0.9,7.1,0.1,216,116.3,116.0,116.0,121.9,119.0,119.0,-5.6,-3.0,-3.0,0.106,5.0,15.4,0.029,0.075,0.049,3.1,3.0,0.612,0.654,0.169,0.181,98.72,99.97,83.31,99.97,0.093,281,24,49,2.4,4.9,2026,74.0,70.0,95.0,89.0,80.0,70.0,70.0,85.0,25.0,36.0,27.0,35.0,30.0,35.0,69.0,25.0,57.0,40.0,42.0,54.0,55.0,35.0,78.0,41.0,68.0,89.0,80.0,80.0,75.0,78.0,77.0,75.0,37.0,37.0,48.0,78.0
Shaedon Sharpe,POR,50,24,26,0.48,29.4,7.8,17.4,0.452,2.1,6.1,0.337,3.1,3.9,0.787,1.0,3.3,4.3,2.6,2.9,1.4,0.1,1.1,2.0,3.3,20.8,-1.0,77,110.1,112.4,112.4,113.1,113.7,113.7,-3.0,-1.3,-1.3,0.151,0.9,10.7,0.032,0.104,0.068,12.0,11.9,0.511,0.546,0.293,0.3,105.24,103.89,86.58,103.89,0.108,3180,392,868,7.8,17.4,2026,83.0,83.0,72.0,76.0,78.0,80.0,85.0,85.0,40.0,95.0,35.0,37.0,33.0,82.0,88.0,49.0,69.0,73.0,32.0,65.0,75.0,45.0,89.0,50.0,96.0,94.0,85.0,80.0,67.0,83.0,84.0,67.0,61.0,45.0,57.0,89.0
Shai Gilgeous-Alexander,OKC,68,56,12,0.8240000000000001,33.2,10.8,19.4,0.553,1.7,4.4,0.386,7.9,9.0,0.879,0.6000000000000001,3.7,4.3,6.6,2.2,1.4,0.8,0.8,2.0,6.1,31.1,11.6,131,121.0,121.5,121.5,104.2,105.2,105.2,16.9,16.3,16.3,0.332,2.97,20.6,0.017,0.1,0.062,6.9,6.9,0.597,0.665,0.323,0.333,102.51,101.84,84.86,101.84,0.207,4796,731,1321,10.8,19.4,2026,98.0,97.0,99.0,82.0,88.0,90.0,98.0,97.0,40.0,75.0,66.0,73.0,72.0,98.0,98.0,69.0,86.0,70.0,62.0,89.0,95.0,85.0,86.0,62.0,85.0,98.0,90.0,80.0,97.0,95.0,85.0,98.0,85.0,34.0,54.0,86.0
Sharife Cooper,WAS,41,6,35,0.146,17.1,3.1,6.0,0.514,0.7000000000000001,1.9,0.382,1.2,1.5,0.833,0.4,1.7,2.1,3.0,1.5,0.4,0.1,0.6000000000000001,1.5,1.6,8.1,-4.5,334,109.3,108.4,108.4,120.8,120.1,120.1,-11.5,-11.7,-11.7,0.256,2.03,27.1,0.025,0.098,0.061,13.3,13.3,0.5730000000000001,0.609,0.197,0.204,103.01,103.68,86.4,103.68,0.094,1509,127,247,3.1,6.0,2026,74.0,77.0,94.0,79.0,82.0,65.0,50.0,79.0,25.0,40.0,25.0,32.0,25.0,72.0,81.0,25.0,70.0,36.0,40.0,64.0,52.0,50.0,88.0,39.0,80.0,80.0,78.0,80.0,75.0,86.0,88.0,79.0,72.0,37.0,54.0,88.0
Sidy Cissoko,POR,75,39,36,0.52,19.1,1.8,4.5,0.398,0.8,2.6,0.298,0.8,1.2,0.659,0.8,1.4,2.2,1.5,0.9,0.7000000000000001,0.3,0.4,2.4,1.7,5.1,-0.8,318,108.6,109.2,109.2,110.7,110.9,110.9,-2.1,-1.7,-1.7,0.107,1.57,20.0,0.041,0.071,0.056,12.7,12.7,0.487,0.514,0.123,0.128,102.92,102.55,85.46,102.55,0.036,3063,133,334,1.8,4.5,2026,74.0,72.0,67.0,72.0,65.0,75.0,75.0,78.0,50.0,75.0,48.0,47.0,47.0,67.0,85.0,59.0,66.0,49.0,56.0,68.0,54.0,50.0,74.0,58.0,80.0,89.0,80.0,80.0,61.0,68.0,66.0,60.0,40.0,47.0,45.0,75.0
Simone Fontecchio,MIA,70,36,34,0.514,16.7,2.8,6.7,0.412,1.8,4.7,0.375,1.2,1.5,0.843,0.8,2.2,3.0,1.4,0.7000000000000001,0.5,0.1,0.3,1.5,0.8,8.5,1.3,119,113.6,113.8,113.8,109.9,110.5,110.5,3.7,3.3,3.3,0.121,2.06,15.4,0.042,0.118,0.08,7.5,7.4,0.542,0.579,0.184,0.193,105.66,105.28,87.73,105.28,0.09,2574,194,471,2.8,6.7,2026,77.0,75.0,83.0,82.0,84.0,75.0,75.0,79.0,40.0,65.0,50.0,50.0,50.0,67.0,69.0,51.0,65.0,43.0,42.0,64.0,47.0,45.0,55.0,62.0,55.0,80.0,95.0,80.0,55.0,58.0,52.0,60.0,43.0,49.0,60.0,66.0
Sion James,CHA,82,44,38,0.537,22.5,1.7,4.5,0.371,1.0,2.9,0.352,1.0,1.2,0.837,0.6000000000000001,2.9,3.5,2.0,0.8,0.6000000000000001,0.2,0.3,1.8,1.2,5.4,0.8,267,112.5,113.2,113.2,110.3,110.0,110.0,2.2,3.3,3.3,0.121,2.51,25.3,0.026,0.124,0.075,10.1,10.1,0.483,0.531,0.109,0.112,99.24,99.1,82.58,99.1,0.062,3779,138,372,1.7,4.5,2026,75.0,50.0,70.0,80.0,85.0,75.0,65.0,79.0,55.0,70.0,58.0,58.0,59.0,47.0,75.0,69.0,72.0,41.0,50.0,70.0,68.0,65.0,93.0,82.0,81.0,80.0,80.0,80.0,69.0,69.0,78.0,69.0,43.0,40.0,61.0,85.0
Spencer Jones,DEN,64,41,23,0.641,22.1,2.1,4.1,0.504,0.9,2.3,0.396,0.5,0.8,0.608,1.2,2.1,3.3,0.8,0.5,0.8,0.5,0.3,2.7,0.8,5.5,0.0,297,116.4,116.9,116.9,114.2,115.3,115.3,2.2,1.6,1.6,0.047,1.65,13.8,0.055,0.09,0.073,8.4,8.5,0.613,0.619,0.097,0.099,99.98,99.33,82.78,99.33,0.045,2912,132,262,2.1,4.1,2026,73.0,95.0,72.0,83.0,61.0,70.0,70.0,74.0,40.0,65.0,40.0,40.0,45.0,59.0,88.0,57.0,64.0,53.0,58.0,64.0,57.0,50.0,67.0,50.0,68.0,80.0,95.0,80.0,54.0,68.0,60.0,57.0,29.0,56.0,50.0,64.0
Stephen Curry,GSW,43,24,19,0.558,30.9,8.7,18.6,0.468,4.4,11.3,0.393,4.7,5.1,0.923,0.4,3.2,3.6,4.7,2.8,1.1,0.4,0.6000000000000001,1.7,4.6,26.6,2.1,1,116.4,117.6,117.6,113.6,114.8,114.8,2.8,2.8,2.8,0.245,1.68,16.8,0.013,0.1,0.057,10.0,9.9,0.587,0.637,0.308,0.318,104.78,103.66,86.38,103.66,0.146,2873,374,799,8.7,18.6,2026,95.0,98.0,94.0,99.0,93.0,75.0,98.0,94.0,25.0,36.0,35.0,52.0,35.0,78.0,98.0,30.0,69.0,49.0,51.0,70.0,68.0,65.0,84.0,48.0,73.0,98.0,85.0,86.0,89.0,97.0,84.0,90.0,74.0,32.0,53.0,84.0
Stephon Castle,SAS,68,51,17,0.75,30.0,5.7,12.0,0.471,1.2,3.6,0.332,4.1,5.6,0.734,1.4,3.9,5.3,7.4,3.2,1.1,0.3,1.0,3.3,4.4,16.7,6.0,220,117.2,118.2,118.2,107.8,108.4,108.4,9.4,9.8,9.8,0.344,2.31,29.4,0.047,0.119,0.084,12.7,12.7,0.521,0.5750000000000001,0.243,0.249,103.01,102.28,85.23,102.28,0.117,4334,385,817,5.7,12.0,2026,88.0,91.0,77.0,79.0,73.0,95.0,95.0,92.0,40.0,88.0,39.0,38.0,39.0,84.0,85.0,64.0,83.0,53.0,47.0,77.0,75.0,80.0,82.0,59.0,72.0,90.0,90.0,80.0,84.0,83.0,80.0,85.0,79.0,51.0,58.0,93.0
Steven Adams,HOU,32,21,11,0.656,22.8,2.2,4.3,0.504,0.0,0.0,0.0,1.5,2.5,0.58,4.5,4.1,8.6,1.5,1.1,0.7000000000000001,0.6000000000000001,0.3,1.7,2.2,5.8,6.1,517,114.8,117.3,117.3,104.9,105.5,105.5,9.9,11.8,11.8,0.084,1.37,18.5,0.189,0.165,0.177,13.5,13.6,0.504,0.535,0.116,0.117,99.06,97.69,81.41,97.69,0.1,1495,70,139,2.2,4.3,2026,77.0,73.0,65.0,26.0,58.0,40.0,60.0,69.0,70.0,70.0,72.0,62.0,69.0,59.0,75.0,80.0,55.0,43.0,65.0,80.0,70.0,70.0,48.0,96.0,68.0,68.0,75.0,82.0,69.0,35.0,33.0,68.0,35.0,98.0,75.0,63.0
Svi Mykhailiuk,UTA,50,14,36,0.28,23.1,3.5,7.2,0.478,2.0,4.8,0.408,0.5,0.6000000000000001,0.893,0.7000000000000001,1.8,2.5,1.9,0.8,0.5,0.1,0.3,1.3,0.6000000000000001,9.4,-1.5,92,113.2,114.9,114.9,118.0,117.9,117.9,-4.8,-3.0,-3.0,0.107,2.21,18.3,0.029,0.074,0.051,8.3,8.2,0.613,0.626,0.143,0.147,104.47,103.74,86.45,103.74,0.074,2497,173,362,3.5,7.2,2026,76.0,92.0,83.0,84.0,89.0,85.0,70.0,70.0,40.0,55.0,42.0,47.0,38.0,39.0,94.0,37.0,55.0,37.0,32.0,50.0,54.0,30.0,82.0,54.0,69.0,81.0,65.0,79.0,69.0,64.0,75.0,64.0,42.0,41.0,45.0,82.0
T.J. McConnell,IND,56,15,41,0.268,17.2,4.3,8.0,0.538,0.3,0.9,0.32,0.4,0.5,0.862,0.4,1.8,2.2,5.1,1.1,1.0,0.2,0.4,1.1,1.1,9.4,-2.4,446,110.7,109.1,109.1,117.2,116.7,116.7,-6.5,-7.6,-7.6,0.469,4.48,35.3,0.022,0.104,0.063,7.9,7.9,0.556,0.5670000000000001,0.227,0.237,102.69,103.65,86.38,103.65,0.15,2089,242,450,4.3,8.0,2026,81.0,98.0,97.0,75.0,86.0,85.0,60.0,76.0,25.0,25.0,44.0,58.0,38.0,40.0,79.0,49.0,82.0,86.0,47.0,70.0,87.0,80.0,76.0,44.0,65.0,85.0,92.0,83.0,92.0,79.0,73.0,92.0,97.0,36.0,54.0,82.0
Taelon Peter,IND,38,6,32,0.158,13.0,1.6,4.2,0.38,1.1,3.3,0.328,0.3,0.4,0.625,0.3,1.3,1.6,1.1,0.7000000000000001,0.7000000000000001,0.1,0.1,1.0,0.4,4.5,-2.6,248,103.2,103.2,103.2,112.9,111.8,111.8,-9.8,-8.7,-8.7,0.113,1.48,17.3,0.019,0.096,0.057,11.7,11.6,0.509,0.518,0.159,0.164,104.62,105.12,87.6,105.12,0.057,1075,60,158,1.6,4.2,2026,73.0,81.0,80.0,76.0,77.0,80.0,65.0,79.0,35.0,80.0,30.0,38.0,26.0,59.0,76.0,40.0,52.0,70.0,51.0,50.0,75.0,45.0,81.0,41.0,80.0,85.0,81.0,80.0,67.0,69.0,72.0,69.0,55.0,35.0,53.0,74.0
Taj Gibson,MEM,10,1,9,0.1,9.7,1.2,2.6,0.462,0.3,0.6000000000000001,0.5,0.7000000000000001,0.8,0.875,1.1,1.6,2.7,0.6000000000000001,0.1,0.2,0.1,0.4,1.4,0.7000000000000001,3.4,-0.7000000000000001,442,106.2,103.2,103.2,114.0,107.9,107.9,-7.8,-4.7,-4.7,0.092,6.0,16.2,0.092,0.152,0.121,2.7,2.7,0.519,0.5760000000000001,0.123,0.129,102.5,106.78,88.98,106.78,0.081,217,12,26,1.2,2.6,2026,70.0,77.0,82.0,50.0,71.0,50.0,30.0,65.0,75.0,65.0,75.0,75.0,75.0,37.0,77.0,69.0,58.0,59.0,60.0,67.0,57.0,50.0,49.0,83.0,58.0,75.0,85.0,83.0,33.0,35.0,32.0,54.0,32.0,84.0,70.0,57.0
Tari Eason,HOU,60,38,22,0.633,25.8,4.0,9.7,0.416,1.6,4.3,0.358,0.9,1.1,0.776,2.1,4.2,6.3,1.5,1.4,1.2,0.5,0.7000000000000001,2.3,1.1,10.5,2.8,146,115.6,116.1,116.1,110.1,109.6,109.6,5.5,6.5,6.5,0.078,1.11,11.6,0.077,0.156,0.116,10.4,10.4,0.496,0.514,0.181,0.187,99.06,99.06,82.55,99.06,0.083,3179,241,580,4.0,9.7,2026,79.0,75.0,54.0,80.0,75.0,60.0,40.0,82.0,35.0,80.0,54.0,52.0,51.0,44.0,80.0,78.0,85.0,70.0,56.0,84.0,85.0,80.0,80.0,70.0,80.0,85.0,85.0,80.0,50.0,70.0,72.0,47.0,35.0,67.0,69.0,85.0
Taurean Prince,MIL,26,10,16,0.385,23.5,3.3,7.3,0.45,2.3,5.4,0.436,0.2,0.2,1.0,0.2,3.0,3.1,1.8,1.2,0.6000000000000001,0.2,0.2,1.8,0.5,9.2,-2.0,58,114.0,113.7,113.7,116.5,117.5,117.5,-2.5,-3.8,-3.8,0.102,1.48,17.0,0.007,0.125,0.067,11.5,11.5,0.61,0.617,0.157,0.162,100.21,99.88,83.23,99.88,0.073,1271,86,191,3.3,7.3,2026,76.0,73.0,79.0,84.0,83.0,70.0,50.0,76.0,75.0,70.0,52.0,45.0,51.0,55.0,85.0,64.0,74.0,42.0,47.0,68.0,81.0,60.0,80.0,60.0,84.0,84.0,85.0,81.0,68.0,70.0,69.0,55.0,37.0,28.0,53.0,78.0
Taylor Hendricks,MEM,59,12,47,0.203,19.0,2.8,6.0,0.459,1.1,3.1,0.342,0.8,1.2,0.681,1.1,2.6,3.7,0.9,0.8,0.8,0.5,0.4,1.7,1.1,7.4,-4.4,252,108.5,108.4,108.4,118.5,119.1,119.1,-10.0,-10.7,-10.7,0.07,1.1,11.3,0.054,0.141,0.096,10.3,10.2,0.548,0.5660000000000001,0.157,0.164,103.43,103.17,85.97,103.17,0.077,2404,163,355,2.8,6.0,2026,75.0,90.0,78.0,76.0,66.0,70.0,60.0,82.0,60.0,75.0,54.0,54.0,54.0,42.0,85.0,68.0,68.0,59.0,65.0,67.0,62.0,50.0,72.0,62.0,78.0,92.0,85.0,80.0,55.0,69.0,69.0,62.0,33.0,55.0,64.0,75.0
Terance Mann,BKN,63,15,48,0.238,24.3,2.7,5.8,0.457,0.9,2.4,0.364,1.0,1.3,0.788,1.1,2.1,3.2,3.0,1.1,0.7000000000000001,0.2,0.3,2.5,1.3,7.2,-4.2,298,107.7,109.6,109.6,116.4,117.8,117.8,-8.7,-8.2,-8.2,0.182,2.68,28.6,0.044,0.089,0.066,10.7,10.7,0.533,0.5640000000000001,0.133,0.135,99.5,98.07,81.73,98.07,0.066,3119,168,368,2.7,5.8,2026,76.0,82.0,82.0,80.0,79.0,70.0,60.0,83.0,45.0,75.0,47.0,50.0,50.0,49.0,75.0,54.0,66.0,41.0,47.0,62.0,59.0,50.0,71.0,50.0,79.0,85.0,90.0,80.0,79.0,79.0,70.0,83.0,67.0,50.0,51.0,73.0
Terrence Shannon Jr.,MIN,43,24,19,0.558,12.5,1.8,4.0,0.45,0.7000000000000001,1.8,0.408,1.3,1.6,0.8,0.2,0.9,1.1,0.9,0.6000000000000001,0.3,0.0,0.3,1.2,1.2,5.6,-1.9,329,112.8,112.0,112.0,118.7,120.5,120.5,-5.9,-8.5,-8.5,0.102,1.58,14.2,0.018,0.074,0.045,9.0,9.1,0.541,0.597,0.171,0.177,103.15,102.75,85.63,102.75,0.069,1158,77,171,1.8,4.0,2026,77.0,60.0,76.0,82.0,77.0,70.0,70.0,85.0,40.0,85.0,47.0,52.0,48.0,64.0,85.0,49.0,72.0,42.0,30.0,62.0,57.0,50.0,89.0,58.0,83.0,90.0,75.0,80.0,68.0,79.0,86.0,68.0,35.0,36.0,45.0,87.0
Thanasis Antetokounmpo,MIL,34,9,25,0.265,4.4,0.4,0.9,0.469,0.0,0.1,0.0,0.5,0.9,0.5670000000000001,0.4,0.5,0.9,0.4,0.3,0.4,0.2,0.1,0.5,0.6000000000000001,1.4,0.1,517,98.3,97.4,97.4,99.3,94.3,94.3,-1.0,3.1,3.1,0.172,1.5,21.4,0.071,0.125,0.096,14.3,14.2,0.469,0.52,0.154,0.159,99.32,102.35,85.29,102.35,0.094,313,15,32,0.4,0.9,2026,69.0,71.0,66.0,66.0,63.0,65.0,40.0,80.0,40.0,85.0,53.0,50.0,60.0,69.0,64.0,42.0,59.0,33.0,51.0,54.0,50.0,40.0,77.0,42.0,82.0,80.0,90.0,87.0,54.0,69.0,69.0,75.0,38.0,64.0,61.0,75.0
Thomas Bryant,CLE,60,37,23,0.617,12.2,2.3,4.5,0.506,0.8,2.2,0.359,0.9,1.1,0.803,1.0,2.4,3.4,0.6000000000000001,0.5,0.3,0.4,0.2,1.3,1.1,6.2,0.7000000000000001,319,113.7,114.4,114.4,111.3,110.7,110.7,2.5,3.6,3.6,0.067,1.18,9.3,0.074,0.184,0.129,7.9,7.8,0.594,0.625,0.182,0.186,102.47,102.45,85.38,102.45,0.115,1554,135,267,2.3,4.5,2026,76.0,97.0,85.0,79.0,80.0,55.0,60.0,70.0,75.0,65.0,73.0,73.0,73.0,37.0,78.0,63.0,40.0,40.0,72.0,79.0,50.0,45.0,62.0,80.0,52.0,88.0,95.0,82.0,40.0,53.0,53.0,42.0,31.0,67.0,80.0,57.0
Tim Hardaway Jr.,DEN,80,52,28,0.65,26.6,4.4,9.7,0.447,2.8,6.9,0.407,2.0,2.5,0.811,0.2,2.4,2.6,1.4,0.5,0.5,0.1,0.2,1.3,1.9,13.5,2.5,23,118.8,119.4,119.4,114.6,114.9,114.9,4.2,4.5,4.5,0.07,2.51,10.7,0.008,0.082,0.047,4.3,4.2,0.591,0.624,0.177,0.184,101.62,101.24,84.37,101.24,0.085,4487,348,779,4.4,9.7,2026,80.0,91.0,98.0,86.0,81.0,85.0,80.0,86.0,35.0,78.0,36.0,53.0,38.0,70.0,71.0,45.0,70.0,36.0,35.0,63.0,58.0,40.0,68.0,55.0,78.0,85.0,83.0,83.0,75.0,78.0,68.0,84.0,33.0,29.0,48.0,75.0
Tobias Harris,DET,63,46,17,0.73,27.7,4.9,10.5,0.469,1.3,3.5,0.368,2.2,2.5,0.866,0.9,4.3,5.1,2.5,1.0,0.9,0.4,0.6000000000000001,1.7,1.7,13.3,5.8,196,116.2,118.6,118.6,108.1,108.6,108.6,8.1,10.0,10.0,0.12,2.49,16.7,0.03,0.145,0.088,6.7,6.6,0.531,0.5740000000000001,0.181,0.186,102.2,100.9,84.08,100.9,0.112,3669,309,659,4.9,10.5,2026,83.0,97.0,84.0,79.0,87.0,70.0,80.0,82.0,65.0,75.0,70.0,70.0,86.0,68.0,95.0,67.0,68.0,46.0,55.0,66.0,64.0,60.0,75.0,73.0,79.0,97.0,73.0,82.0,77.0,79.0,56.0,78.0,48.0,41.0,68.0,67.0
Tolu Smith,DET,15,11,4,0.733,9.2,1.2,2.4,0.5,0.0,0.0,0.0,1.3,2.0,0.667,1.5,1.8,3.3,0.9,0.5,0.1,0.4,0.5,1.5,1.3,3.7,0.0,517,105.0,106.9,106.9,107.6,104.6,104.6,-2.6,2.3,2.3,0.143,1.86,18.3,0.161,0.211,0.185,9.9,10.1,0.5,0.5690000000000001,0.177,0.177,96.91,97.44,81.2,97.44,0.117,276,18,36,1.2,2.4,2026,67.0,70.0,49.0,37.0,68.0,50.0,45.0,63.0,70.0,70.0,70.0,68.0,70.0,40.0,80.0,60.0,34.0,40.0,62.0,65.0,55.0,40.0,52.0,80.0,65.0,80.0,65.0,80.0,45.0,34.0,48.0,42.0,36.0,70.0,70.0,44.0
Tony Bradley,ATL,41,10,31,0.244,11.0,1.6,2.9,0.547,0.0,0.1,0.5,0.8,1.0,0.744,1.5,1.4,2.8,0.5,0.4,0.1,0.2,0.3,1.5,0.9,4.0,-3.4,498,104.8,104.6,104.6,119.4,118.8,118.8,-14.6,-14.2,-14.2,0.077,1.22,12.4,0.111,0.133,0.121,10.2,10.2,0.556,0.596,0.136,0.14,101.85,102.19,85.16,102.19,0.074,958,64,117,1.6,2.9,2026,73.0,84.0,66.0,26.0,74.0,50.0,50.0,78.0,75.0,60.0,72.0,62.0,79.0,65.0,85.0,72.0,35.0,33.0,55.0,70.0,58.0,55.0,51.0,82.0,51.0,80.0,90.0,80.0,44.0,44.0,33.0,58.0,33.0,89.0,67.0,54.0
Tosan Evbuomwan,CHA,5,4,1,0.8,1.5,0.0,0.2,0.0,0.0,0.0,0.0,0.0,0.0,0.0,0.2,0.2,0.4,0.0,0.0,0.0,0.0,0.0,0.2,0.0,0.0,-1.6,517,61.0,50.0,50.0,102.9,100.0,100.0,-41.9,-50.0,-50.0,0.0,0.0,0.0,0.091,0.083,0.087,0.0,0.0,0.0,0.0,0.048,0.056,97.33,108.9,90.75,108.9,-0.043,18,0,1,0.0,0.2,2026,70.0,85.0,72.0,72.0,76.0,60.0,50.0,76.0,40.0,65.0,52.0,52.0,58.0,35.0,69.0,57.0,57.0,40.0,53.0,47.0,55.0,50.0,64.0,58.0,68.0,88.0,95.0,85.0,69.0,75.0,60.0,69.0,37.0,52.0,64.0,60.0
Toumani Camara,POR,82,42,40,0.512,33.3,4.8,10.9,0.44,2.7,7.2,0.37,1.2,1.7,0.708,1.6,3.6,5.1,2.5,1.8,1.1,0.4,0.5,2.9,2.7,13.4,0.4,35,112.2,114.3,114.3,112.2,113.0,113.0,0.1,1.3,1.3,0.103,1.4,15.5,0.043,0.103,0.072,11.1,11.1,0.5630000000000001,0.578,0.16,0.163,103.61,102.27,85.23,102.27,0.073,5800,392,891,4.8,10.9,2026,81.0,86.0,60.0,81.0,70.0,65.0,40.0,82.0,60.0,75.0,55.0,55.0,55.0,32.0,85.0,87.0,90.0,82.0,51.0,92.0,90.0,95.0,63.0,78.0,78.0,88.0,95.0,80.0,68.0,65.0,58.0,67.0,41.0,50.0,55.0,89.0
Trae Young,WAS,15,2,13,0.133,25.6,5.4,11.8,0.458,1.8,5.3,0.338,5.3,6.5,0.8250000000000001,0.3,1.7,2.0,8.0,2.6,0.9,0.1,0.1,2.2,5.5,17.9,-4.4,116,115.2,116.1,116.1,124.7,124.1,124.1,-9.5,-8.1,-8.1,0.44,3.08,32.0,0.009,0.067,0.037,10.4,10.3,0.534,0.612,0.262,0.271,108.29,108.13,90.11,108.13,0.128,866,81,177,5.4,11.8,2026,89.0,94.0,97.0,83.0,83.0,70.0,95.0,94.0,25.0,30.0,28.0,60.0,34.0,94.0,80.0,31.0,55.0,49.0,32.0,58.0,70.0,30.0,84.0,50.0,78.0,95.0,75.0,86.0,92.0,96.0,84.0,92.0,92.0,29.0,43.0,84.0
Trayce Jackson-Davis,TOR,53,29,24,0.547,9.4,1.3,2.3,0.5730000000000001,0.0,0.0,1.0,0.7000000000000001,1.4,0.514,1.2,1.5,2.7,0.7000000000000001,0.4,0.3,0.5,0.4,0.8,1.0,3.4,-1.4,509,105.0,102.9,102.9,111.4,110.5,110.5,-6.4,-7.6,-7.6,0.122,1.7,17.8,0.124,0.158,0.14,10.5,10.5,0.577,0.578,0.142,0.149,102.32,103.78,86.49,103.78,0.1,1075,71,124,1.3,2.3,2026,73.0,61.0,70.0,44.0,51.0,60.0,25.0,78.0,80.0,85.0,60.0,60.0,60.0,40.0,75.0,63.0,58.0,41.0,83.0,57.0,55.0,50.0,79.0,63.0,88.0,85.0,85.0,80.0,62.0,66.0,69.0,64.0,43.0,83.0,73.0,74.0
Tre Johnson,WAS,60,12,48,0.2,24.0,4.5,10.8,0.419,1.9,5.4,0.358,1.3,1.5,0.874,0.5,2.4,2.8,2.0,1.6,0.6000000000000001,0.3,0.2,2.0,1.2,12.2,-5.6,98,108.1,108.7,108.7,119.6,119.9,119.9,-11.5,-11.2,-11.2,0.122,1.31,13.6,0.018,0.093,0.055,10.3,10.3,0.508,0.535,0.22,0.225,104.77,104.38,86.98,104.38,0.068,3144,271,647,4.5,10.8,2026,78.0,81.0,98.0,80.0,87.0,65.0,65.0,80.0,50.0,75.0,42.0,44.0,75.0,55.0,95.0,41.0,62.0,38.0,51.0,60.0,62.0,55.0,77.0,54.0,86.0,86.0,80.0,80.0,66.0,86.0,76.0,67.0,47.0,35.0,51.0,82.0
Tre Jones,CHI,65,27,38,0.415,27.0,5.2,9.5,0.553,0.6000000000000001,2.0,0.315,2.9,3.5,0.841,0.6000000000000001,2.6,3.1,5.4,1.4,1.2,0.2,0.8,1.4,2.9,14.1,-2.1,356,111.7,111.0,111.0,114.3,114.8,114.8,-2.7,-3.8,-3.8,0.284,3.8,30.1,0.02,0.088,0.054,7.9,7.9,0.586,0.637,0.186,0.192,106.13,106.25,88.54,106.25,0.126,3883,341,617,5.2,9.5,2026,81.0,97.0,87.0,75.0,82.0,80.0,85.0,86.0,25.0,35.0,32.0,34.0,30.0,86.0,80.0,34.0,73.0,63.0,40.0,70.0,67.0,60.0,80.0,60.0,71.0,85.0,75.0,81.0,83.0,84.0,80.0,83.0,74.0,36.0,49.0,80.0
Tre Mann,CHA,53,30,23,0.5660000000000001,12.6,2.1,5.7,0.36,0.9,2.9,0.323,0.4,0.5,0.852,0.4,1.4,1.7,1.6,1.0,0.5,0.1,0.2,1.3,0.5,5.5,-2.9,287,104.4,105.8,105.8,117.6,115.9,115.9,-13.1,-10.1,-10.1,0.223,1.59,18.9,0.028,0.114,0.068,11.8,11.9,0.442,0.462,0.231,0.237,97.36,97.44,81.2,97.44,0.062,1350,109,303,2.1,5.7,2026,74.0,66.0,70.0,76.0,85.0,70.0,75.0,87.0,25.0,60.0,35.0,55.0,60.0,45.0,85.0,49.0,62.0,41.0,40.0,60.0,59.0,40.0,74.0,53.0,68.0,88.0,75.0,80.0,77.0,83.0,73.0,75.0,70.0,43.0,56.0,74.0
Trendon Watford,PHI,53,27,26,0.509,16.3,2.6,5.1,0.515,0.2,0.9,0.2,1.1,1.5,0.779,0.7000000000000001,2.6,3.3,2.5,1.2,0.3,0.4,0.5,2.0,1.5,6.5,-2.9,471,107.6,106.5,106.5,114.8,115.6,115.6,-7.2,-9.1,-9.1,0.229,2.06,26.6,0.041,0.146,0.094,12.9,12.9,0.534,0.5730000000000001,0.17,0.178,103.11,103.23,86.02,103.23,0.093,1863,138,268,2.6,5.1,2026,76.0,96.0,68.0,68.0,78.0,75.0,75.0,79.0,75.0,75.0,69.0,69.0,69.0,66.0,75.0,66.0,52.0,36.0,62.0,52.0,50.0,40.0,63.0,79.0,80.0,85.0,80.0,80.0,69.0,50.0,57.0,75.0,70.0,48.0,69.0,63.0
Trentyn Flowers,CHI,2,0,2,0.0,2.8,1.0,1.5,0.667,0.0,0.5,0.0,0.0,0.0,0.0,0.5,0.0,0.5,0.5,0.5,0.0,0.0,0.0,0.5,0.0,2.0,-1.0,517,81.8,81.8,81.8,111.3,100.0,100.0,-29.5,-18.2,-18.2,0.5,1.0,20.0,0.1,0.0,0.077,20.0,20.0,0.667,0.667,0.25,0.267,90.29,95.14,79.28,95.14,0.128,11,2,3,1.0,1.5,2026,69.0,62.0,71.0,75.0,64.0,50.0,35.0,62.0,70.0,85.0,47.0,52.0,49.0,42.0,80.0,52.0,62.0,57.0,37.0,54.0,52.0,45.0,83.0,42.0,92.0,85.0,70.0,80.0,57.0,69.0,75.0,60.0,44.0,48.0,54.0,75.0
Trevon Scott,BKN,6,2,4,0.333,30.4,3.2,8.3,0.38,1.0,3.2,0.316,0.7000000000000001,1.0,0.667,1.7,3.5,5.2,1.7,0.7000000000000001,1.3,0.8,0.5,2.0,1.0,8.0,-10.8,268,104.3,105.8,105.8,122.6,122.8,122.8,-18.3,-16.9,-16.9,0.078,2.5,15.2,0.053,0.133,0.089,6.1,6.0,0.44,0.456,0.136,0.139,100.24,99.43,82.86,99.43,0.053,377,19,50,3.2,8.3,2026,67.0,69.0,71.0,73.0,71.0,60.0,40.0,75.0,40.0,70.0,42.0,51.0,49.0,50.0,70.0,64.0,54.0,30.0,41.0,52.0,44.0,40.0,62.0,60.0,72.0,85.0,75.0,78.0,61.0,68.0,54.0,64.0,41.0,68.0,69.0,52.0
Trevor Keels,MIA,8,6,2,0.75,1.9,0.4,1.5,0.25,0.3,1.1,0.222,0.0,0.0,0.0,0.0,0.3,0.3,0.0,0.0,0.1,0.0,0.0,0.0,0.0,1.0,0.6000000000000001,456,91.3,87.5,87.5,78.0,69.8,69.8,13.4,17.7,17.7,0.0,0.0,0.0,0.0,0.083,0.047,0.0,0.0,0.333,0.333,0.261,0.271,123.32,133.27,111.06,133.27,0.039,40,3,12,0.4,1.5,2026,68.0,71.0,68.0,71.0,84.0,70.0,50.0,70.0,50.0,70.0,40.0,38.0,44.0,50.0,72.0,37.0,60.0,52.0,51.0,55.0,54.0,50.0,74.0,60.0,68.0,85.0,94.0,80.0,74.0,78.0,74.0,77.0,72.0,44.0,47.0,74.0
Trey Alexander,NOP,9,2,7,0.222,12.3,2.1,4.1,0.514,0.7000000000000001,1.3,0.5,0.3,0.6000000000000001,0.6000000000000001,0.1,1.1,1.2,1.0,0.3,0.7000000000000001,0.2,0.0,1.4,0.7000000000000001,5.2,-2.0,347,110.6,112.0,112.0,120.5,119.0,119.0,-9.9,-7.0,-7.0,0.107,3.0,17.6,0.008,0.083,0.045,5.9,5.9,0.595,0.599,0.148,0.153,104.81,104.77,87.31,104.77,0.078,241,19,37,2.1,4.1,2026,68.0,73.0,81.0,70.0,82.0,60.0,50.0,73.0,25.0,30.0,28.0,42.0,31.0,55.0,74.0,30.0,59.0,41.0,30.0,52.0,47.0,30.0,78.0,34.0,67.0,80.0,75.0,80.0,70.0,73.0,74.0,70.0,54.0,34.0,46.0,75.0
Trey Jemison III,NYK,13,10,3,0.769,6.3,0.5,0.8,0.6000000000000001,0.0,0.0,0.0,0.1,0.1,1.0,0.6000000000000001,0.8,1.4,0.4,0.8,0.1,0.2,0.0,0.8,0.2,1.0,-2.2,517,101.0,96.1,96.1,117.3,112.9,112.9,-16.3,-16.8,-16.8,0.088,0.5,20.0,0.086,0.118,0.101,40.0,39.3,0.6000000000000001,0.623,0.099,0.107,100.52,105.02,87.51,105.02,0.027,179,6,10,0.5,0.8,2026,71.0,83.0,50.0,29.0,39.0,70.0,50.0,60.0,75.0,75.0,67.0,54.0,65.0,40.0,80.0,71.0,37.0,66.0,76.0,70.0,50.0,65.0,55.0,76.0,72.0,90.0,90.0,82.0,44.0,40.0,44.0,45.0,35.0,78.0,65.0,52.0
Trey Murphy III,NOP,66,21,45,0.318,35.5,7.5,15.9,0.47,3.2,8.6,0.379,3.3,3.7,0.886,1.0,4.8,5.7,3.8,1.8,1.5,0.4,0.4,2.1,2.9,21.5,-2.6,8,112.5,113.6,113.6,116.0,117.2,117.2,-3.5,-3.6,-3.6,0.16,2.08,16.5,0.026,0.131,0.078,7.9,7.9,0.5720000000000001,0.613,0.223,0.229,102.75,101.71,84.75,101.71,0.122,4964,494,1050,7.5,15.9,2026,85.0,84.0,74.0,81.0,89.0,95.0,90.0,81.0,65.0,88.0,42.0,44.0,43.0,82.0,80.0,69.0,69.0,59.0,50.0,69.0,59.0,65.0,84.0,60.0,82.0,85.0,85.0,80.0,59.0,64.0,74.0,64.0,63.0,39.0,62.0,76.0
Tristan Enaruna,CLE,9,8,1,0.889,9.5,1.6,3.1,0.5,0.3,1.1,0.3,0.7000000000000001,0.9,0.75,0.8,0.8,1.6,0.8,0.3,0.6000000000000001,0.0,0.3,0.3,0.8,4.1,4.8,429,122.1,123.5,123.5,101.3,101.7,101.7,20.8,21.7,21.7,0.101,2.33,17.1,0.096,0.085,0.09,7.3,7.2,0.554,0.587,0.16,0.168,100.57,99.8,83.16,99.8,0.105,179,14,28,1.6,3.1,2026,68.0,70.0,72.0,72.0,75.0,40.0,35.0,70.0,25.0,80.0,44.0,47.0,50.0,39.0,80.0,30.0,70.0,57.0,47.0,68.0,67.0,65.0,84.0,67.0,80.0,85.0,65.0,82.0,68.0,70.0,75.0,67.0,44.0,52.0,54.0,80.0
Tristan Vukcevic,WAS,49,8,41,0.163,13.7,3.1,6.5,0.479,1.0,2.9,0.347,1.8,2.3,0.784,0.7000000000000001,2.3,3.0,1.1,1.3,0.5,0.7000000000000001,0.3,1.7,1.7,9.0,-4.6,264,105.4,103.5,103.5,119.7,118.5,118.5,-14.3,-15.1,-15.1,0.133,0.89,11.4,0.046,0.162,0.104,12.9,12.8,0.558,0.603,0.259,0.27,104.19,105.7,88.08,105.7,0.11,1476,152,317,3.1,6.5,2026,77.0,98.0,74.0,78.0,78.0,80.0,75.0,79.0,70.0,65.0,66.0,67.0,69.0,68.0,78.0,59.0,44.0,46.0,81.0,57.0,37.0,45.0,57.0,72.0,65.0,89.0,80.0,80.0,45.0,51.0,50.0,55.0,49.0,50.0,72.0,55.0
Tristan da Silva,ORL,77,43,34,0.558,24.7,3.6,8.1,0.45,1.6,4.2,0.374,1.1,1.2,0.884,0.8,2.9,3.7,1.6,0.9,0.9,0.3,0.3,1.5,1.0,9.9,1.3,145,111.7,113.2,113.2,110.1,111.6,111.6,1.6,1.6,1.6,0.092,1.8,14.5,0.03,0.115,0.073,8.1,8.1,0.547,0.5760000000000001,0.16,0.163,102.32,100.96,84.13,100.96,0.085,4013,279,620,3.6,8.1,2026,78.0,90.0,49.0,80.0,89.0,95.0,70.0,78.0,60.0,65.0,69.0,69.0,69.0,55.0,90.0,64.0,64.0,53.0,51.0,58.0,57.0,50.0,85.0,62.0,67.0,90.0,85.0,80.0,64.0,69.0,59.0,68.0,37.0,41.0,59.0,67.0
Tristen Newton,HOU,1,1,0,1.0,12.0,4.0,9.0,0.444,2.0,5.0,0.4,2.0,3.0,0.667,2.0,1.0,3.0,0.0,0.0,1.0,0.0,1.0,0.0,3.0,12.0,2.0,86,122.7,128.0,128.0,110.3,120.0,120.0,12.4,8.0,8.0,0.0,0.0,0.0,0.143,0.077,0.111,0.0,0.0,0.556,0.581,0.345,0.368,106.56,100.0,83.33,100.0,0.149,25,4,9,4.0,9.0,2026,68.0,70.0,69.0,73.0,81.0,50.0,40.0,71.0,30.0,50.0,40.0,42.0,40.0,50.0,80.0,49.0,64.0,58.0,42.0,60.0,50.0,45.0,76.0,49.0,68.0,88.0,85.0,80.0,75.0,79.0,76.0,74.0,69.0,52.0,58.0,81.0
Ty Jerome,MEM,15,3,12,0.2,22.6,6.8,14.3,0.474,2.8,6.7,0.42,3.3,3.7,0.875,0.7000000000000001,2.1,2.8,5.7,1.8,1.1,0.3,0.5,2.1,2.7,19.7,-3.0,23,119.5,122.2,122.2,125.8,127.2,127.2,-6.3,-5.0,-5.0,0.409,3.15,24.6,0.035,0.093,0.065,7.8,7.7,0.5720000000000001,0.616,0.332,0.342,101.3,99.63,83.03,99.63,0.162,699,102,215,6.8,14.3,2026,83.0,95.0,93.0,86.0,88.0,80.0,95.0,88.0,40.0,45.0,38.0,37.0,37.0,77.0,80.0,32.0,56.0,76.0,42.0,62.0,48.0,35.0,69.0,46.0,62.0,85.0,68.0,80.0,84.0,86.0,68.0,84.0,90.0,42.0,50.0,73.0
Tyler Herro,MIA,33,14,19,0.424,31.3,7.5,15.6,0.48,2.5,6.7,0.378,3.0,3.3,0.917,0.4,4.4,4.8,4.1,1.9,0.7000000000000001,0.4,0.6000000000000001,1.9,2.6,20.5,-1.2,42,114.1,114.4,114.4,114.7,116.4,116.4,-0.6000000000000001,-2.0,-2.0,0.199,2.13,17.9,0.013,0.129,0.071,8.4,8.4,0.561,0.602,0.248,0.256,104.25,103.33,86.11,103.33,0.122,2226,247,515,7.5,15.6,2026,87.0,98.0,90.0,83.0,92.0,80.0,95.0,92.0,30.0,60.0,37.0,42.0,40.0,82.0,95.0,46.0,69.0,38.0,51.0,65.0,60.0,50.0,79.0,59.0,72.0,85.0,70.0,80.0,79.0,83.0,74.0,84.0,67.0,32.0,60.0,78.0
Tyler Kolek,NYK,62,39,23,0.629,11.7,1.7,4.0,0.435,0.7000000000000001,1.8,0.386,0.2,0.3,0.7000000000000001,0.3,1.3,1.6,2.7,0.9,0.4,0.1,0.3,1.0,0.5,4.4,1.7,333,112.1,111.7,111.7,106.2,105.7,105.7,5.9,6.0,6.0,0.328,3.09,35.3,0.021,0.108,0.064,11.4,11.4,0.524,0.533,0.173,0.179,100.13,100.53,83.78,100.53,0.101,1530,108,248,1.7,4.0,2026,74.0,82.0,79.0,82.0,70.0,70.0,65.0,82.0,25.0,45.0,37.0,57.0,42.0,45.0,85.0,32.0,73.0,46.0,40.0,58.0,57.0,50.0,74.0,54.0,74.0,90.0,90.0,80.0,79.0,77.0,74.0,79.0,74.0,36.0,58.0,84.0
Tyler Smith,DAL,12,2,10,0.167,13.8,1.8,4.2,0.42,0.8,2.9,0.286,0.3,0.5,0.667,1.0,1.8,2.8,0.4,0.5,0.5,0.0,0.2,1.1,0.3,4.7,-1.8,306,109.8,110.6,110.6,114.9,114.7,114.7,-5.2,-4.1,-4.1,0.041,0.8300000000000001,7.8,0.059,0.117,0.086,9.4,9.4,0.52,0.532,0.135,0.138,107.84,107.55,89.62,107.55,0.059,368,21,50,1.8,4.2,2026,69.0,72.0,75.0,73.0,73.0,60.0,50.0,64.0,80.0,80.0,64.0,64.0,64.0,44.0,70.0,53.0,52.0,35.0,59.0,52.0,47.0,35.0,72.0,58.0,84.0,85.0,75.0,80.0,39.0,57.0,67.0,58.0,32.0,76.0,73.0,69.0
Tyrese Martin,PHI,46,12,34,0.261,16.9,2.4,6.0,0.394,1.2,3.6,0.321,0.4,0.6000000000000001,0.679,0.7000000000000001,1.8,2.5,1.7,0.9,0.5,0.1,0.2,0.7000000000000001,0.5,6.3,-3.9,231,104.9,105.8,105.8,116.2,116.8,116.8,-11.3,-10.9,-10.9,0.163,1.95,19.2,0.04,0.112,0.074,9.9,9.8,0.489,0.501,0.178,0.186,98.52,97.87,81.56,97.87,0.077,1580,109,277,2.4,6.0,2026,73.0,68.0,76.0,75.0,68.0,80.0,60.0,70.0,40.0,60.0,56.0,60.0,59.0,59.0,69.0,54.0,66.0,46.0,37.0,60.0,40.0,55.0,70.0,59.0,70.0,85.0,65.0,80.0,75.0,77.0,63.0,75.0,63.0,49.0,55.0,72.0
Tyrese Maxey,PHI,70,38,32,0.543,38.0,9.9,21.4,0.462,3.1,8.6,0.367,5.3,6.0,0.892,0.3,3.8,4.1,6.6,2.4,1.9,0.8,1.0,2.2,4.1,28.3,1.6,12,113.3,115.0,115.0,111.4,113.4,113.4,1.9,1.5,1.5,0.288,2.7,20.0,0.008,0.096,0.052,7.4,7.4,0.536,0.588,0.286,0.294,101.88,100.25,83.54,100.25,0.15,5570,694,1501,9.9,21.4,2026,93.0,84.0,87.0,86.0,90.0,98.0,98.0,94.0,25.0,70.0,45.0,60.0,47.0,89.0,98.0,54.0,79.0,73.0,60.0,69.0,68.0,65.0,90.0,44.0,80.0,98.0,98.0,77.0,80.0,89.0,90.0,87.0,74.0,29.0,52.0,90.0
Tyrese Proctor,CLE,50,33,17,0.66,10.9,1.9,4.5,0.413,0.9,2.6,0.351,0.8,0.9,0.889,0.2,1.1,1.3,1.5,0.8,0.5,0.0,0.2,1.2,0.7000000000000001,5.4,-0.1,292,111.3,112.5,112.5,112.7,112.8,112.8,-1.3,-0.3,-0.3,0.196,1.85,20.6,0.019,0.092,0.055,11.1,11.1,0.516,0.556,0.214,0.219,101.46,100.87,84.06,100.87,0.087,1144,93,225,1.9,4.5,2026,73.0,70.0,95.0,79.0,89.0,60.0,70.0,77.0,35.0,65.0,49.0,49.0,52.0,37.0,90.0,42.0,60.0,48.0,27.0,54.0,57.0,45.0,82.0,51.0,77.0,85.0,85.0,80.0,79.0,80.0,82.0,77.0,54.0,34.0,51.0,81.0
Tyson Etienne,BKN,24,5,19,0.208,15.8,2.4,6.0,0.4,1.8,4.5,0.398,1.3,1.5,0.833,0.2,0.9,1.1,1.7,0.7000000000000001,0.5,0.0,0.2,2.0,1.1,7.9,-4.3,117,106.0,105.6,105.6,117.2,117.8,117.8,-11.2,-12.2,-12.2,0.17,2.5,18.5,0.013,0.06,0.036,7.4,7.4,0.548,0.588,0.198,0.204,102.04,102.0,85.0,102.0,0.071,805,58,145,2.4,6.0,2026,72.0,74.0,76.0,86.0,79.0,75.0,65.0,74.0,25.0,60.0,27.0,34.0,32.0,50.0,69.0,30.0,64.0,53.0,25.0,62.0,60.0,45.0,83.0,44.0,72.0,85.0,75.0,80.0,75.0,81.0,83.0,70.0,63.0,30.0,38.0,79.0
Tyus Jones,DEN,67,37,30,0.552,14.6,1.1,3.3,0.349,0.6000000000000001,2.0,0.292,0.1,0.1,0.778,0.2,1.0,1.1,2.4,0.4,0.6000000000000001,0.0,0.1,0.5,0.2,3.0,-1.6,371,107.1,107.5,107.5,113.7,113.6,113.6,-6.5,-6.1,-6.1,0.222,6.36,39.2,0.011,0.065,0.036,6.2,6.2,0.44,0.448,0.103,0.107,101.27,101.09,84.24,101.09,0.065,2069,76,218,1.1,3.3,2026,73.0,88.0,78.0,70.0,89.0,70.0,40.0,89.0,25.0,30.0,28.0,40.0,35.0,70.0,78.0,30.0,67.0,66.0,35.0,60.0,80.0,50.0,71.0,34.0,57.0,92.0,87.0,84.0,84.0,86.0,69.0,88.0,67.0,31.0,41.0,71.0
VJ Edgecombe,PHI,75,43,32,0.5730000000000001,35.0,6.0,13.7,0.438,2.0,5.6,0.354,2.0,2.4,0.8180000000000001,1.6,4.0,5.6,4.2,1.8,1.4,0.5,0.7000000000000001,2.9,1.9,16.0,0.8,89,113.7,114.8,114.8,111.9,113.9,113.9,1.8,0.9,0.9,0.172,2.3,20.2,0.044,0.111,0.077,8.8,8.8,0.51,0.54,0.196,0.201,101.83,100.44,83.7,100.44,0.092,5492,451,1030,6.0,13.7,2026,83.0,81.0,86.0,81.0,83.0,75.0,85.0,85.0,35.0,89.0,41.0,53.0,40.0,74.0,85.0,53.0,77.0,59.0,53.0,77.0,75.0,75.0,89.0,57.0,88.0,85.0,85.0,80.0,75.0,86.0,85.0,80.0,64.0,50.0,56.0,91.0
Victor Wembanyama,SAS,64,50,14,0.781,29.2,8.6,16.9,0.512,1.9,5.5,0.349,5.8,7.0,0.8270000000000001,2.0,9.5,11.5,3.1,2.4,1.0,3.1,0.5,2.4,6.3,25.0,10.7,100,120.0,120.5,120.5,103.7,103.6,103.6,16.3,17.0,17.0,0.17,1.28,12.2,0.071,0.285,0.186,9.5,9.5,0.5690000000000001,0.626,0.316,0.326,102.36,102.23,85.19,102.23,0.209,3977,553,1080,8.6,16.9,2026,97.0,92.0,78.0,80.0,83.0,98.0,98.0,86.0,95.0,85.0,89.0,89.0,89.0,97.0,98.0,96.0,80.0,59.0,99.0,97.0,84.0,98.0,66.0,59.0,72.0,97.0,98.0,88.0,72.0,73.0,64.0,84.0,65.0,73.0,98.0,69.0
Vince Williams Jr.,UTA,40,16,24,0.4,20.5,2.6,7.3,0.353,1.4,4.4,0.311,1.0,1.3,0.78,1.0,2.9,3.9,4.2,1.8,0.7000000000000001,0.4,0.3,2.0,1.3,7.5,0.2,184,108.8,108.7,108.7,107.7,108.4,108.4,1.0,0.3,0.3,0.281,2.37,30.1,0.044,0.123,0.084,12.7,12.7,0.447,0.478,0.19,0.196,102.61,102.34,85.28,102.34,0.085,1747,103,292,2.6,7.3,2026,71.0,88.0,60.0,68.0,75.0,70.0,40.0,69.0,35.0,70.0,41.0,53.0,39.0,55.0,76.0,55.0,79.0,40.0,51.0,77.0,75.0,75.0,68.0,52.0,70.0,87.0,90.0,80.0,69.0,70.0,60.0,65.0,54.0,46.0,63.0,82.0
Vladislav Goldin,MIA,9,5,4,0.556,2.7,0.3,0.4,0.75,0.0,0.0,0.0,0.1,0.1,1.0,0.3,0.7000000000000001,1.0,0.3,0.3,0.0,0.3,0.0,0.6000000000000001,0.1,0.8,0.6000000000000001,517,103.8,105.2,105.2,104.2,88.9,88.9,-0.4,16.3,16.3,0.136,1.0,30.0,0.111,0.214,0.164,30.0,28.7,0.75,0.788,0.101,0.108,112.7,121.19,100.99,121.19,0.105,58,3,4,0.3,0.4,2026,68.0,70.0,68.0,66.0,73.0,50.0,50.0,60.0,75.0,65.0,67.0,67.0,67.0,63.0,75.0,66.0,45.0,35.0,67.0,66.0,45.0,50.0,33.0,70.0,50.0,80.0,80.0,80.0,59.0,44.0,30.0,59.0,37.0,69.0,65.0,30.0
Walker Kessler,UTA,5,2,3,0.4,30.8,5.2,7.4,0.7030000000000001,1.2,1.6,0.75,2.8,4.0,0.7000000000000001,4.6,6.2,10.8,3.0,3.2,1.4,1.8,1.0,4.4,2.4,14.4,2.8,216,118.2,118.8,118.8,112.8,114.0,114.0,5.4,4.8,4.8,0.155,0.94,19.5,0.149,0.183,0.167,20.8,20.8,0.784,0.786,0.167,0.17,98.79,98.04,81.7,98.04,0.138,314,26,37,5.2,7.4,2026,83.0,97.0,74.0,70.0,70.0,80.0,65.0,65.0,85.0,75.0,74.0,66.0,74.0,51.0,95.0,84.0,65.0,37.0,93.0,88.0,58.0,85.0,37.0,74.0,60.0,88.0,90.0,80.0,42.0,44.0,35.0,48.0,35.0,93.0,88.0,52.0
Walter Clayton Jr.,MEM,69,17,52,0.246,20.4,2.6,6.7,0.384,1.1,3.5,0.307,1.6,1.8,0.901,0.4,1.7,2.0,4.0,1.7,0.6000000000000001,0.3,0.6000000000000001,1.7,1.6,7.8,-4.1,246,110.8,111.7,111.7,121.0,121.2,121.2,-10.2,-9.6,-9.6,0.274,2.41,30.7,0.017,0.081,0.048,12.8,12.8,0.465,0.523,0.181,0.186,103.77,103.23,86.02,103.23,0.073,3036,177,461,2.6,6.7,2026,75.0,89.0,84.0,71.0,90.0,65.0,55.0,79.0,40.0,60.0,35.0,38.0,30.0,85.0,85.0,40.0,64.0,46.0,53.0,52.0,52.0,45.0,86.0,47.0,74.0,80.0,75.0,80.0,74.0,79.0,86.0,74.0,73.0,34.0,47.0,84.0
Wendell Carter Jr.,ORL,78,43,35,0.551,29.3,4.2,8.2,0.512,0.9,2.9,0.319,2.5,3.2,0.792,2.1,5.3,7.4,2.0,1.3,0.8,0.6000000000000001,0.6000000000000001,3.4,2.9,11.8,1.2,290,111.7,113.5,113.5,110.3,111.3,111.3,1.4,2.2,2.2,0.095,1.54,15.3,0.07,0.177,0.124,10.0,10.0,0.5680000000000001,0.617,0.156,0.158,102.92,101.62,84.68,101.62,0.096,4838,326,637,4.2,8.2,2026,80.0,86.0,86.0,75.0,81.0,60.0,60.0,78.0,80.0,75.0,81.0,81.0,81.0,75.0,85.0,78.0,47.0,41.0,58.0,80.0,70.0,70.0,68.0,82.0,68.0,85.0,90.0,81.0,56.0,50.0,47.0,70.0,39.0,63.0,78.0,55.0
Wendell Moore Jr.,DET,6,5,1,0.833,9.9,0.7000000000000001,1.2,0.5710000000000001,0.0,0.2,0.0,0.3,0.3,1.0,0.2,0.8,1.0,0.7000000000000001,0.2,0.3,0.3,0.2,0.5,0.5,1.7,7.0,517,132.6,129.0,129.0,97.7,94.4,94.4,34.8,34.6,34.6,0.068,4.0,30.8,0.02,0.085,0.056,7.7,7.8,0.5710000000000001,0.635,0.066,0.068,97.28,100.34,83.62,100.34,0.063,124,4,7,0.7000000000000001,1.2,2026,70.0,77.0,72.0,76.0,81.0,70.0,50.0,71.0,50.0,80.0,44.0,47.0,44.0,32.0,72.0,56.0,72.0,59.0,51.0,70.0,72.0,60.0,70.0,58.0,83.0,85.0,90.0,80.0,57.0,67.0,68.0,54.0,43.0,58.0,63.0,74.0
Will Richard,GSW,69,34,35,0.493,20.0,2.3,5.0,0.468,1.0,3.1,0.335,0.7000000000000001,0.8,0.852,1.0,1.5,2.5,1.3,0.8,1.2,0.1,0.2,1.9,0.9,6.4,-1.4,260,110.3,110.3,110.3,113.8,113.6,113.6,-3.5,-3.3,-3.3,0.094,1.75,18.1,0.045,0.078,0.061,10.3,10.3,0.5710000000000001,0.596,0.123,0.129,102.73,102.86,85.72,102.86,0.063,2951,162,346,2.3,5.0,2026,75.0,81.0,84.0,77.0,85.0,75.0,65.0,79.0,30.0,75.0,42.0,44.0,44.0,40.0,70.0,50.0,72.0,86.0,37.0,70.0,79.0,65.0,78.0,56.0,74.0,80.0,90.0,80.0,60.0,67.0,70.0,67.0,38.0,51.0,46.0,78.0
Will Riley,WAS,74,16,58,0.216,22.1,3.7,8.4,0.439,1.1,3.3,0.316,1.9,2.4,0.8,0.8,2.1,2.9,2.0,1.3,0.7000000000000001,0.1,0.4,1.2,1.8,10.3,-6.5,255,107.1,107.3,107.3,121.5,121.4,121.4,-14.4,-14.1,-14.1,0.131,1.55,15.7,0.033,0.097,0.064,10.1,10.0,0.502,0.548,0.196,0.205,103.19,103.18,85.98,103.18,0.08,3514,271,618,3.7,8.4,2026,81.0,88.0,68.0,76.0,80.0,95.0,95.0,81.0,30.0,70.0,59.0,66.0,59.0,79.0,95.0,60.0,62.0,46.0,35.0,65.0,57.0,50.0,82.0,45.0,67.0,85.0,85.0,80.0,66.0,70.0,74.0,68.0,45.0,43.0,49.0,65.0
Yang Hansen,POR,43,24,19,0.558,7.0,0.7000000000000001,2.3,0.31,0.1,1.0,0.119,0.7000000000000001,0.8,0.8240000000000001,0.5,1.1,1.5,0.5,0.7000000000000001,0.1,0.2,0.3,1.0,0.9,2.2,-2.3,486,95.6,95.1,95.1,111.6,110.2,110.2,-16.0,-15.1,-15.1,0.111,0.6900000000000001,13.0,0.063,0.139,0.102,18.9,18.9,0.335,0.413,0.196,0.205,103.81,104.76,87.3,104.76,0.027,654,31,100,0.7000000000000001,2.3,2026,70.0,62.0,66.0,63.0,82.0,70.0,50.0,60.0,75.0,70.0,70.0,68.0,70.0,50.0,68.0,69.0,40.0,36.0,66.0,67.0,61.0,45.0,47.0,65.0,55.0,85.0,75.0,80.0,67.0,32.0,32.0,69.0,48.0,52.0,67.0,37.0
Yves Missi,NOP,66,19,47,0.288,19.7,2.4,4.5,0.544,0.0,0.0,0.0,0.9,1.5,0.559,2.8,3.1,5.8,1.3,0.8,0.3,1.5,0.4,1.7,1.2,5.7,-0.6000000000000001,517,111.9,112.7,112.7,113.2,114.1,114.1,-1.3,-1.3,-1.3,0.087,1.56,17.6,0.128,0.147,0.137,11.3,11.3,0.544,0.556,0.122,0.126,101.45,100.7,83.91,100.7,0.087,2719,160,294,2.4,4.5,2026,78.0,78.0,42.0,30.0,56.0,80.0,45.0,65.0,85.0,80.0,62.0,50.0,58.0,40.0,90.0,75.0,48.0,35.0,92.0,70.0,45.0,60.0,78.0,72.0,85.0,80.0,95.0,80.0,29.0,35.0,45.0,37.0,36.0,91.0,67.0,67.0
Zaccharie Risacher,ATL,67,39,28,0.582,22.4,3.6,8.0,0.455,1.4,3.9,0.368,0.9,1.3,0.644,1.1,2.8,3.8,1.1,0.9,0.9,0.5,0.4,2.2,1.1,9.6,-0.2,177,111.8,112.8,112.8,112.2,112.6,112.6,-0.4,0.2,0.2,0.068,1.31,10.7,0.044,0.121,0.081,8.2,8.2,0.544,0.557,0.168,0.173,105.97,105.34,87.78,105.34,0.07,3289,244,536,3.6,8.0,2026,77.0,90.0,65.0,81.0,64.0,70.0,70.0,80.0,55.0,70.0,55.0,56.0,56.0,54.0,95.0,57.0,79.0,53.0,62.0,79.0,79.0,75.0,70.0,56.0,67.0,91.0,85.0,80.0,68.0,79.0,68.0,67.0,32.0,49.0,59.0,82.0
Zach Collins,CHI,10,6,4,0.6000000000000001,18.4,3.7,6.4,0.578,0.9,2.1,0.429,1.4,2.0,0.7000000000000001,1.6,4.0,5.6,1.5,1.0,0.2,0.4,0.2,1.8,1.9,9.7,1.8,295,116.6,115.0,115.0,110.7,111.6,111.6,5.9,3.4,3.4,0.114,1.5,15.5,0.081,0.205,0.143,10.3,10.2,0.648,0.666,0.177,0.188,103.94,104.24,86.86,104.24,0.123,401,37,64,3.7,6.4,2026,77.0,89.0,79.0,80.0,70.0,70.0,50.0,70.0,70.0,65.0,84.0,78.0,83.0,50.0,75.0,68.0,45.0,31.0,58.0,67.0,65.0,40.0,66.0,60.0,79.0,75.0,75.0,80.0,30.0,40.0,38.0,30.0,44.0,68.0,82.0,65.0
Zach Edey,MEM,11,7,4,0.636,25.8,5.6,8.9,0.633,0.1,0.5,0.2,2.3,2.9,0.781,3.9,7.2,11.1,1.1,2.4,0.6000000000000001,1.9,0.5,3.4,3.4,13.6,10.3,492,111.6,112.8,112.8,95.8,94.5,94.5,15.8,18.3,18.3,0.061,0.46,7.9,0.148,0.243,0.198,17.2,17.3,0.638,0.669,0.2,0.203,101.57,101.72,84.76,101.72,0.157,603,62,98,5.6,8.9,2026,82.0,98.0,78.0,76.0,78.0,80.0,70.0,60.0,80.0,70.0,82.0,65.0,82.0,50.0,95.0,79.0,37.0,38.0,94.0,79.0,67.0,75.0,46.0,84.0,66.0,79.0,85.0,80.0,58.0,39.0,30.0,63.0,32.0,92.0,91.0,31.0
Zach LaVine,SAC,39,9,30,0.231,31.4,6.7,14.0,0.479,2.5,6.5,0.39,3.2,3.6,0.88,0.2,2.6,2.8,2.3,1.9,0.7000000000000001,0.3,0.6000000000000001,2.1,2.5,19.2,-7.9,44,108.3,109.3,109.3,119.9,121.9,121.9,-11.6,-12.6,-12.6,0.111,1.2,11.5,0.006,0.083,0.044,9.6,9.6,0.5690000000000001,0.614,0.234,0.24,101.71,100.47,83.72,100.47,0.096,2568,262,547,6.7,14.0,2026,83.0,97.0,79.0,86.0,88.0,70.0,85.0,87.0,60.0,94.0,59.0,59.0,59.0,80.0,80.0,47.0,61.0,37.0,42.0,57.0,38.0,40.0,84.0,49.0,97.0,98.0,65.0,83.0,70.0,88.0,81.0,67.0,42.0,27.0,47.0,82.0
Zeke Nnaji,DEN,52,38,14,0.731,12.0,1.4,2.9,0.47,0.3,1.0,0.259,0.7000000000000001,0.8,0.773,0.6000000000000001,2.0,2.6,0.6000000000000001,0.5,0.3,0.5,0.3,1.4,0.8,3.7,-2.1,453,107.1,107.1,107.1,114.3,113.7,113.7,-7.1,-6.6,-6.6,0.069,1.07,12.8,0.053,0.147,0.103,11.9,11.9,0.517,0.558,0.136,0.141,99.08,99.34,82.78,99.34,0.07,1285,71,151,1.4,2.9,2026,73.0,73.0,76.0,72.0,77.0,55.0,45.0,77.0,80.0,70.0,69.0,67.0,67.0,69.0,77.0,72.0,54.0,42.0,73.0,57.0,42.0,50.0,77.0,70.0,82.0,80.0,89.0,83.0,33.0,37.0,52.0,42.0,30.0,55.0,67.0,77.0
Ziaire Williams,BKN,56,13,43,0.232,22.9,3.3,7.7,0.425,1.5,4.5,0.343,2.1,2.5,0.85,0.5,1.9,2.4,1.1,1.1,1.4,0.4,0.4,2.1,2.1,10.2,-5.0,149,101.9,103.1,103.1,111.9,113.2,113.2,-10.0,-10.1,-10.1,0.076,1.02,9.9,0.022,0.084,0.052,9.7,9.6,0.524,0.579,0.179,0.186,101.6,100.4,83.67,100.4,0.079,2675,184,433,3.3,7.7,2026,78.0,78.0,68.0,77.0,85.0,80.0,50.0,75.0,65.0,80.0,48.0,44.0,58.0,50.0,75.0,60.0,73.0,90.0,55.0,70.0,74.0,70.0,87.0,40.0,82.0,90.0,80.0,80.0,50.0,79.0,82.0,54.0,34.0,37.0,50.0,87.0
Zion Williamson,NOP,62,22,40,0.355,29.7,7.8,13.0,0.6000000000000001,0.0,0.1,0.25,5.4,7.5,0.716,2.0,3.7,5.7,3.2,2.0,1.0,0.5,1.3,2.3,5.2,21.0,-1.3,513,112.4,113.0,113.0,115.0,114.9,114.9,-2.5,-1.9,-1.9,0.174,1.58,14.9,0.064,0.116,0.09,9.4,9.4,0.6000000000000001,0.644,0.25,0.256,103.8,103.58,86.32,103.58,0.141,3970,484,807,7.8,13.0,2026,86.0,83.0,79.0,67.0,72.0,70.0,85.0,84.0,85.0,93.0,90.0,80.0,86.0,85.0,95.0,59.0,55.0,46.0,56.0,64.0,70.0,40.0,84.0,92.0,97.0,83.0,95.0,60.0,65.0,78.0,74.0,72.0,66.0,61.0,59.0,81.0
Zyon Pullin,MIN,5,4,1,0.8,8.5,1.8,2.6,0.6920000000000001,0.2,0.6000000000000001,0.333,0.8,0.8,1.0,0.2,0.4,0.6000000000000001,1.8,0.6000000000000001,0.2,0.0,0.4,1.2,0.4,4.6,1.2,466,130.0,121.4,121.4,114.4,118.9,118.9,15.6,2.5,2.5,0.281,3.0,33.3,0.03,0.035,0.033,11.1,11.2,0.731,0.779,0.167,0.178,107.24,108.77,90.65,108.77,0.11,98,9,13,1.8,2.6,2026,67.0,72.0,74.0,75.0,75.0,60.0,50.0,70.0,25.0,45.0,35.0,37.0,37.0,49.0,85.0,49.0,63.0,49.0,32.0,57.0,55.0,40.0,79.0,48.0,66.0,88.0,75.0,80.0,73.0,76.0,78.0,73.0,65.0,36.0,44.0,79.0
